replicate,terminal_k,terminal_risk,CG23,Anytime,Finite horizon,Summable CG23
0,2,0.0038385490367429617,0,0,0,0
1,2,0.002656683464497188,0,0,0,0
2,1,0.001085182688702325,0,0,0,0
3,1,2.668925442214175e-05,0,0,0,0
4,2,0.00507547698748665,0,0,0,0
5,2,0.0002283928966274746,0,0,0,0
6,2,0.0020728504378279304,0,0,0,0
7,2,0.0010299552767690278,0,0,0,0
8,2,0.0007051035840789132,0,0,0,0
9,2,0.001255474868250261,0,0,0,0
10,2,0.004889743003486309,0,0,0,0
11,2,0.0016140865493294077,0,0,0,0
12,2,0.0018796337773735574,0,0,0,0
13,2,0.0019144751488402716,0,0,0,0
14,1,0.0017444503241014144,20,37,0,0
15,2,0.0031669732291498727,0,0,0,0
16,2,0.0013245772553567767,0,0,0,0
17,2,0.0017316014777948422,0,0,0,0
18,2,0.0025603135382627437,74,0,0,0
19,2,0.0002266847881363558,0,0,0,0
20,2,0.0012665530595908584,0,0,0,0
21,2,0.0019744001261795905,0,0,0,0
22,2,0.0014644122743472775,0,0,0,0
23,2,0.0017987845698092394,0,0,0,0
24,2,0.005391600742088587,0,0,0,0
25,2,0.0022575047605730035,0,0,0,0
26,1,0.0025979786343336797,0,0,0,0
27,2,0.0023230250831096895,0,0,0,0
28,2,0.0014649273784073946,0,0,0,0
29,2,0.0007548032277540221,0,0,0,0
30,2,0.002014639185217452,0,0,0,0
31,2,0.001067258251814486,0,0,0,0
32,2,0.0017429307828788084,0,0,0,0
33,2,0.001803823298666124,0,0,0,0
34,2,0.0024051117123922694,0,0,0,0
35,2,0.0059294061813098395,0,0,0,0
36,2,0.003470674429293894,7,0,0,0
37,2,0.004854186218818474,0,0,0,0
38,2,0.0035353380809585067,0,0,0,0
39,2,0.0028106291950367175,0,0,0,0
40,2,0.0005061455004299614,0,0,0,0
41,2,0.0021388904127412002,0,0,0,0
42,2,0.0006298933690898642,0,0,0,0
43,1,0.00047483538204359566,0,0,0,0
44,1,0.003591095583832646,0,0,0,0
45,2,0.002655812148464383,0,0,0,0
46,2,0.0031521290337067115,0,0,0,0
47,2,0.0030177297520985326,0,0,0,0
48,2,0.00299142543858526,0,0,0,0
49,2,0.0002398829737446134,0,0,0,0
50,2,0.001353362953033414,0,0,0,0
51,2,0.0018022270017123306,0,0,0,0
52,2,0.0015146443861290607,0,0,0,0
53,2,0.0009069805697404654,171,0,0,0
54,2,0.0045011355611620785,0,0,0,0
55,2,0.0008809869561499124,0,0,0,0
56,2,0.005361081888310872,0,0,0,0
57,2,0.002206208950497828,0,0,0,0
58,2,0.0015651898866381297,0,0,0,0
59,2,0.004830678324834495,0,0,0,0
60,2,0.003111931331891477,0,0,0,0
61,2,0.001956976610618779,0,0,0,0
62,2,0.0015054337043256983,0,0,0,0
63,2,0.00400671734742694,0,0,0,0
64,2,0.00131806748500588,0,0,0,0
65,2,0.002302079392196242,0,0,0,0
66,2,0.0006358670607491269,0,0,0,0
67,2,0.00195420633620779,0,0,0,0
68,1,0.001467564598973952,0,0,0,0
69,2,0.0030773003215694987,0,0,0,0
70,2,0.0010080681443836246,0,0,0,0
71,2,0.001527491414701246,0,0,0,0
72,2,0.009151209264896104,0,0,0,0
73,2,0.0032907357361194123,0,0,0,0
74,2,0.0023817328186787187,0,0,0,0
75,1,0.0018564122149537046,0,0,0,0
76,2,0.0025026783696935396,0,0,0,0
77,2,0.0038101532306454265,0,0,0,0
78,2,0.0003737291467055582,0,0,0,0
79,2,0.004749843245387602,0,0,0,0
80,1,0.002040680753578561,0,0,0,0
81,2,0.001297930098694056,0,0,0,0
82,1,0.0009358125957314392,0,0,0,0
83,1,0.00015244930330271937,0,0,0,0
84,2,0.0020228942248288052,0,0,0,0
85,2,0.005425062648194248,0,0,0,0
86,2,0.0010381980256928397,0,0,0,0
87,2,0.001864475215907668,0,0,0,0
88,2,0.0055663499752730515,0,0,0,0
89,2,0.0003034659521856884,0,0,0,0
90,2,0.0025660372091181106,0,0,0,0
91,2,0.001489241980058503,0,0,0,0
92,2,0.0012614515138382398,0,0,0,0
93,2,0.0011455401292412655,0,0,0,0
94,2,0.001076755488683931,0,0,0,0
95,2,0.0026453937834306847,0,0,0,0
96,2,0.0014992203256275981,0,0,0,0
97,2,0.004093279521980764,0,0,0,0
98,2,0.005971679095387959,0,0,0,0
99,1,0.003848712759066382,0,0,0,0
100,2,0.0015533525614340622,0,0,0,0
101,2,0.003991471803048184,0,0,0,0
102,1,0.0003240124669394677,0,0,0,0
103,2,0.005336550107984387,0,0,0,0
104,2,0.003726022605902964,0,0,0,0
105,2,0.0013752906739467005,0,0,0,0
106,2,0.004420800802316563,0,0,0,0
107,1,0.00016818063734835127,0,0,0,0
108,1,0.00023605612275638059,0,0,0,0
109,2,0.0014955125186380208,21,0,0,0
110,2,0.003877435757146937,0,0,0,0
111,2,0.0029895134120839703,0,0,0,0
112,2,0.0012583051360927184,0,0,0,0
113,1,0.0007508957170240836,0,0,0,0
114,2,0.004300166560327503,0,0,0,0
115,2,0.0039700584164994186,0,0,0,0
116,2,0.0009876578050413121,0,0,0,0
117,2,0.007296031104625458,70,0,0,0
118,2,0.002206884336849721,0,0,0,0
119,2,0.004314010002735795,0,0,0,0
120,2,0.0016999235781982272,0,0,0,0
121,2,0.001383028910296291,0,0,0,0
122,2,0.0008483539225134708,0,0,0,0
123,2,0.0012025825304524491,0,0,0,0
124,2,0.002329854784105622,0,0,0,0
125,2,0.0014575676441085372,0,0,0,0
126,1,0.0012993573857404221,0,0,0,0
127,2,0.003768430477178825,0,0,0,0
128,2,0.001393598861750827,0,0,0,0
129,2,0.0012388633315771668,0,0,0,0
130,2,0.0016661972142542653,0,0,0,0
131,2,0.003608551584968882,0,0,0,0
132,2,0.002669293465955422,0,0,0,0
133,2,0.004635710290249986,31,0,0,0
134,2,0.0029780772055103652,0,0,0,0
135,2,0.00777977060819406,0,0,0,0
136,1,0.00282403876642369,0,0,0,0
137,2,0.004650935540981235,192,0,0,0
138,1,2.838575910531299e-05,0,0,0,0
139,2,0.0027662630868106803,0,0,0,0
140,2,0.0007564394910071073,0,0,0,0
141,2,0.003969536974175794,0,0,0,0
142,2,0.006978928001081794,0,0,0,0
143,2,0.0012404914773189869,0,0,0,0
144,2,0.0017973334198486896,0,0,0,0
145,2,0.008100979060178145,0,0,0,0
146,2,0.0048278497846818294,0,0,0,0
147,2,0.0016292944112885207,26,0,0,0
148,1,0.0003179543471416988,0,0,0,0
149,2,0.0016160767080635058,0,0,0,0
150,2,0.0008364173727771258,0,0,0,0
151,2,0.005497666114440854,0,0,0,0
152,2,0.0023320817763796864,0,0,0,0
153,2,0.0024033074007305958,0,0,0,0
154,2,0.0019678786514764775,0,0,0,0
155,2,0.0031904950980014865,0,0,0,0
156,2,0.00016409151500743633,0,0,0,0
157,2,0.004693687664890252,0,0,0,0
158,2,0.00351712367830739,0,0,0,0
159,2,0.00358384682989403,0,0,0,0
160,1,0.00017675335756563772,0,0,0,0
161,1,0.0002800587845727932,0,0,0,0
162,2,0.0012472768500776904,0,0,0,0
163,1,0.0010341827307122102,0,0,0,0
164,2,0.0016482393877928494,0,0,0,0
165,1,0.0008062812455585097,0,0,0,0
166,2,0.0040367550435049,0,0,0,0
167,1,0.00042013563688320717,0,0,0,0
168,2,0.0005233633300291814,0,0,0,0
169,2,0.001707822519230546,0,0,0,0
170,2,0.0003091517618759025,0,0,0,0
171,2,0.00041341676536563047,0,0,0,0
172,2,0.000707788848330913,0,0,0,0
173,2,0.0019667499512886167,0,0,0,0
174,1,0.00035901301047147274,0,0,0,0
175,2,0.0017142034177031668,0,0,0,0
176,2,0.007009180261430233,0,0,0,0
177,2,0.002394595202046419,0,0,0,0
178,2,0.003069393375209531,0,0,0,0
179,2,0.0006794001533974144,0,0,0,0
180,2,0.001892724479553968,0,0,0,0
181,2,0.0006569651891532314,0,0,0,0
182,1,0.0013329895562569677,0,0,0,0
183,2,0.0018453265645124804,0,0,0,0
184,2,0.002438850108984816,0,0,0,0
185,2,0.0057127293015383366,0,0,0,0
186,1,0.0009824042804475362,0,0,0,0
187,2,0.00802770963912462,0,0,0,0
188,1,0.0006053649646556223,0,0,0,0
189,1,0.00040385819578295023,0,0,0,0
190,2,0.0008997534405532354,0,0,0,0
191,2,0.0017172503244265308,0,0,0,0
192,2,0.0036181648239987704,0,0,0,0
193,1,0.0008383442041440109,0,0,0,0
194,2,0.003708118041376588,0,0,0,0
195,2,0.0011565381975224198,0,0,0,0
196,2,0.0030786444381978293,0,0,0,0
197,2,0.0025577382499908227,0,0,0,0
198,2,0.00253823967280356,0,0,0,0
199,2,0.0005314456503444499,0,0,0,0
200,2,0.0026789025359486456,0,0,0,0
201,2,0.003419981202007873,0,0,0,0
202,2,0.0007198730232898344,0,0,0,0
203,2,0.0031902979945995537,0,0,0,0
204,2,0.0021104755402052175,0,0,0,0
205,2,0.0009076429565825608,0,0,0,0
206,2,0.0031715241898508926,0,0,0,0
207,2,0.0007659804873111475,0,0,0,0
208,2,0.0017300221864958102,0,0,0,0
209,2,0.001492814250140311,0,0,0,0
210,2,0.0015683554374324043,0,0,0,0
211,1,0.0036986786209243943,0,0,0,0
212,2,0.0016087315639740339,0,0,0,0
213,2,0.0003486418936772693,0,0,0,0
214,2,0.0005396052074148656,0,0,0,0
215,2,0.0031032233059440665,0,0,0,0
216,2,0.0020047966378900868,0,0,0,0
217,1,7.735204247411106e-05,0,0,0,0
218,2,0.0013138665223797735,0,0,0,0
219,2,0.0012079699575709675,0,0,0,0
220,2,0.00016673853273829997,0,0,0,0
221,2,0.0010029325305281232,0,0,0,0
222,1,0.0005129542483303922,0,0,0,0
223,2,0.001836668196007295,0,0,0,0
224,2,0.0018999515735624143,0,0,0,0
225,2,0.0013032701702019077,0,0,0,0
226,1,0.0039824495043259455,0,0,0,0
227,1,0.0005667072391713908,0,0,0,0
228,2,0.0015666759628395746,0,0,0,0
229,2,0.0018378790170698147,0,0,0,0
230,2,0.004281682495961351,0,0,0,0
231,2,0.003193803032359993,0,0,0,0
232,2,0.0019429188778951176,0,0,0,0
233,2,0.0027365188064130733,0,0,0,0
234,2,0.0010489547859882727,0,0,0,0
235,1,0.0014709552394442736,0,0,0,0
236,2,0.007705035409076632,0,0,0,0
237,2,0.003935704828344525,0,0,0,0
238,2,0.0014432062680980564,7,0,0,0
239,2,0.0007684203322291416,123,0,0,0
240,1,0.00046181476196112837,0,0,0,0
241,2,0.00482878965770194,0,0,0,0
242,2,0.003170967362913692,0,0,0,0
243,2,0.0011042263535766073,0,0,0,0
244,2,0.0015945919072768366,0,0,0,0
245,2,0.0017378192469227238,0,0,0,0
246,2,0.0034144877560625935,0,0,0,0
247,1,0.0006664515406934302,0,0,0,0
248,2,0.0004593734744577499,0,0,0,0
249,2,0.0025182874638309052,0,0,0,0
250,2,0.0015063540933757929,0,0,0,0
251,2,0.006236763452269594,0,0,0,0
252,1,0.0019805837792392185,0,0,0,0
253,2,0.0016734140798823544,0,0,0,0
254,2,0.002685069056979681,0,0,0,0
255,2,0.0005308637033131718,0,0,0,0
256,2,0.0037027366496484877,0,0,0,0
257,2,0.0037848653127135743,0,0,0,0
258,2,0.006208147599228201,0,0,0,0
259,1,0.0013733906080072662,0,0,0,0
260,1,0.00327864318435318,0,0,0,0
261,2,0.003442396531217663,0,0,0,0
262,2,0.001595801226087596,0,0,0,0
263,2,0.004415447205959828,0,0,0,0
264,2,0.003982757453091811,0,0,0,0
265,2,0.0035697276627332073,0,0,0,0
266,2,0.001701570286479771,0,0,0,0
267,2,0.0023457213124814876,0,0,0,0
268,2,0.000889911006545575,0,0,0,0
269,1,0.001476469239861747,0,0,0,0
270,2,0.0011636798673202574,0,0,0,0
271,2,0.0013299014781512856,0,0,0,0
272,1,0.0005174078345307668,0,0,0,0
273,2,0.0019193966984852213,0,0,0,0
274,2,0.0023963973727307653,0,0,0,0
275,2,0.002771291423060371,0,0,0,0
276,2,0.0023784194921193645,0,0,0,0
277,2,0.0013329565113978205,0,0,0,0
278,1,0.0023410754608056182,42,0,0,0
279,2,0.00108500250341527,0,0,0,0
280,2,0.0022210377997340888,0,0,0,0
281,2,0.0006041287518855746,0,0,0,0
282,2,0.004793658339809121,0,0,0,0
283,2,0.0006771295807809554,748,0,0,0
284,2,8.516952273722345e-05,0,0,0,0
285,1,0.00013867095645962377,0,0,0,0
286,2,0.004802463915701069,0,0,0,0
287,2,0.005471302093313309,0,0,0,0
288,2,0.0016186437347138036,0,0,0,0
289,2,0.000910001515864126,0,0,0,0
290,2,0.001683386123957375,0,0,0,0
291,2,0.0027871840775790624,0,0,0,0
292,1,0.0014634733101406786,0,0,0,0
293,2,0.0017762328128256405,0,0,0,0
294,2,0.0032768429168846414,0,0,0,0
295,2,0.0005858394352713862,0,0,0,0
296,2,0.002211746878971101,0,0,0,0
297,2,0.003359564486947307,0,0,0,0
298,2,0.0012336811238501276,0,0,0,0
299,2,0.004186390460312811,0,0,0,0
300,1,0.0009820993594469602,0,0,0,0
301,1,6.501715120998506e-05,0,0,0,0
302,1,0.004674120390472121,0,0,0,0
303,2,0.0023271764852362473,0,0,0,0
304,2,0.0013429166593687378,0,0,0,0
305,2,0.0037894029940892474,0,0,0,0
306,2,0.003882651808770573,0,0,0,0
307,2,0.0031738692505378792,111,0,0,0
308,2,0.0007424501801826557,0,0,0,0
309,2,0.0022550014246597587,0,0,0,0
310,2,0.001984683139213415,0,0,0,0
311,2,0.004549362382648376,0,0,0,0
312,2,0.005635612559316937,0,0,0,0
313,2,0.0019115002310431347,0,0,0,0
314,2,0.005249503824839991,0,0,0,0
315,2,0.00588424664531178,0,0,0,0
316,2,0.0029855956764041616,0,0,0,0
317,2,0.001853504294177901,0,0,0,0
318,2,0.0019654920831812966,0,0,0,0
319,2,0.003300756797668068,0,0,0,0
320,1,8.664320319500455e-05,0,0,0,0
321,2,0.00039579344796524955,0,0,0,0
322,2,0.0010317080529774292,0,0,0,0
323,2,0.0013065116644869767,0,0,0,0
324,2,0.004448475458562841,0,0,0,0
325,2,0.0015963569922906576,0,0,0,0
326,2,0.001438246193002651,0,0,0,0
327,2,0.0012495270270155808,0,0,0,0
328,2,0.0012913783215143704,0,0,0,0
329,2,0.0017295083644289617,0,0,0,0
330,2,0.0012712268651269253,0,0,0,0
331,2,0.002020118598248042,0,0,0,0
332,2,0.0011860566817530982,0,0,0,0
333,2,0.0008139667556568434,0,0,0,0
334,2,0.0030237316198449484,0,0,0,0
335,2,0.002768541718877962,0,0,0,0
336,2,0.0023344364029778022,0,0,0,0
337,2,0.0020844918223566727,0,0,0,0
338,2,0.0043337779759643974,0,0,0,0
339,2,0.000840659861285089,0,0,0,0
340,2,0.0026216615506507055,0,0,0,0
341,1,0.0012014701471873793,7,0,0,0
342,2,0.0024432108194719754,0,0,0,0
343,2,0.0024224175473217344,0,0,0,0
344,2,0.0027374658785298965,0,0,0,0
345,1,0.0035283746396373174,0,0,0,0
346,2,0.00012575166608741895,0,0,0,0
347,2,0.0016318557244017857,0,0,0,0
348,2,0.0018109900266864438,0,0,0,0
349,2,0.004790590010497835,0,0,0,0
350,2,0.002740413468772381,0,0,0,0
351,2,0.0012832137136988247,0,0,0,0
352,2,0.0034856290662925215,0,0,0,0
353,2,0.0028135563391190367,0,0,0,0
354,2,0.005297431587152007,0,0,0,0
355,1,0.004531080665755436,0,0,0,0
356,2,0.002190569528406826,0,0,0,0
357,2,0.0008429598677021641,0,0,0,0
358,2,0.0021505401504004784,0,0,0,0
359,2,0.002264658556818495,0,0,0,0
360,2,0.0008958732226873808,0,0,0,0
361,1,0.0008988134694915418,0,0,0,0
362,2,0.0024000562522382553,0,0,0,0
363,2,0.002899060013953354,0,0,0,0
364,2,0.009345282170108538,0,0,0,0
365,2,0.004766979926142847,0,0,0,0
366,2,0.0029101004059376248,0,0,0,0
367,2,0.0013850908417261832,0,0,0,0
368,2,0.0019427608367019362,0,0,0,0
369,2,0.003046614679510472,0,0,0,0
370,2,0.002436709178535526,0,0,0,0
371,2,0.0029003485021209573,0,0,0,0
372,2,0.0034298994514070772,0,0,0,0
373,2,0.0008484426305734744,0,0,0,0
374,2,0.0021922159204008926,0,0,0,0
375,2,0.0011930520763009137,0,0,0,0
376,1,0.0016902464651953402,0,0,0,0
377,2,0.002460112521607191,0,0,0,0
378,2,0.005146723617774718,0,0,0,0
379,2,0.0023675348558353337,0,0,0,0
380,2,0.001290125478495069,0,0,0,0
381,2,0.0019607988833699663,0,0,0,0
382,2,0.005363252319726171,276,0,0,0
383,2,0.004468874662918533,0,0,0,0
384,2,0.0023730675779660335,413,0,0,0
385,2,0.0013557901638976233,0,0,0,0
386,2,0.0005428879815575251,0,0,0,0
387,2,0.0008666413276955734,0,0,0,0
388,2,0.005165849339089976,0,0,0,0
389,2,0.0013810199208537806,0,0,0,0
390,2,0.0011853996999641847,90,0,0,0
391,2,0.011141976116152846,791,0,0,0
392,2,0.0014484037973519833,0,0,0,0
393,2,0.0032760255244689554,0,0,0,0
394,2,0.0016392809893675591,0,0,0,0
395,2,0.0014859239354627503,0,0,0,0
396,2,0.0005962036258571435,0,0,0,0
397,2,0.001363670908382931,0,0,0,0
398,2,0.00133951998350259,0,0,0,0
399,2,0.007676959498340977,0,0,0,0
400,2,0.000498441827884511,0,0,0,0
401,2,0.005681574002013926,0,0,0,0
402,2,0.00018543686925079272,0,0,0,0
403,2,0.003031120342635923,0,0,0,0
404,1,0.0032139945347002073,0,0,0,0
405,2,0.0028879009403444036,0,0,0,0
406,2,0.0015883727110075647,0,0,0,0
407,1,0.0004235552280564193,0,0,0,0
408,2,0.003133921130818153,0,0,0,0
409,2,0.004347795009139772,0,0,0,0
410,2,0.003256686796334421,0,0,0,0
411,2,0.0023671796813570967,0,0,0,0
412,1,0.0004565981965615465,0,0,0,0
413,1,0.0016394381378736123,0,0,0,0
414,2,0.001132418498085632,0,0,0,0
415,2,0.0026249019288794397,0,0,0,0
416,1,6.761068121466306e-05,0,0,0,0
417,2,0.0013957843139110178,0,0,0,0
418,2,0.0019788886954114717,0,0,0,0
419,2,0.003700449457444262,0,0,0,0
420,2,0.00512258341122901,0,0,0,0
421,2,0.003559765782487142,0,0,0,0
422,2,0.0017519510588633895,0,0,0,0
423,2,0.0034689874065835084,0,0,0,0
424,2,0.0022339689062057747,0,0,0,0
425,2,0.004546948951307302,0,0,0,0
426,2,0.0023010755396677776,0,0,0,0
427,2,0.005016195746229141,7,0,0,0
428,2,0.007257524387397732,0,0,0,0
429,2,0.002691487759286881,167,0,0,0
430,2,0.008720009783236114,0,0,0,0
431,2,0.004440620796876101,0,0,0,0
432,2,0.0015974567262994055,0,0,0,0
433,2,0.002472604815660062,0,0,0,0
434,2,0.0033170552782408225,0,0,0,0
435,2,0.0007370433606575538,0,0,0,0
436,2,0.002828369149298246,0,0,0,0
437,2,0.0027468763278987135,0,0,0,0
438,2,0.0014917306242203264,0,0,0,0
439,1,0.0017220070658874613,0,0,0,0
440,2,0.0014083396666993266,0,0,0,0
441,2,0.003533084040390796,0,0,0,0
442,2,0.0024464717059330347,0,0,0,0
443,2,0.006553228964654819,182,0,0,0
444,2,0.009603149425598647,0,0,0,0
445,2,0.004845933845130454,0,0,0,0
446,2,0.0005615945168834734,0,0,0,0
447,2,0.0006139517511529323,0,0,0,0
448,2,0.0014474910938588796,0,0,0,0
449,2,0.007594624713863914,0,0,0,0
450,2,0.0003777257496566961,0,0,0,0
451,2,0.001983136917997033,0,0,0,0
452,2,0.003353531653545171,0,0,0,0
453,2,0.0007057450438926203,0,0,0,0
454,2,0.0019095890160542315,0,0,0,0
455,2,0.0013805068739454211,0,0,0,0
456,2,0.005901590060830829,0,0,0,0
457,2,0.001378052921553856,0,0,0,0
458,2,0.0014299261145352055,0,0,0,0
459,1,2.6864465005066193e-05,0,0,0,0
460,2,0.002804304530661907,0,0,0,0
461,2,0.0009060628525651502,0,0,0,0
462,2,0.001793737179188511,0,0,0,0
463,2,0.005914233339425046,0,0,0,0
464,2,0.0022093313002072676,0,0,0,0
465,2,0.0011631016823398033,0,0,0,0
466,1,0.0010588651005709205,0,0,0,0
467,2,0.002396569264586492,0,0,0,0
468,2,0.0005429931463158376,0,0,0,0
469,2,0.0012014268356008045,0,0,0,0
470,2,0.001404997893295686,0,0,0,0
471,2,0.0018177636167105839,0,0,0,0
472,2,0.0017625354959269006,7,0,0,0
473,2,0.0010104420811569976,0,0,0,0
474,2,0.001051955667143244,0,0,0,0
475,2,0.001997625005732936,0,0,0,0
476,2,0.001058994079839445,0,0,0,0
477,2,0.0008819921177808632,0,0,0,0
478,1,0.0004285660859706967,0,0,0,0
479,1,0.000695018984360878,0,0,0,0
480,2,0.0014432810857629248,0,0,0,0
481,2,0.0021831987238167265,0,0,0,0
482,2,0.00044900388997665385,0,0,0,0
483,2,0.002182873089657747,0,0,0,0
484,2,0.0012470339780269364,0,0,0,0
485,1,0.0026523731003068266,0,0,0,0
486,2,0.0026351806471557227,0,0,0,0
487,2,0.0010848044825538465,0,0,0,0
488,2,0.0010260920863943168,0,0,0,0
489,2,0.001556256726526077,0,0,0,0
490,2,0.004885614480726595,0,0,0,0
491,2,0.00045346261650351286,14,0,0,0
492,2,0.0023078666591942964,0,0,0,0
493,2,0.003484582944043593,0,0,0,0
494,2,0.0007094473862795374,0,0,0,0
495,2,0.0005325786323088919,128,0,0,0
496,2,0.00042210533279258904,0,0,0,0
497,2,0.0011403410269541006,7,0,0,0
498,1,0.002285371966694009,0,0,0,0
499,2,0.0021093727799680693,0,0,0,0
500,2,0.002004958458064639,0,0,0,0
501,2,0.0021944782571806966,0,0,0,0
502,2,0.001276523512887178,0,0,0,0
503,2,0.007179060873908474,0,0,0,0
504,2,0.005180258667926413,0,0,0,0
505,2,0.0017111593328869598,0,0,0,0
506,2,0.004027478046568504,7,0,0,0
507,1,0.0051262481315702615,23,0,0,0
508,2,0.00461773698204001,0,0,0,0
509,2,0.0027399113804750398,0,0,0,0
510,2,0.0015847796385408605,0,0,0,0
511,1,0.003473351176465974,0,0,0,0
512,2,0.0033687949944504235,0,0,0,0
513,1,0.00031771964235070426,0,0,0,0
514,2,0.0005571236863942763,0,0,0,0
515,2,0.001108494969054088,0,0,0,0
516,2,0.005786370188071009,688,0,0,0
517,2,0.009912251089431928,0,0,0,0
518,1,0.004511303205625977,0,0,0,0
519,2,0.0012648800018905972,0,0,0,0
520,2,0.005872297064584911,0,0,0,0
521,2,0.0007659167861056295,0,0,0,0
522,2,0.0018351534205548142,0,0,0,0
523,2,0.001114855651281149,0,0,0,0
524,1,0.0008017816755011016,0,0,0,0
525,2,0.0019993029446336032,0,0,0,0
526,2,0.0012831626153476234,0,0,0,0
527,2,0.0011031628063159812,0,0,0,0
528,2,0.002297862586736054,0,0,0,0
529,2,0.0044047079067914925,0,0,0,0
530,1,0.003922897684952518,0,0,0,0
531,2,0.0015347862967889875,0,0,0,0
532,2,0.00108562445347173,0,0,0,0
533,2,0.007567487644910398,0,0,0,0
534,2,0.003378216388130851,0,0,0,0
535,2,0.0023508531971295067,0,0,0,0
536,2,0.0003085690970851073,0,0,0,0
537,2,0.0061105004918102735,0,0,0,0
538,2,0.0009264347270249631,0,0,0,0
539,2,0.004847861639177034,0,0,0,0
540,2,0.0007812262702920706,0,0,0,0
541,2,0.005091608291222444,0,0,0,0
542,2,0.0037528637381162547,0,0,0,0
543,2,0.0007529129980381219,0,0,0,0
544,2,0.0015349965156727441,0,0,0,0
545,2,0.0022449352124635567,0,0,0,0
546,2,0.0017630628081448448,0,0,0,0
547,2,0.0011270782078445728,0,0,0,0
548,2,0.00014645602119402602,0,0,0,0
549,2,0.002847498172274664,0,0,0,0
550,2,0.0009736197632357457,0,0,0,0
551,2,0.0003946139729212402,0,0,0,0
552,1,0.0008459333688486045,0,0,0,0
553,2,0.00231468425035422,0,0,0,0
554,2,0.0030122653977321654,0,0,0,0
555,2,0.006332981586540738,0,0,0,0
556,2,0.004273072080575996,0,0,0,0
557,2,0.0018943843845668766,0,0,0,0
558,2,0.003993106939019363,0,0,0,0
559,2,0.003184587012617321,0,0,0,0
560,2,0.0013234913146415647,0,0,0,0
561,2,0.0043421991715364636,0,0,0,0
562,2,0.00276791465848295,0,0,0,0
563,1,0.0013585835396579032,0,0,0,0
564,2,0.000572179142703578,0,0,0,0
565,1,0.0018508370319836025,0,0,0,0
566,2,0.005769116248008722,0,0,0,0
567,2,0.0015255713078173507,0,0,0,0
568,2,0.001274576569918415,0,0,0,0
569,2,0.00033743071160090423,0,0,0,0
570,2,0.0035521638727668936,0,0,0,0
571,2,0.0003662726728384955,0,0,0,0
572,2,0.002119104691893819,0,0,0,0
573,2,0.0017064595024292137,0,0,0,0
574,2,0.0007584452119533314,7,0,0,0
575,2,0.0024198209569382166,0,0,0,0
576,2,0.006202219316139418,0,0,0,0
577,2,0.002144483829369284,0,0,0,0
578,2,0.0012363587129468566,0,0,0,0
579,2,0.0014412592336596835,0,0,0,0
580,2,0.0049111154915322435,7,0,0,0
581,2,0.0032640238215348736,0,0,0,0
582,2,0.0011428128435147038,0,0,0,0
583,2,0.0003281142165527926,0,0,0,0
584,2,0.0014945165705303536,0,0,0,0
585,2,0.0009536916755813232,0,0,0,0
586,2,0.002566988092319959,0,0,0,0
587,2,0.0015908595305400826,0,0,0,0
588,2,0.0037733868409754226,0,0,0,0
589,2,0.008977034127447513,0,0,0,0
590,2,0.001598222292357983,0,0,0,0
591,2,0.0026149987335753705,0,0,0,0
592,1,0.000887020104921655,13,0,0,0
593,2,0.0007740282132504686,7,0,0,0
594,2,0.0008830192443548525,0,0,0,0
595,2,0.001242711554231893,0,0,0,0
596,2,0.0019578916945904045,0,0,0,0
597,2,0.0019678192561767968,0,0,0,0
598,2,0.0001737511643188655,0,0,0,0
599,2,0.0020153379526512225,0,0,0,0
600,2,0.0016537937316708198,0,0,0,0
601,2,0.005317707667531679,0,0,0,0
602,1,0.0016355101806964254,0,0,0,0
603,2,0.0009609175411469006,0,0,0,0
604,1,0.0036995477986969745,0,0,0,0
605,2,0.0030431947659688556,0,0,0,0
606,2,0.0043362650236967665,0,0,0,0
607,2,0.00275670374006792,0,0,0,0
608,1,0.00045664667358141857,0,0,0,0
609,2,0.0011304927715733006,0,0,0,0
610,1,0.00032700978183204855,0,0,0,0
611,2,0.0007854721836955435,0,0,0,0
612,2,0.005863883108880772,0,0,0,0
613,2,0.0034017279659110337,0,0,0,0
614,2,0.0011738729124140042,0,0,0,0
615,2,0.002014218021847773,0,0,0,0
616,2,0.0009757629663965651,0,0,0,0
617,1,0.001086215570128642,0,0,0,0
618,2,0.0010510653551986653,0,0,0,0
619,2,0.004561126531572625,0,0,0,0
620,2,0.0034613133868558596,0,0,0,0
621,2,0.0031395286359455934,0,0,0,0
622,1,1.7612547798427984e-05,0,0,0,0
623,2,0.004403379057125469,0,0,0,0
624,2,0.0060681931140383364,0,0,0,0
625,2,0.002697044013890737,0,0,0,0
626,2,0.003212928347451254,0,0,0,0
627,2,0.002264435097361081,0,0,0,0
628,2,0.0024729160969546114,0,0,0,0
629,2,0.005427791301706038,0,0,0,0
630,2,0.0004735464861154529,114,0,0,0
631,1,0.001319594528155452,0,0,0,0
632,1,0.00016724769812695076,0,0,0,0
633,2,0.00023298825787337792,0,0,0,0
634,1,0.003240790496232123,0,0,0,0
635,2,0.003586458078986394,0,0,0,0
636,2,0.008855456857008224,0,0,0,0
637,2,0.001211973358411638,0,0,0,0
638,2,0.0013984120545958054,0,0,0,0
639,2,0.0016914435030308868,0,0,0,0
640,2,0.0023741451035696887,0,0,0,0
641,2,0.007926786875591568,0,0,0,0
642,1,0.0023019095375748574,0,0,0,0
643,2,0.003777460128052743,0,0,0,0
644,1,0.0012028283028278888,0,0,0,0
645,2,0.00037315906756289085,0,0,0,0
646,1,0.0005903076901638888,0,0,0,0
647,1,0.0017655174437064796,0,0,0,0
648,2,0.0007837799628746621,0,0,0,0
649,2,0.0013273328549826794,0,0,0,0
650,2,0.002427405489957443,7,0,0,0
651,1,0.0010946468539718003,0,0,0,0
652,2,0.0035005084470893563,0,0,0,0
653,2,0.0006733742816773563,0,0,0,0
654,2,0.001725982882725342,7,0,0,0
655,2,0.0033021366905697127,0,0,0,0
656,2,0.0012549092540228516,0,0,0,0
657,1,0.0002649638111821269,0,0,0,0
658,2,0.0025065221141979096,0,0,0,0
659,2,0.002848755216145422,7,0,0,0
660,2,0.0007239148975500231,0,0,0,0
661,2,0.004124552481544778,0,0,0,0
662,2,0.002531805304247022,0,0,0,0
663,2,0.0016381667119855416,0,0,0,0
664,2,0.005702318816577222,75,0,0,0
665,1,0.00024697401234541024,0,0,0,0
666,1,0.0008939332803595626,0,0,0,0
667,1,0.0008604524341252701,0,0,0,0
668,2,0.00042108441715878344,0,0,0,0
669,2,0.0029959875925989476,0,0,0,0
670,2,0.0008676509441277631,0,0,0,0
671,2,0.0059595695375213795,0,0,0,0
672,2,0.00113683912104697,0,0,0,0
673,2,0.0009468255277475707,0,0,0,0
674,2,0.00305846839527056,0,0,0,0
675,2,0.002059775249198219,0,0,0,0
676,2,0.002110021253599983,186,0,0,0
677,2,0.0025662036842247046,0,0,0,0
678,2,0.0003622697108956382,0,0,0,0
679,2,0.0010972159598731954,0,0,0,0
680,2,0.0037744951785626257,0,0,0,0
681,2,0.0023923496705853995,0,0,0,0
682,2,0.004108694111761042,0,0,0,0
683,2,0.003272377630882159,0,0,0,0
684,2,0.0009379070530814702,0,0,0,0
685,2,0.0012795400960869832,0,0,0,0
686,2,0.002503522054126693,0,0,0,0
687,2,0.0009708708009095125,0,0,0,0
688,2,0.001827465843399141,0,0,0,0
689,2,0.001342841949519511,34,0,0,0
690,2,0.0026440182222949417,0,0,0,0
691,2,0.005924340945812441,0,0,0,0
692,2,0.002983149733637888,0,0,0,0
693,2,0.0009377366345306262,0,0,0,0
694,2,0.00420928770872059,0,0,0,0
695,2,0.005297441579480228,0,0,0,0
696,2,0.004950928411310206,0,0,0,0
697,1,0.0019346516247628848,0,0,0,0
698,2,0.0006780364188623027,0,0,0,0
699,1,0.005564567451485614,0,0,0,0
700,2,0.003481029021633823,0,0,0,0
701,2,0.003591193722185972,0,0,0,0
702,1,0.0005962309898342368,0,0,0,0
703,2,0.0016435093176758676,0,0,0,0
704,2,0.003278144615796105,0,0,0,0
705,2,0.0012809974150980793,0,0,0,0
706,2,0.005131648229225474,0,0,0,0
707,2,0.0010928231909008142,0,0,0,0
708,2,0.0009313908296240041,0,0,0,0
709,2,0.0031134810886000552,0,0,0,0
710,2,0.003532842368127558,0,0,0,0
711,2,0.002042739890497938,0,0,0,0
712,1,0.00038056602892560566,0,0,0,0
713,1,0.000664895989613968,0,0,0,0
714,2,0.0012890383007696275,0,0,0,0
715,2,0.000331935267009909,0,0,0,0
716,2,0.0036756606278203273,0,0,0,0
717,1,0.0005102758171518769,356,0,0,0
718,2,0.000540484945198462,0,0,0,0
719,2,0.0009384039959950713,0,0,0,0
720,2,0.0067630346766050465,0,0,0,0
721,2,0.0029477123696310553,0,0,0,0
722,2,0.0003963233788878926,0,0,0,0
723,2,0.0015093136942661448,0,0,0,0
724,1,0.00039496149376454915,0,0,0,0
725,2,0.0020482448543097187,0,0,0,0
726,2,0.00172506567641444,0,0,0,0
727,2,0.006337174331515456,0,0,0,0
728,2,0.0023919537759112576,0,0,0,0
729,2,0.00024247638119121717,0,0,0,0
730,2,0.0035912241800904587,0,0,0,0
731,2,0.000747804686806123,0,0,0,0
732,2,0.0020368019545449105,0,0,0,0
733,2,0.001880618610368432,0,0,0,0
734,1,0.0013803675249130902,0,0,0,0
735,2,0.0024295664910310203,0,0,0,0
736,2,0.0008829338203983726,0,0,0,0
737,2,0.0009314351113289892,0,0,0,0
738,2,0.0012116315040818673,0,0,0,0
739,2,0.0007956350748128001,0,0,0,0
740,2,0.0014606794866169632,0,0,0,0
741,2,0.001968342687696467,0,0,0,0
742,2,0.004339031918266718,0,0,0,0
743,2,0.0020103420529129054,0,0,0,0
744,2,0.002369179370313995,0,0,0,0
745,1,0.0016028903912179468,0,0,0,0
746,2,0.003217506423050932,0,0,0,0
747,2,0.0008000297542684047,0,0,0,0
748,2,0.001693362142786512,0,0,0,0
749,2,0.0009178426065294602,0,0,0,0
750,1,0.0022363715649389086,0,0,0,0
751,2,0.0010021698438803742,0,0,0,0
752,2,0.001967226905692217,0,0,0,0
753,2,0.005940241028625556,0,0,0,0
754,2,0.0019051694581902361,0,0,0,0
755,1,0.0008276918884578111,0,0,0,0
756,2,0.0007731860946667369,0,0,0,0
757,2,0.0024032566076495,0,0,0,0
758,1,0.00016802362720726204,0,0,0,0
759,2,0.007036003633019083,0,0,0,0
760,2,0.0055095877104051685,0,0,0,0
761,1,0.00036059289919690353,0,0,0,0
762,2,0.0005474422150611855,0,0,0,0
763,1,0.0009385526788613509,0,0,0,0
764,2,0.0024768910515659214,0,0,0,0
765,2,0.0016061253910965177,0,0,0,0
766,1,6.92303006525561e-05,0,0,0,0
767,2,0.002040224644836181,0,0,0,0
768,2,0.0027241251504169363,0,0,0,0
769,2,0.00270877827285467,0,0,0,0
770,2,0.0033998517033792712,0,0,0,0
771,2,0.0027165617854201627,0,0,0,0
772,2,0.0005914935820645783,0,0,0,0
773,2,0.000943299437264935,0,0,0,0
774,1,0.00021883969541915403,0,0,0,0
775,2,0.0005221824741180253,0,0,0,0
776,1,0.003214674744906809,0,0,0,0
777,2,0.001372070317732965,0,0,0,0
778,2,0.0020662964565642764,0,0,0,0
779,1,0.0011496128039268257,0,0,0,0
780,2,0.0045668614060514244,0,0,0,0
781,2,0.007811362940782387,0,0,0,0
782,1,0.001000480578768376,0,0,0,0
783,2,0.0032072305642301536,0,0,0,0
784,1,0.0031749298506643596,0,0,0,0
785,2,0.0028676104897763306,0,0,0,0
786,2,0.0008775931570871979,0,0,0,0
787,2,0.00210737958016562,0,0,0,0
788,2,0.00012344861350214374,0,0,0,0
789,2,0.0015098258295379217,0,0,0,0
790,2,0.0016620456733717564,0,0,0,0
791,1,0.0005421359056826283,0,0,0,0
792,1,0.001003633271523796,0,0,0,0
793,2,0.0018346998511196907,0,0,0,0
794,2,0.0014298599622393402,0,0,0,0
795,2,0.0009265553568386097,0,0,0,0
796,1,0.00028880164518060435,0,0,0,0
797,2,0.0020646914247840725,0,0,0,0
798,2,0.002913929374667658,0,0,0,0
799,1,0.000941658371945427,0,0,0,0
800,2,0.0015216733176466714,0,0,0,0
801,2,0.0022512956002383234,0,0,0,0
802,2,0.000758068624140397,0,0,0,0
803,2,0.0029856211697538364,0,0,0,0
804,2,0.004241441139682318,0,0,0,0
805,1,0.0006048041577779881,0,0,0,0
806,2,0.0021720409579067046,0,0,0,0
807,1,0.0005356441260121314,0,0,0,0
808,2,0.002049523373239833,0,0,0,0
809,2,0.002347592656095864,0,0,0,0
810,2,0.0025645443202329823,7,0,0,0
811,2,0.00024317013393774907,0,0,0,0
812,2,0.0011632680342945816,0,0,0,0
813,2,0.0016835666713943258,0,0,0,0
814,2,0.004945274938861373,0,0,0,0
815,2,0.003694605627019567,0,0,0,0
816,2,0.00649684520684484,0,0,0,0
817,2,0.0009309092016836034,0,0,0,0
818,2,0.002828304551411426,0,0,0,0
819,2,0.00323948385879316,0,0,0,0
820,2,0.002299522559326334,0,0,0,0
821,2,0.0024225724100434094,74,0,0,0
822,2,0.0009358307852938637,0,0,0,0
823,2,0.0058330882228784095,0,0,0,0
824,2,0.0015121411891180667,0,0,0,0
825,1,0.0007711153511152629,0,0,0,0
826,2,0.0005376715203093145,0,0,0,0
827,2,0.0025303648091061035,0,0,0,0
828,2,0.002622368960607012,0,0,0,0
829,2,0.001210545808054306,0,0,0,0
830,2,0.0024795591324072784,0,0,0,0
831,1,0.0006565084053695409,0,0,0,0
832,2,0.003458055902962656,38,0,0,0
833,2,0.002400947511153221,0,0,0,0
834,1,0.0003202692484320251,0,0,0,0
835,2,0.0009333633489869362,0,0,0,0
836,2,0.0022195273781143807,0,0,0,0
837,2,0.00177723452362457,0,0,0,0
838,2,0.0015959069932481335,0,0,0,0
839,2,0.0006093612726485432,0,0,0,0
840,2,0.002330183445152229,0,0,0,0
841,1,0.00026116284791155293,0,0,0,0
842,2,0.0016991145524262884,0,0,0,0
843,2,0.001071403618679476,0,0,0,0
844,1,0.0023452545595835416,0,0,0,0
845,2,0.0061853047438231445,0,0,0,0
846,2,0.0006519023262218502,0,0,0,0
847,2,0.0009269646944861464,0,0,0,0
848,2,0.0029565658437325946,0,0,0,0
849,2,0.00215585069971246,0,0,0,0
850,1,0.0037417075374709405,0,0,0,0
851,1,0.0013241200344256037,0,0,0,0
852,2,0.0023750772280879085,454,0,0,0
853,2,0.001524422945935208,0,0,0,0
854,2,0.0006424853528309549,0,0,0,0
855,1,0.0025926825280338703,0,0,0,0
856,2,0.004086674203765222,0,0,0,0
857,1,0.0024730469028571315,0,0,0,0
858,2,0.0026318007865411687,0,0,0,0
859,2,0.0004145967026152453,0,0,0,0
860,2,0.0032213237842740328,0,0,0,0
861,2,0.00449169945436811,0,0,0,0
862,2,0.0023299151492887906,0,0,0,0
863,1,0.0016477573955719315,0,0,0,0
864,2,0.0019328645264642982,0,0,0,0
865,1,5.1410384290063954e-05,0,0,0,0
866,2,0.002818964013415398,0,0,0,0
867,2,0.0026604907749797225,0,0,0,0
868,2,0.0022874466329301643,0,0,0,0
869,2,0.0011617718193680851,0,0,0,0
870,2,0.0011276824699346611,0,0,0,0
871,2,0.0025916188753893643,0,0,0,0
872,1,0.0009507607312774253,0,0,0,0
873,2,0.0010167095463052445,0,0,0,0
874,2,0.0005960031113564293,0,0,0,0
875,2,0.0011906587040749358,0,0,0,0
876,2,0.0022829792330182445,0,0,0,0
877,2,0.0011594618550161266,0,0,0,0
878,2,0.0013422079061347712,0,0,0,0
879,2,0.0015907184545928478,0,0,0,0
880,1,0.0010645062349294463,0,0,0,0
881,2,0.0017935148691072883,0,0,0,0
882,1,0.0029698030510477646,0,0,0,0
883,2,0.000672826641057902,7,0,0,0
884,2,0.003882755492848625,0,0,0,0
885,2,0.002790800283675611,0,0,0,0
886,2,0.002480665308007483,0,0,0,0
887,2,0.0007774086107487393,0,0,0,0
888,2,0.00025715153720646877,0,0,0,0
889,2,0.004469142892061084,0,0,0,0
890,2,0.0037597718570351324,0,0,0,0
891,1,0.0012019161638251708,0,0,0,0
892,2,0.002069833765930009,0,0,0,0
893,1,0.00010399214699628076,0,0,0,0
894,2,0.003502653775702553,0,0,0,0
895,2,0.0016304929200986315,0,0,0,0
896,2,0.003683352228960004,0,0,0,0
897,2,0.0016304361528097697,0,0,0,0
898,2,0.0060090169067778905,0,0,0,0
899,2,0.001143398708110494,0,0,0,0
900,2,0.001956347425519792,0,0,0,0
901,1,0.012772389131889158,534,0,0,0
902,2,0.0021121069660754266,0,0,0,0
903,1,0.00013540295018482033,0,0,0,0
904,2,0.005333158295312838,0,0,0,0
905,1,0.0019743564621592666,0,0,0,0
906,2,0.0006193396072984691,0,0,0,0
907,2,0.0026716644766948848,0,0,0,0
908,2,0.002434151644824872,0,0,0,0
909,1,0.0007336387457243508,0,0,0,0
910,2,0.0007766547546791765,0,0,0,0
911,2,0.00039055544641427035,0,0,0,0
912,2,0.0029048671471000433,0,0,0,0
913,2,0.00338331185556727,0,0,0,0
914,2,0.006600155381290363,0,0,0,0
915,2,0.005136753625387572,0,0,0,0
916,1,0.0014775823880009066,0,0,0,0
917,2,0.002486712710452407,0,0,0,0
918,2,0.0005429791522520781,0,0,0,0
919,2,0.0010045285385853508,0,0,0,0
920,2,0.0021090247944591345,0,0,0,0
921,2,0.007320900505699548,0,0,0,0
922,2,0.004326059134987886,0,0,0,0
923,2,0.0015001394554961889,0,0,0,0
924,2,0.005089159954921996,0,0,0,0
925,2,0.0041078740053512065,0,0,0,0
926,2,0.002563181757023225,0,0,0,0
927,2,0.001444030214119955,0,0,0,0
928,2,0.003376697147231111,0,0,0,0
929,2,0.00614826657655042,0,0,0,0
930,2,0.0008098210239666534,0,0,0,0
931,2,0.001837095524074565,0,0,0,0
932,2,0.001319366073864478,0,0,0,0
933,2,0.0016728404063481145,0,0,0,0
934,2,0.003192263305738967,0,0,0,0
935,2,0.002124014004725261,0,0,0,0
936,2,0.0017800980315936916,0,0,0,0
937,2,0.004258404909946839,0,0,0,0
938,2,0.0014694592560081329,0,0,0,0
939,2,0.000316820468363217,0,0,0,0
940,2,0.0013910788831791798,12,0,0,0
941,2,0.003693167140303898,0,0,0,0
942,2,0.0016206497953914051,0,0,0,0
943,2,0.00031720189147420536,0,0,0,0
944,2,0.0019068634473937652,0,0,0,0
945,2,0.00209135406976732,0,0,0,0
946,2,0.007007680935666107,0,0,0,0
947,2,0.0013182527808493299,0,0,0,0
948,2,0.008382697644854152,0,0,0,0
949,1,7.798380868441379e-05,0,0,0,0
950,2,0.0004478587801316639,0,0,0,0
951,1,0.00031545803816406074,0,0,0,0
952,2,0.001007030216486086,0,0,0,0
953,2,0.0030460364303202103,0,0,0,0
954,2,0.0022741919208129424,0,0,0,0
955,2,0.0008839812057251169,0,0,0,0
956,2,0.005835326101186011,69,0,0,0
957,2,0.002265558929709743,0,0,0,0
958,2,0.0020223594830423033,0,0,0,0
959,2,0.006496097878423673,0,0,0,0
960,2,0.0023771368969767266,0,0,0,0
961,2,0.0005392102886443166,0,0,0,0
962,2,0.006126919669155779,0,0,0,0
963,1,0.000985230888576331,0,0,0,0
964,2,0.0026063257720743056,0,0,0,0
965,2,0.003680213273533421,0,0,0,0
966,2,0.00208011721085851,0,0,0,0
967,2,0.002742975862968961,0,0,0,0
968,2,0.00178309485717828,0,0,0,0
969,2,0.002396882662708101,0,0,0,0
970,1,0.00017973456053603488,0,0,0,0
971,2,0.002990640575979591,0,0,0,0
972,1,0.0012203767233180357,0,0,0,0
973,2,0.002106018404126345,0,0,0,0
974,2,0.002403228973650202,0,0,0,0
975,2,0.0013596621354229684,0,0,0,0
976,2,0.0007452869208876253,0,0,0,0
977,2,0.0007305343010493438,0,0,0,0
978,2,0.0023679388858868816,0,0,0,0
979,2,0.0020909352124230947,0,0,0,0
980,2,0.0049314809411808505,0,0,0,0
981,2,0.001181904584436555,0,0,0,0
982,2,0.0008419964874447999,0,0,0,0
983,2,0.0023393249798298495,0,0,0,0
984,2,0.005644496973966128,0,0,0,0
985,2,0.0030516059027162756,0,0,0,0
986,2,0.0032483426444836184,0,0,0,0
987,2,0.0012579033247374337,0,0,0,0
988,2,0.004982929371476462,0,0,0,0
989,2,0.0009242489892869606,0,0,0,0
990,2,0.0013646493170872919,0,0,0,0
991,2,0.0009740981588654315,0,0,0,0
992,2,0.001767979919281619,0,0,0,0
993,1,0.000428631723218344,0,0,0,0
994,2,0.0018684337047359541,0,0,0,0
995,1,0.0008467900487537153,0,0,0,0
996,2,0.0016890536634139764,0,0,0,0
997,2,0.00266593401294888,0,0,0,0
998,2,0.00215736093801337,0,0,0,0
999,2,0.0005968997548809716,0,0,0,0
1000,1,9.284703064104323e-06,0,0,0,0
1001,1,0.0020089294599852266,0,0,0,0
1002,2,0.0013538122156828572,0,0,0,0
1003,2,0.0011948031929559595,0,0,0,0
1004,2,0.0006931347911150928,0,0,0,0
1005,2,0.00018157497646989528,0,0,0,0
1006,2,0.004510108697219395,0,0,0,0
1007,1,0.000541660983585974,0,0,0,0
1008,2,0.0038484610811119423,0,0,0,0
1009,2,0.001078624046650004,0,0,0,0
1010,2,0.0021101788077419205,0,0,0,0
1011,2,0.00523715548461704,0,0,0,0
1012,1,0.00033319837909588895,0,0,0,0
1013,2,0.003130217042077539,0,0,0,0
1014,2,0.001620029698283468,0,0,0,0
1015,2,0.0026091151720292766,0,0,0,0
1016,2,0.0013333924557482016,0,0,0,0
1017,2,0.0006649330529632188,0,0,0,0
1018,2,0.002122141262101538,0,0,0,0
1019,2,0.0035546712159195124,0,0,0,0
1020,2,0.00268943883880703,0,0,0,0
1021,2,0.0047692693274427435,0,0,0,0
1022,1,0.0015823805217995185,0,0,0,0
1023,2,0.007629784892403918,0,0,0,0
1024,2,0.005029117381264244,0,0,0,0
1025,2,0.0025205243910760206,0,0,0,0
1026,2,7.94163271539558e-05,0,0,0,0
1027,1,0.00031981570105905904,0,0,0,0
1028,2,0.00241313493276158,0,0,0,0
1029,2,0.0007769844639835781,0,0,0,0
1030,2,0.003998973558539055,0,0,0,0
1031,2,0.0007433174624231338,0,0,0,0
1032,2,0.0026751075010723263,0,0,0,0
1033,2,0.007660228982656317,0,0,0,0
1034,1,0.002732449092229612,0,0,0,0
1035,2,0.005435844096465522,0,0,0,0
1036,2,0.0036717220534398538,0,0,0,0
1037,2,0.003946936787415528,0,0,0,0
1038,2,0.003513784026381493,0,0,0,0
1039,2,0.000649788467139736,0,0,0,0
1040,2,0.0020814911508766957,0,0,0,0
1041,2,0.0008313771891581066,0,0,0,0
1042,1,0.0010327676636899482,0,0,0,0
1043,1,9.504788919290945e-05,0,0,0,0
1044,2,0.0014162416439075145,0,0,0,0
1045,2,0.0009526063689144167,0,0,0,0
1046,2,0.001581916766635453,0,0,0,0
1047,2,0.0007854245090030076,0,0,0,0
1048,2,0.0008651622460060215,0,0,0,0
1049,2,0.0011266623641373423,0,0,0,0
1050,2,0.0008770738230088461,0,0,0,0
1051,2,0.000949000157992484,0,0,0,0
1052,2,0.00634820496358573,0,0,0,0
1053,2,0.0011098538665278404,0,0,0,0
1054,2,0.0012577663172487381,0,0,0,0
1055,2,0.0026594234900968257,0,0,0,0
1056,2,0.003456928518784752,0,0,0,0
1057,2,0.0017575112452936869,0,0,0,0
1058,2,0.00045258499282340884,0,0,0,0
1059,2,0.0012721225046080841,0,0,0,0
1060,2,0.0015064067692038957,0,0,0,0
1061,2,0.0011494173146128438,0,0,0,0
1062,2,0.003983170382446874,0,0,0,0
1063,2,0.002316885891261915,0,0,0,0
1064,2,0.003977222469053574,0,0,0,0
1065,2,0.0016950348177609477,0,0,0,0
1066,2,0.002527911094342033,0,0,0,0
1067,2,0.003799811637264248,0,0,0,0
1068,2,0.000981383088239454,0,0,0,0
1069,2,0.0010057709738542826,0,0,0,0
1070,2,0.0012638777063755796,0,0,0,0
1071,2,0.0018134399692723497,0,0,0,0
1072,2,0.008285099214829242,0,0,0,0
1073,2,0.002624391480398519,0,0,0,0
1074,2,0.000588799628093656,0,0,0,0
1075,1,2.3281153931727126e-05,0,0,0,0
1076,1,0.0017159294773483925,0,0,0,0
1077,1,5.592229722147106e-05,0,0,0,0
1078,2,0.0035472959593747795,0,0,0,0
1079,2,0.0010696447643752166,0,0,0,0
1080,2,0.0010941678303488247,0,0,0,0
1081,2,0.009307003556268388,0,0,0,0
1082,2,0.0027575661164249785,0,0,0,0
1083,2,0.004850406415634559,0,0,0,0
1084,2,0.0033245819092043998,0,0,0,0
1085,2,0.001410567962126,0,0,0,0
1086,2,0.00044468172629113676,0,0,0,0
1087,2,0.0020785543047898113,0,0,0,0
1088,2,0.002342540618858168,0,0,0,0
1089,2,0.003796717234651216,0,0,0,0
1090,2,0.00295286735983422,0,0,0,0
1091,2,0.003730464155032852,0,0,0,0
1092,2,0.00040007624078973025,0,0,0,0
1093,2,0.002168251171689197,0,0,0,0
1094,2,0.0013111676679202142,0,0,0,0
1095,1,0.0007715531777288062,0,0,0,0
1096,2,0.0021973888064949505,0,0,0,0
1097,2,0.002838185070132791,0,0,0,0
1098,2,0.0014035139840347518,0,0,0,0
1099,2,0.00034680893866327194,0,0,0,0
1100,2,0.0022628460964814216,0,0,0,0
1101,2,0.0029777337862251455,0,0,0,0
1102,2,0.0016820069827351751,0,0,0,0
1103,2,0.003377585568516037,0,0,0,0
1104,2,0.003045411590141085,0,0,0,0
1105,2,0.0025291046229002534,0,0,0,0
1106,2,0.0012274489423550522,0,0,0,0
1107,1,0.00179919168717518,0,0,0,0
1108,2,0.004637047407055163,0,0,0,0
1109,2,0.0027896741620421616,0,0,0,0
1110,2,0.001483324431188598,0,0,0,0
1111,2,0.001094220570317546,336,0,0,0
1112,2,0.0034751141546841796,0,0,0,0
1113,2,0.0012214832540588685,0,0,0,0
1114,2,0.001806979526868436,0,0,0,0
1115,2,0.0018868112379994949,0,0,0,0
1116,1,0.0008688762618965639,0,0,0,0
1117,2,0.0005710665864426393,0,0,0,0
1118,1,0.0011223689175916733,0,0,0,0
1119,2,0.004078563064397399,0,0,0,0
1120,2,0.002323792085998447,0,0,0,0
1121,2,0.0028331586057715927,0,0,0,0
1122,2,0.0036164615267882485,0,0,0,0
1123,2,0.001219809691519588,0,0,0,0
1124,2,0.0012261274371502414,0,0,0,0
1125,2,0.003928323853026411,0,0,0,0
1126,2,0.0018989638037417989,0,0,0,0
1127,1,0.004166697322599934,0,0,0,0
1128,2,0.006248555673230004,0,0,0,0
1129,2,0.001859962528339637,0,0,0,0
1130,2,0.0009189497966580242,0,0,0,0
1131,1,0.00030857324384798773,0,0,0,0
1132,2,0.003791395561708657,0,0,0,0
1133,2,0.0027913696578640373,0,0,0,0
1134,1,0.0014297423001237188,0,0,0,0
1135,2,0.003924707334619574,0,0,0,0
1136,2,0.0027734462110207358,0,0,0,0
1137,2,0.0015796813815486626,0,0,0,0
1138,2,0.0011128178617625108,0,0,0,0
1139,2,0.0010881983399818693,0,0,0,0
1140,1,0.0008118025561492415,0,0,0,0
1141,2,0.0008200660420702539,0,0,0,0
1142,1,0.0034473249780523785,0,0,0,0
1143,2,0.00044143467255582466,0,0,0,0
1144,2,0.0004552040265002489,0,0,0,0
1145,2,0.0031849295269213316,0,0,0,0
1146,2,0.004565057123048631,0,0,0,0
1147,2,0.0016183616797740001,0,0,0,0
1148,2,0.0011901031324673284,0,0,0,0
1149,2,0.0008461666783548213,0,0,0,0
1150,2,0.007827861178346673,0,0,0,0
1151,2,0.002315134128856183,0,0,0,0
1152,2,0.0023880446715474515,0,0,0,0
1153,2,0.0007351657386289398,0,0,0,0
1154,2,0.004817409708104595,0,0,0,0
1155,1,0.001397477528571956,0,0,0,0
1156,2,0.003279120287827372,0,0,0,0
1157,2,0.003002199720801658,27,0,0,0
1158,2,0.00474809661888632,0,0,0,0
1159,2,0.0024308736488023496,0,0,0,0
1160,2,0.0006007983430129002,0,0,0,0
1161,2,0.004395956785224408,0,0,0,0
1162,2,0.0031974496120333418,0,0,0,0
1163,1,0.000673037846976013,0,0,0,0
1164,2,0.002786543973574325,0,0,0,0
1165,2,0.0017621001226348894,0,0,0,0
1166,1,0.0022267459855580644,0,0,0,0
1167,1,0.0019388528116157174,0,0,0,0
1168,2,0.003747127539045206,0,0,0,0
1169,2,0.0025760555116311357,0,0,0,0
1170,1,0.0042214533661048634,0,0,0,0
1171,2,0.0010569502202910943,7,0,0,0
1172,2,0.0012079561558551461,0,0,0,0
1173,2,0.0014809286170754503,0,0,0,0
1174,2,0.0005351379544555777,0,0,0,0
1175,2,0.00375556627300152,0,0,0,0
1176,2,0.0019214974131992032,0,0,0,0
1177,2,0.0009108387165668117,0,0,0,0
1178,2,0.004410133279491771,0,0,0,0
1179,1,0.00038636684419022317,0,0,0,0
1180,2,0.0028899986628703324,0,0,0,0
1181,2,0.0007463821749841724,0,0,0,0
1182,2,0.0017138866148249255,0,0,0,0
1183,2,0.0002963869060599879,0,0,0,0
1184,2,0.00235216079687806,0,0,0,0
1185,2,0.0025684711399167758,0,0,0,0
1186,2,0.0033366616392615303,0,0,0,0
1187,2,0.0013684293825473243,0,0,0,0
1188,2,0.0024620270133920443,0,0,0,0
1189,2,0.0024134252962410914,0,0,0,0
1190,2,0.005049074592832192,0,0,0,0
1191,2,0.0023283633668774698,0,0,0,0
1192,2,0.0021229403358270183,0,0,0,0
1193,2,0.008525824682219749,0,0,0,0
1194,2,0.0021133836297234127,0,0,0,0
1195,2,0.0008478553474928867,0,0,0,0
1196,2,0.002391077094207085,0,0,0,0
1197,2,0.0007562089714543115,0,0,0,0
1198,2,0.004212309025742417,0,0,0,0
1199,2,0.005021082660037414,0,0,0,0
1200,2,0.002297161975572239,0,0,0,0
1201,2,0.0007420649704816964,0,0,0,0
1202,2,0.0014257573281744192,0,0,0,0
1203,2,0.0016232487320205222,0,0,0,0
1204,2,0.004730525592078263,0,0,0,0
1205,2,0.003777122468828814,0,0,0,0
1206,2,0.0038238146971497043,0,0,0,0
1207,1,0.0001670195848420782,0,0,0,0
1208,2,0.009721824815609532,0,0,0,0
1209,2,0.001967403984885061,0,0,0,0
1210,2,0.0030729731322899933,0,0,0,0
1211,2,0.0015769986948676834,0,0,0,0
1212,2,0.006495906202450323,0,0,0,0
1213,2,0.0003423066057592376,0,0,0,0
1214,2,0.004338663638171413,0,0,0,0
1215,2,0.0018995757063409151,0,0,0,0
1216,2,0.0008724153877877193,0,0,0,0
1217,2,0.00032024285484951066,0,0,0,0
1218,2,0.00041751039526304225,0,0,0,0
1219,2,0.002166745886908543,0,0,0,0
1220,2,0.002243349371915438,0,0,0,0
1221,2,0.00322783424499002,0,0,0,0
1222,2,0.0007143895448685143,0,0,0,0
1223,2,0.0013285311887387143,0,0,0,0
1224,1,0.002242739272458444,0,0,0,0
1225,2,0.0008161206464805915,0,0,0,0
1226,1,0.0002725181333404372,0,0,0,0
1227,2,0.0014658376165686963,0,0,0,0
1228,2,0.0005250467457931019,0,0,0,0
1229,1,0.002510918693021355,0,0,0,0
1230,2,0.00137410663105087,0,0,0,0
1231,2,0.0009291679397618565,0,0,0,0
1232,2,0.0003135279995212187,0,0,0,0
1233,1,0.004208821296042899,0,0,0,0
1234,2,0.00042677405634887597,0,0,0,0
1235,2,0.003080582231729315,0,0,0,0
1236,2,0.0007983966227274817,0,0,0,0
1237,2,0.00027018075831799663,0,0,0,0
1238,2,0.0018860219799029933,0,0,0,0
1239,2,0.006051572440824369,772,0,0,0
1240,1,0.003866030441309667,0,0,0,0
1241,2,0.0016629936740419707,0,0,0,0
1242,2,0.001720883899276741,0,0,0,0
1243,2,0.0010558326986848277,0,0,0,0
1244,2,0.0038150726025808737,0,0,0,0
1245,2,0.0014459072452383602,0,0,0,0
1246,2,0.003100346302860809,0,0,0,0
1247,2,0.0017637934384920533,0,0,0,0
1248,1,3.33418529718493e-05,0,0,0,0
1249,2,0.0020325959423334464,0,0,0,0
1250,2,0.0022071680486797965,0,0,0,0
1251,2,0.0032163190056526125,0,0,0,0
1252,1,0.0008622943824770353,0,0,0,0
1253,2,0.001158238640785855,0,0,0,0
1254,2,0.001282644283486556,0,0,0,0
1255,2,0.0011713838697600492,0,0,0,0
1256,2,0.0013099009134803325,0,0,0,0
1257,2,0.004336102515959671,0,0,0,0
1258,2,0.0036564317908655696,0,0,0,0
1259,1,1.5377518629091186e-05,0,0,0,0
1260,2,0.00013911544083349933,0,0,0,0
1261,1,0.00037439110051479935,0,0,0,0
1262,1,0.00030812633425659564,0,0,0,0
1263,2,0.003290918691006102,0,0,0,0
1264,2,0.002540979931044624,0,0,0,0
1265,2,0.0005160221655262338,0,0,0,0
1266,1,0.0007237791679818992,0,0,0,0
1267,1,0.0006375301171267312,0,0,0,0
1268,2,0.002705330596484587,0,0,0,0
1269,2,0.0029716446055525004,0,0,0,0
1270,2,0.0028173993434691307,0,0,0,0
1271,2,0.001561647410379279,0,0,0,0
1272,2,0.0010351503741069755,0,0,0,0
1273,2,0.003838281262983711,0,0,0,0
1274,2,0.0020573550470598333,0,0,0,0
1275,2,0.0030592739622682104,0,0,0,0
1276,2,0.0004000454581125259,0,0,0,0
1277,2,0.0012559906929938917,0,0,0,0
1278,2,0.0013946214492748423,0,0,0,0
1279,2,0.001541060968033798,0,0,0,0
1280,2,0.003589715766049752,0,0,0,0
1281,2,0.0008687910493618022,0,0,0,0
1282,2,0.002933854538229498,0,0,0,0
1283,1,0.004690260103830441,0,0,0,0
1284,2,0.003532665180517165,0,0,0,0
1285,2,0.0025858700021808363,0,0,0,0
1286,2,0.0040271448667238375,0,0,0,0
1287,2,0.0037992646422894617,0,0,0,0
1288,2,0.00431176399032087,0,0,0,0
1289,2,0.004902977175012943,0,0,0,0
1290,2,0.005910873143459749,0,0,0,0
1291,2,0.0023406530021387894,0,0,0,0
1292,1,0.0011721646801067724,0,0,0,0
1293,2,0.0010234774597184088,68,0,0,0
1294,2,0.002717669407558818,0,0,0,0
1295,2,0.002906974373743297,0,0,0,0
1296,2,0.004230247083602677,498,0,0,0
1297,2,0.0005162614245664136,0,0,0,0
1298,2,0.005649915392336297,0,0,0,0
1299,2,0.0004672222587525785,0,0,0,0
1300,2,0.0015221759877649943,0,0,0,0
1301,1,0.0010318971965166887,0,0,0,0
1302,2,0.00407278971580429,0,0,0,0
1303,2,0.0014638685436193482,0,0,0,0
1304,2,0.0024580978336780452,0,0,0,0
1305,2,0.0011781898792850541,0,0,0,0
1306,1,0.001265221086683547,0,0,0,0
1307,1,0.0007217974400220505,0,0,0,0
1308,2,0.003404933688837642,0,0,0,0
1309,2,0.002421999708249836,0,0,0,0
1310,2,0.0016731832366669776,0,0,0,0
1311,2,0.0025743326338160573,0,0,0,0
1312,2,0.002627705565591178,0,0,0,0
1313,2,0.0019505153879783431,0,0,0,0
1314,2,0.0030511937870707387,0,0,0,0
1315,2,0.00028711911181969653,0,0,0,0
1316,1,0.0047185053249455345,0,0,0,0
1317,2,0.0028204036025314943,0,0,0,0
1318,2,0.002220932816113628,0,0,0,0
1319,2,0.0008164456998447504,0,0,0,0
1320,2,0.003044739912392858,0,0,0,0
1321,2,0.0016323821435994638,0,0,0,0
1322,2,0.0004137804524636331,0,0,0,0
1323,2,0.0014910627630107978,0,0,0,0
1324,2,0.0024328211967897225,0,0,0,0
1325,2,0.002913977646495531,0,0,0,0
1326,2,0.0023844149466554477,0,0,0,0
1327,1,0.0009024462792904821,0,0,0,0
1328,2,0.0025366270832777567,0,0,0,0
1329,2,0.003941554875456214,0,0,0,0
1330,2,0.0059636687111971785,0,0,0,0
1331,2,0.000462186794884873,0,0,0,0
1332,2,0.004430266923806376,0,0,0,0
1333,1,0.0023480478573425735,0,0,0,0
1334,2,0.002676989364353043,0,0,0,0
1335,2,0.0011357260019461799,0,0,0,0
1336,2,0.0038444391343500097,0,0,0,0
1337,1,0.001042888550122523,0,0,0,0
1338,2,0.0004909638384730577,0,0,0,0
1339,2,0.003585962752492596,0,0,0,0
1340,2,0.0002642117691857697,0,0,0,0
1341,2,0.0009352067832162058,0,0,0,0
1342,2,0.0032114768251485944,0,0,0,0
1343,2,0.003990764630402219,0,0,0,0
1344,2,0.000892884127307031,0,0,0,0
1345,2,0.0016901819786242992,0,0,0,0
1346,2,0.0053802718701781264,0,0,0,0
1347,2,0.0009112275268649243,0,0,0,0
1348,2,0.0007937536470403944,0,0,0,0
1349,2,0.0004750515043791862,0,0,0,0
1350,2,0.003648609172432892,0,0,0,0
1351,2,0.0018806354598093918,0,0,0,0
1352,2,0.002413631340420517,0,0,0,0
1353,2,0.0024289833792397442,0,0,0,0
1354,2,0.004831462825002359,0,0,0,0
1355,2,0.0009404079069864411,0,0,0,0
1356,2,0.0037639113576592893,0,0,0,0
1357,1,4.3423577552404225e-05,0,0,0,0
1358,1,0.004987384618773673,0,0,0,0
1359,2,0.0013846238139813114,0,0,0,0
1360,2,0.001638527019723528,0,0,0,0
1361,2,0.0032615800846311107,0,0,0,0
1362,2,0.0005690217794872287,0,0,0,0
1363,1,3.43643445373814e-05,0,0,0,0
1364,2,0.0021875086022948515,0,0,0,0
1365,2,0.0024046706581775357,0,0,0,0
1366,2,0.0013978372346884992,0,0,0,0
1367,2,0.004653495419156738,0,0,0,0
1368,2,0.0013838263973427359,0,0,0,0
1369,2,0.001582693633529028,0,0,0,0
1370,2,0.0012922099941994178,0,0,0,0
1371,2,0.0039010553655656572,0,0,0,0
1372,2,0.0027129917102287717,0,0,0,0
1373,1,0.003545817597668186,0,0,0,0
1374,1,0.00025134107275173143,0,0,0,0
1375,2,0.0011704409857815133,0,0,0,0
1376,2,0.0014172789328312327,0,0,0,0
1377,2,0.0024627323149211734,0,0,0,0
1378,2,0.005862563403887466,0,0,0,0
1379,2,0.0018310153657099845,0,0,0,0
1380,1,0.00010380811497897944,0,0,0,0
1381,2,0.007594800289448472,0,0,0,0
1382,2,0.00278951077718512,0,0,0,0
1383,2,0.0056158631046774625,0,0,0,0
1384,2,0.002299795529908455,0,0,0,0
1385,1,0.0005129136068966451,0,0,0,0
1386,2,0.0021570969994173885,0,0,0,0
1387,1,6.666868502981571e-06,0,0,0,0
1388,2,0.0016579918354276536,0,0,0,0
1389,2,0.004293230492777259,0,0,0,0
1390,2,0.0038924166437879085,0,0,0,0
1391,1,0.0025895151839164772,0,0,0,0
1392,2,0.0046669437195657635,0,0,0,0
1393,2,0.0006724365358787176,105,0,0,0
1394,2,0.0014119051244558694,0,0,0,0
1395,2,0.001813481524895876,0,0,0,0
1396,2,0.0022822685740322307,0,0,0,0
1397,2,0.0026162429332755397,0,0,0,0
1398,2,0.00325493644521834,0,0,0,0
1399,2,0.00035057345273651805,0,0,0,0
1400,2,0.0026575073341027202,0,0,0,0
1401,2,0.0010921156709761736,0,0,0,0
1402,2,0.0008578229807403452,0,0,0,0
1403,2,0.0033246222782507807,0,0,0,0
1404,2,0.0028763568117632357,0,0,0,0
1405,2,0.002414853880473308,0,0,0,0
1406,1,0.00362699132968647,0,0,0,0
1407,2,0.0013790136211798282,0,0,0,0
1408,2,0.006375825595260632,0,0,0,0
1409,2,0.002049174470664055,0,0,0,0
1410,1,0.0013993820096737644,0,0,0,0
1411,2,0.0008420103846629759,0,0,0,0
1412,2,0.007209183654926846,0,0,0,0
1413,2,0.00037709394621335935,0,0,0,0
1414,2,0.006534237576994625,0,0,0,0
1415,2,0.0025205250050221385,0,0,0,0
1416,2,0.0010356055958285623,0,0,0,0
1417,2,0.0022279983727628485,0,0,0,0
1418,2,0.0013966916544153431,0,0,0,0
1419,2,0.000863154828248547,0,0,0,0
1420,2,0.0010227914451795743,0,0,0,0
1421,2,0.007581062143288422,0,0,0,0
1422,2,0.003144835931016819,0,0,0,0
1423,1,0.0023043009851263173,0,0,0,0
1424,2,0.000881821776655931,0,0,0,0
1425,2,0.005466123631612342,0,0,0,0
1426,2,0.0039322556190547,0,0,0,0
1427,1,0.0017826168592881208,0,0,0,0
1428,2,0.002801193283179735,0,0,0,0
1429,2,0.0039049127652150913,0,0,0,0
1430,2,0.001490914504014447,0,0,0,0
1431,2,0.0006717088393418412,0,0,0,0
1432,2,0.005885524278396745,0,0,0,0
1433,1,0.0008457901598513134,0,0,0,0
1434,2,0.003949763481503401,0,0,0,0
1435,1,0.0006993873001860562,0,0,0,0
1436,2,0.0013520371904171156,0,0,0,0
1437,2,0.003053939677526173,0,0,0,0
1438,2,0.00020518396208445394,0,0,0,0
1439,2,0.000844745438610391,0,0,0,0
1440,2,0.003653651380093331,0,0,0,0
1441,1,0.001989351469464172,0,0,0,0
1442,2,0.0009020490701143696,0,0,0,0
1443,1,0.0014646815720848725,0,0,0,0
1444,2,0.005065533576986048,0,0,0,0
1445,2,0.0007773893272183295,0,0,0,0
1446,2,0.0032864803320443365,0,0,0,0
1447,2,0.003992127465792601,0,0,0,0
1448,2,0.00560740856749341,0,0,0,0
1449,2,0.0014033986432101862,132,0,0,0
1450,2,0.004073373092608142,144,0,0,0
1451,2,0.0013094859308278024,0,0,0,0
1452,2,0.006055644690692037,7,0,0,0
1453,2,0.00251836914361822,0,0,0,0
1454,2,0.0006729517118714363,0,0,0,0
1455,2,0.0013141833574525231,0,0,0,0
1456,2,0.0014679490209808907,0,0,0,0
1457,2,0.007270575646026741,0,0,0,0
1458,2,0.003484190867439195,0,0,0,0
1459,1,0.00012244623480949353,0,0,0,0
1460,2,0.001839720981200908,0,0,0,0
1461,2,0.004976184227584082,0,0,0,0
1462,2,0.001957351359954096,7,0,0,0
1463,2,0.0012770893695196286,0,0,0,0
1464,2,0.004502431073837537,0,0,0,0
1465,2,0.001355511456815092,0,0,0,0
1466,2,0.004113914180881763,0,0,0,0
1467,1,0.004301817574718298,0,0,0,0
1468,2,0.00327601621598132,0,0,0,0
1469,2,0.0021488390432513136,110,0,0,0
1470,1,0.0007603163422441442,0,0,0,0
1471,2,0.0015090636733920656,0,0,0,0
1472,2,0.0065679430402600745,0,0,0,0
1473,2,0.0016228119247154692,0,0,0,0
1474,2,0.003113438625079799,0,0,0,0
1475,2,0.0023026197376710793,0,0,0,0
1476,2,0.004398400867952955,0,0,0,0
1477,2,0.0035155837807208023,0,0,0,0
1478,1,0.0014343210399339974,0,0,0,0
1479,2,0.0031217017222091416,0,0,0,0
1480,2,0.003865016062705705,0,0,0,0
1481,2,0.004688455687063141,0,0,0,0
1482,2,0.004120807009408494,0,0,0,0
1483,2,0.0006121014355375369,0,0,0,0
1484,2,0.001544420326552062,0,0,0,0
1485,2,0.0006085799779420544,0,0,0,0
1486,1,0.0009508168588821585,0,0,0,0
1487,2,0.0010088763096729335,0,0,0,0
1488,2,0.0013988590193839067,0,0,0,0
1489,2,0.0013948428790133574,0,0,0,0
1490,2,0.0021383471970244615,0,0,0,0
1491,2,0.0004441152042214896,0,0,0,0
1492,2,0.002144877694720342,0,0,0,0
1493,2,0.0015146709364370766,0,0,0,0
1494,2,0.0010676358464714144,0,0,0,0
1495,2,0.0030034901312524314,0,0,0,0
1496,2,0.0009477798516007499,0,0,0,0
1497,2,0.0068689019190396,0,0,0,0
1498,2,0.0024494552504896704,0,0,0,0
1499,2,0.001992095771912645,0,0,0,0
1500,2,0.0008488723517704304,0,0,0,0
1501,1,0.00012174430362662885,0,0,0,0
1502,2,0.003099048120268539,0,0,0,0
1503,2,0.0006969325104669116,0,0,0,0
1504,2,0.004094304650760549,0,0,0,0
1505,2,0.00298161688546897,0,0,0,0
1506,2,0.001991166665255234,0,0,0,0
1507,1,0.0008080063994243747,0,0,0,0
1508,2,0.001955358482944532,0,0,0,0
1509,2,0.0036845261269549284,0,0,0,0
1510,2,0.001091775770004116,0,0,0,0
1511,2,0.000679848075074844,0,0,0,0
1512,2,0.0008900450622911949,31,0,0,0
1513,2,0.0038798429908713634,0,0,0,0
1514,2,0.004981787833078857,0,0,0,0
1515,2,0.005923504569707,0,0,0,0
1516,2,0.003055331852464566,0,0,0,0
1517,2,0.005609865977028473,0,0,0,0
1518,2,0.0024627361725851255,0,0,0,0
1519,2,0.0035952247272897225,0,0,0,0
1520,2,0.0015933360454369239,0,0,0,0
1521,2,0.003977854160356421,0,0,0,0
1522,2,0.003696153890176597,0,0,0,0
1523,2,0.0018851662192753027,0,0,0,0
1524,2,0.0023106884879616797,0,0,0,0
1525,2,0.001722854904239049,0,0,0,0
1526,2,0.0038995844301133575,0,0,0,0
1527,2,0.0030885952741719312,0,0,0,0
1528,2,0.0019546406645686394,0,0,0,0
1529,2,0.002999402341465719,0,0,0,0
1530,2,0.0023561852982100433,0,0,0,0
1531,2,0.0021924611523125447,0,0,0,0
1532,1,0.002101475202720485,0,0,0,0
1533,1,0.0009541419283623311,0,0,0,0
1534,2,0.002458686541150623,0,0,0,0
1535,2,0.0013086594098854966,307,0,0,0
1536,2,0.0016211690450639758,0,0,0,0
1537,2,0.00257742869194126,0,0,0,0
1538,2,0.0026237949401155983,0,0,0,0
1539,2,0.0015811577077895617,0,0,0,0
1540,1,0.0005197735424545514,0,0,0,0
1541,2,0.0013302213137203979,0,0,0,0
1542,2,0.0012285311080397292,0,0,0,0
1543,2,0.004000622239943079,0,0,0,0
1544,2,0.00620296135032342,0,0,0,0
1545,2,0.003479377807292959,0,0,0,0
1546,2,0.00027763873567556997,0,0,0,0
1547,2,0.003959898699311102,0,0,0,0
1548,2,0.0034353990499081484,0,0,0,0
1549,2,0.005029413737314151,103,0,0,0
1550,2,0.003869681956699549,0,0,0,0
1551,2,0.0015870216117682698,0,0,0,0
1552,2,0.0017289184354935452,0,0,0,0
1553,2,0.00317168741076476,0,0,0,0
1554,2,0.0065431420128400555,0,0,0,0
1555,2,0.0011896435766561733,0,0,0,0
1556,2,0.0016534915158183487,0,0,0,0
1557,1,0.0012383146722622395,0,0,0,0
1558,2,0.0054279115740173845,0,0,0,0
1559,1,0.003076968445356979,0,0,0,0
1560,2,0.0034347024747263108,0,0,0,0
1561,2,0.001717350679594487,0,0,0,0
1562,2,0.006982895417715958,0,0,0,0
1563,2,0.001461316539538098,0,0,0,0
1564,1,0.0033743808104728574,0,0,0,0
1565,2,0.001544001938308402,0,0,0,0
1566,1,0.0003917288997528769,0,0,0,0
1567,2,0.0013050498727558983,0,0,0,0
1568,2,0.0014766965395763667,0,0,0,0
1569,2,0.003020195187734974,0,0,0,0
1570,2,0.0006806589420029543,0,0,0,0
1571,2,0.0031029615941079443,0,0,0,0
1572,2,0.0015720641793467117,0,0,0,0
1573,2,0.002246456737944283,0,0,0,0
1574,2,0.0011704949755458078,0,0,0,0
1575,2,0.00339453623524219,0,0,0,0
1576,2,0.003968312168039377,0,0,0,0
1577,2,0.0013755510553054185,0,0,0,0
1578,2,0.0004606425586464356,0,0,0,0
1579,2,0.0005818487819340217,0,0,0,0
1580,2,0.002011429851876366,0,0,0,0
1581,2,0.00220307506533648,0,0,0,0
1582,2,0.0038965004925707713,0,0,0,0
1583,2,0.004840708384936984,0,0,0,0
1584,2,0.0025739520562348445,0,0,0,0
1585,2,0.001972546467980838,0,0,0,0
1586,2,0.002150777518223348,0,0,0,0
1587,2,0.0017277939700621817,0,0,0,0
1588,1,0.0008525451493825181,0,0,0,0
1589,2,0.0011309918637981025,0,0,0,0
1590,2,0.0001165843216152842,0,0,0,0
1591,2,0.00037503694518493366,0,0,0,0
1592,1,0.002430349716379369,0,0,0,0
1593,2,0.0038832417897274006,0,0,0,0
1594,2,0.003395609482838442,0,0,0,0
1595,2,0.005077491217989628,0,0,0,0
1596,2,0.0004590025680979335,0,0,0,0
1597,2,0.002820442712903367,0,0,0,0
1598,2,0.0038991271215907753,0,0,0,0
1599,2,0.0036597158820459532,0,0,0,0
1600,2,0.001966355220907695,0,0,0,0
1601,2,0.002904243444389965,0,0,0,0
1602,2,0.0009033958998331049,0,0,0,0
1603,1,0.002071829707660876,0,0,0,0
1604,2,0.0013816590171210968,0,0,0,0
1605,2,0.00310347753940465,0,0,0,0
1606,2,0.001692994822226167,0,0,0,0
1607,1,0.0019485883902037012,0,0,0,0
1608,1,0.0016188014503302117,0,0,0,0
1609,1,0.0001595852579901088,0,0,0,0
1610,2,0.0040819984358603815,0,0,0,0
1611,2,0.001453022894396277,0,0,0,0
1612,2,0.0006332301059414801,0,0,0,0
1613,2,0.003266439021037793,0,0,0,0
1614,2,0.002980623705261859,0,0,0,0
1615,2,0.004244177943060614,7,0,0,0
1616,2,0.003723895554674734,0,0,0,0
1617,1,0.00018128809658539652,0,0,0,0
1618,2,0.007708556010931606,0,0,0,0
1619,2,0.0025743488434034323,0,0,0,0
1620,2,0.003564908509705939,0,0,0,0
1621,2,0.002878164246248453,0,0,0,0
1622,2,0.002353663405500797,0,0,0,0
1623,2,0.00225889054970136,0,0,0,0
1624,2,0.002016214895437751,0,0,0,0
1625,2,0.0009341803043202309,0,0,0,0
1626,2,0.0007830799007713994,0,0,0,0
1627,2,0.003001837749015908,0,0,0,0
1628,2,0.001049987717888541,0,0,0,0
1629,2,0.0059285689611212715,0,0,0,0
1630,2,0.0032487232068998833,0,0,0,0
1631,2,0.0015519170454439816,0,0,0,0
1632,2,0.004109534164029039,0,0,0,0
1633,1,0.00010103922708017531,0,0,0,0
1634,2,0.0011038958075162233,0,0,0,0
1635,2,0.0037625568528961294,0,0,0,0
1636,2,0.006011698862850688,0,0,0,0
1637,2,0.0019833600570973615,0,0,0,0
1638,2,0.0037617735561204235,0,0,0,0
1639,2,0.003343150357122096,0,0,0,0
1640,2,0.0025800859137600986,0,0,0,0
1641,1,0.0011357438806657572,0,0,0,0
1642,2,0.0007905977244506874,0,0,0,0
1643,1,0.0031928137691347213,0,0,0,0
1644,2,0.0010565879709832692,0,0,0,0
1645,2,0.0011243838735285367,0,0,0,0
1646,2,0.001751090960055906,0,0,0,0
1647,2,0.00045670685867780727,0,0,0,0
1648,2,0.001817264471622748,0,0,0,0
1649,2,0.0021945788326373536,0,0,0,0
1650,2,0.003434327539970771,0,0,0,0
1651,1,0.000478628102246858,0,0,0,0
1652,2,0.0019083718653363055,0,0,0,0
1653,2,0.0007056004753654794,0,0,0,0
1654,2,0.0019315362865704763,0,0,0,0
1655,2,0.001378784358082116,0,0,0,0
1656,2,0.003196559168682632,0,0,0,0
1657,2,0.00045483271541781533,0,0,0,0
1658,2,0.0010117651305430232,0,0,0,0
1659,2,0.0006049465499695029,0,0,0,0
1660,2,0.003338589112303139,0,0,0,0
1661,2,0.003363968620893253,0,0,0,0
1662,2,0.0035521418107626883,0,0,0,0
1663,2,0.00294243312031457,0,0,0,0
1664,2,0.002189643946582834,0,0,0,0
1665,2,0.0018605273869543091,0,0,0,0
1666,2,0.00011058638984829541,0,0,0,0
1667,2,0.0018981859054990086,73,0,0,0
1668,1,0.00038933195691988033,0,0,0,0
1669,1,0.00011947422050627875,0,0,0,0
1670,2,0.0004715567594077939,0,0,0,0
1671,1,0.0004262830465681302,0,0,0,0
1672,1,0.0007579285970547767,0,0,0,0
1673,2,0.0008781208769126484,0,0,0,0
1674,2,0.004175369114033911,0,0,0,0
1675,1,0.0008236590329285317,0,0,0,0
1676,2,0.0014431854399250717,0,0,0,0
1677,2,0.0028121780191161946,0,0,0,0
1678,1,2.173591318159807e-06,0,0,0,0
1679,1,3.24255450232829e-05,0,0,0,0
1680,2,0.0006797782311046981,0,0,0,0
1681,2,0.0016511405414948621,0,0,0,0
1682,2,0.000430344430807192,0,0,0,0
1683,1,0.00033826072914237186,0,0,0,0
1684,2,0.002257353795785653,0,0,0,0
1685,2,0.0007049480415929683,0,0,0,0
1686,2,0.0004139284701881795,0,0,0,0
1687,2,0.0026494731174319538,0,0,0,0
1688,2,0.0004155116504436914,0,0,0,0
1689,2,0.0013297273087474924,0,0,0,0
1690,2,0.00032967733801393624,0,0,0,0
1691,2,0.0056316290177677334,0,0,0,0
1692,2,0.0004321577517497697,0,0,0,0
1693,2,0.002246481715648335,0,0,0,0
1694,2,0.0026289368016040268,56,0,0,0
1695,2,0.001718237273147457,0,0,0,0
1696,1,0.002960512353625781,0,0,0,0
1697,2,0.0035771557583420986,0,0,0,0
1698,2,0.002408893833681397,0,0,0,0
1699,2,0.001300127609680974,0,0,0,0
1700,2,0.0029751405496956343,0,0,0,0
1701,2,0.006500774042274757,0,0,0,0
1702,2,0.003690906739708724,0,0,0,0
1703,2,0.0014226733202763607,0,0,0,0
1704,1,0.0008170382332893561,0,0,0,0
1705,2,0.0008232601625721466,0,0,0,0
1706,2,0.0016197796132725445,0,0,0,0
1707,1,1.0525466924248045e-05,0,0,0,0
1708,2,0.005167371018105385,0,0,0,0
1709,2,0.0010974974312433618,0,0,0,0
1710,2,0.0020786701954501803,0,0,0,0
1711,2,0.0005603909216440056,0,0,0,0
1712,2,0.002956277258120807,0,0,0,0
1713,1,0.0024701556980137717,0,0,0,0
1714,1,0.001992813186107877,0,0,0,0
1715,2,0.0028096500911912784,0,0,0,0
1716,2,0.0014078204648486422,0,0,0,0
1717,2,0.004589406910557802,0,0,0,0
1718,1,0.00521512895177134,0,0,0,0
1719,2,0.0022358103219479648,0,0,0,0
1720,2,0.009869169984059829,0,0,0,0
1721,1,0.0018636950279840043,0,0,0,0
1722,2,0.008444135896994668,0,0,0,0
1723,1,0.0009212051165415449,0,0,0,0
1724,2,0.0036788212477921094,0,0,0,0
1725,2,0.0019254455017564968,0,0,0,0
1726,2,0.001821827292891641,0,0,0,0
1727,2,0.002629735957333761,0,0,0,0
1728,2,0.0004374403895384978,0,0,0,0
1729,2,0.0025765755322962117,0,0,0,0
1730,2,0.0014527373765750409,0,0,0,0
1731,2,0.0033407567047951427,0,0,0,0
1732,2,0.0021952249551003143,0,0,0,0
1733,2,0.0008436392951987787,0,0,0,0
1734,2,0.003149385393362586,0,0,0,0
1735,2,0.00475582609509031,0,0,0,0
1736,2,0.005656696122055299,0,0,0,0
1737,2,0.001547036169629221,0,0,0,0
1738,2,0.003735127895389127,0,0,0,0
1739,2,0.00225436314167176,0,0,0,0
1740,2,0.002396579819093183,0,0,0,0
1741,1,0.001277244875504146,0,0,0,0
1742,2,0.004809990272612455,0,0,0,0
1743,2,0.0025585646350718854,333,0,0,0
1744,1,0.0016677923254638334,0,0,0,0
1745,2,0.0021923914647926594,0,0,0,0
1746,2,0.0021281413006273724,0,0,0,0
1747,2,0.004091623801825351,0,0,0,0
1748,2,0.0034307615748123315,0,0,0,0
1749,2,0.0014007758273272526,0,0,0,0
1750,2,0.002177680719671994,0,0,0,0
1751,2,0.00039802565458033474,0,0,0,0
1752,2,0.001759969116079832,0,0,0,0
1753,2,0.0042669693292523275,0,0,0,0
1754,1,0.0007571108285039395,0,0,0,0
1755,2,0.0022410959908331592,0,0,0,0
1756,2,0.0019647393025324154,0,0,0,0
1757,2,0.0014824569013805367,0,0,0,0
1758,2,0.0012209641122578768,0,0,0,0
1759,2,0.0009126833580541022,0,0,0,0
1760,2,0.0008650571566328374,0,0,0,0
1761,2,0.0034023106286225034,0,0,0,0
1762,2,0.0017051129249521296,0,0,0,0
1763,2,0.001188012444467668,0,0,0,0
1764,2,0.003983225748246118,0,0,0,0
1765,2,0.0009292816232451169,0,0,0,0
1766,2,0.0011665545267681098,0,0,0,0
1767,2,0.0014261084218825935,0,0,0,0
1768,2,0.0011365706216942115,0,0,0,0
1769,2,0.0004183469092415491,0,0,0,0
1770,2,0.0011058254422190508,0,0,0,0
1771,2,0.00192586730656899,0,0,0,0
1772,1,0.0013476724168572382,0,0,0,0
1773,2,0.0013822450952924842,0,0,0,0
1774,2,0.0019858374681531272,0,0,0,0
1775,2,0.0008679446921761594,0,0,0,0
1776,2,0.0008969388039973227,0,0,0,0
1777,2,0.0015159759739225749,0,0,0,0
1778,2,0.0006713392239331773,0,0,0,0
1779,1,3.7977662639979094e-05,0,0,0,0
1780,2,0.0018522628671984876,0,0,0,0
1781,2,0.0008707820357149315,0,0,0,0
1782,2,0.0027772343282012374,0,0,0,0
1783,1,0.001195870223392917,0,0,0,0
1784,2,0.0015397526452189342,23,0,0,0
1785,2,0.004573903145793411,0,0,0,0
1786,2,0.0019723778003195276,0,0,0,0
1787,2,0.004473115175648315,0,0,0,0
1788,2,0.0070776076646327825,0,0,0,0
1789,2,0.00046969541441929506,0,0,0,0
1790,2,0.002785888556847725,0,0,0,0
1791,2,0.0003463229727919311,0,0,0,0
1792,2,0.0020270543717655154,0,0,0,0
1793,2,0.0029979190372479304,0,0,0,0
1794,2,0.003600039626533601,0,0,0,0
1795,2,0.0008020491171512376,0,0,0,0
1796,2,0.004291465823870094,0,0,0,0
1797,1,0.00192906284570711,0,0,0,0
1798,1,0.0001781213880408989,0,0,0,0
1799,2,0.002578141151323088,0,0,0,0
1800,2,0.001591301332855923,0,0,0,0
1801,2,0.003951845908821904,0,0,0,0
1802,2,0.0018055171065382918,0,0,0,0
1803,2,0.0012984099905913643,0,0,0,0
1804,2,0.00040407395741125376,0,0,0,0
1805,1,0.001476094627165836,0,0,0,0
1806,2,0.00040390063270696327,0,0,0,0
1807,2,0.0026985582663744435,0,0,0,0
1808,2,0.002201828685334164,0,0,0,0
1809,2,0.003772668551540557,0,0,0,0
1810,1,0.00092737432006047,0,0,0,0
1811,2,0.0029453229101383902,0,0,0,0
1812,2,0.0037324563087453447,0,0,0,0
1813,2,0.0030667124292874195,0,0,0,0
1814,2,0.004031335350745506,0,0,0,0
1815,1,0.0002139868967451972,0,0,0,0
1816,2,0.0009967712947296149,0,0,0,0
1817,2,0.006045520003220459,0,0,0,0
1818,2,0.004366880071687462,0,0,0,0
1819,2,0.0010025483321194604,0,0,0,0
1820,2,0.0039957642439285065,458,0,0,0
1821,2,0.001263279813770965,0,0,0,0
1822,2,0.006115812874341123,0,0,0,0
1823,2,0.0026985316932843354,0,0,0,0
1824,2,0.004917557130357656,0,0,0,0
1825,1,0.0042482946129643335,0,0,0,0
1826,2,0.003393732999218429,0,0,0,0
1827,1,0.0019591061878096107,0,0,0,0
1828,2,0.002353095488953703,0,0,0,0
1829,2,0.0022037307636812112,0,0,0,0
1830,2,0.001635766245690005,0,0,0,0
1831,2,0.0031855842759542516,7,0,0,0
1832,2,0.0011462414932076337,0,0,0,0
1833,2,0.003104722015183314,0,0,0,0
1834,2,0.0030004396170816806,0,0,0,0
1835,2,0.0020920749052385557,0,0,0,0
1836,2,0.00528777696904773,0,0,0,0
1837,2,0.001749278925732619,0,0,0,0
1838,2,0.001760331256188916,0,0,0,0
1839,2,0.005207263324331172,0,0,0,0
1840,1,4.4858691743909735e-05,0,0,0,0
1841,2,0.0018846294002708732,7,0,0,0
1842,2,0.0014612002722052568,0,0,0,0
1843,2,0.001484757044533179,7,0,0,0
1844,1,0.0012047117422942964,0,0,0,0
1845,2,0.0056085813369951155,0,0,0,0
1846,2,0.002744252004090831,0,0,0,0
1847,1,0.0012093074767390805,0,0,0,0
1848,1,0.00039648346540408034,0,0,0,0
1849,2,0.0019552169556289177,0,0,0,0
1850,2,0.004385410296246455,0,0,0,0
1851,2,0.0013118822949619133,0,0,0,0
1852,2,0.002508278956703209,0,0,0,0
1853,2,0.0051258851977361505,0,0,0,0
1854,1,0.00352692389660438,0,0,0,0
1855,2,0.0009873899984311214,7,0,0,0
1856,1,0.00047067730260107166,0,0,0,0
1857,1,0.0014739619102967546,0,0,0,0
1858,2,0.0034377869619381814,0,0,0,0
1859,2,0.0009151346442112354,0,0,0,0
1860,2,0.0044183151158465345,0,0,0,0
1861,2,0.004344145030082272,0,0,0,0
1862,2,0.0023214695928590393,0,0,0,0
1863,2,0.0010477858927332318,0,0,0,0
1864,2,0.001989456603648147,0,0,0,0
1865,2,0.0031329783025295646,0,0,0,0
1866,2,0.006636263746236228,0,0,0,0
1867,1,0.0010457046662645819,0,0,0,0
1868,2,0.006777324098827249,0,0,0,0
1869,2,0.0006829590902869955,0,0,0,0
1870,2,0.0029553249571150904,0,0,0,0
1871,2,0.0030859209308585606,0,0,0,0
1872,2,0.002433623768008896,0,0,0,0
1873,2,0.00018344786801628802,0,0,0,0
1874,2,0.0039018161012045706,0,0,0,0
1875,2,0.0008323184635941361,0,0,0,0
1876,2,0.0006876479024667698,0,0,0,0
1877,2,0.00937990966043481,0,0,0,0
1878,2,0.0007018034689651351,0,0,0,0
1879,1,0.00033213424403352867,0,0,0,0
1880,1,0.0011736790069633264,0,0,0,0
1881,2,0.008363162310532708,600,0,0,0
1882,2,0.0022671570073436917,0,0,0,0
1883,2,0.0012282259676884826,0,0,0,0
1884,2,0.0003742180786438612,0,0,0,0
1885,2,0.002629275076987115,0,0,0,0
1886,2,0.003722461125467283,0,0,0,0
1887,2,0.0003533066456717134,0,0,0,0
1888,2,0.005767081470952621,0,0,0,0
1889,2,0.0019150824482251846,0,0,0,0
1890,2,0.0014019319795676758,0,0,0,0
1891,2,0.0036183341227759873,0,0,0,0
1892,2,0.002035004719546566,0,0,0,0
1893,1,0.0006948642950229421,0,0,0,0
1894,2,0.0021316717558491115,0,0,0,0
1895,2,0.0029985589892413756,0,0,0,0
1896,2,0.0010013249928974726,0,0,0,0
1897,2,0.0010023082772710405,0,0,0,0
1898,1,0.00016103083379966787,0,0,0,0
1899,2,0.0019324803950433991,0,0,0,0
1900,1,0.0005478411888721983,0,0,0,0
1901,2,0.0026137265726464977,0,0,0,0
1902,2,0.0032774518552095397,0,0,0,0
1903,1,0.0030613816073240025,0,0,0,0
1904,2,0.0007108609918270534,0,0,0,0
1905,2,0.0022755727167296518,0,0,0,0
1906,2,0.0016870438327935345,0,0,0,0
1907,2,0.0014345035878477331,0,0,0,0
1908,2,0.0010008013649550436,0,0,0,0
1909,2,0.001165090446014293,0,0,0,0
1910,2,0.0007384417755479574,0,0,0,0
1911,1,0.0006091115355785736,0,0,0,0
1912,2,0.0027807200198134564,0,0,0,0
1913,2,0.00786258602546425,0,0,0,0
1914,2,0.0004603984720289258,0,0,0,0
1915,2,0.0012308222014843456,0,0,0,0
1916,2,0.0032708169158239416,0,0,0,0
1917,2,0.0021057402483099954,0,0,0,0
1918,2,0.0010497744842879787,0,0,0,0
1919,2,0.0010463096078763283,0,0,0,0
1920,2,0.005343209264304428,480,0,0,0
1921,2,0.0012947579767065781,0,0,0,0
1922,1,0.00017415431960021783,0,0,0,0
1923,1,0.0006812688461039915,0,0,0,0
1924,1,0.002607824789253671,0,0,0,0
1925,2,0.002926181296785902,0,0,0,0
1926,2,0.0003793992979991574,0,0,0,0
1927,2,0.000872529597994566,0,0,0,0
1928,1,0.00019890701432787855,0,0,0,0
1929,2,0.004612549541012269,0,0,0,0
1930,2,0.0014865830306274306,0,0,0,0
1931,2,0.0018177797829211442,0,0,0,0
1932,2,0.003858096762403694,0,0,0,0
1933,2,0.0010575931372645822,0,0,0,0
1934,2,0.0013474937630486663,0,0,0,0
1935,1,0.00022705239742308158,0,0,0,0
1936,2,0.0016485056921380086,0,0,0,0
1937,2,0.0016290735236014454,0,0,0,0
1938,2,0.004709703375908686,0,0,0,0
1939,2,0.0033980995573301177,0,0,0,0
1940,2,0.007994473851749659,0,0,0,0
1941,2,0.0038964594655351947,0,0,0,0
1942,2,0.00197872546355069,0,0,0,0
1943,2,0.00193384087773411,0,0,0,0
1944,2,0.0006249140252463082,0,0,0,0
1945,2,0.0007651773644706936,0,0,0,0
1946,2,0.0016858998183091078,0,0,0,0
1947,2,0.00046109801600341063,0,0,0,0
1948,2,0.0020411826527443316,0,0,0,0
1949,2,0.0034578388200149322,0,0,0,0
1950,2,0.002386124923437489,0,0,0,0
1951,2,0.000774000353473265,0,0,0,0
1952,2,0.004082909806907608,0,0,0,0
1953,2,0.0008677166088531563,0,0,0,0
1954,2,0.000674861716205076,0,0,0,0
1955,2,0.0009863994300135332,0,0,0,0
1956,2,0.006029147177100751,0,0,0,0
1957,2,0.0018555732819664867,0,0,0,0
1958,1,0.0034473895999929953,0,0,0,0
1959,2,0.0032524998040404283,0,0,0,0
1960,1,0.004029717538031132,0,0,0,0
1961,2,0.0027444457399857223,88,0,0,0
1962,2,0.008876695662603323,0,0,0,0
1963,2,0.00024082117006256253,257,0,0,0
1964,2,0.004288340844076259,0,0,0,0
1965,2,0.0017503976303540308,0,0,0,0
1966,2,0.006080974858222095,0,0,0,0
1967,2,0.0031983407365242396,0,0,0,0
1968,2,0.00157062744835832,0,0,0,0
1969,2,0.002073125948279913,0,0,0,0
1970,2,0.0017447233684899726,0,0,0,0
1971,2,0.0035829608548955238,0,0,0,0
1972,1,0.0013400355160281651,0,0,0,0
1973,1,0.005324634576261081,0,0,0,0
1974,2,0.0019189919733255175,0,0,0,0
1975,2,0.002911160422090323,0,0,0,0
1976,2,0.005195740252675619,0,0,0,0
1977,1,0.0006468346912171501,0,0,0,0
1978,2,0.0004038235265366257,0,0,0,0
1979,2,0.0013265589707484617,0,0,0,0
1980,2,0.0030846545104280935,0,0,0,0
1981,2,0.0033854443039313,0,0,0,0
1982,2,0.002294392812446696,0,0,0,0
1983,2,0.001124310675360159,0,0,0,0
1984,2,0.00048576489701379573,0,0,0,0
1985,1,0.0009711748125174251,0,0,0,0
1986,2,0.002707403231607555,0,0,0,0
1987,1,0.001134952031002898,0,0,0,0
1988,2,0.00030091578879188176,0,0,0,0
1989,2,0.0007595395506008805,0,0,0,0
1990,2,0.0007421978392555073,0,0,0,0
1991,1,0.0005924555655740624,0,0,0,0
1992,2,0.001300844596828821,0,0,0,0
1993,2,0.0027187403208679206,0,0,0,0
1994,2,0.0007116790480183013,0,0,0,0
1995,2,0.001858863721633161,0,0,0,0
1996,2,0.0033503050268500344,0,0,0,0
1997,2,0.0024673770239468785,0,0,0,0
1998,2,0.0058582548838900725,0,0,0,0
1999,1,0.0007119653062094979,0,0,0,0
2000,2,0.002162137987948506,0,0,0,0
2001,2,0.004358108656431258,0,0,0,0
2002,2,0.001886183970087817,0,0,0,0
2003,2,0.004553074383028605,7,0,0,0
2004,2,0.002608127353556543,0,0,0,0
2005,2,0.00255166104284605,0,0,0,0
2006,1,0.0020896148147842796,0,0,0,0
2007,2,0.002086271412475064,0,0,0,0
2008,2,0.00077356730705294,0,0,0,0
2009,2,0.006186997942567653,0,0,0,0
2010,1,0.002123065377531905,0,0,0,0
2011,1,0.000698861808043826,0,0,0,0
2012,2,0.001989118246286123,0,0,0,0
2013,2,0.0010662064689165862,0,0,0,0
2014,2,0.0043682957543407525,0,0,0,0
2015,2,0.0018260747372886037,0,0,0,0
2016,2,0.0013924219469674706,0,0,0,0
2017,2,0.004628540623158751,0,0,0,0
2018,2,0.003545885528041402,0,0,0,0
2019,2,0.0007290635650263104,0,0,0,0
2020,2,0.0026984349945238994,0,0,0,0
2021,2,0.0004703241320838415,0,0,0,0
2022,1,0.001201001787342856,0,0,0,0
2023,2,0.0019126099310873485,0,0,0,0
2024,2,0.00047460349702529357,0,0,0,0
2025,2,0.0004929196659633405,0,0,0,0
2026,2,0.005922693538936992,0,0,0,0
2027,1,0.002377590152640873,0,0,0,0
2028,2,0.004863257700678302,0,0,0,0
2029,2,0.004078087528199414,0,0,0,0
2030,2,0.0005752037706036234,0,0,0,0
2031,2,0.0007970918847555562,0,0,0,0
2032,2,0.002140154737554326,0,0,0,0
2033,2,0.0010821841957880257,0,0,0,0
2034,2,0.002020006168873793,0,0,0,0
2035,1,0.0011803247305031046,0,0,0,0
2036,1,0.0003879472569912518,0,0,0,0
2037,2,0.0019924641288276345,0,0,0,0
2038,2,0.003897420487721329,0,0,0,0
2039,1,0.0005332591647839063,0,0,0,0
2040,1,0.0007427477543376255,0,0,0,0
2041,2,0.004610616932008563,0,0,0,0
2042,2,0.001986036387470618,0,0,0,0
2043,1,0.001452345847292224,0,0,0,0
2044,2,0.0038643663138186917,0,0,0,0
2045,2,0.003013482189192443,0,0,0,0
2046,2,0.0029992511230673056,0,0,0,0
2047,1,0.0005406396094743528,0,0,0,0
2048,1,0.00041018639779546854,0,0,0,0
2049,2,0.0012112211577695097,7,0,0,0
2050,1,0.0008994176683240354,0,0,0,0
2051,1,0.000379928256011223,0,0,0,0
2052,2,0.0006351415552304276,0,0,0,0
2053,2,0.0005110661008673984,0,0,0,0
2054,1,0.002461685342788157,0,0,0,0
2055,1,0.0005281006223130255,0,0,0,0
2056,2,0.0019864387842773307,0,0,0,0
2057,2,0.004009246903379112,0,0,0,0
2058,2,0.0008821854876326231,0,0,0,0
2059,2,0.003179605649444043,0,0,0,0
2060,2,0.0019650622198104954,0,0,0,0
2061,1,0.001955485418414315,0,0,0,0
2062,2,0.004209148082199081,0,0,0,0
2063,2,0.0008527608517615621,0,0,0,0
2064,2,0.0028614860150469384,0,0,0,0
2065,2,0.0011168955934122648,0,0,0,0
2066,2,0.002105419637157778,0,0,0,0
2067,2,0.002729236287515334,0,0,0,0
2068,2,0.002707094807058684,0,0,0,0
2069,2,0.0037004709527988892,0,0,0,0
2070,2,0.00020555186335108488,0,0,0,0
2071,2,0.0012738103209156881,0,0,0,0
2072,1,0.001002394426217044,0,0,0,0
2073,2,0.0013017465389419294,0,0,0,0
2074,2,0.0018781501085623614,0,0,0,0
2075,2,0.0009886146378717954,0,0,0,0
2076,2,0.002542750646379136,0,0,0,0
2077,2,0.001053757476089709,0,0,0,0
2078,2,0.0010060997699051681,0,0,0,0
2079,1,7.316112312198011e-05,0,0,0,0
2080,2,0.0013250105905764965,0,0,0,0
2081,2,0.001568237607473763,0,0,0,0
2082,1,0.0026599268335489494,395,0,0,0
2083,2,0.0036743517728380264,0,0,0,0
2084,1,0.0023061581558777742,0,0,0,0
2085,2,0.002214029971485671,0,0,0,0
2086,2,0.001925383151183063,0,0,0,0
2087,1,0.003127647652646973,0,0,0,0
2088,2,0.002273443148330094,0,0,0,0
2089,2,0.0037353596677879098,0,0,0,0
2090,1,0.00010670774819829221,7,0,0,0
2091,2,0.007811033302343616,0,0,0,0
2092,2,0.0020261766964846033,0,0,0,0
2093,2,0.0014304992996478371,0,0,0,0
2094,2,0.0025406292073194454,0,0,0,0
2095,2,0.0013235473034224979,0,0,0,0
2096,2,0.0029895962218660093,0,0,0,0
2097,2,0.0017230470271346159,0,0,0,0
2098,2,0.0020606292868021307,0,0,0,0
2099,1,0.0006465559333998747,0,0,0,0
2100,2,0.00048397825575866406,147,0,0,0
2101,2,0.0008737355522433919,0,0,0,0
2102,2,0.007107418337391948,310,0,0,0
2103,1,0.0005127377906371698,0,0,0,0
2104,2,0.0005223234655989727,0,0,0,0
2105,1,0.0016690702520609046,0,0,0,0
2106,2,0.0030719799988315516,0,0,0,0
2107,2,0.0024326398160526325,0,0,0,0
2108,2,0.0003568406879727595,0,0,0,0
2109,2,0.002200440219917765,0,0,0,0
2110,2,0.003288017949949948,0,0,0,0
2111,2,0.0009927517072255436,0,0,0,0
2112,1,0.00020458622278605844,0,0,0,0
2113,2,0.001910794240078552,0,0,0,0
2114,2,0.002587948264464456,0,0,0,0
2115,2,0.0022957966519381915,129,0,0,0
2116,2,0.0026856627515210183,0,0,0,0
2117,1,0.0012162765806024408,0,0,0,0
2118,2,0.0020795412501572086,0,0,0,0
2119,1,0.0001861413267596789,0,0,0,0
2120,2,0.004642592284107711,0,0,0,0
2121,2,0.0006787525559669964,0,0,0,0
2122,2,0.001432160953237202,0,0,0,0
2123,2,0.004681075133686139,0,0,0,0
2124,2,0.0001671404972564455,0,0,0,0
2125,2,0.0008055879087258437,0,0,0,0
2126,1,0.0015969303308593665,0,0,0,0
2127,2,0.002002885548038921,0,0,0,0
2128,1,0.00031919548976509744,0,0,0,0
2129,2,0.001001256516739483,0,0,0,0
2130,2,0.0015090621355167044,0,0,0,0
2131,2,0.00211128151232761,0,0,0,0
2132,2,0.0007064279250248393,0,0,0,0
2133,2,0.0012124602253193752,0,0,0,0
2134,2,0.0006885482789418372,0,0,0,0
2135,2,0.0041467831678589015,0,0,0,0
2136,2,0.0009670580197863943,0,0,0,0
2137,2,0.0024597568704430943,0,0,0,0
2138,2,0.002113998491217116,0,0,0,0
2139,2,0.0030675936497507566,0,0,0,0
2140,2,0.0010417378319002744,0,0,0,0
2141,2,0.0015355201414629913,0,0,0,0
2142,1,0.0005997505856139046,0,0,0,0
2143,2,0.005196215928894867,0,0,0,0
2144,2,0.003762491044439088,0,0,0,0
2145,1,0.0006974921989118603,0,0,0,0
2146,2,0.0030209780462674965,0,0,0,0
2147,2,0.002353059528703608,0,0,0,0
2148,2,0.0040147040666093925,0,0,0,0
2149,2,0.0017917206827500506,0,0,0,0
2150,2,0.0016905825489782382,0,0,0,0
2151,2,0.004551139420948389,0,0,0,0
2152,2,0.006756124783331803,0,0,0,0
2153,2,0.008891251396140372,0,0,0,0
2154,2,0.0004408990354241468,0,0,0,0
2155,1,0.002262448368702061,0,0,0,0
2156,1,0.0008914350283497437,0,0,0,0
2157,2,0.0003544148961622316,0,0,0,0
2158,2,0.0018854908188995336,0,0,0,0
2159,2,0.005619947153039747,0,0,0,0
2160,1,0.0005092834597668008,0,0,0,0
2161,2,0.005662972375994831,0,0,0,0
2162,2,0.0011563354320438567,0,0,0,0
2163,2,0.0028195848711255293,0,0,0,0
2164,2,0.00218981869982687,0,0,0,0
2165,2,0.0003878676075769419,7,0,0,0
2166,2,0.003929102644371058,0,0,0,0
2167,1,8.399480321149658e-05,0,0,0,0
2168,2,0.001986499988916204,0,0,0,0
2169,2,0.005422471939605511,0,0,0,0
2170,2,0.00121976072316235,0,0,0,0
2171,2,0.0014410493036542673,0,0,0,0
2172,2,0.0013127603392750187,0,0,0,0
2173,2,0.004312741113290835,0,0,0,0
2174,2,0.0024888268803262715,0,0,0,0
2175,2,0.0012908278053366735,0,0,0,0
2176,1,0.002547298234113048,0,0,0,0
2177,2,0.003506242905151643,0,0,0,0
2178,2,0.0034349368195197615,0,0,0,0
2179,2,0.0013745165620123955,0,0,0,0
2180,2,0.003384160256834137,0,0,0,0
2181,2,0.004920871033628709,0,0,0,0
2182,2,0.001081770581519994,0,0,0,0
2183,2,0.0042795062789261215,0,0,0,0
2184,2,0.006748453993455817,0,0,0,0
2185,2,0.006704900560967335,0,0,0,0
2186,2,0.00026984360502318403,0,0,0,0
2187,2,0.003925187109557449,0,0,0,0
2188,2,0.0008005461958041026,7,0,0,0
2189,2,0.00133626050870662,0,0,0,0
2190,2,0.007172643828909254,371,0,0,0
2191,2,0.0013185567598570872,0,0,0,0
2192,2,0.002569609262200076,0,0,0,0
2193,2,0.0028489126621094444,0,0,0,0
2194,2,0.0008837904700299574,0,0,0,0
2195,2,0.0006057420676096514,0,0,0,0
2196,2,0.0006850464392766961,0,0,0,0
2197,2,0.0030912628110785056,0,0,0,0
2198,2,0.0023717885410923455,0,0,0,0
2199,2,0.004063224195108191,0,0,0,0
2200,2,0.0013256900662798159,0,0,0,0
2201,1,0.0007130960981627176,0,0,0,0
2202,2,0.0018386369421018172,0,0,0,0
2203,1,0.003139703768972552,0,0,0,0
2204,2,0.0017911853523741948,0,0,0,0
2205,2,0.002119762673812664,0,0,0,0
2206,1,0.002994953567160943,0,0,0,0
2207,2,0.0012260228894180668,0,0,0,0
2208,2,0.003937873106677936,0,0,0,0
2209,2,0.0026465717371566915,0,0,0,0
2210,2,0.003950248107817822,0,0,0,0
2211,1,0.0033644605748265437,0,0,0,0
2212,2,0.0007045081014908431,0,0,0,0
2213,2,0.0009879368450058457,0,0,0,0
2214,2,0.001106312620431977,0,0,0,0
2215,2,0.0009784432119319614,0,0,0,0
2216,1,0.0003155335468905705,0,0,0,0
2217,1,0.0014652429359212568,0,0,0,0
2218,2,0.0035270957423327995,0,0,0,0
2219,2,0.0014359409484936145,0,0,0,0
2220,2,0.000526874426006602,0,0,0,0
2221,2,0.005703625637059499,0,0,0,0
2222,2,0.003669527418910556,0,0,0,0
2223,2,0.0029388123351460137,0,0,0,0
2224,2,0.0023916310842181645,0,0,0,0
2225,2,0.004619169382996937,0,0,0,0
2226,1,0.005441478344102094,0,0,0,0
2227,2,0.00010792925764999736,0,0,0,0
2228,1,0.0002745389970776657,0,0,0,0
2229,1,0.0026144761430789646,0,0,0,0
2230,2,0.0010633958303763668,0,0,0,0
2231,2,0.00537665611967044,0,0,0,0
2232,2,0.0012627718937676194,0,0,0,0
2233,2,0.0054383105439849725,0,0,0,0
2234,2,0.0007760667915406379,0,0,0,0
2235,2,0.002398391171716346,0,0,0,0
2236,2,0.0007350827400210892,0,0,0,0
2237,2,0.0018711088430626976,0,0,0,0
2238,1,0.0027934677585527805,0,0,0,0
2239,2,0.0064577063212609385,0,0,0,0
2240,2,0.0018152872916289428,0,0,0,0
2241,2,0.005191588335984424,0,0,0,0
2242,1,0.0003354926044974725,0,0,0,0
2243,2,0.0023487560653238275,0,0,0,0
2244,2,0.004486554397240083,7,0,0,0
2245,2,0.0003486652394908338,0,0,0,0
2246,1,0.0030139307973824627,13,0,0,0
2247,2,0.0007023280147976694,0,0,0,0
2248,2,0.0061199858579436125,0,0,0,0
2249,2,0.0024415981362276764,0,0,0,0
2250,2,0.0018479000174312437,0,0,0,0
2251,2,0.004985626116991221,0,0,0,0
2252,2,0.0027939333089040666,0,0,0,0
2253,2,0.0027922370440504915,252,0,0,0
2254,2,0.0026491227538746618,0,0,0,0
2255,2,0.0031875097752532906,0,0,0,0
2256,2,0.00196309641403691,0,0,0,0
2257,2,0.0004556789650299741,0,0,0,0
2258,1,1.0848070783261309e-05,0,0,0,0
2259,2,0.00243393224079387,0,0,0,0
2260,2,0.005134478582009396,0,0,0,0
2261,2,0.004492423957031603,0,0,0,0
2262,1,0.0020333453611693056,0,0,0,0
2263,2,0.006466707763190072,0,0,0,0
2264,2,0.0006507143067343663,0,0,0,0
2265,2,0.001856718814087263,0,0,0,0
2266,2,0.003025441665123693,0,0,0,0
2267,2,0.0004781138677251451,0,0,0,0
2268,1,0.0015589001492442986,0,0,0,0
2269,2,0.00381297294872511,0,0,0,0
2270,1,0.00015876316875759972,0,0,0,0
2271,2,0.001699900706885097,0,0,0,0
2272,2,0.00442973333673917,0,0,0,0
2273,2,0.0017554405508523436,0,0,0,0
2274,2,0.00510837589289932,0,0,0,0
2275,2,0.002198364158104707,0,0,0,0
2276,2,0.003204162821533066,0,0,0,0
2277,2,0.002820351496198317,0,0,0,0
2278,2,0.0026585030118373722,0,0,0,0
2279,1,0.001121787035086864,0,0,0,0
2280,1,0.001351822437332289,0,0,0,0
2281,2,0.00040463644298105466,0,0,0,0
2282,2,0.0004582102883971541,0,0,0,0
2283,2,0.005372453047338699,0,0,0,0
2284,2,0.00437838166151569,0,0,0,0
2285,2,0.0013896734158195445,0,0,0,0
2286,2,0.0022551549267985456,0,0,0,0
2287,2,0.005400869723651691,0,0,0,0
2288,2,0.0006344527344478508,0,0,0,0
2289,2,0.003512335875824867,0,0,0,0
2290,2,0.0015325281931579044,0,0,0,0
2291,2,0.001610828263132747,0,0,0,0
2292,1,0.0004351560066481651,0,0,0,0
2293,1,8.517071268671783e-05,0,0,0,0
2294,2,0.001469083275480635,0,0,0,0
2295,2,0.0019649378965448435,0,0,0,0
2296,2,0.0009825759813690178,0,0,0,0
2297,2,0.0008914653159128531,0,0,0,0
2298,2,0.00288312386271065,0,0,0,0
2299,1,0.0019761391876457384,0,0,0,0
2300,1,0.003843092313246337,0,0,0,0
2301,2,0.00134559119614815,0,0,0,0
2302,2,0.0006024837827390706,0,0,0,0
2303,2,0.0038727587104979227,0,0,0,0
2304,2,0.004243614324273726,0,0,0,0
2305,1,0.0016988594321270427,0,0,0,0
2306,2,0.0011902243050592126,0,0,0,0
2307,1,0.0010678065707022768,0,0,0,0
2308,1,0.0004231168055984372,0,0,0,0
2309,1,0.00032725348003737455,0,0,0,0
2310,2,0.0029498756175005097,0,0,0,0
2311,1,0.0007323457934060688,0,0,0,0
2312,2,0.003308596582084744,0,0,0,0
2313,1,0.0011200742755600123,0,0,0,0
2314,2,0.0020704209526598892,0,0,0,0
2315,2,0.0036153356147980886,7,0,0,0
2316,1,0.00019360049640314013,0,0,0,0
2317,1,0.0025063552402298296,0,0,0,0
2318,1,0.0005712121366921002,0,0,0,0
2319,2,0.0024085789924751474,0,0,0,0
2320,2,0.0008994537489378839,0,0,0,0
2321,1,0.005677636970760982,0,0,0,0
2322,2,0.004733038579805771,0,0,0,0
2323,1,0.0016563778068330644,378,0,0,0
2324,2,0.005399418876712562,0,0,0,0
2325,2,0.0023661501144803684,0,0,0,0
2326,2,0.0017977456118875778,0,0,0,0
2327,2,0.004328795677776835,0,0,0,0
2328,1,0.0007488900237703843,0,0,0,0
2329,2,0.005786933696027815,0,0,0,0
2330,2,0.0013984567548371595,0,0,0,0
2331,2,0.001072173776117772,0,0,0,0
2332,2,0.002252872083851588,0,0,0,0
2333,2,0.001115761442939648,0,0,0,0
2334,2,0.0008682734756616737,0,0,0,0
2335,1,0.003673933578319081,0,0,0,0
2336,1,0.0010288189259571483,0,0,0,0
2337,2,0.0009094604452286522,0,0,0,0
2338,2,0.0005517309819352311,0,0,0,0
2339,2,0.0017870948842535106,0,0,0,0
2340,2,0.0008743053740152462,30,0,0,0
2341,1,0.003317954683316909,0,0,0,0
2342,2,0.0023573538508174672,0,0,0,0
2343,2,0.005296079065845587,0,0,0,0
2344,1,0.0005098737580646804,0,0,0,0
2345,2,0.0028895282124977587,49,0,0,0
2346,1,0.0036172203737653455,0,0,0,0
2347,2,0.00572594370870836,0,0,0,0
2348,2,0.0031891435203311854,0,0,0,0
2349,2,0.005892836506299496,0,0,0,0
2350,1,0.0003639403514182949,0,0,0,0
2351,2,0.0013885163151774594,0,0,0,0
2352,2,0.002300785148518797,0,0,0,0
2353,2,0.0039141636447545935,0,0,0,0
2354,2,0.003417258006626131,0,0,0,0
2355,2,0.0006602095906927142,0,0,0,0
2356,2,0.00032555195977181225,0,0,0,0
2357,1,0.001607244013568241,0,0,0,0
2358,2,0.003468647952122587,0,0,0,0
2359,1,0.0004634015297374826,0,0,0,0
2360,2,0.0012418703883875603,0,0,0,0
2361,2,0.004760537733030338,0,0,0,0
2362,1,0.0023302823932603188,0,0,0,0
2363,2,0.0025144327289393334,0,0,0,0
2364,2,0.0030441370142031783,0,0,0,0
2365,2,0.0017764539112584588,0,0,0,0
2366,1,0.003642532023396071,0,0,0,0
2367,2,0.004350897162967828,0,0,0,0
2368,2,0.001964360301717554,130,0,0,0
2369,2,0.007383715628137303,0,0,0,0
2370,2,0.0007630356630213693,0,0,0,0
2371,1,0.00011818103793005574,0,0,0,0
2372,2,0.0019060447562343121,0,0,0,0
2373,2,0.0037875906576922496,0,0,0,0
2374,2,0.0023063476873585336,0,0,0,0
2375,2,0.0050247342438260135,0,0,0,0
2376,1,0.0010011598063104751,0,0,0,0
2377,2,0.004819506619446668,0,0,0,0
2378,2,0.0037650547203996842,0,0,0,0
2379,2,0.0001203025599374855,0,0,0,0
2380,2,0.002349160708473737,0,0,0,0
2381,2,0.0005487953461101274,0,0,0,0
2382,2,0.0007439628467018188,0,0,0,0
2383,2,0.0025040936739888285,0,0,0,0
2384,2,0.0013158577002769303,0,0,0,0
2385,2,0.003961777587284394,0,0,0,0
2386,2,0.0013244262984618653,0,0,0,0
2387,2,0.0010332516039329902,0,0,0,0
2388,2,0.004746360712103711,0,0,0,0
2389,2,0.0015232469212265519,0,0,0,0
2390,2,0.003340436120585296,0,0,0,0
2391,2,0.0024851931144724755,0,0,0,0
2392,2,0.002493724676284965,0,0,0,0
2393,2,0.0006921328615996947,0,0,0,0
2394,2,0.0071349969121754795,0,0,0,0
2395,2,0.0033160126016141605,0,0,0,0
2396,2,0.0010961515708058536,0,0,0,0
2397,2,0.0023861415298270924,0,0,0,0
2398,2,0.004775549598968625,0,0,0,0
2399,2,0.0020658828246544274,0,0,0,0
2400,2,0.0022103073206782265,0,0,0,0
2401,2,0.00338621181572871,0,0,0,0
2402,2,0.004146435003213504,0,0,0,0
2403,2,0.002477276446115935,0,0,0,0
2404,2,0.006358164058088416,0,0,0,0
2405,2,0.0024110968464198155,0,0,0,0
2406,2,0.0034314086588724127,7,0,0,0
2407,2,0.002166182922615238,0,0,0,0
2408,2,0.0011410974959393146,0,0,0,0
2409,2,0.001425700688140478,0,0,0,0
2410,2,0.0017594282462156231,0,0,0,0
2411,2,0.0015785253193707314,0,0,0,0
2412,2,0.001495872818261207,0,0,0,0
2413,2,0.0013246560106545359,0,0,0,0
2414,2,0.005883126155775563,0,0,0,0
2415,2,0.007895023212022442,0,0,0,0
2416,2,0.002339308239996067,0,0,0,0
2417,2,0.0007710960124614294,0,0,0,0
2418,2,0.001990530394706017,0,0,0,0
2419,2,0.002091001836484256,0,0,0,0
2420,2,0.002046324793745964,0,0,0,0
2421,2,0.00137924705606009,0,0,0,0
2422,2,0.0014860130651457248,0,0,0,0
2423,2,0.0024685962803266664,0,0,0,0
2424,2,0.0004634330282448286,0,0,0,0
2425,1,7.787421223015635e-05,0,0,0,0
2426,2,0.0009219473975515376,0,0,0,0
2427,2,0.0002740991110658205,0,0,0,0
2428,2,0.004239648408166831,0,0,0,0
2429,1,0.0016961916864603253,0,0,0,0
2430,2,0.0015403088415548091,0,0,0,0
2431,2,0.0019328952971827116,0,0,0,0
2432,2,0.005002476873223273,0,0,0,0
2433,2,0.003846562143357781,0,0,0,0
2434,1,0.0015653316869261244,0,0,0,0
2435,2,0.0030173392268629676,0,0,0,0
2436,2,0.003133364314950406,0,0,0,0
2437,2,0.0022310878958356232,0,0,0,0
2438,2,0.00265437339875682,0,0,0,0
2439,2,0.0006551783263453778,116,0,0,0
2440,2,0.001149268892341204,7,0,0,0
2441,2,0.0010351731658796838,0,0,0,0
2442,1,0.001426515001389463,0,0,0,0
2443,2,0.0028551175643345365,0,0,0,0
2444,2,0.00026420011122757866,0,0,0,0
2445,2,0.0013708545554023798,0,0,0,0
2446,2,0.006022748495893162,0,0,0,0
2447,2,0.0026867671584917727,0,0,0,0
2448,2,0.0034436328991153653,0,0,0,0
2449,1,0.0027107176666784256,0,0,0,0
2450,2,0.0011398123198276561,0,0,0,0
2451,2,0.004564505513205023,0,0,0,0
2452,2,0.0010006927519092168,0,0,0,0
2453,2,0.007462162998978799,0,0,0,0
2454,2,0.0016822689537760538,0,0,0,0
2455,1,0.0011589055041917183,0,0,0,0
2456,2,0.002651595512233262,0,0,0,0
2457,2,0.006278888134523832,0,0,0,0
2458,2,0.0013670584236104744,0,0,0,0
2459,2,0.002727930040845831,0,0,0,0
2460,2,0.0006178639881038368,0,0,0,0
2461,2,0.0010859291997609413,0,0,0,0
2462,2,0.005074626148903002,0,0,0,0
2463,1,0.0027186727345253907,0,0,0,0
2464,2,0.006195634404059069,0,0,0,0
2465,2,0.001007126885986536,0,0,0,0
2466,2,0.0010916283896648354,0,0,0,0
2467,2,0.0011169165978922619,0,0,0,0
2468,1,0.0002165922771758272,0,0,0,0
2469,1,0.00012019398317773605,0,0,0,0
2470,2,0.00294045142402936,0,0,0,0
2471,2,0.0003663662534895064,7,0,0,0
2472,2,0.00045983291791758414,13,0,0,0
2473,2,0.0052367525275965774,0,0,0,0
2474,2,0.0016734708929725668,0,0,0,0
2475,2,0.003170825502154045,0,0,0,0
2476,1,0.001734302663207604,0,0,0,0
2477,2,0.004071617324203363,0,0,0,0
2478,1,0.0013661480355134264,0,0,0,0
2479,2,0.002733240163067074,0,0,0,0
2480,2,0.0033049184772037253,0,0,0,0
2481,2,0.0010872029934828346,48,0,0,0
2482,1,0.0017982123172989527,0,0,0,0
2483,2,0.0024681786357589578,0,0,0,0
2484,2,0.003761439877677629,0,0,0,0
2485,2,0.002935421528255623,0,0,0,0
2486,2,0.00027851760373282213,0,0,0,0
2487,2,0.0022239029694957582,0,0,0,0
2488,2,0.0025205292079457328,0,0,0,0
2489,2,0.002966295750496394,0,0,0,0
2490,2,0.0026466803377341508,0,0,0,0
2491,1,0.002274757751190375,0,0,0,0
2492,2,0.002153810121839832,0,0,0,0
2493,1,0.0018364730092679613,0,0,0,0
2494,2,0.0014462206710421923,0,0,0,0
2495,2,0.0023555522333694287,0,0,0,0
2496,1,2.5706690923177765e-05,0,0,0,0
2497,2,0.0025722483514845104,0,0,0,0
2498,2,0.0018797658992647298,0,0,0,0
2499,2,0.003557828289148416,0,0,0,0
2500,2,0.002317835412122786,0,0,0,0
2501,2,0.0017657716325146628,0,0,0,0
2502,2,0.0037259212433896406,0,0,0,0
2503,2,0.0025468587219742347,0,0,0,0
2504,2,0.0028518402421285967,0,0,0,0
2505,2,0.0013976734516755877,0,0,0,0
2506,2,0.0026691754237705713,0,0,0,0
2507,2,0.0027037428764726964,0,0,0,0
2508,2,0.0007035520002045082,0,0,0,0
2509,2,0.00421219718523476,0,0,0,0
2510,2,0.0008405041423000584,0,0,0,0
2511,1,0.0009889113568320221,0,0,0,0
2512,2,0.0006202407893777747,0,0,0,0
2513,2,0.0017649777228126767,0,0,0,0
2514,1,1.0986102521150687e-05,0,0,0,0
2515,1,0.0004534296233756995,0,0,0,0
2516,1,0.00044187224188791026,0,0,0,0
2517,2,0.0041627310627439015,0,0,0,0
2518,2,0.001584049740218651,0,0,0,0
2519,2,0.0012444206555947694,0,0,0,0
2520,1,0.0013874591446283,0,0,0,0
2521,2,0.0024623767215316314,0,0,0,0
2522,2,0.003296011504194871,0,0,0,0
2523,2,0.0010916067366138265,0,0,0,0
2524,2,0.0011151307639454863,0,0,0,0
2525,2,0.002699025432459908,0,0,0,0
2526,2,0.004949368065221284,0,0,0,0
2527,2,0.0012974212092667183,0,0,0,0
2528,1,0.0003969248322712206,0,0,0,0
2529,2,0.003049866035179424,0,0,0,0
2530,2,0.0018857148232818673,0,0,0,0
2531,2,0.00224002587775932,0,0,0,0
2532,2,0.00030041964433449674,0,0,0,0
2533,2,0.0003201006156203112,0,0,0,0
2534,2,0.0004079479212779727,0,0,0,0
2535,2,0.003985253137117449,0,0,0,0
2536,2,0.009705183461033393,0,0,0,0
2537,2,0.003241897920209689,0,0,0,0
2538,2,0.0023352907783713117,0,0,0,0
2539,2,0.0036085709489489517,0,0,0,0
2540,2,0.0017187022799170018,0,0,0,0
2541,2,0.00571866667236281,0,0,0,0
2542,2,0.0008308128995071753,0,0,0,0
2543,1,0.0005398671216171149,0,0,0,0
2544,1,0.00041538140389083407,0,0,0,0
2545,2,0.0012658931278526548,0,0,0,0
2546,2,0.0009839010008127443,0,0,0,0
2547,2,0.002159436451234323,0,0,0,0
2548,2,0.00076158912186474,0,0,0,0
2549,2,0.0035026281965175386,0,0,0,0
2550,2,0.0017652486156560857,59,0,0,0
2551,1,0.0003113120333958822,0,0,0,0
2552,2,0.00375618954472355,0,0,0,0
2553,2,0.0015653839427794368,0,0,0,0
2554,2,0.0037908114464374606,0,0,0,0
2555,2,0.0011504385007666833,0,0,0,0
2556,2,0.003119883042058083,0,0,0,0
2557,2,0.0028504918323475786,0,0,0,0
2558,1,0.0006021215215338885,0,0,0,0
2559,2,0.0013804847466892397,0,0,0,0
2560,2,0.003067191906637516,0,0,0,0
2561,1,0.000578036016815035,0,0,0,0
2562,1,0.00046801394823684124,0,0,0,0
2563,1,0.00036089228120754903,0,0,0,0
2564,1,0.0005356354416374369,0,0,0,0
2565,2,0.0028490867078826724,0,0,0,0
2566,2,0.0007819262533459566,0,0,0,0
2567,2,0.0007215880843376444,0,0,0,0
2568,1,0.006383649608495829,0,0,0,0
2569,2,0.002054964802456534,0,0,0,0
2570,2,0.0026997393405723273,0,0,0,0
2571,2,0.003726443097338968,0,0,0,0
2572,2,0.0001545190937005653,0,0,0,0
2573,2,0.002410082773473191,0,0,0,0
2574,2,0.001810271760906209,0,0,0,0
2575,2,0.0011137128842171342,0,0,0,0
2576,2,0.005396882331588674,0,0,0,0
2577,2,0.00314161695104169,0,0,0,0
2578,2,0.0007396774765804352,0,0,0,0
2579,1,0.0014111657978392756,0,0,0,0
2580,2,0.0009768411374785524,0,0,0,0
2581,2,0.0008423426001929939,0,0,0,0
2582,2,0.002435517751252633,38,0,0,0
2583,2,0.00028817171252312046,0,0,0,0
2584,2,0.007518443503818379,0,0,0,0
2585,2,0.0013390115837114726,0,0,0,0
2586,2,0.001102764103195837,0,0,0,0
2587,1,0.0005958446927306861,0,0,0,0
2588,2,0.003932084035035838,0,0,0,0
2589,2,0.007994271463161966,0,0,0,0
2590,2,0.00037376700600433776,0,0,0,0
2591,1,0.0024958303724473634,0,0,0,0
2592,2,0.00623484725971358,107,0,0,0
2593,2,0.004395989733716788,0,0,0,0
2594,2,0.0021519460333819618,0,0,0,0
2595,2,0.002419641213068949,0,0,0,0
2596,1,0.0020037252280680766,0,0,0,0
2597,2,0.0016332375772410799,0,0,0,0
2598,2,0.0012773567638020666,0,0,0,0
2599,2,0.0002560859650103747,0,0,0,0
2600,2,0.0013682085931933509,0,0,0,0
2601,2,0.0026575348015367792,0,0,0,0
2602,1,0.0025592577375568967,0,0,0,0
2603,2,0.006086650613386621,0,0,0,0
2604,2,0.0033521480370906596,0,0,0,0
2605,2,0.0009624815091593871,0,0,0,0
2606,2,0.0010110094631988462,0,0,0,0
2607,2,0.0013962591813864572,7,0,0,0
2608,1,6.439966617932282e-05,0,0,0,0
2609,2,0.002875387321355033,0,0,0,0
2610,2,0.002565730306250264,0,0,0,0
2611,2,0.0021269116434569817,0,0,0,0
2612,2,0.0018530580083171676,0,0,0,0
2613,2,0.0004016202740712119,0,0,0,0
2614,2,0.0032694523438887443,0,0,0,0
2615,2,0.002336701227844049,0,0,0,0
2616,2,0.002127075349628752,0,0,0,0
2617,2,0.0012067665529494054,0,0,0,0
2618,1,0.0028985829707246103,0,0,0,0
2619,2,0.0038887804017590615,0,0,0,0
2620,2,0.001255136506785555,0,0,0,0
2621,2,0.0003756272561325449,0,0,0,0
2622,1,0.002428493389688253,0,0,0,0
2623,2,0.002470291057231044,0,0,0,0
2624,1,0.0011848496679951865,0,0,0,0
2625,1,9.9218723820861e-05,0,0,0,0
2626,2,0.0014730763497306006,0,0,0,0
2627,2,0.0021757163161749164,0,0,0,0
2628,2,0.0033404764209893434,0,0,0,0
2629,2,0.005088631513195005,0,0,0,0
2630,2,0.003525189179448652,0,0,0,0
2631,2,0.0014231277583704996,116,0,0,0
2632,2,0.0015296649236074783,0,0,0,0
2633,2,0.003037338056841097,0,0,0,0
2634,2,0.0010920295111176805,0,0,0,0
2635,2,0.0010501113002813576,0,0,0,0
2636,2,0.006187936920615641,0,0,0,0
2637,2,0.00025003422788712654,0,0,0,0
2638,1,0.00038083354734358155,0,0,0,0
2639,2,0.002895308651062004,0,0,0,0
2640,2,0.002500675029877479,0,0,0,0
2641,2,0.0021915798606311865,0,0,0,0
2642,2,0.0027014090729588357,0,0,0,0
2643,1,0.0016774989222130667,0,0,0,0
2644,2,0.005015577609402984,0,0,0,0
2645,2,0.0023339953852962825,0,0,0,0
2646,2,0.0021521800153032028,0,0,0,0
2647,2,0.002013887596401703,0,0,0,0
2648,1,0.001157657623227142,0,0,0,0
2649,2,0.0016043867686881478,0,0,0,0
2650,2,0.0035584332266109017,0,0,0,0
2651,2,0.0025427392728443756,0,0,0,0
2652,2,0.0015244825582612998,0,0,0,0
2653,2,0.0023267201794876157,0,0,0,0
2654,2,0.0014571510980052318,0,0,0,0
2655,2,0.0033385409683221673,0,0,0,0
2656,2,0.0030665482707767895,0,0,0,0
2657,2,0.00972649178361727,0,0,0,0
2658,2,0.0017298666185173281,0,0,0,0
2659,2,0.0009244103854332316,0,0,0,0
2660,2,0.00034192549141097276,0,0,0,0
2661,1,0.0002527295860727641,7,0,0,0
2662,2,0.0017166366152763437,0,0,0,0
2663,1,0.0001540778053067364,0,0,0,0
2664,2,0.0023486459632572594,0,0,0,0
2665,2,0.007827042366642467,0,0,0,0
2666,2,0.002777516965836164,0,0,0,0
2667,1,8.264514048580142e-05,0,0,0,0
2668,2,0.0009925528582108946,0,0,0,0
2669,2,0.004297700224875592,0,0,0,0
2670,2,0.0023500866805340995,0,0,0,0
2671,2,0.0010466854159050796,0,0,0,0
2672,2,0.0016508538101406988,0,0,0,0
2673,2,0.0004934344871187857,0,0,0,0
2674,2,0.0004314097648476238,0,0,0,0
2675,2,0.001406589979525802,0,0,0,0
2676,2,0.003617303737647687,0,0,0,0
2677,1,0.0017945090453409993,0,0,0,0
2678,2,0.005420855780566753,0,0,0,0
2679,2,0.0027220609699547447,0,0,0,0
2680,2,0.002307688803800423,0,0,0,0
2681,2,0.004760422911839174,0,0,0,0
2682,2,0.0018381251272965833,0,0,0,0
2683,1,0.0001117148982524197,0,0,0,0
2684,2,0.0016896284042299246,16,0,0,0
2685,1,0.0012786808082368417,0,0,0,0
2686,1,9.462802800740971e-05,0,0,0,0
2687,2,0.0029882580244727374,392,0,0,0
2688,1,5.85600333257933e-05,0,0,0,0
2689,2,0.0005432336680726413,7,0,0,0
2690,2,0.0020099357370425733,0,0,0,0
2691,2,0.0023078769807035157,0,0,0,0
2692,1,0.002768840688334155,0,0,0,0
2693,2,0.0022120500502198852,0,0,0,0
2694,2,0.0028788891085131255,0,0,0,0
2695,1,8.630510133785546e-05,0,0,0,0
2696,2,0.002690896049408939,0,0,0,0
2697,2,0.0018083941078797733,0,0,0,0
2698,2,0.0027178808727477354,0,0,0,0
2699,2,0.00218419531470903,0,0,0,0
2700,2,0.00023506217014744403,0,0,0,0
2701,2,0.0041660893950081854,0,0,0,0
2702,2,0.0005874137469239881,0,0,0,0
2703,2,0.003252318822083039,0,0,0,0
2704,2,0.0006351052360297624,0,0,0,0
2705,2,0.0008445083203420581,0,0,0,0
2706,2,0.001858848162253666,0,0,0,0
2707,2,0.004212939148616971,0,0,0,0
2708,2,0.0012145673374191737,0,0,0,0
2709,2,0.002729320555321444,0,0,0,0
2710,2,0.0020514438230169432,0,0,0,0
2711,2,0.0023354264469401358,0,0,0,0
2712,2,0.004498277144006399,0,0,0,0
2713,2,0.00461399867310418,0,0,0,0
2714,2,0.005144575726378383,0,0,0,0
2715,2,0.0009675481007577867,0,0,0,0
2716,2,0.004997402024241169,0,0,0,0
2717,2,0.002077095332964261,0,0,0,0
2718,2,0.0026765014969397905,0,0,0,0
2719,2,0.0012127703831905858,0,0,0,0
2720,2,0.005853847441894544,0,0,0,0
2721,2,0.0031895759510582396,0,0,0,0
2722,1,0.0003954897355833661,0,0,0,0
2723,2,0.0016585056840101619,0,0,0,0
2724,1,0.0014872190239004091,0,0,0,0
2725,2,0.001807203992683428,0,0,0,0
2726,2,0.001114929607352711,0,0,0,0
2727,2,0.006134926080526883,0,0,0,0
2728,2,0.00037107452419153094,0,0,0,0
2729,2,0.0025802915503616206,0,0,0,0
2730,2,0.003505659952311414,0,0,0,0
2731,2,0.0009978654470950393,0,0,0,0
2732,2,0.0061852308759108845,0,0,0,0
2733,2,0.0012160293263115433,0,0,0,0
2734,2,0.0015467996159913128,0,0,0,0
2735,2,0.0008142689825634142,0,0,0,0
2736,2,0.0030847511616997557,165,0,0,0
2737,2,0.004522984048104372,0,0,0,0
2738,2,0.0012181620100738207,0,0,0,0
2739,2,0.002949279488672399,0,0,0,0
2740,2,0.0018866297657596895,0,0,0,0
2741,2,0.005680741512637527,0,0,0,0
2742,2,0.0010298217599475643,60,0,0,0
2743,2,0.0039172177996941145,0,0,0,0
2744,2,0.0003832008220280926,0,0,0,0
2745,1,0.001291920366713941,0,0,0,0
2746,1,0.002837962940336016,0,0,0,0
2747,1,0.0039651479838404636,0,0,0,0
2748,2,0.0026458151051524316,0,0,0,0
2749,2,0.0012946805422287845,0,0,0,0
2750,2,0.0035066810109915685,0,0,0,0
2751,2,0.0011645590685823541,0,0,0,0
2752,2,0.0005158415085577858,0,0,0,0
2753,2,0.003922347290684308,0,0,0,0
2754,2,8.788646302555516e-05,0,0,0,0
2755,2,0.0016235223083955793,0,0,0,0
2756,2,0.0015845707864308909,0,0,0,0
2757,2,0.00715230845012553,0,0,0,0
2758,2,0.0026732467847694497,0,0,0,0
2759,2,0.002079010864646127,0,0,0,0
2760,2,0.003704160794641064,0,0,0,0
2761,1,0.00027616634475770914,0,0,0,0
2762,2,0.002161563439165886,0,0,0,0
2763,2,0.00255818057876744,0,0,0,0
2764,2,0.006694757126120893,0,0,0,0
2765,2,0.0011258498263002831,0,0,0,0
2766,2,0.0017518526897344622,0,0,0,0
2767,2,0.0025602640287932,0,0,0,0
2768,2,0.0012928044035092066,0,0,0,0
2769,2,0.0010386094498461705,0,0,0,0
2770,2,0.0006650202632702683,0,0,0,0
2771,2,0.0031014661570688148,0,0,0,0
2772,2,0.001820920892478819,0,0,0,0
2773,2,0.001394897706041065,0,0,0,0
2774,2,0.0023731535786461707,0,0,0,0
2775,1,0.002644678463890702,0,0,0,0
2776,2,0.002248836751590635,0,0,0,0
2777,1,0.0021827959536848546,0,0,0,0
2778,2,0.0007034258711110462,0,0,0,0
2779,2,0.0005655112661614259,0,0,0,0
2780,2,0.0005529729658545383,0,0,0,0
2781,2,0.0010821856697661946,0,0,0,0
2782,2,0.0007124091334210274,0,0,0,0
2783,2,0.004596491949110587,0,0,0,0
2784,2,0.003521507332847161,0,0,0,0
2785,2,0.0024752590072974366,0,0,0,0
2786,1,0.000983567622778041,0,0,0,0
2787,2,0.006300967817398744,0,0,0,0
2788,2,0.002340103198953608,0,0,0,0
2789,2,0.0005554822401397972,0,0,0,0
2790,2,0.003942766194251567,0,0,0,0
2791,2,0.0014309648240094159,0,0,0,0
2792,2,0.002488845080434456,0,0,0,0
2793,2,0.0057168845320244525,0,0,0,0
2794,2,0.003605354918175241,20,0,0,0
2795,2,0.0007873667173130835,0,0,0,0
2796,1,0.0003169021245353803,0,0,0,0
2797,1,0.001020116357001968,0,0,0,0
2798,2,0.0031237799658691435,0,0,0,0
2799,2,0.0004973429521990802,183,0,0,0
2800,2,0.0011315074262996671,0,0,0,0
2801,2,0.0021234369538256984,0,0,0,0
2802,2,0.00263913120383371,25,0,0,0
2803,2,0.00034620769390522876,0,0,0,0
2804,2,0.0024737734554410437,15,0,0,0
2805,2,0.0002563329132007139,0,0,0,0
2806,2,0.0009875557338443926,0,0,0,0
2807,2,0.002282815169246917,0,0,0,0
2808,2,0.0026824676526387417,0,0,0,0
2809,2,0.002619916069906466,0,0,0,0
2810,2,0.001704283205296876,0,0,0,0
2811,2,0.009642458120834562,0,0,0,0
2812,2,0.0019226897933714321,0,0,0,0
2813,2,0.0008137238665834987,0,0,0,0
2814,1,0.0009724139584052358,0,0,0,0
2815,2,0.0016036517499861038,0,0,0,0
2816,2,0.0028663320148590095,0,0,0,0
2817,2,0.002542496041144721,0,0,0,0
2818,2,0.005892147647967539,0,0,0,0
2819,1,0.002174744454145961,0,0,0,0
2820,2,0.002581450972801833,0,0,0,0
2821,1,0.00043610624267367506,0,0,0,0
2822,1,0.0028071237364544438,47,0,0,0
2823,2,0.0006109215536453438,0,0,0,0
2824,1,0.0011890856666558506,0,0,0,0
2825,2,0.0032300467685267968,0,0,0,0
2826,2,0.0023380788342852394,0,0,0,0
2827,2,0.0019078481047798287,0,0,0,0
2828,2,0.0019425582377102905,0,0,0,0
2829,1,6.962360961337071e-05,0,0,0,0
2830,2,0.0037910309329300855,0,0,0,0
2831,2,0.002553770700577878,0,0,0,0
2832,2,0.006888816921610846,0,0,0,0
2833,2,0.0040753643569860255,0,0,0,0
2834,2,0.0036433545299966977,0,0,0,0
2835,2,0.0017223620794883073,0,0,0,0
2836,2,0.00043578643991944665,0,0,0,0
2837,1,0.0005437655329513234,0,0,0,0
2838,1,0.0019385826205273122,0,0,0,0
2839,2,0.0015185842028674688,0,0,0,0
2840,2,0.0003571015203412309,0,0,0,0
2841,2,0.0007365701482171387,0,0,0,0
2842,2,0.0036770644840867246,0,0,0,0
2843,2,0.0018446551245820512,0,0,0,0
2844,2,0.004094927839689636,0,0,0,0
2845,2,0.0052057254997592015,0,0,0,0
2846,2,0.0026926159940229163,0,0,0,0
2847,2,0.0025524211586666398,0,0,0,0
2848,2,0.002954173311514167,0,0,0,0
2849,2,0.001382068299978376,0,0,0,0
2850,2,0.0030189948174269335,0,0,0,0
2851,2,0.0036997230024640947,0,0,0,0
2852,2,0.000978428018284891,0,0,0,0
2853,2,0.0018779198150855284,7,0,0,0
2854,1,0.0010781974780870566,0,0,0,0
2855,2,0.003611449818891646,0,0,0,0
2856,2,0.0015335519193406645,0,0,0,0
2857,2,0.0029986505687031578,0,0,0,0
2858,2,0.001047111230864031,0,0,0,0
2859,2,0.0027712889606804456,0,0,0,0
2860,2,0.0003215655016212323,0,0,0,0
2861,2,0.0019039005224467242,0,0,0,0
2862,2,0.0013940244323086676,0,0,0,0
2863,2,0.002370447424427988,0,0,0,0
2864,2,0.00030878089785378734,0,0,0,0
2865,2,0.00033240498286787906,0,0,0,0
2866,2,0.00037742478149878947,0,0,0,0
2867,2,0.00028969785649149015,0,0,0,0
2868,2,0.0024942577921103918,0,0,0,0
2869,2,0.0015936912755511081,0,0,0,0
2870,1,0.0019607106943010464,0,0,0,0
2871,1,0.0006490672445515375,0,0,0,0
2872,2,9.083029296693699e-05,0,0,0,0
2873,2,0.0011482701697868626,0,0,0,0
2874,2,0.0014551818538359096,0,0,0,0
2875,2,0.0019290953925790487,0,0,0,0
2876,2,0.004374252115329997,0,0,0,0
2877,2,0.003124788393317811,0,0,0,0
2878,2,0.0008370866234373168,0,0,0,0
2879,2,0.002006173351391547,0,0,0,0
2880,2,0.002546399023487978,0,0,0,0
2881,2,0.002690043582758088,0,0,0,0
2882,2,0.0006278381332488435,0,0,0,0
2883,1,0.0011818992071761798,0,0,0,0
2884,2,0.002727104031592576,0,0,0,0
2885,2,0.0016387483428419681,0,0,0,0
2886,2,0.001294729193422637,0,0,0,0
2887,2,0.0021798347210780873,0,0,0,0
2888,2,0.005355437139200191,0,0,0,0
2889,2,0.001679002984078757,0,0,0,0
2890,2,0.0010047359662872194,0,0,0,0
2891,2,0.00217220885212659,0,0,0,0
2892,2,0.002128845569818424,0,0,0,0
2893,2,0.0029147736178214943,0,0,0,0
2894,2,0.0015540285102113723,0,0,0,0
2895,2,0.0002873702188559129,0,0,0,0
2896,2,0.003982483006424145,0,0,0,0
2897,2,0.0002613837234275668,0,0,0,0
2898,2,0.004015567905016361,0,0,0,0
2899,2,0.004826133483554002,0,0,0,0
2900,1,0.0005558516384462312,0,0,0,0
2901,2,0.002573975134065625,0,0,0,0
2902,2,0.005512473773446105,0,0,0,0
2903,2,0.0010586344262511,0,0,0,0
2904,1,4.789778032105142e-06,49,0,0,0
2905,2,0.0029573893431200475,0,0,0,0
2906,2,0.0037677029272360453,0,0,0,0
2907,2,0.008279206081891772,0,0,0,0
2908,2,0.0016777677638118475,0,0,0,0
2909,2,0.0010033577679919939,0,0,0,0
2910,2,0.002962737362959724,0,0,0,0
2911,2,0.0037650191354293007,0,0,0,0
2912,1,0.0035892202225748025,0,0,0,0
2913,2,0.0022278446598427773,0,0,0,0
2914,2,0.0021171665205156807,0,0,0,0
2915,2,0.0012145153471922582,0,0,0,0
2916,2,0.005749581322842805,0,0,0,0
2917,1,0.0002349080486931952,0,0,0,0
2918,2,0.0005379555346510015,0,0,0,0
2919,2,0.004347126352579404,0,0,0,0
2920,2,0.006036699550150229,0,0,0,0
2921,2,0.0009063357974390337,0,0,0,0
2922,2,0.0008985193773311442,0,0,0,0
2923,2,0.002362643957684992,0,0,0,0
2924,2,0.0014474103925246975,0,0,0,0
2925,2,0.00237729303356026,0,0,0,0
2926,2,0.0028762392981917856,0,0,0,0
2927,2,0.00048237833472219223,0,0,0,0
2928,2,0.002028508083183639,0,0,0,0
2929,2,0.0018423619220289183,0,0,0,0
2930,2,0.008868833060999653,516,0,0,0
2931,2,0.001970720981734571,0,0,0,0
2932,2,0.0016668404996909364,0,0,0,0
2933,2,0.0004841491502188616,0,0,0,0
2934,2,0.0005620373268384058,0,0,0,0
2935,2,0.0016083645392099063,0,0,0,0
2936,1,0.0048223203376153365,0,0,0,0
2937,2,0.0007830955622396254,0,0,0,0
2938,2,0.0043311985407387815,0,0,0,0
2939,2,0.004474893071597291,68,0,0,0
2940,1,0.00011222495793157676,0,0,0,0
2941,2,0.002679738655971069,0,0,0,0
2942,1,0.0006541901932591103,0,0,0,0
2943,2,0.0030948676914874865,0,0,0,0
2944,2,0.0033766430914680162,0,0,0,0
2945,2,0.002894420427198411,0,0,0,0
2946,1,0.0009325970907455184,0,0,0,0
2947,2,0.0019501972210676753,0,0,0,0
2948,1,0.0004222175536170915,0,0,0,0
2949,2,0.004121956906888253,89,0,0,0
2950,1,0.0004257173897951822,0,0,0,0
2951,2,0.00035692305514542364,0,0,0,0
2952,2,0.001324142206918505,0,0,0,0
2953,2,0.002531529186538954,0,0,0,0
2954,2,0.0008196952326520435,0,0,0,0
2955,1,0.0009187686726275004,0,0,0,0
2956,2,0.004534664750348697,0,0,0,0
2957,2,0.00208031667507925,0,0,0,0
2958,2,0.0009391886005854169,0,0,0,0
2959,1,0.00264159620977433,0,0,0,0
2960,2,0.002269734778083322,0,0,0,0
2961,2,0.002589546073495179,0,0,0,0
2962,2,0.002173756299045945,7,0,0,0
2963,2,0.002361024256166169,0,0,0,0
2964,2,0.0005754873094975097,0,0,0,0
2965,2,0.0025914911752995947,0,0,0,0
2966,1,0.002040809280872829,0,0,0,0
2967,2,0.0037347977175379867,0,0,0,0
2968,2,0.0024696712528576806,0,0,0,0
2969,2,0.0009609499328498467,0,0,0,0
2970,2,0.0034244782478179414,0,0,0,0
2971,2,0.003966725630182437,0,0,0,0
2972,2,0.004228536376060779,0,0,0,0
2973,2,0.0010525620148216404,0,0,0,0
2974,2,0.0013339222514543775,0,0,0,0
2975,2,0.0025085296551220796,0,0,0,0
2976,1,0.000402979709162897,0,0,0,0
2977,2,0.006789173482889009,0,0,0,0
2978,1,0.0011462962785138851,0,0,0,0
2979,2,0.0030653127307297624,0,0,0,0
2980,1,0.0005141034803031376,0,0,0,0
2981,2,0.0010629367488822778,0,0,0,0
2982,2,0.0010004962040296346,0,0,0,0
2983,2,0.0011852879258737667,0,0,0,0
2984,2,0.0019631867446314936,0,0,0,0
2985,2,0.0036732477884193907,0,0,0,0
2986,2,0.001873654822643011,0,0,0,0
2987,2,0.0019973797459651595,0,0,0,0
2988,2,0.003701355311201722,0,0,0,0
2989,2,0.0026463673479102602,0,0,0,0
2990,2,0.004840861423517833,0,0,0,0
2991,2,0.0005783248575869542,0,0,0,0
2992,2,0.0005253470158029872,0,0,0,0
2993,2,0.0028385719164017355,0,0,0,0
2994,2,0.0005944930020323378,0,0,0,0
2995,2,0.0014945048949918359,0,0,0,0
2996,2,0.0007019705521859557,0,0,0,0
2997,2,0.001990346559230972,0,0,0,0
2998,2,0.0018654343059064042,0,0,0,0
2999,2,0.001215309621083942,0,0,0,0
3000,2,0.0012612501066618102,0,0,0,0
3001,2,0.0017392286545550284,0,0,0,0
3002,2,0.004039849980773611,0,0,0,0
3003,2,0.0030664550894645374,0,0,0,0
3004,2,0.003945161787609344,0,0,0,0
3005,2,0.0041151408215829325,0,0,0,0
3006,1,0.0009437755367759985,0,0,0,0
3007,2,0.00341016048446755,0,0,0,0
3008,2,0.003856361665139087,0,0,0,0
3009,2,0.002114171441875066,0,0,0,0
3010,2,0.007355163290080005,0,0,0,0
3011,2,0.004759735939259003,0,0,0,0
3012,2,0.005224629911013098,0,0,0,0
3013,2,0.004773600115289343,44,0,0,0
3014,2,0.0037048483726526984,0,0,0,0
3015,2,0.004970447255776657,0,0,0,0
3016,1,0.0008142925997414624,0,0,0,0
3017,2,0.00170551410474115,0,0,0,0
3018,2,0.0048682544383300145,47,0,0,0
3019,2,0.002372756419996148,0,0,0,0
3020,2,0.0014092234505711035,0,0,0,0
3021,2,0.0015316817236740762,0,0,0,0
3022,1,0.00014755941308063503,0,0,0,0
3023,2,0.0010886711807244456,0,0,0,0
3024,2,0.005557012014309249,0,0,0,0
3025,2,0.0006631026499085258,0,0,0,0
3026,2,0.007324991428474914,0,0,0,0
3027,2,0.0014427591242049886,0,0,0,0
3028,2,0.003726454005442437,0,0,0,0
3029,2,0.005336435276450236,0,0,0,0
3030,2,0.002201685828984404,0,0,0,0
3031,1,0.0015411887282096976,0,0,0,0
3032,2,0.0009775888460951477,0,0,0,0
3033,2,0.000627399126679896,0,0,0,0
3034,2,0.0016025297801483716,0,0,0,0
3035,2,0.004099746916528578,0,0,0,0
3036,2,0.002012616929968429,0,0,0,0
3037,2,0.0011899720577683071,0,0,0,0
3038,2,0.0010088140686317763,0,0,0,0
3039,2,0.0022864038084479334,0,0,0,0
3040,1,0.0015286284257552837,0,0,0,0
3041,1,0.0015188484332740793,0,0,0,0
3042,2,0.002239484405896867,0,0,0,0
3043,2,0.001096770057182814,0,0,0,0
3044,2,0.000670711690841822,0,0,0,0
3045,1,0.0012541546236304053,0,0,0,0
3046,2,0.0039038823710745695,0,0,0,0
3047,2,0.0029771792445278176,0,0,0,0
3048,2,0.008004089897547794,0,0,0,0
3049,2,0.006846674447553884,0,0,0,0
3050,2,0.0033152981685473414,0,0,0,0
3051,1,0.0010686038207229894,0,0,0,0
3052,2,0.0023498923279429078,0,0,0,0
3053,1,0.002329103992136697,0,0,0,0
3054,2,0.001013056983617761,0,0,0,0
3055,1,0.001959961904648743,0,0,0,0
3056,2,0.0022616998434414996,0,0,0,0
3057,2,0.004903521157993725,0,0,0,0
3058,2,0.00237119712343504,0,0,0,0
3059,2,0.0022180135231467794,0,0,0,0
3060,2,0.0013365974640779695,0,0,0,0
3061,2,0.002089127155064353,0,0,0,0
3062,1,0.0003224339945414623,0,0,0,0
3063,2,0.00047827123368732167,14,0,0,0
3064,2,0.0006817424106462391,0,0,0,0
3065,2,0.0017295366686532192,0,0,0,0
3066,2,0.005457730624335701,0,0,0,0
3067,2,0.0010189314760657034,0,0,0,0
3068,2,0.0015283063313497997,0,0,0,0
3069,1,0.0007542453818103672,0,0,0,0
3070,2,0.0037974135794843025,0,0,0,0
3071,2,0.002673825882976726,0,0,0,0
3072,1,0.000931939684320292,7,0,0,0
3073,2,0.0009514177491872357,0,0,0,0
3074,2,0.0020770666921545856,0,0,0,0
3075,2,0.0016409347082572338,0,0,0,0
3076,2,0.0019036587122914469,0,0,0,0
3077,2,0.0010205127015471618,0,0,0,0
3078,2,0.0019316014726551327,0,0,0,0
3079,1,0.0019629095020120856,0,0,0,0
3080,2,0.001373634141707883,0,0,0,0
3081,2,0.006238206812780031,0,0,0,0
3082,2,0.00037782314015709004,0,0,0,0
3083,2,0.00396883128572731,0,0,0,0
3084,1,0.00048764805555032744,0,0,0,0
3085,2,0.0005098001947335414,0,0,0,0
3086,2,0.0016361381305278811,0,0,0,0
3087,2,0.001365698370831705,7,0,0,0
3088,1,0.0010176033359667385,0,0,0,0
3089,2,0.0011754621854684125,0,0,0,0
3090,1,0.00029530773426940366,0,0,0,0
3091,2,0.0010234045988792883,0,0,0,0
3092,1,0.00035301948706853756,0,0,0,0
3093,2,0.0006900878838460871,0,0,0,0
3094,2,0.0016857507277178937,0,0,0,0
3095,2,0.001268927689581882,0,0,0,0
3096,2,0.001163906337216467,0,0,0,0
3097,2,0.0023180781541314375,0,0,0,0
3098,1,0.0016415066043290682,0,0,0,0
3099,2,0.000613489536587193,0,0,0,0
3100,2,0.00888455123464256,220,0,0,0
3101,2,0.0016782866327413723,0,0,0,0
3102,2,0.0037718155941715036,0,0,0,0
3103,1,0.001772684014147032,0,0,0,0
3104,2,0.0006150524546858318,0,0,0,0
3105,2,0.000901411105303634,0,0,0,0
3106,2,0.002436854837886462,0,0,0,0
3107,1,0.0027829474449789413,0,0,0,0
3108,2,0.0027634999866667656,0,0,0,0
3109,1,2.094474117371138e-05,0,0,0,0
3110,2,0.0015537746785816383,0,0,0,0
3111,2,0.0002882372440286395,129,0,0,0
3112,2,0.0018314049020347026,0,0,0,0
3113,2,0.006414238303193929,0,0,0,0
3114,2,0.0016952646840648017,0,0,0,0
3115,2,0.0018238068786427958,0,0,0,0
3116,2,0.00042942951270976966,0,0,0,0
3117,2,0.0007243070326647473,0,0,0,0
3118,2,0.0031791487954375293,0,0,0,0
3119,2,0.0027164101669089804,0,0,0,0
3120,2,0.005917504694795942,0,0,0,0
3121,2,0.001412783148279791,0,0,0,0
3122,2,0.0035934677548861084,0,0,0,0
3123,1,0.0019057152580913407,0,0,0,0
3124,2,0.0025970549641113495,0,0,0,0
3125,2,0.0031811262882013016,0,0,0,0
3126,2,0.0032517335379207133,0,0,0,0
3127,2,0.009054534645214858,0,0,0,0
3128,1,8.48882668840801e-05,0,0,0,0
3129,2,0.0004681933009810572,0,0,0,0
3130,2,0.0017452075921292147,0,0,0,0
3131,2,0.003385827402691106,0,0,0,0
3132,2,0.0011989557644903155,0,0,0,0
3133,2,0.0004898767174247156,0,0,0,0
3134,2,0.0023227131170787986,0,0,0,0
3135,2,0.00359530794343564,0,0,0,0
3136,1,0.00034769244640289146,0,0,0,0
3137,2,0.00283855716944089,0,0,0,0
3138,2,0.002503275107682308,0,0,0,0
3139,2,0.0005735806336209041,22,0,0,0
3140,2,0.002466883864753984,0,0,0,0
3141,2,0.0017975293177854503,0,0,0,0
3142,2,0.0013453349458160953,0,0,0,0
3143,2,0.001452379092828084,0,0,0,0
3144,2,0.0037001762855105136,0,0,0,0
3145,2,0.00026896909470869215,0,0,0,0
3146,2,0.002258456035454254,0,0,0,0
3147,2,0.0007045438403214335,0,0,0,0
3148,2,0.000664976659012128,0,0,0,0
3149,2,0.001623347193247301,0,0,0,0
3150,1,0.0016490704257179328,0,0,0,0
3151,2,0.002839953912025658,0,0,0,0
3152,2,0.008603800175075454,0,0,0,0
3153,2,0.0009357981743180475,0,0,0,0
3154,2,0.0018245449669916927,0,0,0,0
3155,1,0.0005097499918531572,0,0,0,0
3156,2,0.0009379259583154913,70,0,0,0
3157,2,0.00258726725946134,0,0,0,0
3158,2,0.0006738069315606224,0,0,0,0
3159,2,0.0008141793432042163,0,0,0,0
3160,1,0.000978727309558631,0,0,0,0
3161,2,0.0008265619113777517,0,0,0,0
3162,2,0.0018477603640149518,0,0,0,0
3163,2,0.0022905785590461095,0,0,0,0
3164,1,0.0007785224584574231,0,0,0,0
3165,2,0.00197730807947998,0,0,0,0
3166,2,0.002893215930260168,0,0,0,0
3167,2,0.00037124906665403655,0,0,0,0
3168,2,0.0032472455471577303,14,0,0,0
3169,2,0.0016199477867785141,0,0,0,0
3170,2,0.0021420088521649345,0,0,0,0
3171,1,0.00025972593324735584,0,0,0,0
3172,1,0.0029982722089014766,0,0,0,0
3173,1,0.002658435196639406,0,0,0,0
3174,2,0.006988277778516171,0,0,0,0
3175,2,0.0015724221532904777,0,0,0,0
3176,2,0.0025883131688884055,0,0,0,0
3177,2,0.0047713591412602285,0,0,0,0
3178,2,0.0019532170609893092,0,0,0,0
3179,2,0.002321845202190519,0,0,0,0
3180,2,0.0006258339613593279,0,0,0,0
3181,2,0.0022845538414347287,43,0,0,0
3182,1,0.0024539047227805934,0,0,0,0
3183,2,0.0010420820129005612,0,0,0,0
3184,2,0.003129838519113731,0,0,0,0
3185,1,0.00021531970556115055,0,0,0,0
3186,2,0.0007140025707731432,0,0,0,0
3187,2,0.007357778479238687,0,0,0,0
3188,1,0.002419881640335307,0,0,0,0
3189,2,0.0034496318833645017,0,0,0,0
3190,2,0.0022804701419634724,0,0,0,0
3191,2,0.004600755971266072,0,0,0,0
3192,2,0.0029351468537577256,0,0,0,0
3193,2,0.0014916469818525107,0,0,0,0
3194,2,0.0038985857179648065,0,0,0,0
3195,1,0.0003651415335613622,0,0,0,0
3196,2,0.002505346013258394,0,0,0,0
3197,1,0.00018194594388020003,0,0,0,0
3198,2,0.0029430883573615453,0,0,0,0
3199,2,0.0033966159549794956,0,0,0,0
3200,2,0.0020351286838386803,0,0,0,0
3201,2,0.0009241010905356216,7,0,0,0
3202,2,0.0018072928068656076,0,0,0,0
3203,2,0.0020656488576268656,0,0,0,0
3204,2,0.000899295441861867,0,0,0,0
3205,2,0.0029178668771966225,0,0,0,0
3206,2,0.003375951988822688,0,0,0,0
3207,2,0.006355738951202507,0,0,0,0
3208,1,0.0016566552043217576,0,0,0,0
3209,2,0.002448755407212195,0,0,0,0
3210,1,0.0002421881492169149,0,0,0,0
3211,2,0.0028794780904732456,0,0,0,0
3212,2,0.0032571500546634655,0,0,0,0
3213,2,0.003874707054270035,0,0,0,0
3214,2,0.005048009234559155,0,0,0,0
3215,2,0.0021252164294667257,0,0,0,0
3216,2,0.0037312104418715892,0,0,0,0
3217,2,0.004787838855255356,0,0,0,0
3218,2,0.003779022305548146,0,0,0,0
3219,2,0.005503868615187983,0,0,0,0
3220,2,0.0044383228887350835,0,0,0,0
3221,2,0.005352753307184654,0,0,0,0
3222,2,0.004910379813971602,0,0,0,0
3223,2,0.0021649106597399514,0,0,0,0
3224,2,0.002912091180633763,0,0,0,0
3225,2,0.0025557919776830838,0,0,0,0
3226,2,0.0007458852682034489,0,0,0,0
3227,2,0.0023846325501718953,27,0,0,0
3228,2,0.0017068785718061263,0,0,0,0
3229,2,0.0012355196640658301,0,0,0,0
3230,1,0.0008433945019093484,0,0,0,0
3231,2,0.0033170796014338868,0,0,0,0
3232,2,0.0007190033141054169,0,0,0,0
3233,2,0.0007450131988074742,0,0,0,0
3234,2,0.0020764686902141126,0,0,0,0
3235,2,0.0014633873616593318,0,0,0,0
3236,1,0.00016727305171051698,0,0,0,0
3237,2,0.0021969642525003427,0,0,0,0
3238,2,0.0007525731475901029,202,0,0,0
3239,2,0.0029839329744046758,12,0,0,0
3240,1,0.0009194868708001357,0,0,0,0
3241,2,0.002644047696275672,0,0,0,0
3242,2,0.0016106926021062422,0,0,0,0
3243,2,0.0038787159268966103,0,0,0,0
3244,2,0.0036203441084242433,27,0,0,0
3245,1,0.002008654969724064,0,0,0,0
3246,2,0.0033789677098604296,0,0,0,0
3247,1,0.003410464422395812,393,0,0,0
3248,2,0.003495758057289585,0,0,0,0
3249,2,0.004485346466800888,0,0,0,0
3250,2,0.0034912654839619104,0,0,0,0
3251,2,0.0016147047115863268,0,0,0,0
3252,2,0.0016573297883244484,0,0,0,0
3253,2,0.0037731087426211385,0,0,0,0
3254,1,0.0029110942954341077,0,0,0,0
3255,2,0.0008342155196797099,0,0,0,0
3256,1,0.001310979869831123,0,0,0,0
3257,2,0.0030507512574519504,0,0,0,0
3258,2,0.00036240173657884955,0,0,0,0
3259,2,0.0009337275406250588,0,0,0,0
3260,2,0.0012373911065806588,0,0,0,0
3261,2,0.0008501238974177937,0,0,0,0
3262,2,0.0004573894002453535,0,0,0,0
3263,2,0.000852269982030815,0,0,0,0
3264,2,0.0027260627019876295,0,0,0,0
3265,2,0.002064219314035888,0,0,0,0
3266,2,0.0010292221577013795,0,0,0,0
3267,2,0.0010921075122775586,0,0,0,0
3268,2,0.00793113576111912,0,0,0,0
3269,2,0.004594428613224182,7,0,0,0
3270,2,0.004324161461092189,0,0,0,0
3271,2,0.002160797284895816,0,0,0,0
3272,2,0.0023935464997093194,0,0,0,0
3273,2,0.0059442983579306675,0,0,0,0
3274,1,0.0009043991817159424,0,0,0,0
3275,1,0.0006080117558263908,0,0,0,0
3276,2,0.008950873977037898,539,0,0,0
3277,2,0.0042103088665586584,0,0,0,0
3278,2,0.0011773638010014063,0,0,0,0
3279,2,0.0006367241451180371,0,0,0,0
3280,2,0.00010852298739780926,0,0,0,0
3281,2,0.004392351005407233,0,0,0,0
3282,2,0.0035506937215635877,0,0,0,0
3283,2,0.0023524319193778814,0,0,0,0
3284,2,0.0017087556602769247,0,0,0,0
3285,1,0.0030510619558070983,0,0,0,0
3286,2,0.0026045454050298254,0,0,0,0
3287,1,5.875469538151301e-05,0,0,0,0
3288,2,0.004038288218198056,0,0,0,0
3289,2,0.0021816571213272673,0,0,0,0
3290,2,0.0011763138445834284,0,0,0,0
3291,2,0.0006316042600399318,0,0,0,0
3292,2,0.005943897180279119,0,0,0,0
3293,2,0.0009721027414118784,0,0,0,0
3294,1,0.0003790686932597453,0,0,0,0
3295,2,0.0010212058785005129,0,0,0,0
3296,2,0.0037434991004218175,0,0,0,0
3297,2,0.002513510296981482,0,0,0,0
3298,2,0.0011280460728445676,0,0,0,0
3299,2,0.002275127693192419,0,0,0,0
3300,2,0.00044692573747728414,0,0,0,0
3301,2,0.0010038046499409707,0,0,0,0
3302,1,0.00011362645738695044,0,0,0,0
3303,2,0.001750640253260609,0,0,0,0
3304,2,0.0014201677603575796,0,0,0,0
3305,2,0.0038436339244822485,0,0,0,0
3306,2,0.0019002292386281943,0,0,0,0
3307,2,0.002208738085704051,0,0,0,0
3308,2,0.0007777431712178399,0,0,0,0
3309,1,0.0008732797536247856,0,0,0,0
3310,2,0.0009452913333882165,0,0,0,0
3311,2,0.0019891325732228605,0,0,0,0
3312,2,0.002083037370541226,0,0,0,0
3313,2,0.004276647901433007,0,0,0,0
3314,2,0.007400531236018122,0,0,0,0
3315,2,0.005093277945161707,0,0,0,0
3316,1,0.0003195411602272064,0,0,0,0
3317,2,0.002541880047743751,0,0,0,0
3318,2,0.0023169622343179753,0,0,0,0
3319,2,0.002890471185558703,44,0,0,0
3320,2,0.000882365611189807,0,0,0,0
3321,2,0.00019796061342926987,0,0,0,0
3322,2,0.003608671360451303,0,0,0,0
3323,2,0.0015837605568245205,0,0,0,0
3324,2,0.000551046908863994,0,0,0,0
3325,2,0.0017993591090565062,0,0,0,0
3326,2,0.0007779334143569605,0,0,0,0
3327,2,0.0037598944957886,0,0,0,0
3328,2,0.0017746538145144782,0,0,0,0
3329,2,0.0016873428214710627,0,0,0,0
3330,2,0.0035686220808760476,7,0,0,0
3331,2,0.002109565225105282,0,0,0,0
3332,2,0.005262995255434916,0,0,0,0
3333,2,0.0011023807673366157,0,0,0,0
3334,2,0.002615629881427656,0,0,0,0
3335,1,0.004674367843406234,0,0,0,0
3336,2,0.007037478622068793,0,0,0,0
3337,2,0.0026570323641720035,0,0,0,0
3338,2,0.0005267792853263729,0,0,0,0
3339,2,0.0021090567006295364,0,0,0,0
3340,2,0.002182802790627525,0,0,0,0
3341,2,0.0014125293044254688,0,0,0,0
3342,2,0.0009934743049920848,0,0,0,0
3343,1,0.0005067536100068609,0,0,0,0
3344,1,0.00018624547551149122,7,0,0,0
3345,2,0.0002905158650429039,0,0,0,0
3346,2,0.004388442119637857,0,0,0,0
3347,2,0.003191237405590804,0,0,0,0
3348,2,0.0022396323191410943,0,0,0,0
3349,2,0.00421835912885795,0,0,0,0
3350,2,0.0019589034181512308,0,0,0,0
3351,1,0.00808877265518772,0,0,0,0
3352,2,0.002372784759229307,0,0,0,0
3353,2,0.002457047896611837,0,0,0,0
3354,2,0.00306101571468559,0,0,0,0
3355,2,0.006196629102162521,0,0,0,0
3356,2,0.0029320006324563943,0,0,0,0
3357,2,0.00294708485026663,0,0,0,0
3358,1,0.005027567531829711,0,0,0,0
3359,2,0.0021607267022372514,0,0,0,0
3360,2,0.003995479926083462,0,0,0,0
3361,2,0.0043496202184893215,0,0,0,0
3362,2,0.003195710148815682,0,0,0,0
3363,2,0.000570455784854834,0,0,0,0
3364,1,0.0011899462050630684,0,0,0,0
3365,2,0.0026890285183657396,0,0,0,0
3366,2,0.0029746229634448067,0,0,0,0
3367,2,0.006021933789305258,0,0,0,0
3368,2,0.0018507107548390812,0,0,0,0
3369,2,0.00493507131297998,0,0,0,0
3370,2,0.00023795639029947936,0,0,0,0
3371,2,0.0035443065712489606,0,0,0,0
3372,2,0.00291812577765761,0,0,0,0
3373,2,0.0019854209401330676,0,0,0,0
3374,2,0.0018287662665752225,0,0,0,0
3375,2,0.002392948531201695,0,0,0,0
3376,1,0.0021307832150659566,7,0,0,0
3377,2,0.0003818329213858029,0,0,0,0
3378,2,0.004996942062009845,0,0,0,0
3379,2,0.0005604885572412879,0,0,0,0
3380,2,0.003084204224577208,0,0,0,0
3381,2,0.0017161682751727662,0,0,0,0
3382,2,0.001855020392970716,0,0,0,0
3383,2,0.0014480442552856612,0,0,0,0
3384,2,0.003968397351774469,0,0,0,0
3385,2,0.0063716572919972495,18,0,0,0
3386,1,0.00155250168385805,0,0,0,0
3387,1,0.004195410704611962,0,0,0,0
3388,2,0.0006301662482450476,0,0,0,0
3389,2,0.0009434986330124382,0,0,0,0
3390,2,0.0027161866849717275,0,0,0,0
3391,1,0.002341185768515802,0,0,0,0
3392,2,0.0009651523733189949,0,0,0,0
3393,2,0.0022624594830763273,0,0,0,0
3394,2,0.002579320291704707,0,0,0,0
3395,2,0.003244994238011052,0,0,0,0
3396,2,0.003587932180935778,0,0,0,0
3397,2,0.001307650668590169,0,0,0,0
3398,2,0.00141203810988958,0,0,0,0
3399,2,0.0017179815934817246,0,0,0,0
3400,2,0.0024190943970370787,0,0,0,0
3401,2,0.003374113992445039,0,0,0,0
3402,2,0.00401321121675506,0,0,0,0
3403,2,0.0008496038406595309,0,0,0,0
3404,1,0.0034646749971358054,0,0,0,0
3405,2,0.0006280513367074532,0,0,0,0
3406,1,0.0007384882755836755,0,0,0,0
3407,2,0.004574006101194465,0,0,0,0
3408,2,0.00248479372566814,0,0,0,0
3409,2,0.0011352086740612434,0,0,0,0
3410,2,0.0003875729178782802,0,0,0,0
3411,1,0.0013594096417440208,0,0,0,0
3412,2,0.0017743213726951034,0,0,0,0
3413,1,0.0013382043466037708,0,0,0,0
3414,2,0.00047290307061196386,0,0,0,0
3415,2,0.0017759464334519155,0,0,0,0
3416,2,0.001052969410702797,0,0,0,0
3417,2,0.0019346046508749884,0,0,0,0
3418,2,0.001605223576942791,0,0,0,0
3419,2,0.0019704752702795194,0,0,0,0
3420,2,0.0007325013750917981,0,0,0,0
3421,2,0.003335876682954657,0,0,0,0
3422,2,0.0004288106057525806,0,0,0,0
3423,2,0.0009518043232088907,0,0,0,0
3424,1,0.0005359266102700686,0,0,0,0
3425,2,0.0035046154957885595,0,0,0,0
3426,2,0.001959117498503577,0,0,0,0
3427,2,0.004736154923049926,0,0,0,0
3428,2,0.0028498705447917295,0,0,0,0
3429,2,0.003914248694849371,0,0,0,0
3430,2,0.0011290089800316684,0,0,0,0
3431,1,0.003092088433910478,0,0,0,0
3432,2,0.002389759319206961,0,0,0,0
3433,2,0.0017217174960854644,0,0,0,0
3434,2,0.002351223198534297,0,0,0,0
3435,2,0.005025848697583438,241,0,0,0
3436,1,0.0011439872670196086,0,0,0,0
3437,2,0.0016792456445517943,0,0,0,0
3438,2,0.0017520835378885085,0,0,0,0
3439,2,0.0027729441951652102,0,0,0,0
3440,2,0.004790664597613098,0,0,0,0
3441,2,0.0007518071651315081,0,0,0,0
3442,2,0.002774554640980631,0,0,0,0
3443,2,0.0009257121535548178,0,0,0,0
3444,2,0.0016107655622938377,0,0,0,0
3445,2,0.0018721032996830782,0,0,0,0
3446,2,0.001298258895047549,0,0,0,0
3447,2,0.002177370188106616,0,0,0,0
3448,2,0.0011951271947927859,0,0,0,0
3449,2,0.0013261575710527985,0,0,0,0
3450,2,0.002482758775512736,0,0,0,0
3451,2,0.0038800449830216893,0,0,0,0
3452,2,0.000941671006944029,0,0,0,0
3453,2,0.010043485152034083,0,0,0,0
3454,2,0.0017525261391972582,0,0,0,0
3455,2,0.0006252961989736884,0,0,0,0
3456,2,0.0013425547328132332,0,0,0,0
3457,2,0.0024121146714495886,0,0,0,0
3458,2,0.001669019274463898,0,0,0,0
3459,2,0.004825891849181893,0,0,0,0
3460,2,0.0005273206755433625,0,0,0,0
3461,2,0.0002581353860080385,0,0,0,0
3462,2,0.0005589685651718942,0,0,0,0
3463,2,0.0014885343286630535,0,0,0,0
3464,2,0.0020631484837173777,0,0,0,0
3465,1,0.0005540360898116425,0,0,0,0
3466,2,0.0006393272080068952,0,0,0,0
3467,2,0.0015288637774584287,0,0,0,0
3468,2,0.001144798232187572,0,0,0,0
3469,2,0.0009073519200604081,0,0,0,0
3470,2,0.002965531022199561,0,0,0,0
3471,2,0.0006515848633008288,0,0,0,0
3472,2,0.0015760590130226935,0,0,0,0
3473,2,0.002111755494507783,0,0,0,0
3474,2,0.000410356969594515,0,0,0,0
3475,2,0.0024166771655993414,0,0,0,0
3476,2,0.0028875864555002106,0,0,0,0
3477,1,0.0009664828747141525,0,0,0,0
3478,2,0.0031738510476170744,0,0,0,0
3479,2,0.0016124007330733155,0,0,0,0
3480,2,0.0010488394617742488,0,0,0,0
3481,2,0.0014269939122968495,0,0,0,0
3482,2,0.0031629970610040645,0,0,0,0
3483,2,0.0022020833050152952,0,0,0,0
3484,1,0.001244412389870281,0,0,0,0
3485,2,0.0034754506171298326,0,0,0,0
3486,2,0.0013074058528286653,0,0,0,0
3487,2,0.0013703877735800974,0,0,0,0
3488,2,0.0013405127775922563,0,0,0,0
3489,2,0.0046175187810451575,0,0,0,0
3490,2,0.003185900020189827,0,0,0,0
3491,2,0.007599506202855653,0,0,0,0
3492,2,0.0018825698146180104,0,0,0,0
3493,2,0.0003457415650972054,0,0,0,0
3494,2,0.0018260684468735305,0,0,0,0
3495,1,0.0006879287220158804,0,0,0,0
3496,2,0.0008453246563422305,0,0,0,0
3497,2,0.0018564392548222892,0,0,0,0
3498,2,0.003233268841110881,0,0,0,0
3499,2,0.008394056653989403,0,0,0,0
3500,2,0.0011110928777200186,0,0,0,0
3501,2,0.005047968621560557,135,0,0,0
3502,2,0.0029603765861500237,0,0,0,0
3503,2,0.0026368522006928238,0,0,0,0
3504,2,0.0032154639279013777,0,0,0,0
3505,2,0.0013014963256568883,0,0,0,0
3506,2,0.001005619888859698,0,0,0,0
3507,2,0.00023189469641636724,0,0,0,0
3508,2,0.0045895060603680935,0,0,0,0
3509,2,0.0018971659897652007,0,0,0,0
3510,2,0.0016905139251449427,0,0,0,0
3511,2,0.0025881992862033204,0,0,0,0
3512,2,0.0028593575161434113,0,0,0,0
3513,2,0.002422696845406354,0,0,0,0
3514,1,0.0004006719258927979,7,0,0,0
3515,2,0.001319755147410015,0,0,0,0
3516,2,0.003333368074880151,0,0,0,0
3517,2,0.005676750061477567,0,0,0,0
3518,2,0.006963886382670216,0,0,0,0
3519,1,0.001300004545876014,0,0,0,0
3520,2,0.0011212668134218768,0,0,0,0
3521,1,0.0001606121058074562,0,0,0,0
3522,2,0.001171393933167963,0,0,0,0
3523,1,0.002741792817350439,0,0,0,0
3524,2,0.003224623209694947,0,0,0,0
3525,2,0.0023604349471743804,0,0,0,0
3526,2,0.0006195446773579271,0,0,0,0
3527,2,0.002305234695608642,0,0,0,0
3528,2,0.001628282389891195,0,0,0,0
3529,2,0.0021816310751002575,0,0,0,0
3530,2,0.0029693613634425033,0,0,0,0
3531,1,0.0021949774650462067,0,0,0,0
3532,2,0.0005469666814234934,0,0,0,0
3533,2,0.001548568241668508,0,0,0,0
3534,2,0.004782250875147585,0,0,0,0
3535,2,0.002313649631325919,0,0,0,0
3536,2,0.002922001219767432,0,0,0,0
3537,2,0.0006570341743316381,0,0,0,0
3538,2,0.0017225897772665609,0,0,0,0
3539,1,7.883018553883079e-05,0,0,0,0
3540,2,0.0015419357577765495,0,0,0,0
3541,2,0.0035705447553625877,0,0,0,0
3542,2,0.005446344241611939,0,0,0,0
3543,2,0.0010449472394509272,0,0,0,0
3544,2,0.002748557144169965,0,0,0,0
3545,2,0.0020618416776813694,0,0,0,0
3546,2,0.006206362038944264,0,0,0,0
3547,2,0.0017064031655925774,0,0,0,0
3548,1,0.002190847389106846,0,0,0,0
3549,1,0.00043710869650355656,0,0,0,0
3550,2,0.0035893139317539403,0,0,0,0
3551,2,0.003652937380413197,0,0,0,0
3552,2,0.0013279898867460582,0,0,0,0
3553,2,0.00252635906343383,0,0,0,0
3554,2,0.0008821083910196852,0,0,0,0
3555,2,0.0022883317517263164,0,0,0,0
3556,1,0.0003752525833211496,0,0,0,0
3557,2,0.0019796885732740995,0,0,0,0
3558,2,0.003582328499276114,0,0,0,0
3559,1,0.002174163993569133,0,0,0,0
3560,2,0.0028067659848202992,0,0,0,0
3561,2,0.004073951015918431,0,0,0,0
3562,2,0.0011894246840006976,0,0,0,0
3563,2,0.0026273707557712984,0,0,0,0
3564,1,0.0019704391533770472,0,0,0,0
3565,2,0.0019477935706897172,0,0,0,0
3566,1,0.005611071817936084,0,0,0,0
3567,1,0.00029463185862612143,7,0,0,0
3568,2,0.0005818383293296586,0,0,0,0
3569,2,0.0038419304486396596,0,0,0,0
3570,2,0.0017054188401400736,0,0,0,0
3571,2,0.000684691700372053,0,0,0,0
3572,2,0.0013135107925055936,0,0,0,0
3573,2,0.0018532198435767372,0,0,0,0
3574,1,0.0037043883274180665,0,0,0,0
3575,2,0.002192215972001953,0,0,0,0
3576,2,0.002098247479856795,0,0,0,0
3577,2,0.0036748448804570085,0,0,0,0
3578,2,0.001614168872781495,7,0,0,0
3579,2,0.0010937142569991643,0,0,0,0
3580,2,0.001412107729885993,0,0,0,0
3581,2,0.004930889123926758,0,0,0,0
3582,2,0.0011255023643356517,0,0,0,0
3583,2,0.0026169400485874152,0,0,0,0
3584,1,0.004697501189389346,0,0,0,0
3585,2,0.0010373535911896523,0,0,0,0
3586,2,0.0012086711519437613,0,0,0,0
3587,1,0.0017711169530851111,0,0,0,0
3588,2,0.0031791217727975803,0,0,0,0
3589,2,0.004048916169973901,0,0,0,0
3590,2,0.0010009203163560117,0,0,0,0
3591,2,0.0014214633426129543,0,0,0,0
3592,2,0.003146773881903092,0,0,0,0
3593,2,0.004643530249429641,0,0,0,0
3594,2,0.0014736191117912635,0,0,0,0
3595,2,0.0015543994837138907,0,0,0,0
3596,1,0.005123151286499301,0,0,0,0
3597,2,0.003455400310296018,0,0,0,0
3598,2,0.005412464530762176,0,0,0,0
3599,2,0.001377116199389303,0,0,0,0
3600,2,0.001651605432653352,0,0,0,0
3601,2,0.0005895085956623216,0,0,0,0
3602,1,0.0007897205136691287,0,0,0,0
3603,2,0.003539014852686896,0,0,0,0
3604,2,0.004977792624934401,0,0,0,0
3605,2,0.001803264989071494,0,0,0,0
3606,1,0.0004806445836981469,0,0,0,0
3607,2,0.00022284705340827675,0,0,0,0
3608,2,0.0004975808319301243,0,0,0,0
3609,2,0.004419909066685447,0,0,0,0
3610,2,0.005578185993592173,0,0,0,0
3611,2,0.001875863029467672,0,0,0,0
3612,1,0.0026992488296118146,0,0,0,0
3613,1,0.00274362685289998,0,0,0,0
3614,2,0.003320618675517246,0,0,0,0
3615,2,0.0047318444902012076,0,0,0,0
3616,2,0.0050410272908555185,0,0,0,0
3617,2,0.001599758534211536,0,0,0,0
3618,2,0.0053702058085898586,0,0,0,0
3619,2,0.0014316291227500471,0,0,0,0
3620,1,0.0011755901167888928,0,0,0,0
3621,1,0.0031333112776706275,0,0,0,0
3622,2,0.0032526496757071936,0,0,0,0
3623,2,0.001025277730250939,0,0,0,0
3624,1,0.00034469569548292527,0,0,0,0
3625,2,0.004932893859734998,0,0,0,0
3626,2,0.004410816373160572,0,0,0,0
3627,2,0.002042853370098304,0,0,0,0
3628,2,0.0013962310800854126,0,0,0,0
3629,1,0.0037162633620373277,0,0,0,0
3630,2,0.0017146940764820472,0,0,0,0
3631,2,0.0026002310321958247,0,0,0,0
3632,2,0.001793828050544226,0,0,0,0
3633,2,0.004782348258440554,0,0,0,0
3634,2,0.0010113903185139882,0,0,0,0
3635,1,0.0001498566614877736,0,0,0,0
3636,2,0.005558655007149142,0,0,0,0
3637,1,0.0025808882182564792,0,0,0,0
3638,2,0.004012531608128106,0,0,0,0
3639,2,0.005131294726600265,0,0,0,0
3640,1,0.0022816943639800977,0,0,0,0
3641,2,0.002201048766322391,0,0,0,0
3642,2,0.002631507369074385,0,0,0,0
3643,2,0.0031713109314079327,0,0,0,0
3644,2,8.849038657664892e-05,0,0,0,0
3645,2,0.001632893591898742,0,0,0,0
3646,2,0.003640645539923212,0,0,0,0
3647,1,0.001045510330635995,0,0,0,0
3648,2,0.0011960079460141112,0,0,0,0
3649,2,0.0016019585517112322,0,0,0,0
3650,1,0.000497516650241426,0,0,0,0
3651,2,0.001514177142112068,0,0,0,0
3652,1,0.001234249061876347,0,0,0,0
3653,1,0.003568722367690047,0,0,0,0
3654,2,0.004740830655165448,0,0,0,0
3655,2,0.002417771491793943,0,0,0,0
3656,2,0.002679735352421549,0,0,0,0
3657,2,0.00017817200855519473,0,0,0,0
3658,2,0.0014870875784313055,0,0,0,0
3659,2,0.002469715854146854,0,0,0,0
3660,1,0.0034151398470248368,0,0,0,0
3661,2,0.003957242234265183,0,0,0,0
3662,2,0.0014209531191824599,0,0,0,0
3663,1,5.353783284831104e-05,0,0,0,0
3664,1,0.0001932212435722826,0,0,0,0
3665,2,0.004075855086634057,0,0,0,0
3666,2,0.0004452116276526602,0,0,0,0
3667,2,0.0016141458594425445,0,0,0,0
3668,2,0.0009061021231145589,0,0,0,0
3669,2,0.0009309900679220613,0,0,0,0
3670,2,0.0011161947514481292,0,0,0,0
3671,1,0.0008208118935883998,0,0,0,0
3672,2,0.0018106021608979973,0,0,0,0
3673,1,0.0005476330816998948,0,0,0,0
3674,2,0.002352401927250981,0,0,0,0
3675,2,0.00560341806834508,0,0,0,0
3676,2,0.0006076237171494823,0,0,0,0
3677,2,0.0005980224526922758,0,0,0,0
3678,2,0.0009810859041230926,0,0,0,0
3679,2,0.0023972923285173783,0,0,0,0
3680,2,0.0062529037051403304,0,0,0,0
3681,2,0.0012577426519131986,0,0,0,0
3682,2,0.0025770028331218225,0,0,0,0
3683,2,0.0032745130533843292,0,0,0,0
3684,2,0.0014770954906722746,0,0,0,0
3685,2,0.0024851251088135167,0,0,0,0
3686,1,0.003170997653780571,0,0,0,0
3687,1,0.0005209014715777516,0,0,0,0
3688,2,0.0009076865498577883,0,0,0,0
3689,2,0.001610598099145862,0,0,0,0
3690,2,0.0027468424246154116,0,0,0,0
3691,1,0.00046688698917107796,0,0,0,0
3692,2,0.0024815199696779804,0,0,0,0
3693,2,0.00035613913783951736,0,0,0,0
3694,2,0.0028504303597817575,0,0,0,0
3695,1,3.388706372533691e-05,0,0,0,0
3696,1,0.00037920632119518296,0,0,0,0
3697,2,0.00046550998590586163,0,0,0,0
3698,2,0.0025222318677481314,0,0,0,0
3699,2,0.0009224820588388286,0,0,0,0
3700,2,0.0024329331653048483,0,0,0,0
3701,2,0.0008340151726985931,0,0,0,0
3702,2,0.0022687031102295503,0,0,0,0
3703,2,0.0009874081447467046,0,0,0,0
3704,2,0.001958667710319283,0,0,0,0
3705,2,0.0015608736062330437,0,0,0,0
3706,2,0.001352262247929286,0,0,0,0
3707,2,0.002138933509495316,0,0,0,0
3708,1,0.005106505519719077,0,0,0,0
3709,2,0.00628963759388477,0,0,0,0
3710,2,0.0030853032245284377,0,0,0,0
3711,2,0.0028876109779318528,0,0,0,0
3712,2,0.0067115314200525324,0,0,0,0
3713,2,0.002484824007229701,0,0,0,0
3714,2,0.0019588036480587654,0,0,0,0
3715,2,0.001934468973826736,0,0,0,0
3716,2,0.0008958777094288984,0,0,0,0
3717,2,0.002301650865548476,0,0,0,0
3718,2,0.0015389511913824125,0,0,0,0
3719,2,0.0007084418238139577,0,0,0,0
3720,2,0.0017727822499456365,0,0,0,0
3721,2,0.001905509774032067,0,0,0,0
3722,2,0.003297463321971035,0,0,0,0
3723,2,0.001312042301108889,0,0,0,0
3724,2,0.002617853175416436,0,0,0,0
3725,2,0.0030533160578676347,0,0,0,0
3726,2,0.001738013875594171,0,0,0,0
3727,2,0.0008905794547801262,0,0,0,0
3728,2,0.0008638932183485399,0,0,0,0
3729,2,0.0007143608993659463,0,0,0,0
3730,2,0.0033824714583861153,0,0,0,0
3731,2,0.002556504644944211,0,0,0,0
3732,2,0.007011835043768704,397,0,0,0
3733,2,0.0034031781494690302,0,0,0,0
3734,2,0.001736531142856062,0,0,0,0
3735,2,0.0004740162616107764,0,0,0,0
3736,2,0.0015912047634902516,0,0,0,0
3737,2,0.006038813513762869,0,0,0,0
3738,2,0.0027098164137506365,0,0,0,0
3739,2,0.0001268431122604436,0,0,0,0
3740,2,0.00295159764331801,0,0,0,0
3741,1,0.00026498111392226525,0,0,0,0
3742,2,0.0010231391698975459,0,0,0,0
3743,2,0.0028798688564302404,0,0,0,0
3744,2,0.001399502379318445,0,0,0,0
3745,2,0.002158038268887982,0,0,0,0
3746,2,0.004357185598498512,0,0,0,0
3747,2,0.0027359549737697086,0,0,0,0
3748,2,0.0023739224115882345,0,0,0,0
3749,2,0.00506062055051575,0,0,0,0
3750,1,0.00017380309609290337,0,0,0,0
3751,2,0.0017912063238843853,0,0,0,0
3752,2,0.0018080050349796684,0,0,0,0
3753,2,0.0036572070885431403,0,0,0,0
3754,2,0.0030269833594367816,0,0,0,0
3755,2,0.002332396014988239,0,0,0,0
3756,2,0.0007425718107223417,0,0,0,0
3757,2,0.002315413529600361,0,0,0,0
3758,2,0.0004835607453322661,0,0,0,0
3759,2,0.004886691145806077,0,0,0,0
3760,2,0.0016655465985516138,0,0,0,0
3761,2,0.003611909247115279,0,0,0,0
3762,2,0.0022125460319441775,0,0,0,0
3763,2,0.001778583976962788,0,0,0,0
3764,2,0.003122485779247518,0,0,0,0
3765,2,0.0032252735609774206,0,0,0,0
3766,2,0.0023104944233893593,0,0,0,0
3767,1,0.003318416902956201,0,0,0,0
3768,2,0.002765165386115483,0,0,0,0
3769,2,0.000843674177806439,0,0,0,0
3770,2,0.007035404263379231,0,0,0,0
3771,2,0.002554899853161501,0,0,0,0
3772,2,0.0035132966412894004,0,0,0,0
3773,1,0.0010265200778826209,0,0,0,0
3774,2,0.006966103435407927,0,0,0,0
3775,2,0.005211711303243036,0,0,0,0
3776,2,0.0015183963009954774,0,0,0,0
3777,2,0.0014538660677310795,0,0,0,0
3778,2,0.007507972775876263,0,0,0,0
3779,2,0.0018943062639884853,0,0,0,0
3780,1,0.000919152601958596,0,0,0,0
3781,2,0.0044311797917841,0,0,0,0
3782,2,0.002206185963254148,0,0,0,0
3783,2,0.0018653854833239956,0,0,0,0
3784,2,0.0022584808667454027,0,0,0,0
3785,1,0.0015814170221413485,0,0,0,0
3786,2,0.0007193420669955289,0,0,0,0
3787,2,0.002850333309792062,0,0,0,0
3788,2,0.0010812993806207307,0,0,0,0
3789,2,0.0029244108447166483,0,0,0,0
3790,1,0.0014472292544349388,0,0,0,0
3791,1,0.0027281961899325354,0,0,0,0
3792,2,0.0014869111580408695,7,0,0,0
3793,2,0.002687231864745826,0,0,0,0
3794,2,0.0009393586858518048,0,0,0,0
3795,2,0.0018820413143379676,0,0,0,0
3796,2,0.007984631308941812,0,0,0,0
3797,2,0.003970269141131745,0,0,0,0
3798,2,0.003357337702263661,0,0,0,0
3799,2,0.0014060764021602416,0,0,0,0
3800,2,0.0020744603374466767,0,0,0,0
3801,1,0.0002501197815906902,0,0,0,0
3802,2,0.00396362209186859,0,0,0,0
3803,2,0.001787035194637599,0,0,0,0
3804,2,0.0026311406149776254,0,0,0,0
3805,1,0.0005064995322093665,0,0,0,0
3806,2,0.0001548483863835065,0,0,0,0
3807,2,0.0014051822562034136,0,0,0,0
3808,2,0.0042820260154918235,0,0,0,0
3809,2,0.00042721425347977193,0,0,0,0
3810,2,0.0014718881134724597,0,0,0,0
3811,2,0.0026167063404882924,0,0,0,0
3812,1,0.00012327069354722896,0,0,0,0
3813,2,0.0018978929202811167,0,0,0,0
3814,2,0.00016080379515264072,0,0,0,0
3815,1,0.0007220525557675275,0,0,0,0
3816,2,0.0006988370101005973,0,0,0,0
3817,2,0.0018887715013630468,0,0,0,0
3818,2,0.00028352504948613645,0,0,0,0
3819,1,0.00011432335192318943,0,0,0,0
3820,2,0.00012203282498499565,0,0,0,0
3821,2,0.0013875420950727364,0,0,0,0
3822,2,0.0009915986131533892,0,0,0,0
3823,1,0.0025395217995442753,0,0,0,0
3824,2,0.0006307801767470694,0,0,0,0
3825,1,4.7658190436568286e-05,0,0,0,0
3826,2,0.0009013799343345012,0,0,0,0
3827,2,0.0013076451370549191,0,0,0,0
3828,2,0.0018385247148023048,216,0,0,0
3829,2,0.0021978253610096055,0,0,0,0
3830,2,0.0025492166396158034,0,0,0,0
3831,2,0.0023515996074655286,0,0,0,0
3832,2,0.0009467105029155524,0,0,0,0
3833,2,0.0014813855656245262,0,0,0,0
3834,2,0.0011662746528850463,0,0,0,0
3835,1,0.00022626951116331643,0,0,0,0
3836,2,0.0014646397724444769,0,0,0,0
3837,2,0.0011308884669167863,0,0,0,0
3838,2,0.0015799901436132384,0,0,0,0
3839,2,7.879736938004746e-05,0,0,0,0
3840,2,0.004949172420534764,0,0,0,0
3841,2,0.00303259680836013,0,0,0,0
3842,2,0.0038574901369528925,0,0,0,0
3843,2,0.00032794749961110795,0,0,0,0
3844,2,0.006860738467004324,0,0,0,0
3845,2,0.0009121606662577395,0,0,0,0
3846,1,0.0016364094453909879,0,0,0,0
3847,2,0.005391179633145829,14,0,0,0
3848,2,0.0005630607285117118,0,0,0,0
3849,2,0.004995701513705721,0,0,0,0
3850,1,0.0012864238632936844,0,0,0,0
3851,2,0.0030492102602315825,0,0,0,0
3852,2,0.0026163694473520303,0,0,0,0
3853,2,0.0008780539677305555,0,0,0,0
3854,2,0.005222504276206994,0,0,0,0
3855,2,0.0022514642083476723,0,0,0,0
3856,2,0.0018343332634990573,222,0,0,0
3857,2,0.002945136420578055,0,0,0,0
3858,2,0.002941524978333732,0,0,0,0
3859,2,0.0030194375951737296,0,0,0,0
3860,2,0.003243565801054439,0,0,0,0
3861,2,0.00038484534568652604,0,0,0,0
3862,2,0.0011856737615692958,0,0,0,0
3863,2,0.0027035122656600273,150,0,0,0
3864,2,0.0007334597490709856,0,0,0,0
3865,2,0.003250590791032232,0,0,0,0
3866,2,0.001411005461674526,0,0,0,0
3867,2,0.005014894520862777,0,0,0,0
3868,2,0.0010763823935338497,0,0,0,0
3869,2,0.0008377656588962023,0,0,0,0
3870,2,0.0049179224263649094,0,0,0,0
3871,2,0.0040639984588632435,0,0,0,0
3872,2,0.0013745321857905437,0,0,0,0
3873,2,0.002698102223372122,0,0,0,0
3874,2,0.0011033828712253596,0,0,0,0
3875,2,0.005315537241562191,0,0,0,0
3876,2,0.006888778425616964,0,0,0,0
3877,2,0.0012731887815172842,0,0,0,0
3878,2,0.0004809408630979956,0,0,0,0
3879,2,0.0006591992035575256,0,0,0,0
3880,2,0.0054355212341802486,0,0,0,0
3881,2,0.002495290742301822,0,0,0,0
3882,2,0.001330307274122653,0,0,0,0
3883,2,0.0025098321022012397,0,0,0,0
3884,2,0.0017208079692841514,0,0,0,0
3885,2,0.0035687098872574604,0,0,0,0
3886,2,0.00013326298350791916,13,0,0,0
3887,2,0.0005801995542685282,0,0,0,0
3888,2,0.0049973991343293415,7,0,0,0
3889,2,0.004282074128774732,0,0,0,0
3890,1,0.0016882432421724087,0,0,0,0
3891,1,0.0010389034129338534,0,0,0,0
3892,2,0.0015759952397934739,0,0,0,0
3893,2,0.0026589907086764985,0,0,0,0
3894,2,0.0005251640316703492,0,0,0,0
3895,2,0.000911800729782383,0,0,0,0
3896,2,0.00401905442703206,0,0,0,0
3897,1,0.0006682641673132598,0,0,0,0
3898,1,0.002552039597675419,0,0,0,0
3899,1,0.002137197129525993,0,0,0,0
3900,2,0.0007669842310400048,0,0,0,0
3901,2,0.0006524822624941403,0,0,0,0
3902,2,0.000988688741845808,0,0,0,0
3903,2,0.0018254737002270634,0,0,0,0
3904,1,0.0011529719848372682,0,0,0,0
3905,2,0.0008519783594464737,0,0,0,0
3906,2,0.0023528740676130072,0,0,0,0
3907,2,0.0014791346229610662,0,0,0,0
3908,2,0.001925074185855586,0,0,0,0
3909,1,0.0009481936357135885,528,0,0,0
3910,2,0.0013460218979942191,0,0,0,0
3911,2,0.0004268610933012503,0,0,0,0
3912,2,0.0011567548033149684,0,0,0,0
3913,2,6.90741288496899e-05,7,0,0,0
3914,2,0.003715319748217086,0,0,0,0
3915,2,0.002070179720220615,0,0,0,0
3916,2,0.0022169393773736486,0,0,0,0
3917,2,0.0024430624714680735,0,0,0,0
3918,2,0.002061517013719856,0,0,0,0
3919,2,0.0018609873083056546,0,0,0,0
3920,2,0.0010615704110354212,0,0,0,0
3921,2,0.002515755853930684,0,0,0,0
3922,2,0.002994223658993371,0,0,0,0
3923,2,0.0023221544289974737,0,0,0,0
3924,2,0.0015059468594666677,0,0,0,0
3925,2,0.0018597647550871973,0,0,0,0
3926,2,0.0003677522668698218,0,0,0,0
3927,2,0.0009855362396118108,0,0,0,0
3928,2,0.003889941815652875,0,0,0,0
3929,2,0.003336740071682069,0,0,0,0
3930,2,0.0012456658423264818,0,0,0,0
3931,2,0.003280093715858867,0,0,0,0
3932,2,0.0019619782458423604,0,0,0,0
3933,2,0.002771007025158531,0,0,0,0
3934,2,0.0009149623363122409,46,0,0,0
3935,1,0.0006670519179778581,0,0,0,0
3936,2,0.004840421247080942,0,0,0,0
3937,2,0.001212138734483992,0,0,0,0
3938,2,0.0015609917698145169,0,0,0,0
3939,2,0.0018821155773544624,0,0,0,0
3940,2,0.0025622499472840537,0,0,0,0
3941,2,0.0011467032207114394,0,0,0,0
3942,2,0.006214770971568362,0,0,0,0
3943,2,0.0007517475227684728,0,0,0,0
3944,1,0.002319482070943095,0,0,0,0
3945,2,0.0024353283962524532,0,0,0,0
3946,2,0.0007251042817581483,0,0,0,0
3947,2,0.0031107836662662507,0,0,0,0
3948,2,0.0008858041752892619,0,0,0,0
3949,2,0.0006444439283872774,0,0,0,0
3950,2,0.003125360707498813,0,0,0,0
3951,2,0.0009086829813947416,0,0,0,0
3952,2,0.0008540807527163255,0,0,0,0
3953,2,0.0015314304357103787,315,0,0,0
3954,1,0.0038941000671951593,0,0,0,0
3955,2,0.0019395265921010399,0,0,0,0
3956,2,0.002949636290736836,0,0,0,0
3957,2,0.0006084365094759076,0,0,0,0
3958,2,0.0037891943562663416,0,0,0,0
3959,2,0.0020077715477782947,0,0,0,0
3960,1,0.002371038518777259,0,0,0,0
3961,2,0.0009858790569212837,0,0,0,0
3962,2,0.008506354711399171,0,0,0,0
3963,2,0.00041568517235220407,0,0,0,0
3964,1,5.9169097898573575e-05,0,0,0,0
3965,1,0.000762634131585831,0,0,0,0
3966,2,0.0037145435763154436,0,0,0,0
3967,2,0.0022110876253930004,0,0,0,0
3968,2,0.004291203402802822,7,0,0,0
3969,2,0.0008550264039093925,0,0,0,0
3970,1,0.0013913656608939664,0,0,0,0
3971,2,0.003963354868538359,0,0,0,0
3972,2,0.003133248809803259,0,0,0,0
3973,2,0.0009620566126173426,0,0,0,0
3974,2,0.002216416823012805,0,0,0,0
3975,2,0.0009853771107706114,0,0,0,0
3976,2,0.001625643963746423,0,0,0,0
3977,2,0.0021614017413872882,0,0,0,0
3978,2,0.0014462967968798092,0,0,0,0
3979,2,0.0016702836746222375,0,0,0,0
3980,2,0.008875007196388136,0,0,0,0
3981,2,0.0019253956279309265,0,0,0,0
3982,2,0.0005780600444072904,0,0,0,0
3983,2,0.0024593716041296752,0,0,0,0
3984,2,0.003687497769893641,7,0,0,0
3985,2,0.011287971296771185,781,0,0,0
3986,2,0.0020878728935282338,0,0,0,0
3987,2,0.001349388950473692,0,0,0,0
3988,2,0.0027816972923774344,0,0,0,0
3989,2,0.002172062868335708,0,0,0,0
3990,1,0.0033784833925902644,0,0,0,0
3991,2,0.0042812202738958015,0,0,0,0
3992,2,0.0020086388824752856,0,0,0,0
3993,1,0.003987303761876827,0,0,0,0
3994,2,0.0015336084717283319,0,0,0,0
3995,1,0.0010750849972271388,0,0,0,0
3996,2,0.0043199983548951595,0,0,0,0
3997,1,0.0009793274220155773,0,0,0,0
3998,2,0.002323149739854102,0,0,0,0
3999,2,0.0022129455969769453,0,0,0,0
4000,1,0.0016711303322762567,0,0,0,0
4001,2,0.001753575305331468,0,0,0,0
4002,2,0.0028759973883079764,0,0,0,0
4003,2,0.0008614940912724083,0,0,0,0
4004,1,0.0008641283637705162,0,0,0,0
4005,2,0.0019649106145570635,0,0,0,0
4006,2,0.002732119091262206,0,0,0,0
4007,1,9.699003244589572e-05,0,0,0,0
4008,2,0.004537401925933903,0,0,0,0
4009,2,0.0020303289833781967,0,0,0,0
4010,2,0.0005221095933376947,0,0,0,0
4011,2,0.004093098692943055,0,0,0,0
4012,2,0.0033591409980239725,0,0,0,0
4013,2,0.004041134914225134,0,0,0,0
4014,2,0.0028158286790125817,0,0,0,0
4015,2,0.005276316865497267,0,0,0,0
4016,2,0.0023210493157470985,30,0,0,0
4017,2,0.003593329794856808,0,0,0,0
4018,2,0.0027734573137871642,0,0,0,0
4019,2,0.00275295264084266,7,0,0,0
4020,2,0.006689265212970166,0,0,0,0
4021,2,0.002312218637875796,0,0,0,0
4022,1,0.0015329499437833,0,0,0,0
4023,2,0.0028309497844711193,0,0,0,0
4024,2,0.0015598249832239697,0,0,0,0
4025,2,0.0004825100546339412,0,0,0,0
4026,2,0.0017709029597667127,0,0,0,0
4027,2,0.0005297569036494326,0,0,0,0
4028,2,0.0007213733011008596,0,0,0,0
4029,2,0.008587753497495599,0,0,0,0
4030,2,0.0022041322955652833,25,0,0,0
4031,2,0.0007856749796063512,0,0,0,0
4032,2,0.004048349295873318,0,0,0,0
4033,2,0.0006910990099719104,0,0,0,0
4034,2,0.0014035426209224498,0,0,0,0
4035,1,0.0020288654054639852,0,0,0,0
4036,2,0.006708172678905124,339,0,0,0
4037,2,0.002439483482390256,0,0,0,0
4038,2,0.0012990800419922048,0,0,0,0
4039,2,0.0014558815562312516,0,0,0,0
4040,2,0.0010564534092923996,0,0,0,0
4041,2,0.00044788326031739947,0,0,0,0
4042,2,0.0021101278648820616,0,0,0,0
4043,2,0.0015667395356054247,0,0,0,0
4044,2,0.0017893420641420844,0,0,0,0
4045,2,0.00025479125271594467,0,0,0,0
4046,2,0.003987383522400403,0,0,0,0
4047,2,0.001408918301329708,0,0,0,0
4048,2,0.005670785203342063,0,0,0,0
4049,2,0.004029724927016072,0,0,0,0
4050,2,0.00049275042339175,0,0,0,0
4051,2,0.001954306494056128,0,0,0,0
4052,2,0.003191313001767665,0,0,0,0
4053,2,0.0015363415975623775,0,0,0,0
4054,1,0.0015155695296309231,0,0,0,0
4055,2,0.0040693699503041155,0,0,0,0
4056,2,0.0013816764018549376,0,0,0,0
4057,2,0.004765920427815973,0,0,0,0
4058,2,0.0005967676274842904,0,0,0,0
4059,2,0.003150015513085501,0,0,0,0
4060,1,0.002142377175061677,0,0,0,0
4061,1,0.0029148144514577635,0,0,0,0
4062,2,0.002904025686717017,0,0,0,0
4063,2,0.0014183996863471268,0,0,0,0
4064,2,0.0018934243202371834,0,0,0,0
4065,2,0.00115194536849851,0,0,0,0
4066,2,0.00230091192175763,0,0,0,0
4067,2,0.0010003862749089645,0,0,0,0
4068,1,0.004490115877740265,0,0,0,0
4069,2,0.0006842726621859912,0,0,0,0
4070,2,0.0019906561442596792,0,0,0,0
4071,2,0.0008781773640942844,0,0,0,0
4072,2,0.00122766124649928,0,0,0,0
4073,1,7.120779615597686e-06,0,0,0,0
4074,2,0.003750044516145031,0,0,0,0
4075,2,0.0052655084913772274,0,0,0,0
4076,1,0.0025469992286487097,0,0,0,0
4077,2,0.00111155530536192,0,0,0,0
4078,1,0.0005151002104051704,0,0,0,0
4079,2,0.0004467819286780986,0,0,0,0
4080,2,0.0007178605423615979,0,0,0,0
4081,2,0.0026858641020936335,0,0,0,0
4082,2,0.0013314415613062632,0,0,0,0
4083,2,0.002226038711397402,0,0,0,0
4084,2,0.00326816697947116,0,0,0,0
4085,2,0.0019514768560995105,0,0,0,0
4086,2,0.002681533336523152,0,0,0,0
4087,2,0.0021748755364211707,0,0,0,0
4088,1,0.00012437234339370852,0,0,0,0
4089,2,0.003773486110708623,0,0,0,0
4090,2,0.004051267499953941,0,0,0,0
4091,2,0.0019570848249620973,0,0,0,0
4092,2,0.0008069383127675676,0,0,0,0
4093,2,0.0015932519329911535,0,0,0,0
4094,2,0.0028349691725575482,0,0,0,0
4095,1,0.00026598470923122624,0,0,0,0
4096,2,0.0012846317246855002,0,0,0,0
4097,2,0.00455134288445634,0,0,0,0
4098,2,0.002370042293901295,0,0,0,0
4099,1,0.0035319770575266305,0,0,0,0
4100,1,0.0005751339359666764,32,0,0,0
4101,2,0.002177346241456429,0,0,0,0
4102,2,0.007915082430274807,0,0,0,0
4103,2,0.0004644641809822178,0,0,0,0
4104,2,0.0005789730063822933,0,0,0,0
4105,2,0.006909031659190255,0,0,0,0
4106,2,0.0022030822744485506,0,0,0,0
4107,1,0.001170937957529878,0,0,0,0
4108,2,0.0014831283169136,0,0,0,0
4109,2,0.0030907922240754116,0,0,0,0
4110,2,0.0010830830235560658,0,0,0,0
4111,2,0.004089904116145592,0,0,0,0
4112,1,1.704833469102393e-05,0,0,0,0
4113,2,0.0047509270293577864,0,0,0,0
4114,2,0.0005266575185200906,0,0,0,0
4115,2,0.0005465969665782269,7,17,0,17
4116,2,0.003164016354475532,0,0,0,0
4117,2,0.002223487744655222,0,0,0,0
4118,2,0.0006655235364323671,0,0,0,0
4119,2,0.002005420647218781,0,0,0,0
4120,2,0.0054505929825876195,0,0,0,0
4121,2,0.001405873446195867,0,0,0,0
4122,2,0.002468584996237699,0,0,0,0
4123,2,0.0008605091472533308,135,0,0,0
4124,2,0.00277999423895624,0,0,0,0
4125,2,0.001302754015038592,0,0,0,0
4126,2,0.004304229705163076,18,0,0,0
4127,1,0.00273250552298965,0,0,0,0
4128,1,0.0004381705216005448,0,0,0,0
4129,2,0.002585581093698776,0,0,0,0
4130,2,0.0011099643938089106,0,0,0,0
4131,2,0.007133704484543162,0,0,0,0
4132,2,0.0018419673892265335,0,0,0,0
4133,1,7.253863962356414e-05,7,0,0,0
4134,2,0.0014123327908038053,0,0,0,0
4135,1,0.0002214484444204849,0,0,0,0
4136,2,0.005190612403407392,0,0,0,0
4137,1,0.000578715862181932,0,0,0,0
4138,2,0.00581616830721416,27,0,0,0
4139,1,0.0009008778942461085,0,0,0,0
4140,2,0.0018065847083469921,0,0,0,0
4141,2,0.004676700383019923,0,0,0,0
4142,1,0.0012879124839826513,0,0,0,0
4143,1,0.0020310432294435776,0,0,0,0
4144,2,0.002496188194117972,0,0,0,0
4145,2,0.005567842137623109,0,0,0,0
4146,2,0.0012195990018575614,0,0,0,0
4147,2,0.0027860806317879863,0,0,0,0
4148,2,0.001219709181063378,0,0,0,0
4149,2,0.004649263707500804,0,0,0,0
4150,2,0.003923579585128971,0,0,0,0
4151,2,0.0013053109475995785,0,0,0,0
4152,2,0.003023286292721853,0,0,0,0
4153,2,0.003620802508877347,0,0,0,0
4154,2,0.0030952798487506946,0,0,0,0
4155,2,0.002614662082754614,0,0,0,0
4156,2,0.005215442714929268,0,0,0,0
4157,1,0.0007219783231563151,0,0,0,0
4158,2,0.000652636665864221,0,0,0,0
4159,2,0.0018388752163163579,0,0,0,0
4160,1,0.0005910223526064016,0,0,0,0
4161,2,0.0016388263844153937,0,0,0,0
4162,2,0.006772322644570596,0,0,0,0
4163,2,0.003920409253363862,0,0,0,0
4164,2,0.0006471367638445678,0,0,0,0
4165,2,0.004170201569258755,0,0,0,0
4166,2,0.00047008134329933694,0,0,0,0
4167,2,0.0018050130189655638,0,0,0,0
4168,2,0.0031437411970622903,0,0,0,0
4169,1,0.0030936808771134996,0,0,0,0
4170,2,0.007072348332688888,0,0,0,0
4171,2,0.002719198266247923,0,0,0,0
4172,2,0.00085554215206006,0,0,0,0
4173,2,0.0027709729769958896,0,0,0,0
4174,2,0.003056260465610585,0,0,0,0
4175,2,0.0066579056020184095,0,0,0,0
4176,2,0.0005049227376602014,0,0,0,0
4177,2,0.0016827603251920293,0,0,0,0
4178,2,0.0017661098940484296,0,0,0,0
4179,1,0.0022432077641758703,0,0,0,0
4180,2,0.0032324793270332984,0,0,0,0
4181,1,0.0025908058223048573,0,0,0,0
4182,2,0.0012351623980561789,0,0,0,0
4183,2,0.0010101046824071056,154,0,0,0
4184,2,0.005205793582011766,136,0,0,0
4185,1,0.0021987590241248573,0,0,0,0
4186,2,0.0014210963119977735,0,0,0,0
4187,2,0.001385918720552386,0,0,0,0
4188,2,0.0037893508964576385,0,0,0,0
4189,2,0.0015270293440580356,0,0,0,0
4190,2,0.004450129618959498,0,0,0,0
4191,2,0.003189766259326834,188,0,0,0
4192,2,0.0012960466157138618,0,0,0,0
4193,1,0.0012738040851627448,0,0,0,0
4194,2,0.0016519067270531651,0,0,0,0
4195,2,0.00029513497325986475,0,0,0,0
4196,2,0.006770410171929089,0,0,0,0
4197,2,0.0036335874490902084,0,0,0,0
4198,2,0.0004534967995385316,0,0,0,0
4199,2,0.001228684055222146,0,0,0,0
4200,2,0.00044123241788383464,0,0,0,0
4201,2,0.0005948283121699746,0,0,0,0
4202,2,0.0006037027208545178,0,0,0,0
4203,2,0.0033846537381661615,0,0,0,0
4204,2,0.0026469924666649818,0,0,0,0
4205,1,0.0005001959105704821,0,0,0,0
4206,1,0.0017573697243883732,0,0,0,0
4207,2,0.002487333708965303,0,0,0,0
4208,2,0.0029666568739338474,0,0,0,0
4209,2,0.0013966121858653546,0,0,0,0
4210,2,0.002889108677865325,0,0,0,0
4211,2,0.0012360346429090177,0,0,0,0
4212,2,3.658702649310637e-05,0,0,0,0
4213,2,0.0013225567631726907,0,0,0,0
4214,2,0.0010671019751523762,0,0,0,0
4215,2,7.153998006824276e-05,0,0,0,0
4216,2,0.0043462666217191715,0,0,0,0
4217,2,0.0035221356674574457,0,0,0,0
4218,1,0.00011615153524473466,0,0,0,0
4219,1,0.0034052776599863823,0,0,0,0
4220,1,0.0002186716192652744,0,0,0,0
4221,2,0.0069087606079508935,0,0,0,0
4222,2,0.002340194909810301,0,0,0,0
4223,2,0.0016419753339634573,0,0,0,0
4224,1,0.0002791815046919739,0,0,0,0
4225,2,0.0017282725897981048,0,0,0,0
4226,1,0.0017206164134096692,0,0,0,0
4227,1,0.0013983356626358964,0,0,0,0
4228,2,0.0011388149934226735,0,0,0,0
4229,2,0.00226347894977237,0,0,0,0
4230,2,0.0008686168709633877,0,0,0,0
4231,2,0.0026224597970444397,0,0,0,0
4232,1,0.0023218861746062912,0,0,0,0
4233,1,0.0010040293221722386,0,0,0,0
4234,2,0.002941575496921865,0,0,0,0
4235,2,0.004984920534882633,0,0,0,0
4236,2,0.0014430005795922924,7,0,0,0
4237,1,0.0006373915712816822,0,0,0,0
4238,2,0.006569767737976315,0,0,0,0
4239,2,0.006860764221886902,0,0,0,0
4240,2,0.0030006355818424,0,0,0,0
4241,2,0.00686190580402564,0,0,0,0
4242,2,0.002313661422687535,0,0,0,0
4243,2,0.00040597812606062064,0,0,0,0
4244,2,0.0033793021091428435,0,0,0,0
4245,2,0.003873935534824297,0,0,0,0
4246,1,0.00144554946236441,0,0,0,0
4247,2,0.00210439283784429,0,0,0,0
4248,2,0.0015446201573791592,0,0,0,0
4249,2,0.0014552482781486637,0,0,0,0
4250,1,0.0006549500778306405,199,0,0,0
4251,2,0.003751213058269662,0,0,0,0
4252,2,0.0020349128704161674,0,0,0,0
4253,2,0.000616944940213333,0,0,0,0
4254,1,0.0003567264493887831,0,0,0,0
4255,2,0.003234947866605629,0,0,0,0
4256,2,0.0024185142714087935,0,0,0,0
4257,2,0.0009488565459981433,0,0,0,0
4258,1,0.002156180849822752,0,0,0,0
4259,2,0.0008128799005874509,0,0,0,0
4260,2,0.004037678733248819,0,0,0,0
4261,1,0.0009442227312411856,21,0,0,0
4262,2,0.004186244416726738,0,0,0,0
4263,2,0.0018290010297742829,0,0,0,0
4264,2,0.0016898863705525234,0,0,0,0
4265,2,0.002627711599690423,0,0,0,0
4266,2,0.003720363470383773,0,0,0,0
4267,2,0.0027553014457867564,0,0,0,0
4268,2,0.0012992586519726323,0,0,0,0
4269,2,0.0007193779352879567,0,0,0,0
4270,2,0.0030942748680947885,0,0,0,0
4271,2,0.001441690364056082,0,0,0,0
4272,2,0.002072477901968375,0,0,0,0
4273,2,0.0020392569384858257,18,0,0,0
4274,2,0.003270872544152278,0,0,0,0
4275,1,0.001027235459852342,0,0,0,0
4276,2,0.0025899294905002324,0,0,0,0
4277,2,0.0016027180475383714,0,0,0,0
4278,2,0.0022592738363546045,0,0,0,0
4279,1,0.000984759171262899,0,0,0,0
4280,2,0.0016263982454616834,0,0,0,0
4281,2,0.002293694564423909,0,0,0,0
4282,2,0.0033821933982430847,0,0,0,0
4283,1,0.0006479769214275843,0,0,0,0
4284,2,0.00756518054746753,0,0,0,0
4285,2,0.002221876485405306,0,0,0,0
4286,2,0.000836614144377833,0,0,0,0
4287,2,0.0012803860177486716,0,0,0,0
4288,2,0.000548987482170843,0,0,0,0
4289,2,0.002100356032156319,0,0,0,0
4290,2,0.00055159650177098,26,0,0,0
4291,2,0.002469186524179795,0,0,0,0
4292,2,0.0009016642755563862,0,0,0,0
4293,2,0.0018081519456814503,0,0,0,0
4294,2,0.0021640923332465092,0,0,0,0
4295,2,0.0029022292161360883,0,0,0,0
4296,2,0.002225428317363889,0,0,0,0
4297,2,0.0032896254705103785,0,0,0,0
4298,1,0.0012325146545800437,0,0,0,0
4299,2,0.0002802392753303127,0,0,0,0
4300,2,0.0008869603562695496,0,0,0,0
4301,2,0.0015088396576924286,7,0,0,0
4302,2,0.002026882775747707,0,0,0,0
4303,2,0.0016739993261356673,0,0,0,0
4304,2,0.0032765308894993485,0,0,0,0
4305,2,0.002556274776782194,24,0,0,0
4306,2,0.0010581631707569281,0,0,0,0
4307,2,0.004155575715645647,0,0,0,0
4308,2,0.001195730681261854,0,0,0,0
4309,2,0.002607279475851485,0,0,0,0
4310,2,0.0018695006955614442,0,0,0,0
4311,2,0.003848629932005437,0,0,0,0
4312,2,0.0020272224921042475,0,0,0,0
4313,2,0.0037461307541287615,0,0,0,0
4314,2,0.0027875400039785985,0,0,0,0
4315,2,0.0009223484055549124,236,0,0,0
4316,2,0.003326234228500497,0,0,0,0
4317,2,0.0022261813123997053,0,0,0,0
4318,2,0.0035067679335181907,0,0,0,0
4319,2,0.0005655104043009564,0,0,0,0
4320,2,0.002047484578882086,0,0,0,0
4321,2,0.0010241330735945304,0,0,0,0
4322,1,0.005640255549578856,0,0,0,0
4323,2,0.00035443731347222716,0,0,0,0
4324,2,0.0019369143550623574,0,0,0,0
4325,1,0.0008622445671785933,0,0,0,0
4326,2,0.0004337566142175017,0,0,0,0
4327,2,0.0033603822055712452,0,0,0,0
4328,2,0.0030088051217591035,0,0,0,0
4329,2,0.0023834515831602566,0,0,0,0
4330,2,0.002648544046646675,0,0,0,0
4331,2,0.0006825848383130656,0,0,0,0
4332,2,0.0018603742370748963,7,0,0,0
4333,2,0.008384918270939994,7,0,0,0
4334,2,0.001177529180879433,0,0,0,0
4335,2,0.005405828279198425,0,0,0,0
4336,1,0.00017259683390156473,0,0,0,0
4337,1,0.0005389229947081888,0,0,0,0
4338,2,0.003987562733625246,0,0,0,0
4339,2,0.00014294414344238914,0,0,0,0
4340,1,0.0014325660450189644,0,0,0,0
4341,2,0.004049159256765301,0,0,0,0
4342,2,6.813489441649972e-05,0,0,0,0
4343,2,0.0015030279745964934,0,0,0,0
4344,2,0.0020269078179180437,0,0,0,0
4345,2,0.0009832901250038148,0,0,0,0
4346,2,0.0005511259418744693,0,0,0,0
4347,2,0.0008651479219241502,0,0,0,0
4348,2,0.002120267120390262,0,0,0,0
4349,1,0.005989563123109806,0,0,0,0
4350,2,0.007248317342654191,0,0,0,0
4351,2,0.0009610456876477889,0,0,0,0
4352,2,0.003094232304952378,0,0,0,0
4353,1,0.0038518369536763865,0,0,0,0
4354,2,0.002512914089677495,0,0,0,0
4355,2,0.0006464057824622653,0,0,0,0
4356,1,0.00010978142766227967,0,0,0,0
4357,2,0.0012003582769870636,0,0,0,0
4358,2,0.0032870310105569765,0,0,0,0
4359,1,0.0006570200179077594,0,0,0,0
4360,2,0.0007098220243956721,0,0,0,0
4361,2,0.0019303439827132464,0,0,0,0
4362,2,0.0007588332623366247,0,0,0,0
4363,2,0.002733517139995647,0,0,0,0
4364,2,0.0016363052210136785,0,0,0,0
4365,2,0.0030391362841072247,0,0,0,0
4366,2,0.0029554678999777866,0,0,0,0
4367,1,2.184123162066843e-05,0,0,0,0
4368,1,0.0013595620736272743,0,0,0,0
4369,2,0.002838530329458139,0,0,0,0
4370,2,0.0011402720841478355,0,0,0,0
4371,2,0.003425089239119791,0,0,0,0
4372,2,0.0009740026380230997,0,0,0,0
4373,2,0.008955588526535184,0,0,0,0
4374,1,0.002901691621346152,0,0,0,0
4375,2,0.004036698156599214,0,0,0,0
4376,1,8.181462226781949e-05,0,0,0,0
4377,2,0.004093224732087282,0,0,0,0
4378,2,0.005570911522692474,0,0,0,0
4379,2,0.0016870379553647467,0,0,0,0
4380,2,0.0014706540934846454,0,0,0,0
4381,2,0.003466840878308118,0,0,0,0
4382,2,0.0026376477340756925,0,0,0,0
4383,2,0.0016213472696978576,0,0,0,0
4384,2,0.00015784687150973504,0,0,0,0
4385,2,0.0007987887706055762,0,0,0,0
4386,2,0.0017247522629933404,0,0,0,0
4387,2,0.0023670878820325056,0,0,0,0
4388,2,0.0017280743615731868,0,0,0,0
4389,2,0.0026149437101446247,0,0,0,0
4390,2,0.002879463822841528,0,0,0,0
4391,2,0.0031520017887786576,0,0,0,0
4392,2,0.002643127075467109,0,0,0,0
4393,2,0.0022284523203170096,0,0,0,0
4394,2,0.002556750347230518,0,0,0,0
4395,2,0.0003502648840888275,0,0,0,0
4396,2,0.001404271042421263,0,0,0,0
4397,2,0.0034559099751127506,0,0,0,0
4398,1,0.0005942849185409804,0,0,0,0
4399,2,0.0021580253259483786,0,0,0,0
4400,2,0.0020834595093013526,0,0,0,0
4401,2,0.002990942634898957,0,0,0,0
4402,2,0.0012128093890504538,0,0,0,0
4403,2,0.007659174152226574,469,0,0,0
4404,2,0.002407518164062607,0,0,0,0
4405,2,0.0021243022088878244,7,0,0,0
4406,2,0.002848618124500361,0,0,0,0
4407,1,0.003819704942022141,0,0,0,0
4408,2,0.0015654852509944318,0,0,0,0
4409,2,0.002160986736914651,0,0,0,0
4410,2,0.002479731880318959,0,0,0,0
4411,2,0.0019622903488272355,0,0,0,0
4412,2,0.0016261282152656628,0,0,0,0
4413,2,0.004101718732746469,0,0,0,0
4414,1,0.0013648737199736904,0,0,0,0
4415,2,0.0007819521323301372,0,0,0,0
4416,2,0.0034219797093344483,0,0,0,0
4417,2,0.002261530707630326,0,0,0,0
4418,2,0.002260191789316015,0,0,0,0
4419,1,4.6941342470698225e-06,0,0,0,0
4420,2,0.005354932600831223,0,0,0,0
4421,2,0.002196417910543015,0,0,0,0
4422,2,0.0022470563530534006,0,0,0,0
4423,2,0.0016809045769266464,0,0,0,0
4424,2,0.005475078908553311,0,0,0,0
4425,2,0.004324335939771674,0,0,0,0
4426,2,0.0005878317756754433,0,0,0,0
4427,2,0.0029439327343235002,598,0,0,0
4428,2,0.002257217607297209,0,0,0,0
4429,1,0.0006627465349267964,18,0,0,0
4430,2,0.002494491332720489,7,0,0,0
4431,2,0.004074844216221009,0,0,0,0
4432,2,0.0029408955907546134,0,0,0,0
4433,2,0.005781498567337108,0,0,0,0
4434,2,0.0024098360245402737,0,0,0,0
4435,2,0.003467741864866226,0,0,0,0
4436,2,0.0021967872338697152,18,0,0,0
4437,2,0.0009560999453555913,0,0,0,0
4438,2,0.0031333167805236415,0,0,0,0
4439,2,0.0029180444675164616,0,0,0,0
4440,2,0.0014199489853972864,0,0,0,0
4441,2,0.003711149435132796,0,0,0,0
4442,2,0.0029317424288531515,0,0,0,0
4443,2,0.0026776326706157206,0,0,0,0
4444,1,0.0019970894715400493,0,0,0,0
4445,2,0.002376829999367504,0,0,0,0
4446,2,0.00047384954291405983,0,0,0,0
4447,2,0.002621366843072881,0,0,0,0
4448,2,0.001524323187155515,0,0,0,0
4449,2,0.0020816399177240384,0,0,0,0
4450,2,0.0018532525063490477,0,0,0,0
4451,2,0.006765329637621068,254,0,0,0
4452,2,0.0006969508447528884,0,0,0,0
4453,2,0.0018865438936091434,0,0,0,0
4454,2,0.0008663453748308924,0,0,0,0
4455,2,0.0015878820799132924,0,0,0,0
4456,2,0.001617891298770523,0,0,0,0
4457,1,0.0026015445615058647,0,0,0,0
4458,2,0.0007722370152684775,0,0,0,0
4459,2,0.0010779623263766599,0,0,0,0
4460,2,0.006059824453202109,0,0,0,0
4461,1,0.0002833966895996005,0,0,0,0
4462,2,0.002965805834909188,0,0,0,0
4463,2,0.0016830644826752491,0,0,0,0
4464,1,0.0004954379503638563,0,0,0,0
4465,2,0.000296073826255075,0,0,0,0
4466,2,0.004391021604472566,0,0,0,0
4467,1,0.00030395957956835156,0,0,0,0
4468,2,0.001085321332126839,0,0,0,0
4469,2,0.00043186094149627396,0,0,0,0
4470,2,0.006334864431731168,0,0,0,0
4471,1,0.0011616561242892942,0,0,0,0
4472,2,0.004508880313445007,0,0,0,0
4473,2,0.0062540449316405315,0,0,0,0
4474,2,0.0026830630646311224,0,0,0,0
4475,2,0.00458277451547143,0,0,0,0
4476,2,0.0009171343765076625,0,0,0,0
4477,1,0.0024634147511108217,0,0,0,0
4478,2,0.001206239891368868,0,0,0,0
4479,2,0.002241002186899883,0,0,0,0
4480,2,0.0015855567671761701,0,0,0,0
4481,2,0.0058334773129612785,0,0,0,0
4482,2,0.0035990718328308066,0,0,0,0
4483,2,0.004023503155549419,0,0,0,0
4484,1,4.0437481665627155e-05,0,0,0,0
4485,1,0.0003810742308318149,0,0,0,0
4486,2,0.002842797792631538,0,0,0,0
4487,2,0.0005866587423163381,0,0,0,0
4488,2,0.002526978152147366,0,0,0,0
4489,2,0.006184468539921807,0,0,0,0
4490,2,0.002927618981121106,0,0,0,0
4491,1,0.0020041057901033625,0,0,0,0
4492,2,0.0009255793824867064,0,0,0,0
4493,2,0.006093465375649242,0,0,0,0
4494,2,0.001634724555429582,39,0,0,0
4495,2,0.0041044056793656716,0,0,0,0
4496,2,0.0018753603799536512,0,0,0,0
4497,2,0.0026594896100520225,0,0,0,0
4498,2,0.0014106700877582201,0,0,0,0
4499,2,0.005682358203254682,0,0,0,0
4500,2,0.002127643243178909,0,0,0,0
4501,2,0.005135068427714139,0,0,0,0
4502,2,0.0017779072003968298,0,0,0,0
4503,2,0.002095380079982867,0,0,0,0
4504,2,0.0019708072262692865,0,0,0,0
4505,1,0.0006679323372476258,0,0,0,0
4506,2,0.0021677331884007926,0,0,0,0
4507,2,0.0017755942563295463,61,0,0,0
4508,2,0.0017052510514036754,0,0,0,0
4509,2,0.006619345255406034,0,0,0,0
4510,2,0.0009782960687283759,0,0,0,0
4511,2,0.004224733423433131,0,0,0,0
4512,2,0.001740265982464465,0,0,0,0
4513,1,0.0012014853218179006,0,0,0,0
4514,2,0.0007571117365933895,0,0,0,0
4515,1,0.0023990518252398284,0,0,0,0
4516,2,0.002066483464879668,0,0,0,0
4517,1,0.003176059206234939,0,0,0,0
4518,1,0.006315684317708463,0,0,0,0
4519,2,0.0024447323172881175,0,0,0,0
4520,2,0.005165666099379989,0,0,0,0
4521,2,0.004936581677459653,0,0,0,0
4522,1,0.0012931879102948062,0,0,0,0
4523,2,0.001804432123527763,0,0,0,0
4524,2,0.00037689982962629197,0,0,0,0
4525,2,0.0029030229611953736,0,0,0,0
4526,1,0.0007024174830334082,0,0,0,0
4527,2,0.004175397838138464,0,0,0,0
4528,1,0.00014419752508280768,0,0,0,0
4529,2,0.002040236501332168,0,0,0,0
4530,2,0.004611349540693668,15,0,0,0
4531,2,0.0017650667435825669,0,0,0,0
4532,2,0.001258887717678228,0,0,0,0
4533,2,0.001348610359525617,0,0,0,0
4534,2,0.002821854510146954,0,0,0,0
4535,1,0.0003296427629894522,0,0,0,0
4536,2,0.0006548642761136829,0,0,0,0
4537,2,0.004079914681509198,0,0,0,0
4538,2,0.001426093398601903,0,0,0,0
4539,2,0.002749993186686422,0,0,0,0
4540,2,0.0011743628882741857,0,0,0,0
4541,2,0.0012919974499898507,0,0,0,0
4542,2,0.0006889597986972367,0,0,0,0
4543,2,0.0002818886486131006,0,0,0,0
4544,2,0.004241273510748952,0,0,0,0
4545,2,0.00600015763646988,0,0,0,0
4546,2,0.004881292954068503,0,0,0,0
4547,2,0.006113315858016753,0,0,0,0
4548,2,0.006368289725482297,0,0,0,0
4549,2,0.002225385556858254,0,0,0,0
4550,1,0.002290790482380304,0,0,0,0
4551,2,0.0025369158814191424,0,0,0,0
4552,2,0.0007987262658980797,0,0,0,0
4553,2,0.0014831954961447775,0,0,0,0
4554,1,9.388637745227789e-05,0,0,0,0
4555,2,0.0035097685189958744,0,0,0,0
4556,2,0.0024523430403511227,0,0,0,0
4557,2,0.0012445614072892947,0,0,0,0
4558,2,0.0005304669910044065,0,0,0,0
4559,2,0.003612908155573376,0,0,0,0
4560,2,0.0019032156481190291,0,0,0,0
4561,2,0.001695192547959732,0,0,0,0
4562,2,0.0027666952916219887,0,0,0,0
4563,2,0.0010532942504225002,0,0,0,0
4564,2,0.0023868145316944924,0,0,0,0
4565,2,0.0014515082457927165,0,0,0,0
4566,2,0.002692320773498542,0,0,0,0
4567,2,0.0026574134406173676,0,0,0,0
4568,2,0.007350756754071889,0,0,0,0
4569,2,0.00034711842526714625,0,0,0,0
4570,2,0.00500977491646714,0,0,0,0
4571,2,0.0004931142839844384,0,0,0,0
4572,2,0.0047883216767668005,7,0,0,0
4573,2,0.0029733861496249827,0,0,0,0
4574,2,0.00015205619037781109,0,0,0,0
4575,2,0.0007323735627300516,0,0,0,0
4576,2,0.0020902600507232824,0,0,0,0
4577,2,0.0018400909651003798,0,0,0,0
4578,2,0.0014252477167729,0,0,0,0
4579,2,0.003473137560819424,0,0,0,0
4580,2,0.0013798191978591683,0,0,0,0
4581,2,0.0009166568051794654,0,0,0,0
4582,2,0.004307902089210983,0,0,0,0
4583,2,0.0020689290772769437,0,0,0,0
4584,2,0.0020786298905762233,0,0,0,0
4585,2,0.001796102225786499,0,0,0,0
4586,1,0.0016107627511720614,0,0,0,0
4587,2,0.0029754397282644187,0,0,0,0
4588,2,0.006193569491410693,0,0,0,0
4589,2,0.0013360242348751637,0,0,0,0
4590,2,0.0025186415823593147,0,0,0,0
4591,2,0.002245005352183972,0,0,0,0
4592,2,0.007005662437841589,0,0,0,0
4593,2,0.0013265356437444642,0,0,0,0
4594,2,0.0008686477715202091,0,0,0,0
4595,2,0.0005202953280064698,0,0,0,0
4596,2,0.003110840078241264,0,0,0,0
4597,1,0.00027275578659736847,0,0,0,0
4598,2,0.007065068084136212,0,0,0,0
4599,2,0.0015678569586479614,0,0,0,0
4600,2,0.0016901352159439005,0,0,0,0
4601,1,0.0022961398216678145,0,0,0,0
4602,2,0.0033561760293779924,0,0,0,0
4603,2,0.0027859007477924404,0,0,0,0
4604,2,0.006326772148971097,0,0,0,0
4605,2,0.005203575981986469,0,0,0,0
4606,2,0.002211203645843469,0,0,0,0
4607,2,0.002839860327352003,0,0,0,0
4608,2,0.001032856138186837,0,0,0,0
4609,1,0.0007133682044562173,0,0,0,0
4610,2,0.009231262480238473,0,0,0,0
4611,2,0.004161516160745716,0,0,0,0
4612,2,0.005489918530583688,0,0,0,0
4613,2,0.0005800205589300446,15,0,0,0
4614,2,0.0006756880045368999,0,0,0,0
4615,1,0.0009926828510104728,7,0,0,0
4616,2,0.004356942242726405,0,0,0,0
4617,2,0.0008822419742313878,0,0,0,0
4618,1,0.00013860464045282472,0,0,0,0
4619,2,0.0032544149062925984,0,0,0,0
4620,2,0.0035018712217527196,0,0,0,0
4621,2,0.003700889136208094,0,0,0,0
4622,2,0.0032647302852021258,0,0,0,0
4623,2,0.00017287704206250926,0,0,0,0
4624,2,0.0008310691695803366,0,0,0,0
4625,2,0.002953851456681175,0,0,0,0
4626,2,0.0002263940387155664,0,0,0,0
4627,2,0.00092204291100705,0,0,0,0
4628,2,0.004834449064135232,23,0,0,0
4629,2,0.0021244868544244683,0,0,0,0
4630,2,0.00404187443295368,171,0,0,0
4631,2,0.0025526591001532014,0,0,0,0
4632,2,0.001289142987447312,0,0,0,0
4633,2,0.00031084586465354,0,0,0,0
4634,2,0.0039986590206203265,0,0,0,0
4635,2,0.0008026767241782846,0,0,0,0
4636,2,0.002106385163818281,404,0,0,0
4637,1,0.0009503919285254663,0,0,0,0
4638,2,0.0031804627871268656,0,0,0,0
4639,1,0.00646658072301275,0,0,0,0
4640,2,0.00042138210408052153,0,0,0,0
4641,2,0.0019315019596737727,0,0,0,0
4642,1,0.00021901726044280164,0,0,0,0
4643,2,0.0012432596087597599,0,0,0,0
4644,2,0.0013762142591831454,0,0,0,0
4645,2,0.004163712204654684,0,0,0,0
4646,2,0.0025847812601650223,0,0,0,0
4647,2,0.0015271746138589763,0,0,0,0
4648,2,0.0007165097888780012,0,0,0,0
4649,2,0.0014719025701356993,0,0,0,0
4650,2,0.0018382041953195038,0,0,0,0
4651,2,0.0022945612881552584,0,0,0,0
4652,2,0.008971376135152417,0,0,0,0
4653,2,0.004765788209329815,0,0,0,0
4654,2,0.003534301023732385,0,0,0,0
4655,1,0.0001774608231694998,0,0,0,0
4656,2,0.002099832517657195,0,0,0,0
4657,2,0.004348153288988902,0,0,0,0
4658,2,0.0015327590398454814,0,0,0,0
4659,2,0.002552178441203824,7,0,0,0
4660,2,0.004592551870124061,0,0,0,0
4661,1,0.0006902967026459749,0,0,0,0
4662,2,0.0010971164578272576,0,0,0,0
4663,2,0.001434577605743763,0,0,0,0
4664,2,0.001434481735973341,0,0,0,0
4665,2,0.001767469153306863,0,0,0,0
4666,2,0.0007308585127999836,0,0,0,0
4667,2,0.003995034371532052,0,0,0,0
4668,2,0.001977774569275539,0,0,0,0
4669,2,0.0008441204651914628,0,0,0,0
4670,2,0.0021067546361545043,0,0,0,0
4671,2,0.0011452371184705414,0,0,0,0
4672,2,0.0026490882170474026,0,0,0,0
4673,2,0.002772330011478095,0,0,0,0
4674,1,0.0030044816519184925,0,0,0,0
4675,2,0.0005185111396920522,0,0,0,0
4676,2,0.004844377553429966,0,0,0,0
4677,2,0.006570634975335213,0,0,0,0
4678,1,1.509197063940403e-05,0,0,0,0
4679,1,0.000936954003762531,0,0,0,0
4680,2,0.0012217024839981084,0,0,0,0
4681,1,0.00033063762322310864,0,0,0,0
4682,2,0.009266354067071724,0,0,0,0
4683,2,0.003093814804030648,0,0,0,0
4684,2,0.004962398888686643,0,0,0,0
4685,1,0.0008234774631555781,0,0,0,0
4686,2,0.0011496419729038478,0,0,0,0
4687,2,0.0009479746178324397,0,0,0,0
4688,2,0.0007970552729377297,7,0,0,0
4689,2,0.0018062906640379955,0,0,0,0
4690,2,0.001639091098913622,0,0,0,0
4691,1,0.0012818182791342833,0,0,0,0
4692,2,0.0027525479008491645,0,0,0,0
4693,2,0.0014307363593976934,0,0,0,0
4694,2,0.003802997985126484,0,0,0,0
4695,1,0.0010649553195447477,0,0,0,0
4696,1,0.003998833896403941,0,0,0,0
4697,2,0.0018007413516277313,0,0,0,0
4698,2,0.0024615861775377306,0,0,0,0
4699,1,0.0018834457977627908,0,0,0,0
4700,2,0.0007722540992954603,0,0,0,0
4701,2,0.0005001911600007042,0,0,0,0
4702,2,0.0009576117315411059,0,0,0,0
4703,1,0.0012274555446340001,0,0,0,0
4704,2,0.00640144060364041,0,0,0,0
4705,2,0.003721473362348027,0,0,0,0
4706,2,0.004048180430496101,0,0,0,0
4707,2,0.0005182386481822203,0,0,0,0
4708,1,0.0005542359925779488,0,0,0,0
4709,2,0.0038458502672561908,0,0,0,0
4710,2,0.015873985967790216,554,0,0,0
4711,2,0.0025570296857469485,0,0,0,0
4712,2,0.002660735102439501,0,0,0,0
4713,2,0.002386063438722586,0,0,0,0
4714,2,0.0050678868239092964,0,0,0,0
4715,2,0.004478906560935069,0,0,0,0
4716,2,0.0033795389175503253,0,0,0,0
4717,1,0.0004846396829206617,0,0,0,0
4718,2,0.0024739467136444004,0,0,0,0
4719,1,0.0003690725821120264,0,0,0,0
4720,2,0.00814269897973935,0,0,0,0
4721,2,0.005751551181592443,83,0,0,0
4722,2,0.0029465559090279298,376,0,0,0
4723,2,0.001539679990905169,0,0,0,0
4724,2,0.0032912897501654196,0,0,0,0
4725,2,0.002487640410603002,0,0,0,0
4726,2,0.0013625724076406344,0,0,0,0
4727,2,0.003949025765794298,0,0,0,0
4728,2,0.0040175430605713155,0,0,0,0
4729,2,0.003029187054741331,0,0,0,0
4730,2,0.0005661640451893669,0,0,0,0
4731,1,0.00012165975957908945,0,0,0,0
4732,2,0.00033794660063630495,0,0,0,0
4733,1,0.000447249633044575,0,0,0,0
4734,2,0.0018727575857328195,0,0,0,0
4735,1,0.0020732662950784047,0,0,0,0
4736,2,0.0012008823109141717,0,0,0,0
4737,1,0.000394934165927496,0,0,0,0
4738,2,0.003512758833451448,0,0,0,0
4739,1,0.0010808185594083262,0,0,0,0
4740,2,0.005179649076307462,0,0,0,0
4741,2,0.002733675911664399,0,0,0,0
4742,2,0.0009712344564297756,0,0,0,0
4743,1,0.0011143538560620394,0,0,0,0
4744,2,0.003269124858308659,0,0,0,0
4745,2,0.008541747602610627,0,0,0,0
4746,2,0.0004147173091728149,0,0,0,0
4747,2,0.002859838175820915,0,0,0,0
4748,2,0.001978139807064758,0,0,0,0
4749,2,0.004589028903538955,0,0,0,0
4750,2,0.0008880896694829691,0,0,0,0
4751,2,0.0018656896534394135,0,0,0,0
4752,2,0.0016600877130978611,0,0,0,0
4753,2,0.0014559520392402236,0,0,0,0
4754,2,0.0014427717117292621,0,0,0,0
4755,2,0.0014265679403718326,0,0,0,0
4756,2,0.003268406290739518,0,0,0,0
4757,2,0.004431435995515689,0,0,0,0
4758,2,0.002056800051125069,0,0,0,0
4759,1,0.0020578385873080514,0,0,0,0
4760,2,0.000363211405815205,0,0,0,0
4761,2,0.004693065621074889,0,0,0,0
4762,2,0.002311853578832216,0,0,0,0
4763,1,0.00023653054317921635,60,0,0,0
4764,2,0.0013888794829788464,7,0,0,0
4765,2,0.0016899243632883855,0,0,0,0
4766,2,0.0035308259616248098,0,0,0,0
4767,2,0.003096515431810641,0,0,0,0
4768,2,0.004675858275945107,0,0,0,0
4769,2,0.0026546420812238614,0,0,0,0
4770,2,0.003102906226640202,0,0,0,0
4771,1,0.0007158602012089913,0,0,0,0
4772,1,0.0003656481927210047,0,0,0,0
4773,2,0.0013391783472311942,0,0,0,0
4774,2,0.0006611827573436571,0,0,0,0
4775,2,0.006776293676543438,0,0,0,0
4776,2,0.0015639585946308461,0,0,0,0
4777,2,0.0037125990510705454,0,0,0,0
4778,2,0.0015546065699137657,0,0,0,0
4779,2,0.005384056682592186,0,0,0,0
4780,2,0.0008616179065759979,0,0,0,0
4781,2,0.004658941309072981,0,0,0,0
4782,2,0.0031537834164491302,0,0,0,0
4783,2,0.0018722076070759631,0,0,0,0
4784,2,0.002930572047623191,0,0,0,0
4785,1,0.0025004391043008008,0,0,0,0
4786,2,0.0009261724286521405,0,0,0,0
4787,1,0.0009235243827477414,0,0,0,0
4788,2,0.00016636027784913357,25,0,0,0
4789,2,0.003130583008810412,0,0,0,0
4790,2,0.002859459583898649,0,0,0,0
4791,2,0.0020445797069560435,0,0,0,0
4792,1,0.001681748516525182,0,0,0,0
4793,2,0.005353139530749999,0,0,0,0
4794,2,0.0021241610426491987,0,0,0,0
4795,2,0.002862009615076081,0,0,0,0
4796,2,0.0024259607808512496,0,0,0,0
4797,1,0.0012907674958952122,7,0,0,0
4798,2,0.003555570992551379,0,0,0,0
4799,1,0.002094393007406995,0,0,0,0
4800,2,0.0012226117329425421,0,0,0,0
4801,2,0.003165142193519752,0,0,0,0
4802,2,0.00222652934931852,0,0,0,0
4803,2,0.0009345518814768855,0,0,0,0
4804,2,0.002046481752776663,0,0,0,0
4805,2,0.007005498079827934,0,0,0,0
4806,2,0.001921817699332299,0,0,0,0
4807,2,0.0011352585241036419,0,0,0,0
4808,2,0.0013831514076399942,0,0,0,0
4809,2,0.0019494640861961662,0,0,0,0
4810,2,0.0002443844690902475,0,0,0,0
4811,2,0.0015471769046750317,0,0,0,0
4812,2,0.00513022844255869,0,0,0,0
4813,2,0.0005452525634934436,0,0,0,0
4814,2,0.0006123036464550717,29,0,0,0
4815,2,0.006553542494555384,0,0,0,0
4816,1,0.0002884915463708963,0,0,0,0
4817,2,0.0005297865406047921,0,0,0,0
4818,2,0.001987521026045747,39,0,0,0
4819,2,0.0012404267353318616,0,0,0,0
4820,2,0.0006614950065357408,0,0,0,0
4821,2,0.0022422996746363083,0,0,0,0
4822,2,0.0020326510973648925,0,0,0,0
4823,2,0.00019801251410736225,0,0,0,0
4824,2,0.0008070088843527126,0,0,0,0
4825,2,0.0034714088187078026,0,0,0,0
4826,2,0.0028005468165492927,0,0,0,0
4827,1,0.0005006155510363271,7,0,0,0
4828,2,0.004180281317779901,0,0,0,0
4829,2,0.004297684613621787,0,0,0,0
4830,2,0.004993463064544428,0,0,0,0
4831,2,0.0033240979224611186,0,0,0,0
4832,2,0.0030836660283084746,0,0,0,0
4833,2,0.0016153278179147303,0,0,0,0
4834,2,0.001899417442716475,0,0,0,0
4835,2,0.0011372008506631026,0,0,0,0
4836,2,0.006704398646206989,0,0,0,0
4837,2,0.0004860573547717144,0,0,0,0
4838,2,0.009274364342643957,229,0,0,0
4839,2,0.006123867511196736,0,0,0,0
4840,2,0.0006868336355634583,0,0,0,0
4841,2,0.0036190711655472744,0,0,0,0
4842,2,0.002752579148430388,0,0,0,0
4843,2,0.00035611076486290666,0,0,0,0
4844,2,4.716645121506671e-05,0,0,0,0
4845,1,0.0013976296112519888,0,0,0,0
4846,2,0.0037014934358702138,0,0,0,0
4847,2,0.001057376103952532,0,0,0,0
4848,2,0.00517889803599545,0,0,0,0
4849,2,0.0032106837141807065,0,0,0,0
4850,2,0.001400204959613978,0,0,0,0
4851,2,0.0013616432997867038,0,0,0,0
4852,2,0.0019008374008602019,0,0,0,0
4853,2,0.0021127437281772874,0,0,0,0
4854,2,0.001670844017647228,0,0,0,0
4855,2,0.002091291594049251,0,0,0,0
4856,2,0.0011869683199525925,0,0,0,0
4857,2,0.0006544442264165921,0,0,0,0
4858,2,0.004585304174508049,0,0,0,0
4859,1,0.005746931226950163,0,0,0,0
4860,2,0.0010698132192044285,0,0,0,0
4861,2,0.00035852327178164734,0,0,0,0
4862,2,0.003121778920918784,0,0,0,0
4863,2,0.0030338490190677876,0,0,0,0
4864,2,0.000650407939116021,0,0,0,0
4865,2,0.0013240870121168417,0,0,0,0
4866,2,0.0011663553346676898,0,0,0,0
4867,2,0.0023458814381312107,0,0,0,0
4868,2,0.003333069294277425,0,0,0,0
4869,2,0.0031931735832695027,0,0,0,0
4870,2,0.0010096731431764215,0,0,0,0
4871,2,0.0003860511246373737,0,0,0,0
4872,2,0.0019120537923775459,0,0,0,0
4873,2,0.0042763802085641275,0,0,0,0
4874,2,0.0013075013219721596,0,0,0,0
4875,1,0.001294665058072891,0,0,0,0
4876,2,0.003701196898565424,0,0,0,0
4877,2,0.0011951217556920152,0,0,0,0
4878,2,0.0009795909452612699,0,0,0,0
4879,2,0.001440768119103859,0,0,0,0
4880,2,0.004240798169238285,0,0,0,0
4881,2,0.0027789065405237705,0,0,0,0
4882,2,0.0028686119278437372,0,0,0,0
4883,2,0.0015815357756282246,0,0,0,0
4884,2,0.0015839167157916242,0,0,0,0
4885,2,0.00456265288103265,0,0,0,0
4886,2,0.0017976376932588934,0,0,0,0
4887,1,0.0009564334399076277,0,0,0,0
4888,2,0.001732257759491355,0,0,0,0
4889,2,0.002742891407494253,0,0,0,0
4890,2,0.0018578208473063436,0,0,0,0
4891,2,0.0019055888221778461,0,0,0,0
4892,2,0.0023034779466087098,0,0,0,0
4893,2,0.0015158548148797464,0,0,0,0
4894,2,0.0007593886121953255,0,0,0,0
4895,2,0.0011066884148617873,0,0,0,0
4896,1,0.00019972535248230687,0,0,0,0
4897,2,0.0002289973391092625,0,0,0,0
4898,2,0.0012652208088800557,0,0,0,0
4899,2,0.005359624931016422,0,0,0,0
4900,2,0.0033216599264552613,0,0,0,0
4901,2,0.0020335629351317486,0,0,0,0
4902,2,0.001392984492388508,0,0,0,0
4903,2,0.006554056707303819,0,0,0,0
4904,2,0.0023955365290782935,18,0,0,0
4905,2,0.003281020454386809,0,0,0,0
4906,2,0.0014571301294890539,0,0,0,0
4907,2,0.004948196492913655,0,0,0,0
4908,2,0.0008366739741992085,0,0,0,0
4909,2,0.0023901788209514563,0,0,0,0
4910,1,0.0011752547620564875,0,0,0,0
4911,2,0.002377869412587815,0,0,0,0
4912,2,0.001752148639943421,0,0,0,0
4913,2,0.001466363992321796,0,0,0,0
4914,1,0.002621148088824701,0,0,0,0
4915,2,0.0010810953867173977,0,0,0,0
4916,2,0.0016886391427531123,0,0,0,0
4917,2,0.0019983873270970026,0,0,0,0
4918,2,0.00795478349143754,0,0,0,0
4919,2,0.0012484896876475207,0,0,0,0
4920,2,0.004739869536248707,0,0,0,0
4921,2,0.0013035336332439787,0,0,0,0
4922,2,0.0023596040207988405,0,0,0,0
4923,2,0.00338268737209998,0,0,0,0
4924,1,0.0010166817392021884,0,0,0,0
4925,2,0.0031189618455066347,0,0,0,0
4926,2,0.0019782058819736137,0,0,0,0
4927,2,0.0038524351642275287,0,0,0,0
4928,2,0.0003331215867989846,0,0,0,0
4929,2,0.00040777702032016386,0,0,0,0
4930,2,0.005575685194014651,0,0,0,0
4931,2,0.0021515570613327207,0,0,0,0
4932,2,0.00237897365416753,0,0,0,0
4933,2,0.0029486542539734154,0,0,0,0
4934,2,0.003368052877242452,0,0,0,0
4935,2,0.0036460527988315524,0,0,0,0
4936,1,0.002150962165479965,0,0,0,0
4937,2,0.003470664707836779,0,0,0,0
4938,2,0.002150090246752482,46,0,0,0
4939,2,0.0008948116709973098,0,0,0,0
4940,2,0.0027964364641783323,0,0,0,0
4941,2,0.0008038521898957785,0,0,0,0
4942,1,0.0008984582249893581,7,0,0,0
4943,2,0.0013993351270707092,0,0,0,0
4944,2,0.0016785276822813035,0,0,0,0
4945,2,0.0016474002340414696,0,0,0,0
4946,2,0.0013075570888611782,0,0,0,0
4947,2,0.0009654600377137007,0,0,0,0
4948,1,0.0017679154697330612,0,0,0,0
4949,2,0.001357875797665963,0,0,0,0
4950,2,0.0014713149017602687,0,0,0,0
4951,1,0.003926103278403163,0,0,0,0
4952,1,0.00012719553671396188,0,0,0,0
4953,1,0.0013000262507406946,0,0,0,0
4954,2,0.0007257757397485118,0,0,0,0
4955,2,0.0006789241153336102,0,0,0,0
4956,2,0.005603375913485098,0,0,0,0
4957,2,0.0014239341377732244,0,0,0,0
4958,2,0.003290093137543239,0,0,0,0
4959,2,0.0006110559497734618,0,0,0,0
4960,2,0.001813517859573054,0,0,0,0
4961,2,0.0008376480951268972,0,0,0,0
4962,2,0.0010473207696785627,0,0,0,0
4963,2,0.004259741812010171,0,0,0,0
4964,2,0.0036543208708439334,0,0,0,0
4965,1,0.0005826176741926855,0,0,0,0
4966,2,0.001418103064372999,7,0,0,0
4967,2,0.000989921583805347,0,0,0,0
4968,2,0.002639418575327967,0,0,0,0
4969,2,0.0011091008697839838,0,0,0,0
4970,1,0.0022666965146886254,0,0,0,0
4971,2,0.003738339708333675,197,0,0,0
4972,2,0.0020092400805359865,0,0,0,0
4973,2,0.0016536835278857648,0,0,0,0
4974,2,0.0022709420328541003,0,0,0,0
4975,2,0.0014339803876717908,0,0,0,0
4976,2,0.002193101156110076,0,0,0,0
4977,1,0.0009097925363162531,7,0,0,0
4978,1,0.0005716768790022244,0,0,0,0
4979,2,0.0022834605174469292,0,0,0,0
4980,2,0.00014764562401671586,0,0,0,0
4981,2,0.00325016144838905,0,0,0,0
4982,1,0.00035058879888863595,0,0,0,0
4983,2,0.0042572855900303375,0,0,0,0
4984,2,0.000889955814223425,0,0,0,0
4985,2,0.0016667892589781708,0,0,0,0
4986,2,0.0009596197548792681,0,0,0,0
4987,1,0.0003584002961181467,0,0,0,0
4988,2,0.0013900617165162365,0,0,0,0
4989,2,0.004236128897352731,0,0,0,0
4990,2,0.004639419328829383,0,0,0,0
4991,1,0.0019411380455156724,0,0,0,0
4992,2,0.0036244859107448096,0,0,0,0
4993,2,0.0025587052868885313,0,0,0,0
4994,2,0.0009167855934246392,0,0,0,0
4995,2,0.0007917606375869708,0,0,0,0
4996,2,0.0051518111570612824,19,0,0,0
4997,2,0.0017905902432522288,0,0,0,0
4998,2,0.002399756804755447,0,0,0,0
4999,2,0.0022621215572971843,0,0,0,0
5000,2,0.002473663201686231,0,0,0,0
5001,2,0.00027309610491127597,0,0,0,0
5002,2,0.0014517647563708623,0,0,0,0
5003,2,0.0011147368398752107,0,0,0,0
5004,2,0.00222620141824577,0,0,0,0
5005,2,0.005045323759839149,0,0,0,0
5006,2,0.002032422011685317,0,0,0,0
5007,2,0.005107103974779475,0,0,0,0
5008,2,0.004902381152548683,0,0,0,0
5009,2,0.0010452879813558622,0,0,0,0
5010,1,0.0012828594823011373,0,0,0,0
5011,2,0.0032447799191043254,0,0,0,0
5012,2,0.0006924648263319167,0,0,0,0
5013,2,0.001977281599930212,0,0,0,0
5014,2,0.0019725719564636143,0,0,0,0
5015,2,0.00024219872858230067,0,0,0,0
5016,2,0.0022338299562568746,0,0,0,0
5017,2,0.0011582750486068736,0,0,0,0
5018,1,0.0011077648952395299,0,0,0,0
5019,2,0.0007510269890972469,0,0,0,0
5020,2,0.001917112743376928,0,0,0,0
5021,2,0.0022088075420867736,0,0,0,0
5022,2,0.0010708453219470848,0,0,0,0
5023,1,0.004361418892954315,0,0,0,0
5024,1,5.740755420667508e-05,0,0,0,0
5025,1,0.0003461655635191381,0,0,0,0
5026,2,0.0009851711317403996,7,0,0,0
5027,2,0.004142642461351064,0,0,0,0
5028,2,0.001975435621996285,0,0,0,0
5029,2,0.003613022111511836,0,0,0,0
5030,2,0.0006053739908731155,0,0,0,0
5031,1,0.0006463213404717997,0,0,0,0
5032,2,0.003036479187419157,0,0,0,0
5033,2,0.0033192808157282605,0,0,0,0
5034,2,0.0006887455352336365,0,0,0,0
5035,1,0.001024572919785708,0,0,0,0
5036,2,0.0008186424235020674,0,0,0,0
5037,2,0.0025737721487536663,0,0,0,0
5038,2,0.0007053343748728389,0,0,0,0
5039,1,0.0003226343650393827,0,0,0,0
5040,2,0.0009233772678038292,0,0,0,0
5041,2,0.0067996916342481185,0,0,0,0
5042,2,0.0032568994243448394,0,0,0,0
5043,2,0.002181875386403834,0,0,0,0
5044,2,0.001575320492226379,0,0,0,0
5045,2,0.008074744729406266,0,0,0,0
5046,2,0.003418648211672104,0,0,0,0
5047,2,0.0060077540321148235,0,0,0,0
5048,2,0.0005372283878881031,0,0,0,0
5049,2,0.0013917138204611037,0,0,0,0
5050,2,0.0020192210627218506,0,0,0,0
5051,2,0.0026496030580260904,0,0,0,0
5052,2,0.0005299772019979284,0,0,0,0
5053,2,0.000311203530847646,0,0,0,0
5054,2,0.005265707401689161,0,0,0,0
5055,2,0.00047045589442573605,0,0,0,0
5056,1,0.0035552151377443992,0,0,0,0
5057,2,0.0033890357672404807,0,0,0,0
5058,2,0.0009148888393117623,0,0,0,0
5059,2,0.0014474637488060204,0,0,0,0
5060,2,0.0018107717350324805,0,0,0,0
5061,2,0.000448133936711084,0,0,0,0
5062,2,0.001831584518372007,0,0,0,0
5063,2,0.0020751539877286863,0,0,0,0
5064,2,0.0024337821496093095,0,0,0,0
5065,1,0.0005444329745666709,0,0,0,0
5066,2,0.004879721857658558,0,0,0,0
5067,1,0.00029199664017905483,0,0,0,0
5068,2,0.0015955809070198972,0,0,0,0
5069,2,0.0026841177148192044,0,0,0,0
5070,2,0.0018889609708424957,0,0,0,0
5071,1,0.0005237818701535313,7,0,0,0
5072,2,0.00199927129919073,0,0,0,0
5073,2,0.002841075195899942,0,0,0,0
5074,1,0.002256886003878681,0,0,0,0
5075,2,0.002718100966334598,0,0,0,0
5076,2,0.003953618674688114,0,0,0,0
5077,2,0.002533452974522183,0,0,0,0
5078,2,0.0012058486257126998,0,0,0,0
5079,2,0.0008383108855075159,0,0,0,0
5080,2,0.0022963904841857645,0,0,0,0
5081,2,0.0021347188545465657,0,0,0,0
5082,1,0.00016825068999650088,0,0,0,0
5083,2,0.00047388015862890443,0,0,0,0
5084,1,0.005703170597125753,0,0,0,0
5085,2,0.002543434117660231,0,0,0,0
5086,2,0.0032451586902082635,0,0,0,0
5087,2,0.0013654212883630445,0,0,0,0
5088,2,0.0029932573627190384,0,0,0,0
5089,2,0.0006001639385204423,0,0,0,0
5090,2,0.0009376870885340246,0,0,0,0
5091,2,0.007079918797227485,0,0,0,0
5092,1,0.00044468607974168484,0,0,0,0
5093,2,0.0011572024438637407,0,0,0,0
5094,2,0.0015701584086686687,0,0,0,0
5095,1,0.0016022455363859298,0,0,0,0
5096,2,0.002408408265539116,0,0,0,0
5097,2,0.0031052621980615825,0,0,0,0
5098,2,0.0050138606084845685,631,0,0,0
5099,2,0.001581041759487117,0,0,0,0
5100,2,0.0009703926590144011,0,0,0,0
5101,2,0.002923229693282692,0,0,0,0
5102,2,0.0025526676348261823,0,0,0,0
5103,2,0.004588121548283924,0,0,0,0
5104,2,0.0012478972156884198,0,0,0,0
5105,2,0.001450447143722512,0,0,0,0
5106,2,0.0029816750987247485,0,0,0,0
5107,2,0.006390221154169655,0,0,0,0
5108,2,0.0023435092905633556,0,0,0,0
5109,2,0.001713242890723471,0,0,0,0
5110,2,0.00041124622495263767,0,0,0,0
5111,2,0.0024276143495168016,0,0,0,0
5112,2,0.002000070952720178,0,0,0,0
5113,2,0.00023228873806061096,0,0,0,0
5114,1,0.0006158473078342479,0,0,0,0
5115,2,0.0026435277018658923,0,0,0,0
5116,1,8.906719016048382e-06,0,0,0,0
5117,2,0.004800208599294337,0,0,0,0
5118,2,0.0016012095702721504,0,0,0,0
5119,2,0.0008686953345548263,0,0,0,0
5120,2,0.0014706066729680079,0,0,0,0
5121,2,0.002400109065157668,19,0,0,0
5122,2,0.002940218411755823,0,0,0,0
5123,2,0.003838945906208724,0,0,0,0
5124,2,0.001026774494916989,0,0,0,0
5125,2,0.0020482270996064556,0,0,0,0
5126,2,0.0012962860042311348,0,0,0,0
5127,2,0.0027434491380364983,0,0,0,0
5128,1,8.915299878260388e-05,0,0,0,0
5129,2,0.0037002656879663834,0,0,0,0
5130,2,0.00039963392323162314,0,0,0,0
5131,2,0.002199536470969835,0,0,0,0
5132,2,0.002943159162944872,0,0,0,0
5133,1,0.007644410547467726,0,0,0,0
5134,2,0.0017223266093543052,0,0,0,0
5135,2,0.0014491842329533663,0,0,0,0
5136,2,0.004426709296312451,0,0,0,0
5137,2,0.0027521608838083885,0,0,0,0
5138,1,0.002308109696919311,0,0,0,0
5139,2,0.005014125561751391,0,0,0,0
5140,2,0.0012262816090933032,0,0,0,0
5141,2,0.0033094528511460235,0,0,0,0
5142,2,0.0008287183252614987,0,0,0,0
5143,2,0.001268650998777699,0,0,0,0
5144,2,0.003004317643333083,0,0,0,0
5145,1,0.0013197410391104873,0,0,0,0
5146,2,0.0002580877057713792,14,0,0,0
5147,2,0.0017755653311940717,0,0,0,0
5148,1,0.003032140210661575,0,0,0,0
5149,2,0.0024772599047713124,0,0,0,0
5150,2,0.003982898772965572,0,0,0,0
5151,2,0.004528906431010294,0,0,0,0
5152,2,0.0017117700948571608,0,0,0,0
5153,2,0.0013825289438892763,0,0,0,0
5154,2,0.0028193489437252765,0,0,0,0
5155,2,0.0011667751732970856,0,0,0,0
5156,1,0.0003111084146141004,0,0,0,0
5157,2,0.0010315328705207446,0,0,0,0
5158,2,0.0011438102215530004,0,0,0,0
5159,2,0.003777647519096415,0,0,0,0
5160,2,0.0011838279759380848,0,0,0,0
5161,2,0.0022671608673726826,0,0,0,0
5162,2,0.00023424877337150732,0,0,0,0
5163,2,0.002026961221559504,0,0,0,0
5164,2,0.0016199538223127194,0,0,0,0
5165,2,0.0023453472570478928,0,0,0,0
5166,2,0.004289326072362806,0,0,0,0
5167,2,0.0005622485875754529,0,0,0,0
5168,2,0.0038676524225178654,0,0,0,0
5169,2,0.0025980454485931784,0,0,0,0
5170,2,0.0012738864914049798,0,0,0,0
5171,2,0.000139740935165557,0,0,0,0
5172,2,0.0014489819414662411,0,0,0,0
5173,1,0.00251438171206697,0,0,0,0
5174,2,0.0011465836944807336,0,0,0,0
5175,2,0.0031082520312459647,0,0,0,0
5176,2,0.003208440011446147,7,0,0,0
5177,2,0.0035488452840532303,0,0,0,0
5178,2,0.005756655986883853,0,0,0,0
5179,2,0.0059297538134460296,0,0,0,0
5180,2,0.002183987210304598,0,0,0,0
5181,2,0.005637671697115756,0,0,0,0
5182,2,0.00041196933862205134,0,0,0,0
5183,2,0.0012671077898294297,0,0,0,0
5184,1,0.0006767455740416872,0,0,0,0
5185,2,0.00043708391754298896,0,0,0,0
5186,2,0.00032666077738044105,0,0,0,0
5187,2,0.002100801273409474,0,0,0,0
5188,2,0.0008908956472652511,0,0,0,0
5189,1,0.00019432028436803113,0,0,0,0
5190,2,0.0030077455760806606,0,0,0,0
5191,2,0.0016557970357091998,0,0,0,0
5192,2,0.0008910968810562158,0,0,0,0
5193,1,0.0010456958823713632,0,0,0,0
5194,1,0.0001715552496893383,0,0,0,0
5195,2,0.001304778843462882,0,0,0,0
5196,1,0.000516901079139208,0,0,0,0
5197,2,0.0004864118274504259,0,0,0,0
5198,2,0.005625746998563174,0,0,0,0
5199,2,0.0014692651943747524,0,0,0,0
5200,2,0.0006611058199962566,0,0,0,0
5201,2,0.0015072283709151712,0,0,0,0
5202,2,0.0034685837161228376,0,0,0,0
5203,2,0.0006295178221944242,0,0,0,0
5204,2,0.0014993120572275656,0,0,0,0
5205,2,0.0030835340402723026,0,0,0,0
5206,2,0.0012420457594162777,0,0,0,0
5207,2,0.0020100901882708737,0,0,0,0
5208,1,0.0013081639827850994,0,0,0,0
5209,1,0.006756443655941337,0,0,0,0
5210,2,0.0070220208281235475,0,0,0,0
5211,1,0.0015752588979598763,0,0,0,0
5212,2,0.0012071860047980776,0,0,0,0
5213,2,0.0033694603996799717,0,0,0,0
5214,2,0.0026998617552362624,0,0,0,0
5215,2,0.0031457086949347366,0,0,0,0
5216,2,0.003609400652637373,0,0,0,0
5217,1,0.0008159832213878716,0,0,0,0
5218,2,0.0007095491732075132,0,0,0,0
5219,2,0.0037939545084918454,0,0,0,0
5220,2,0.008381542107120483,0,0,0,0
5221,2,0.0016562186166678113,0,0,0,0
5222,2,0.00265309768285953,7,0,0,0
5223,1,0.0008005220169564642,0,0,0,0
5224,2,0.0012532155282323058,0,0,0,0
5225,2,0.0033498207228759443,0,0,0,0
5226,2,0.001637574112817506,0,0,0,0
5227,2,0.003614216483393568,0,0,0,0
5228,2,0.001199850107698039,0,0,0,0
5229,2,0.0009154231510847378,0,0,0,0
5230,2,0.0007991714142667703,0,0,0,0
5231,2,0.002208947420412052,7,0,0,0
5232,2,0.00036333912314881836,0,0,0,0
5233,2,0.0011983614708098952,0,0,0,0
5234,2,0.0011142809548525296,0,0,0,0
5235,2,0.002604215884595697,0,0,0,0
5236,2,0.002102194836490697,7,0,0,0
5237,2,0.007963032755101098,0,0,0,0
5238,2,0.005718284634439653,0,0,0,0
5239,2,0.0013370083099749944,0,0,0,0
5240,2,0.001942748682014383,0,0,0,0
5241,2,0.0026423733402317,0,0,0,0
5242,2,0.004707375266720998,0,0,0,0
5243,2,0.010145874387074318,0,0,0,0
5244,2,0.0014290597287278264,0,0,0,0
5245,2,0.0024181229851930526,0,0,0,0
5246,1,0.0002088189596473718,0,0,0,0
5247,2,0.0055229215915736365,0,0,0,0
5248,1,0.001241147300705364,0,0,0,0
5249,2,0.004122262385693872,0,0,0,0
5250,2,0.0017606550602219414,0,0,0,0
5251,2,0.001360702368884774,7,0,0,0
5252,2,0.0007355450960640506,0,0,0,0
5253,2,0.003276518928027444,0,0,0,0
5254,2,0.0038226798046521217,0,0,0,0
5255,2,0.001797555375276489,0,0,0,0
5256,2,0.005391373251461103,0,0,0,0
5257,2,0.0031258519079483947,0,0,0,0
5258,2,0.0021310346837090646,0,0,0,0
5259,2,0.0010029230808962556,0,0,0,0
5260,2,0.0011444854102004472,0,0,0,0
5261,2,0.004795891809380375,0,0,0,0
5262,2,0.007043534476667251,0,0,0,0
5263,2,0.0019386199755663657,0,0,0,0
5264,2,0.0008486506446892478,0,0,0,0
5265,2,0.006590208769497932,0,0,0,0
5266,2,0.002929587496902715,0,0,0,0
5267,1,0.0017098321859305762,0,0,0,0
5268,2,0.002983925462808508,0,0,0,0
5269,2,0.0032950485871606596,0,0,0,0
5270,2,0.0025206462511539623,0,0,0,0
5271,2,0.001568556350994017,0,0,0,0
5272,2,0.005849440854210612,0,0,0,0
5273,1,0.0003366252206632599,0,0,0,0
5274,2,0.001997816264093682,0,0,0,0
5275,2,0.0006569400123641134,0,0,0,0
5276,1,0.0035543644100000144,652,0,0,0
5277,2,0.0011273319920747087,0,0,0,0
5278,2,0.0014156845940490226,0,0,0,0
5279,1,0.0003153416054110786,0,0,0,0
5280,2,0.003811384766729038,0,0,0,0
5281,2,0.0005971340038762511,0,0,0,0
5282,1,0.000732896284251383,0,0,0,0
5283,2,0.0009332915365436083,0,0,0,0
5284,2,0.00032668925510709616,0,0,0,0
5285,2,0.0034351087681545856,0,0,0,0
5286,2,0.0005953446433858456,0,0,0,0
5287,2,0.0017810144557422077,0,0,0,0
5288,2,0.0023219539464361134,0,0,0,0
5289,2,0.0016428395322412514,0,0,0,0
5290,2,0.0025323862705424255,0,0,0,0
5291,2,0.005188809478703048,0,0,0,0
5292,2,0.003482492835709388,67,0,0,0
5293,2,0.004896554329353054,0,0,0,0
5294,1,0.0012347978501984467,0,0,0,0
5295,1,0.0005571785631274749,0,0,0,0
5296,2,0.002587971288023425,0,0,0,0
5297,1,0.0002271073547345696,0,0,0,0
5298,2,0.0020360629574782273,0,0,0,0
5299,2,0.0011628080598452325,0,0,0,0
5300,2,0.0008505271570369552,0,0,0,0
5301,2,0.0003663644887861043,0,0,0,0
5302,1,0.0007358655610365869,0,0,0,0
5303,2,0.0017787942239035743,0,0,0,0
5304,2,0.0009658334314190169,0,0,0,0
5305,2,0.0026510417614065713,0,0,0,0
5306,2,0.0012967527884966638,0,0,0,0
5307,1,0.000467417127788479,0,0,0,0
5308,2,0.005901748814632335,0,0,0,0
5309,2,0.004424049211523236,0,0,0,0
5310,1,0.000701962899960083,0,0,0,0
5311,2,0.0028316149221835948,0,0,0,0
5312,2,0.0023733752119493483,0,0,0,0
5313,2,0.003733413234647068,0,0,0,0
5314,2,0.002115579658476079,0,0,0,0
5315,2,0.002049539313789629,0,0,0,0
5316,1,1.584883653993244e-05,0,0,0,0
5317,2,0.0007705011675666311,0,0,0,0
5318,2,0.0038578298012762018,0,0,0,0
5319,2,0.0030133257511251728,0,0,0,0
5320,2,0.0010594385752438313,0,0,0,0
5321,2,0.001836593265664941,0,0,0,0
5322,2,0.00366801022161791,0,0,0,0
5323,2,0.0008107692625674648,0,0,0,0
5324,2,0.005216000476808622,0,0,0,0
5325,2,0.0003014623812936465,0,0,0,0
5326,1,0.0008147633474088784,0,0,0,0
5327,2,0.0013956605097242714,0,0,0,0
5328,2,0.0015638424484959693,0,0,0,0
5329,2,0.001110050722615193,0,0,0,0
5330,2,4.7141134648242576e-05,0,0,0,0
5331,2,0.006330441128460305,0,0,0,0
5332,1,0.0028809727163458232,0,0,0,0
5333,2,0.006380669284057281,0,0,0,0
5334,2,0.00026193550633446354,0,0,0,0
5335,2,0.0036234715453478043,7,0,0,0
5336,2,0.004398172917036097,0,0,0,0
5337,2,0.0010330901440133036,0,0,0,0
5338,2,0.0033599717937938776,0,0,0,0
5339,2,0.0016971277182125087,0,0,0,0
5340,2,0.001627187369567348,0,0,0,0
5341,2,0.0020492430026943505,0,0,0,0
5342,2,0.001977758739194258,0,0,0,0
5343,2,0.0011042253517516104,0,0,0,0
5344,2,0.001880290654461665,0,0,0,0
5345,1,0.004749339605463362,0,0,0,0
5346,2,0.0009288883539167444,0,0,0,0
5347,2,0.0004367284853755082,0,0,0,0
5348,2,0.0036650273774336776,0,0,0,0
5349,2,0.0011103367154717202,0,0,0,0
5350,2,0.0029485280330955694,0,0,0,0
5351,2,0.0035318678905510775,0,0,0,0
5352,2,0.0025424533258300097,0,0,0,0
5353,2,0.0072258510477371096,0,0,0,0
5354,2,0.0004459183373062802,0,0,0,0
5355,2,0.0014676628185015708,0,0,0,0
5356,1,0.0033355525729158527,0,0,0,0
5357,2,0.003113420562312711,0,0,0,0
5358,2,0.0007070454123762967,0,0,0,0
5359,2,0.0038139015748148886,0,0,0,0
5360,2,0.002618528659861173,0,0,0,0
5361,2,0.004293834572007194,0,0,0,0
5362,2,0.0034971687177760458,0,0,0,0
5363,2,0.002963192281174268,0,0,0,0
5364,2,0.0008649371631416876,0,0,0,0
5365,2,0.0026083681641014423,0,0,0,0
5366,2,0.0010785936079887944,0,0,0,0
5367,2,0.0017124458540453736,0,0,0,0
5368,2,0.0023936859992165823,0,0,0,0
5369,2,0.0020356830814955785,0,0,0,0
5370,2,0.0008038463262950548,0,0,0,0
5371,2,0.0014512061793491616,0,0,0,0
5372,2,0.0038965558177922596,0,0,0,0
5373,2,0.0031988096575463107,0,0,0,0
5374,2,0.0036112058271298474,0,0,0,0
5375,2,0.0011905644706451972,0,0,0,0
5376,2,0.00020734470835440872,0,0,0,0
5377,2,0.0017656755077202482,0,0,0,0
5378,2,0.007621483088324744,0,0,0,0
5379,2,0.0016041356333277542,0,0,0,0
5380,2,0.002913733214663642,0,0,0,0
5381,2,0.001830771672714063,0,0,0,0
5382,2,0.004419891212919157,0,0,0,0
5383,1,0.0004163358002018166,0,0,0,0
5384,2,0.003381461628533989,0,0,0,0
5385,2,0.0020680164262714233,0,0,0,0
5386,2,0.0016349836996356903,0,0,0,0
5387,1,0.0010859477566378575,0,0,0,0
5388,2,0.0005942879387111972,0,0,0,0
5389,2,0.00258785885708115,0,0,0,0
5390,2,0.004226754042150833,0,0,0,0
5391,2,0.0026806805391658612,0,0,0,0
5392,2,0.002852181676849618,0,0,0,0
5393,2,0.002724205240117453,123,0,0,0
5394,2,0.0026008132048795755,0,0,0,0
5395,1,0.000905443667196053,0,0,0,0
5396,2,0.001537902327110937,0,0,0,0
5397,2,0.001405026731337994,0,0,0,0
5398,2,0.0022406207246913647,0,0,0,0
5399,2,0.001318848473818556,0,0,0,0
5400,2,0.002661075303691273,0,0,0,0
5401,2,0.001788472018325838,0,0,0,0
5402,2,0.0005580950033504765,0,0,0,0
5403,2,0.0010757523788891348,0,0,0,0
5404,2,0.002926510262924156,0,0,0,0
5405,2,0.004448703780776814,0,0,0,0
5406,2,0.004693372431087237,0,0,0,0
5407,1,0.0009723727915279777,0,0,0,0
5408,2,0.0011348985018469428,0,0,0,0
5409,2,0.002276501173435602,0,0,0,0
5410,2,0.001294196770357902,0,0,0,0
5411,2,0.0028177619752458817,0,0,0,0
5412,1,0.0013819397858546019,0,0,0,0
5413,2,0.0011911855558699217,0,0,0,0
5414,2,0.004264633268629811,0,0,0,0
5415,2,0.00048826682486243704,0,0,0,0
5416,2,0.0045839197922346335,0,0,0,0
5417,2,0.0011703819760628367,0,0,0,0
5418,2,0.0009007428259284511,0,0,0,0
5419,2,0.0007032630330109928,0,0,0,0
5420,2,0.0009309036007729462,0,0,0,0
5421,2,0.0008094691979210789,0,0,0,0
5422,2,0.002407583858286537,0,0,0,0
5423,1,0.00070473392245153,0,0,0,0
5424,2,0.002421677151166002,0,0,0,0
5425,2,0.0016620417216294833,0,0,0,0
5426,2,0.003378112965413416,0,0,0,0
5427,2,0.0016516261447455567,0,0,0,0
5428,2,0.0007492469350476003,0,0,0,0
5429,2,0.003996654413495183,0,0,0,0
5430,2,0.002162400143352666,7,0,0,0
5431,2,0.008297380510673327,91,0,0,0
5432,2,0.004362377660391058,0,0,0,0
5433,2,0.0027087026769224594,0,0,0,0
5434,2,0.0011835994637424687,0,0,0,0
5435,2,0.0010273537300552406,0,0,0,0
5436,2,0.0023357866313977655,0,0,0,0
5437,2,0.000929503937813288,0,0,0,0
5438,2,0.004498081058655101,0,0,0,0
5439,2,0.0023203502170794335,0,0,0,0
5440,1,0.00024293499470365862,0,0,0,0
5441,2,0.00652452361085944,0,0,0,0
5442,2,0.0004997309213499286,0,0,0,0
5443,2,0.0013201074230584963,0,0,0,0
5444,2,0.002050148987681717,0,0,0,0
5445,2,0.0007596923500240824,0,0,0,0
5446,1,0.001703522939203471,0,0,0,0
5447,1,0.00019383574207755997,0,0,0,0
5448,1,0.0054322007014279295,0,0,0,0
5449,1,0.001025921471845337,0,0,0,0
5450,2,0.0015359392434035714,0,0,0,0
5451,2,0.005788850691267097,0,0,0,0
5452,1,0.0005378247461915113,0,0,0,0
5453,2,0.0030489700718252283,0,0,0,0
5454,2,0.001214205084807352,0,0,0,0
5455,2,0.0008782706754306445,0,0,0,0
5456,2,0.0026465491794655633,0,0,0,0
5457,2,0.0036977875587981724,0,0,0,0
5458,2,0.0010140131800599307,0,0,0,0
5459,2,0.0032405793075111484,0,0,0,0
5460,2,0.0011960149969057405,0,0,0,0
5461,2,0.0021483970295130606,0,0,0,0
5462,2,0.004768446585035824,0,0,0,0
5463,2,0.0016430022939392633,0,0,0,0
5464,2,0.0006700186361476329,0,0,0,0
5465,2,0.0016420520574003715,0,0,0,0
5466,2,0.002369412823131557,0,0,0,0
5467,2,0.0011382388685975125,0,0,0,0
5468,2,0.003148152414516012,0,0,0,0
5469,2,0.005878092696174422,0,0,0,0
5470,2,0.003975388761350504,0,0,0,0
5471,1,0.001474018123155174,0,0,0,0
5472,2,0.0019614561203667833,0,0,0,0
5473,2,0.001230245054797848,0,0,0,0
5474,2,0.002412488574637774,0,0,0,0
5475,1,0.00027339066121917813,0,0,0,0
5476,2,0.0006091353846261165,0,0,0,0
5477,2,0.0050559664528108065,0,0,0,0
5478,2,0.0008926145198343367,0,0,0,0
5479,2,0.003915798117830683,0,0,0,0
5480,2,0.0022052952290720225,0,0,0,0
5481,2,0.000853967747056812,0,0,0,0
5482,2,0.002876238106084337,0,0,0,0
5483,2,0.0018916538076367677,0,0,0,0
5484,1,0.0006965729552102424,0,0,0,0
5485,2,0.0029016974728848337,0,0,0,0
5486,2,0.0010789178067763766,0,0,0,0
5487,2,0.002601670423256011,0,0,0,0
5488,2,0.003897590626257704,0,0,0,0
5489,2,0.0008378161304622858,0,0,0,0
5490,2,0.000498087119220992,0,0,0,0
5491,2,0.0014213529567342652,0,0,0,0
5492,2,0.0004929990190864404,0,0,0,0
5493,2,0.0024426100086732717,0,0,0,0
5494,2,0.0023769998031989265,0,0,0,0
5495,2,0.003549949516647582,0,0,0,0
5496,2,0.0012200659566570366,0,0,0,0
5497,2,0.003510705448386754,0,0,0,0
5498,2,0.002617149818715681,0,0,0,0
5499,1,0.00019874735659738762,0,0,0,0
5500,2,0.001972351778503988,0,0,0,0
5501,2,0.0038127169422509473,0,0,0,0
5502,2,0.00036019874910745136,0,0,0,0
5503,1,0.0004498181304166903,0,0,0,0
5504,2,0.002461248322931412,0,0,0,0
5505,2,0.0017297557701647342,0,0,0,0
5506,2,0.0007314376394846463,0,0,0,0
5507,2,0.002742278980849322,0,0,0,0
5508,2,0.0025819584845402314,0,0,0,0
5509,2,0.000600469626941104,0,0,0,0
5510,2,0.0019774600313210615,0,0,0,0
5511,2,0.004373588266735838,0,0,0,0
5512,2,0.0031664199344095868,0,0,0,0
5513,2,0.0027831143866958587,0,0,0,0
5514,2,0.0013316908845974183,0,0,0,0
5515,2,0.0027259374990038767,0,0,0,0
5516,2,0.0019733600879776408,0,0,0,0
5517,2,0.0011910749859724604,0,0,0,0
5518,2,0.0040312547669051155,0,0,0,0
5519,2,0.0013870574424509564,0,0,0,0
5520,2,0.0009822669092698088,0,0,0,0
5521,2,0.001039157048188474,0,0,0,0
5522,2,0.002282993258786524,0,0,0,0
5523,2,0.004613644022094526,0,0,0,0
5524,2,0.0005031445297518229,0,0,0,0
5525,2,0.0007879126764459287,0,0,0,0
5526,2,0.0005563137503606632,0,0,0,0
5527,2,0.002001221549944212,0,0,0,0
5528,2,0.002293784535600655,0,0,0,0
5529,2,0.0026260021537270746,0,0,0,0
5530,2,0.006703666090426827,0,0,0,0
5531,2,0.0002726706987151299,0,0,0,0
5532,2,0.0028524974979592444,0,0,0,0
5533,2,0.003835170296680009,0,0,0,0
5534,2,0.0028860488505789233,0,0,0,0
5535,2,0.0017000742756255072,0,0,0,0
5536,2,0.0020695299042433534,0,0,0,0
5537,2,0.0014423344933308776,0,0,0,0
5538,2,0.0006509500428283381,0,0,0,0
5539,2,0.0005342821855045966,0,0,0,0
5540,1,0.002202135263768104,0,0,0,0
5541,2,0.00820435055027449,0,0,0,0
5542,2,0.0022132590431857397,0,0,0,0
5543,2,0.002607081844053256,0,0,0,0
5544,2,0.00413668762590157,0,0,0,0
5545,2,0.003155734998960979,21,0,0,0
5546,2,0.0013205173078917306,0,0,0,0
5547,2,0.0028153563482992104,0,0,0,0
5548,2,0.005983751879638394,0,0,0,0
5549,2,0.0007064077384160034,0,0,0,0
5550,2,0.0026284286798330192,123,0,0,0
5551,2,0.004883894930921225,0,0,0,0
5552,2,0.001513302950901955,0,0,0,0
5553,2,0.002673859844502869,0,0,0,0
5554,2,0.005673698942754291,0,0,0,0
5555,2,0.0015120626049526396,0,0,0,0
5556,2,0.001023614678569477,0,0,0,0
5557,2,0.000812832776545628,0,0,0,0
5558,1,9.66621774679623e-05,0,0,0,0
5559,2,0.0007517710893572272,0,0,0,0
5560,2,0.0015725426922829973,0,0,0,0
5561,2,0.007371151496101891,0,0,0,0
5562,2,0.006364067852673664,0,0,0,0
5563,2,0.0018606095400486306,0,0,0,0
5564,2,0.003720299211369133,0,0,0,0
5565,2,0.0020111814240727412,0,0,0,0
5566,2,0.002228552761798998,0,0,0,0
5567,1,0.00301240959017003,0,0,0,0
5568,2,0.0018591686867856858,0,0,0,0
5569,2,0.001296088377095466,0,0,0,0
5570,2,0.0006765469270374508,0,0,0,0
5571,2,0.006074715376160635,0,0,0,0
5572,2,0.0031561031372415414,0,0,0,0
5573,2,0.004247704222554123,0,0,0,0
5574,2,0.000647415817827778,0,0,0,0
5575,2,0.0010335691860060147,0,0,0,0
5576,2,0.00044425641033891017,0,0,0,0
5577,2,0.006267558781068368,0,0,0,0
5578,2,0.0024675002815034044,0,0,0,0
5579,2,0.0010801996491188277,0,0,0,0
5580,2,0.0004748644899164354,0,0,0,0
5581,2,0.0007099544022984059,0,0,0,0
5582,2,0.0027586804293241807,0,0,0,0
5583,1,0.0021699901409794687,0,0,0,0
5584,2,0.003931965384769086,0,0,0,0
5585,2,0.006808189393244662,0,0,0,0
5586,1,0.0019218772489283168,0,0,0,0
5587,2,0.0028156351806236553,0,0,0,0
5588,2,0.005031712335853742,0,0,0,0
5589,2,0.0005086641905024269,0,0,0,0
5590,2,0.0053244047381368785,0,0,0,0
5591,2,0.0019975752172386564,0,0,0,0
5592,2,0.0008248171705430966,0,0,0,0
5593,2,0.0019523717159661412,0,0,0,0
5594,2,0.002277207199087093,0,0,0,0
5595,2,0.0026746377671351624,0,0,0,0
5596,2,0.001427044814330181,0,0,0,0
5597,2,0.000869511394270118,0,0,0,0
5598,2,0.0005679496746018302,0,0,0,0
5599,1,0.0007923239962623291,0,0,0,0
5600,2,0.001876794149959478,0,0,0,0
5601,1,0.0001517641510273447,0,0,0,0
5602,2,0.00034643775707883235,0,0,0,0
5603,2,0.005206995017112807,0,0,0,0
5604,2,0.0032453089263893265,0,0,0,0
5605,1,0.003561370643830211,0,0,0,0
5606,2,0.00387842089654793,0,0,0,0
5607,2,0.0025831372648476006,0,0,0,0
5608,2,0.0030869905690400446,20,0,0,0
5609,1,0.0005096600450936901,0,0,0,0
5610,2,0.006810235585663098,0,0,0,0
5611,2,0.00015054670477602301,0,0,0,0
5612,1,5.7001332752998704e-05,0,0,0,0
5613,2,0.0034308881216742254,0,0,0,0
5614,1,0.003189718291802115,0,0,0,0
5615,2,0.0036300941960931664,0,0,0,0
5616,2,0.004566394602158105,0,0,0,0
5617,2,0.002083341194830301,0,0,0,0
5618,1,0.0008096828976398685,0,0,0,0
5619,1,0.0007888609251924633,0,0,0,0
5620,1,0.000451051073953642,0,0,0,0
5621,2,0.0010255576750892114,0,0,0,0
5622,2,0.004667084211488611,0,0,0,0
5623,2,0.0007208159592185439,0,0,0,0
5624,2,0.0038691508606037385,0,0,0,0
5625,2,0.0022179905619741,0,0,0,0
5626,2,0.0012935866889867659,0,0,0,0
5627,2,0.0007987064547285289,0,0,0,0
5628,2,0.0006310616891354422,0,0,0,0
5629,2,0.004813953297301335,0,0,0,0
5630,2,0.0034243088209963764,0,0,0,0
5631,2,0.004400506683684142,0,0,0,0
5632,2,0.0007179343119398186,0,0,0,0
5633,1,4.728531194247681e-05,0,0,0,0
5634,2,0.0005385492223341666,0,0,0,0
5635,2,0.007569828279460046,0,0,0,0
5636,2,0.0018996559784746408,0,0,0,0
5637,2,0.000469368508519852,0,0,0,0
5638,1,0.0022261196642409504,0,0,0,0
5639,1,0.0011940077962626723,0,0,0,0
5640,2,0.0033005653955846567,0,0,0,0
5641,2,0.0011921569620280941,0,0,0,0
5642,2,0.006541256888655283,0,0,0,0
5643,2,0.0022958815133498956,0,0,0,0
5644,2,0.003201279592708746,0,0,0,0
5645,2,0.003380138155851374,0,0,0,0
5646,2,0.0008803850531722474,0,0,0,0
5647,2,0.002204021760570977,0,0,0,0
5648,1,0.0049758672403070235,0,0,0,0
5649,2,0.0030731045671621134,0,0,0,0
5650,2,0.005420718227786851,0,0,0,0
5651,2,0.002991023906942134,0,0,0,0
5652,1,0.0018864937321258525,0,0,0,0
5653,2,0.0006633349818900732,0,0,0,0
5654,2,0.0007816153480601313,0,0,0,0
5655,1,7.098351088994388e-05,0,0,0,0
5656,2,0.0018482687248105125,0,0,0,0
5657,2,0.0023643828499467535,0,0,0,0
5658,2,0.0019983980599060495,0,0,0,0
5659,2,0.0010547076548644207,0,0,0,0
5660,1,0.0007265843369382462,0,0,0,0
5661,1,0.0006674947394955928,0,0,0,0
5662,2,0.0009935690977766168,0,0,0,0
5663,2,0.004355870078625805,0,0,0,0
5664,1,0.0021837963868650027,0,0,0,0
5665,2,0.00034599675967314036,0,0,0,0
5666,2,0.0026147315908871638,0,0,0,0
5667,2,0.001612890877254345,0,0,0,0
5668,2,0.002239569528432615,0,0,0,0
5669,2,0.0026229726767916296,0,0,0,0
5670,2,0.004588880844763425,0,0,0,0
5671,2,0.005479743966666052,0,0,0,0
5672,2,0.0009648237377244552,0,0,0,0
5673,2,0.00017532140455472515,0,0,0,0
5674,1,0.0014331150910969264,0,0,0,0
5675,1,4.4053172070078536e-05,0,0,0,0
5676,2,0.0019928887557956396,0,0,0,0
5677,2,0.005338571660872151,0,0,0,0
5678,2,0.0016271385233414598,0,0,0,0
5679,2,0.003415924613723372,0,0,0,0
5680,2,0.000843201372827348,0,0,0,0
5681,2,0.001881357788573346,0,0,0,0
5682,2,0.0014393577132727558,0,0,0,0
5683,2,0.0009440517787463597,0,0,0,0
5684,2,0.0014109127430801788,0,0,0,0
5685,2,0.0015313544873247233,0,0,0,0
5686,2,0.0013385146786185414,0,0,0,0
5687,1,0.0033863626576210054,26,0,0,0
5688,2,0.005809936993349771,0,0,0,0
5689,2,0.0017521493063073392,0,0,0,0
5690,2,0.003599675087008714,0,0,0,0
5691,2,0.0021439557414880644,0,0,0,0
5692,2,0.0034131904293919378,0,0,0,0
5693,1,0.00020281042578770484,0,0,0,0
5694,2,0.0013150240582168525,0,0,0,0
5695,2,0.0027766038580271566,0,0,0,0
5696,2,0.0033771557334232,7,0,0,0
5697,2,0.0038770868581694895,0,0,0,0
5698,1,0.0017672194547079013,0,0,0,0
5699,1,0.0017000496747680376,0,0,0,0
5700,2,0.0020581450202601837,0,0,0,0
5701,2,0.0006136681705147928,0,0,0,0
5702,2,0.0024368515912625345,0,0,0,0
5703,2,0.0001916893612224726,0,0,0,0
5704,1,0.0015976737218101533,0,0,0,0
5705,2,0.00629414400604074,0,0,0,0
5706,2,0.0027326635471460197,7,0,0,0
5707,2,0.0032312412408333695,0,0,0,0
5708,2,0.00420791803581471,0,0,0,0
5709,2,0.0013330881854998794,0,0,0,0
5710,1,0.0006452415181453941,0,0,0,0
5711,2,0.0029369127732583864,0,0,0,0
5712,1,6.499588711213204e-05,0,0,0,0
5713,2,0.002335883982704869,0,0,0,0
5714,2,0.0006597089050625529,0,0,0,0
5715,1,0.0011306590229991007,0,0,0,0
5716,2,0.0018086193383012087,0,0,0,0
5717,2,0.004109363568086323,0,0,0,0
5718,1,0.0006539683655880837,0,0,0,0
5719,2,0.0035226515296801013,0,0,0,0
5720,1,0.0007777255962481481,0,0,0,0
5721,2,0.0008745854523361231,0,0,0,0
5722,2,0.0013381252446278608,0,0,0,0
5723,2,0.0005512100017791804,0,0,0,0
5724,1,0.00012179915828138544,0,0,0,0
5725,2,0.0010515905802760896,0,0,0,0
5726,2,0.0009699055785877107,0,0,0,0
5727,2,0.003408219665714985,0,0,0,0
5728,2,0.005585432575110556,0,0,0,0
5729,2,0.0007176208676154779,0,0,0,0
5730,2,0.0013742825931751044,0,0,0,0
5731,1,0.00018308379856447137,0,0,0,0
5732,1,0.002465287787370547,0,0,0,0
5733,2,0.005249795048451584,0,0,0,0
5734,2,0.003758097568177235,0,0,0,0
5735,2,0.0017911741370187685,0,0,0,0
5736,2,0.002709952406142713,0,0,0,0
5737,2,0.0020668047712780048,0,0,0,0
5738,2,0.001547362193904171,0,0,0,0
5739,2,0.0005383960693313324,0,0,0,0
5740,2,0.002683488757308537,0,0,0,0
5741,2,0.0010352003195272103,0,0,0,0
5742,2,0.001229802744061368,0,0,0,0
5743,2,0.0009590414536097488,0,0,0,0
5744,1,0.0017409153900503206,0,0,0,0
5745,2,0.002857384389448625,0,0,0,0
5746,2,0.0004023250771386871,0,0,0,0
5747,2,0.0015841574612798235,0,0,0,0
5748,1,0.0012979035274254338,0,0,0,0
5749,1,0.00011385212659475785,0,0,0,0
5750,2,0.0023068916643983798,0,0,0,0
5751,2,0.0017353352972577611,0,0,0,0
5752,2,0.0033063686373324746,15,0,0,0
5753,2,0.005046500116897696,0,0,0,0
5754,2,0.0014176226271861245,0,0,0,0
5755,2,0.001824871415505219,0,0,0,0
5756,2,0.0033498959942964515,0,0,0,0
5757,1,0.00041859585995761295,0,0,0,0
5758,2,0.000748521943745341,0,0,0,0
5759,2,0.002314434918298428,0,0,0,0
5760,2,0.0032649447529643394,0,0,0,0
5761,2,0.0045452767578314105,0,0,0,0
5762,1,0.0010960601849737226,0,0,0,0
5763,2,0.0012171137628817256,0,0,0,0
5764,2,0.003729528867838044,0,0,0,0
5765,2,0.004747974581484068,0,0,0,0
5766,2,0.0026432303188657106,0,0,0,0
5767,2,0.0004697742142207921,0,0,0,0
5768,1,0.0005890904958713097,0,0,0,0
5769,2,0.0033679869326068445,0,0,0,0
5770,2,0.006683305849155017,0,0,0,0
5771,2,0.0002472866599224205,0,0,0,0
5772,2,0.00040624886302635416,0,0,0,0
5773,2,0.0017770481603056126,0,0,0,0
5774,1,0.00152817435818197,0,0,0,0
5775,2,0.0013843184988495355,0,0,0,0
5776,2,0.002737687718697758,0,0,0,0
5777,2,0.0034032692825738064,0,0,0,0
5778,2,0.004171717599433513,0,0,0,0
5779,2,0.002224151449397897,0,0,0,0
5780,2,0.00014656040925061482,0,0,0,0
5781,1,0.0024841244967256093,0,0,0,0
5782,1,0.0008080398606886256,0,0,0,0
5783,2,0.0023516807078712647,0,0,0,0
5784,2,0.0016475607772604363,0,0,0,0
5785,2,0.0005679379797289321,0,0,0,0
5786,1,0.0001650902713537701,0,0,0,0
5787,2,0.0010872914363672438,0,0,0,0
5788,2,0.0013763892654489961,0,0,0,0
5789,2,0.004918486989646116,0,0,0,0
5790,2,0.0014811174965913122,0,0,0,0
5791,1,0.0010572991173529959,0,0,0,0
5792,1,0.0030017947354469663,0,0,0,0
5793,1,0.0005443404817669715,7,0,0,0
5794,2,0.004345630968186273,0,0,0,0
5795,2,0.0024412997388770447,0,0,0,0
5796,2,0.002476876368023506,0,0,0,0
5797,2,0.001198899865333242,0,0,0,0
5798,2,0.0059794419314098905,0,0,0,0
5799,2,0.000671568940455785,0,0,0,0
5800,2,0.0019879515068309916,0,0,0,0
5801,1,0.0007071912584747414,0,0,0,0
5802,2,0.0021345322104067673,0,0,0,0
5803,2,0.00029918330889574965,0,0,0,0
5804,1,0.0006902516733971905,0,0,0,0
5805,2,0.0026381828319849963,0,0,0,0
5806,2,0.0048623563548885525,0,0,0,0
5807,2,0.0018188550693842142,0,0,0,0
5808,2,0.002590132568570323,0,0,0,0
5809,2,0.0008266119824688772,0,0,0,0
5810,2,0.0007696161707906484,0,0,0,0
5811,2,0.0015961921165946321,0,0,0,0
5812,2,0.002524968540645143,0,0,0,0
5813,2,0.0018540616042134962,0,0,0,0
5814,2,0.002814901550068423,0,0,0,0
5815,2,0.00017285541670624034,34,0,0,0
5816,2,0.0042685695963714165,0,0,0,0
5817,2,0.0035753932570248195,0,0,0,0
5818,2,0.0006661738793325391,0,0,0,0
5819,2,0.0014932648738454847,0,0,0,0
5820,2,0.0011759074130728987,0,0,0,0
5821,2,0.002573580594882284,62,0,0,0
5822,2,0.005692125309376439,0,0,0,0
5823,2,0.001692213857524752,0,0,0,0
5824,1,0.0007621314332290606,0,0,0,0
5825,2,0.0022496495872502153,0,0,0,0
5826,2,0.00260609841166222,0,0,0,0
5827,1,9.405941297533994e-05,0,0,0,0
5828,2,0.0007427430189168452,0,0,0,0
5829,2,0.0016305418291152954,0,0,0,0
5830,2,0.002828127382440131,0,0,0,0
5831,2,0.006755251223500056,0,0,0,0
5832,1,0.002680407714618328,0,0,0,0
5833,2,0.002966004093190846,0,0,0,0
5834,2,0.00035881410689248656,0,0,0,0
5835,2,0.0007371683328608237,0,0,0,0
5836,2,0.004325249392595957,0,0,0,0
5837,2,0.0007157916425494768,0,0,0,0
5838,2,0.0010935672886239172,0,0,0,0
5839,2,0.005578402575958908,0,0,0,0
5840,1,0.0008261837354921721,0,0,0,0
5841,1,0.0016337273276448598,0,0,0,0
5842,2,0.0009016624473768273,0,0,0,0
5843,2,0.004675319498755034,0,0,0,0
5844,1,0.0021864380462168855,0,0,0,0
5845,2,0.002259118599665721,0,0,0,0
5846,1,0.00150190410470599,0,0,0,0
5847,1,0.001099851172286958,0,0,0,0
5848,2,0.002055182657706962,0,0,0,0
5849,2,0.00034465645426611587,0,0,0,0
5850,2,0.0007187777190044909,0,0,0,0
5851,2,0.0008992087492826246,250,0,0,0
5852,2,0.002282970954467008,0,0,0,0
5853,2,0.0012807837938389416,0,0,0,0
5854,2,0.00337624118224259,0,0,0,0
5855,2,0.004494112971057438,0,0,0,0
5856,2,0.0020021148206284967,0,0,0,0
5857,2,0.0037069308337910173,0,0,0,0
5858,1,0.0004595549243501136,0,0,0,0
5859,2,0.005223190567002624,0,0,0,0
5860,2,0.002714078097086012,0,0,0,0
5861,1,2.0280667615461822e-06,0,0,0,0
5862,2,0.0014476803794626753,0,0,0,0
5863,2,0.007088535176661946,0,0,0,0
5864,1,0.0005692713596740542,0,0,0,0
5865,2,0.0009959444858443293,0,0,0,0
5866,2,0.00104623579601983,0,0,0,0
5867,2,0.003227422319827026,0,0,0,0
5868,2,0.005014182340543007,0,0,0,0
5869,2,0.0006625474396685523,0,0,0,0
5870,2,0.001241759671183864,0,0,0,0
5871,2,0.004875528527114492,0,0,0,0
5872,2,0.0008699667514844575,0,0,0,0
5873,1,0.001848148652392693,0,0,0,0
5874,1,7.100346753726452e-05,0,0,0,0
5875,2,0.0016451379059296111,0,0,0,0
5876,2,0.0043135061575117414,0,0,0,0
5877,2,0.002847429637988901,0,0,0,0
5878,2,0.002405638771294267,0,0,0,0
5879,2,0.0012170000719081266,0,0,0,0
5880,2,0.0037752269881499447,0,0,0,0
5881,2,0.0014954593336673492,0,0,0,0
5882,2,0.0032109459428393897,0,0,0,0
5883,2,0.00470649923163574,0,0,0,0
5884,2,0.0009497504357845747,0,0,0,0
5885,2,0.0020492429496500437,0,0,0,0
5886,2,0.005270535526336171,0,0,0,0
5887,1,0.0005070034490631654,0,0,0,0
5888,2,0.0017286876997667745,0,0,0,0
5889,1,0.0020346336068119914,0,0,0,0
5890,2,0.002220331993755129,0,0,0,0
5891,2,0.001899985129408347,0,0,0,0
5892,2,0.0019799364987795006,0,0,0,0
5893,2,0.0009408515153187224,21,0,0,0
5894,2,0.0023779726541678396,0,0,0,0
5895,2,0.00032737988966381813,0,0,0,0
5896,2,0.0006784984456153416,0,0,0,0
5897,2,0.0023023704413773997,0,0,0,0
5898,2,0.002425830879298933,0,0,0,0
5899,2,0.004188912038710922,0,0,0,0
5900,2,0.005427288326510141,0,0,0,0
5901,2,0.00418843972464672,0,0,0,0
5902,2,0.0015553640482657215,0,0,0,0
5903,2,0.002719415995857543,17,0,0,0
5904,2,0.004002535220101746,0,0,0,0
5905,2,0.0011678156121309167,0,0,0,0
5906,2,0.001465228682804581,0,0,0,0
5907,2,0.004856244423047157,0,0,0,0
5908,2,0.003366743845862026,0,0,0,0
5909,2,0.0023853759974218573,0,0,0,0
5910,2,0.0013898742870248712,29,0,0,0
5911,2,0.0021225436378584056,7,0,0,0
5912,2,0.0029895899790623316,0,0,0,0
5913,2,0.002526286582972112,0,0,0,0
5914,1,0.0007249990128202687,0,0,0,0
5915,2,0.0005340958239321012,0,0,0,0
5916,2,0.0010347494682929042,0,0,0,0
5917,1,0.0007045100282383853,0,0,0,0
5918,2,0.002904200452620917,0,0,0,0
5919,2,0.003408742483131548,0,0,0,0
5920,2,0.004867186858359924,0,0,0,0
5921,1,0.0008324319584761045,0,0,0,0
5922,2,0.0020443762040125275,0,0,0,0
5923,2,0.0033211052127721965,0,0,0,0
5924,2,0.0006808627461965817,0,0,0,0
5925,2,0.006178823971152331,0,0,0,0
5926,2,0.0037412113816887803,0,0,0,0
5927,1,0.001105463779852276,0,0,0,0
5928,2,0.0032385137368007703,0,0,0,0
5929,2,0.0036558719345277818,0,0,0,0
5930,2,0.0010973917630692964,0,0,0,0
5931,2,0.005859684002054896,0,0,0,0
5932,2,0.0018558985377981842,0,0,0,0
5933,2,0.003218030461839827,0,0,0,0
5934,2,0.0016540999528494795,0,0,0,0
5935,1,0.0025063160913144935,0,0,0,0
5936,2,0.0011638850464869145,0,0,0,0
5937,2,0.0006693439196849871,0,0,0,0
5938,2,0.0018887789686931127,306,0,0,0
5939,2,0.0011391101693528254,0,0,0,0
5940,2,0.002028833611539555,0,0,0,0
5941,2,0.004760574158453487,0,0,0,0
5942,2,0.005932068732310886,0,0,0,0
5943,2,0.0019658891475938254,0,0,0,0
5944,2,0.0015419147501748317,0,0,0,0
5945,2,0.0011645868425273135,0,0,0,0
5946,2,0.00015304951408309024,0,0,0,0
5947,2,0.0020065656308084125,0,0,0,0
5948,2,0.0022950465181548613,121,0,0,0
5949,2,0.0013337478809805933,0,0,0,0
5950,2,0.002639878519491437,0,0,0,0
5951,2,0.003268158406926885,0,0,0,0
5952,2,0.0017836269295306842,0,0,0,0
5953,2,0.0007329072477714267,0,0,0,0
5954,2,0.003276625481036757,0,0,0,0
5955,2,0.0042296033334606265,0,0,0,0
5956,1,0.000701884376121811,0,0,0,0
5957,2,0.0014957035328068097,0,0,0,0
5958,2,0.0014543918585280917,0,0,0,0
5959,2,0.0009093534453190524,0,0,0,0
5960,1,0.00035152535385447105,0,0,0,0
5961,2,0.001994732378074214,0,0,0,0
5962,2,0.000882482250650272,0,0,0,0
5963,1,0.000553604264222062,0,0,0,0
5964,2,0.003120012618405398,0,0,0,0
5965,2,0.0019521630654171732,0,0,0,0
5966,2,0.00236189804516352,0,0,0,0
5967,2,0.0042934784054582415,0,0,0,0
5968,1,0.0018157109104328278,0,0,0,0
5969,2,0.0009154086776039999,0,0,0,0
5970,2,0.0029434113472523887,0,0,0,0
5971,2,0.0011464569521391784,0,0,0,0
5972,2,0.0005335255559442616,0,0,0,0
5973,2,0.005268502517751785,0,0,0,0
5974,2,0.0008796796466493229,0,0,0,0
5975,2,0.0011109915829632191,0,0,0,0
5976,2,0.0016212442947025675,0,0,0,0
5977,2,0.005669077591797856,0,0,0,0
5978,2,0.000894368029273565,0,0,0,0
5979,2,0.001928843206298206,0,0,0,0
5980,2,0.0037717387447772912,0,0,0,0
5981,2,0.0012537588473141752,0,0,0,0
5982,2,0.0024421393250967935,0,0,0,0
5983,2,0.002211773567004398,0,0,0,0
5984,1,0.0003734773296126138,0,0,0,0
5985,1,0.0007037676930964309,0,0,0,0
5986,2,0.0013061595186255918,0,0,0,0
5987,2,0.004209628853497596,0,0,0,0
5988,2,0.00492458185368071,0,0,0,0
5989,1,0.0010528117452483746,0,0,0,0
5990,2,0.0022149706663004225,0,0,0,0
5991,2,0.001118232621868082,0,0,0,0
5992,2,0.0029346300569499145,0,0,0,0
5993,2,0.0031613076521563636,0,0,0,0
5994,2,0.0034528969850083375,0,0,0,0
5995,2,0.006566690017375199,0,0,0,0
5996,2,0.006609525377056535,388,0,0,0
5997,2,0.00310465351838916,0,0,0,0
5998,2,0.0032476354584847636,0,0,0,0
5999,2,0.0029182518201786136,0,0,0,0
6000,2,0.0009625145354001698,0,0,0,0
6001,2,0.002721372093593253,0,0,0,0
6002,2,0.0009668588039662748,0,0,0,0
6003,2,0.005136061038498917,0,0,0,0
6004,2,0.0032121614829585276,0,0,0,0
6005,2,0.0016104072050454673,0,0,0,0
6006,2,0.0004131351312820635,0,0,0,0
6007,2,0.004130944885818226,0,0,0,0
6008,2,0.0012840670334497394,0,0,0,0
6009,2,0.005316426161224473,0,0,0,0
6010,1,0.0004975429170414901,0,0,0,0
6011,2,0.0005981363673815413,0,0,0,0
6012,2,0.007449315955352998,0,0,0,0
6013,1,0.0001702416894652816,0,0,0,0
6014,2,0.001734533015022095,0,0,0,0
6015,2,0.0016050918199990141,0,0,0,0
6016,2,0.00158435163992405,0,0,0,0
6017,2,0.001433791552544665,0,0,0,0
6018,2,0.002429065836735772,0,0,0,0
6019,2,0.0012560266887926739,0,0,0,0
6020,2,0.006355233482666856,0,0,0,0
6021,2,0.0026889519169272422,0,0,0,0
6022,2,0.0004770798642055672,0,0,0,0
6023,2,0.0021082470406958427,0,0,0,0
6024,2,0.0022358173269266526,0,0,0,0
6025,1,0.0002219357536462421,0,0,0,0
6026,2,0.008952860055045283,0,0,0,0
6027,2,0.0017863093229117711,0,0,0,0
6028,2,0.002590471653091621,0,0,0,0
6029,1,0.0008112832810022421,0,0,0,0
6030,2,0.0005030739181790091,0,0,0,0
6031,1,0.0006534883407207864,0,0,0,0
6032,2,0.0020205923007582554,0,0,0,0
6033,2,0.002813229277419665,0,0,0,0
6034,2,0.0033601153368700283,0,0,0,0
6035,2,0.0026088413019149377,0,0,0,0
6036,2,0.001805076858997425,0,0,0,0
6037,1,0.00014404006234844654,0,0,0,0
6038,2,0.002172808685122976,0,0,0,0
6039,2,0.002429119332597119,0,0,0,0
6040,2,0.004266566494521187,0,0,0,0
6041,2,0.0005879015237549482,0,0,0,0
6042,2,0.005624726053329972,0,0,0,0
6043,2,0.00024127990264090173,0,0,0,0
6044,2,0.003726076538886286,0,0,0,0
6045,2,0.001962482266901392,0,0,0,0
6046,2,0.001459449133433612,0,0,0,0
6047,2,0.0010236136028240097,0,0,0,0
6048,2,0.003229131213896778,265,0,0,0
6049,1,0.00014827432678759877,7,0,0,0
6050,2,0.0010755559273509393,0,0,0,0
6051,2,0.0045944784331073745,0,0,0,0
6052,1,0.00041848359357469063,0,0,0,0
6053,2,0.0009259858365425126,0,0,0,0
6054,2,0.002307943492079196,0,0,0,0
6055,1,0.0044577663820732855,0,0,0,0
6056,2,0.0021524535403190034,0,0,0,0
6057,2,0.0013843922743472135,0,0,0,0
6058,2,0.0013778142519384874,0,0,0,0
6059,2,0.0012134415448203917,0,0,0,0
6060,2,0.003691758367383363,0,0,0,0
6061,2,0.0012756702033022435,0,0,0,0
6062,2,0.0014596599596994084,0,0,0,0
6063,2,0.0033629504768592916,0,0,0,0
6064,2,0.0005416115487227901,0,0,0,0
6065,2,0.0005311735533705402,0,0,0,0
6066,2,0.0014097795067671449,0,0,0,0
6067,2,0.002379042177249114,0,0,0,0
6068,2,0.002965093587216333,0,0,0,0
6069,2,0.003933319366504865,0,0,0,0
6070,2,0.001168135272242338,0,0,0,0
6071,2,0.0007961422277795378,0,0,0,0
6072,2,0.002163745608319753,0,0,0,0
6073,2,0.006003995074985175,0,0,0,0
6074,2,0.0039484926943444435,0,0,0,0
6075,2,0.0009659763132475,0,0,0,0
6076,2,0.0040350701056438044,0,0,0,0
6077,2,0.0030279151656408924,52,0,0,0
6078,2,0.0025307466320965634,0,0,0,0
6079,2,0.0036722418488175897,0,0,0,0
6080,2,0.0021451917645683794,0,0,0,0
6081,2,0.001276701624783617,0,0,0,0
6082,1,0.003772301253566902,0,0,0,0
6083,2,0.0012372481638188062,0,0,0,0
6084,1,0.0014631536144103009,0,0,0,0
6085,2,0.0015367860212498624,0,0,0,0
6086,2,0.0017566831541138068,0,0,0,0
6087,2,0.0033209998342858408,0,0,0,0
6088,1,8.320226389095068e-05,0,0,0,0
6089,2,0.002659180190342224,0,0,0,0
6090,2,0.002241795477042249,0,0,0,0
6091,2,0.0018094096682573033,0,0,0,0
6092,2,0.0021909944434361853,83,0,0,0
6093,2,0.006642367597194207,0,0,0,0
6094,2,0.0035320599241303267,0,0,0,0
6095,1,0.00032753383230667694,7,0,0,0
6096,2,0.0039514707793408856,402,0,0,0
6097,2,0.0007336640247989336,0,0,0,0
6098,2,0.0028291737863118923,0,0,0,0
6099,2,0.0008181157992795397,219,0,0,0
6100,2,0.0003102344977882628,0,0,0,0
6101,2,0.0018737827791237298,0,0,0,0
6102,2,0.0006923575078168525,0,0,0,0
6103,2,0.0023351154547869854,0,0,0,0
6104,2,0.009898032220696842,0,0,0,0
6105,2,0.0010193941674984746,0,0,0,0
6106,1,0.00033786554444041443,0,0,0,0
6107,2,0.0014090738218320502,0,0,0,0
6108,1,0.0027199951393067708,0,0,0,0
6109,2,0.003989220752139928,0,0,0,0
6110,2,0.005974376122141714,0,0,0,0
6111,2,0.0042171564955122655,0,0,0,0
6112,2,0.0012212822555326376,0,0,0,0
6113,2,0.0030698683221844366,0,0,0,0
6114,2,0.003471719004189434,0,0,0,0
6115,2,0.003269848917729717,0,0,0,0
6116,1,0.0016096100378757557,0,0,0,0
6117,2,0.000969081964050276,0,0,0,0
6118,2,0.00046388707328478944,0,0,0,0
6119,2,0.001537472858930176,0,0,0,0
6120,2,0.006059632993047177,0,0,0,0
6121,2,0.003096206296010778,0,0,0,0
6122,1,0.0005883875904802423,0,0,0,0
6123,2,0.004665606458694655,0,0,0,0
6124,2,0.0021686397512767704,0,0,0,0
6125,2,0.003796288989239997,0,0,0,0
6126,2,0.002275763943841341,0,0,0,0
6127,2,0.001967791242929181,0,0,0,0
6128,2,0.0012743668604897039,0,0,0,0
6129,2,0.0024166203965020378,0,0,0,0
6130,2,0.00140658124198499,0,0,0,0
6131,2,0.0027401736203294643,0,0,0,0
6132,2,0.0003354682388337137,0,0,0,0
6133,2,0.002592863466358562,67,0,0,0
6134,2,0.002255373826628141,0,0,0,0
6135,2,0.0018516085476442217,0,0,0,0
6136,2,0.0036481400630846376,0,0,0,0
6137,2,0.0005290990637390188,0,0,0,0
6138,1,0.002410220041116581,0,0,0,0
6139,2,0.0028566555523352965,0,0,0,0
6140,2,0.004136315547179548,0,0,0,0
6141,2,0.0011954039909634192,0,0,0,0
6142,1,0.0003925101019009584,7,0,0,0
6143,2,0.0014027005858713076,0,0,0,0
6144,2,0.002899367257816287,0,0,0,0
6145,2,0.0010412888586755645,0,0,0,0
6146,2,0.004696275319179208,0,0,0,0
6147,2,0.0020050518399374316,0,0,0,0
6148,2,0.0006520450754390148,0,0,0,0
6149,2,0.003434426877403378,0,0,0,0
6150,2,0.0031672874001847395,0,0,0,0
6151,2,0.00025089263003911545,0,0,0,0
6152,1,0.001162559734229908,0,0,0,0
6153,2,0.001883487189275842,0,0,0,0
6154,2,0.0016638284669138568,0,0,0,0
6155,2,0.004135445347553343,0,0,0,0
6156,2,0.0016107610369980117,0,0,0,0
6157,1,0.002150922560639486,0,0,0,0
6158,2,0.0013641116210222474,0,0,0,0
6159,2,0.0012447008425599865,0,0,0,0
6160,1,0.00041785578662140936,18,0,0,0
6161,2,0.0036913569281213977,0,0,0,0
6162,2,0.0026222432653317425,0,0,0,0
6163,2,0.0014082268122719193,0,0,0,0
6164,2,0.0014289592651100865,0,0,0,0
6165,2,0.0009768259242580078,23,0,0,0
6166,2,0.003261317283013405,0,0,0,0
6167,1,0.0007217433238991178,0,0,0,0
6168,1,0.002958073909804154,0,0,0,0
6169,2,0.0007377314126752003,0,0,0,0
6170,2,0.0027280099563345957,0,0,0,0
6171,2,0.0027260957385568945,0,0,0,0
6172,2,0.0017411366747083514,0,0,0,0
6173,2,0.002241777236220604,0,0,0,0
6174,2,0.00502674316239659,0,0,0,0
6175,2,0.0010967826686931774,0,0,0,0
6176,2,0.0016967791238138694,0,0,0,0
6177,2,0.0013027341604618058,0,0,0,0
6178,2,0.002298972576855759,0,0,0,0
6179,2,0.0022014897239374318,0,0,0,0
6180,2,0.0020901387728966317,0,0,0,0
6181,1,0.0023353071972680686,0,0,0,0
6182,2,0.00027162793901686316,0,0,0,0
6183,2,0.001329739076818733,0,0,0,0
6184,2,0.0011142052990214123,0,0,0,0
6185,2,0.002051428081063285,0,0,0,0
6186,2,0.003614288981917562,0,0,0,0
6187,2,0.001831332483771596,0,0,0,0
6188,1,0.0011653466386906848,0,0,0,0
6189,2,0.0008961785846769844,0,0,0,0
6190,2,0.0009351784514845644,0,0,0,0
6191,2,0.004737163222203499,0,0,0,0
6192,2,0.001755722439583156,114,0,0,0
6193,2,0.0030736139151057366,0,0,0,0
6194,2,0.0035061363641101643,0,0,0,0
6195,2,0.0012382648592933771,0,0,0,0
6196,2,0.0025345718118259487,0,0,0,0
6197,1,0.0008992849295269236,0,0,0,0
6198,2,0.0025069420660056457,0,0,0,0
6199,2,0.001925992660755145,0,0,0,0
6200,2,0.0015996851697096586,0,0,0,0
6201,1,0.001117173460719426,0,0,0,0
6202,2,0.0007715401489782699,0,0,0,0
6203,2,0.008547326532717036,0,0,0,0
6204,2,0.0014068412614392516,0,0,0,0
6205,2,0.0006695267075595295,0,0,0,0
6206,2,0.0019839161432076936,0,0,0,0
6207,2,0.0009294494904338498,0,0,0,0
6208,2,0.0006840366576627523,0,0,0,0
6209,2,0.0018458837314419523,0,0,0,0
6210,2,0.000850660135856737,0,0,0,0
6211,2,0.0018514314952879135,0,0,0,0
6212,2,0.0027655857113688107,0,0,0,0
6213,1,0.0003221251840048956,0,0,0,0
6214,2,0.0023334893950552943,0,0,0,0
6215,2,0.00208399140398736,0,0,0,0
6216,2,0.00070753992762272,0,0,0,0
6217,2,0.00574759330476286,0,0,0,0
6218,2,0.0037042541189757235,0,0,0,0
6219,2,0.000636458251494236,0,0,0,0
6220,2,0.0030365850633868614,0,0,0,0
6221,1,0.0007122910088523639,0,0,0,0
6222,2,0.003543015715694099,0,0,0,0
6223,2,0.0008944111665800463,0,0,0,0
6224,2,0.0041726390020559775,0,0,0,0
6225,2,0.0006653766467278309,0,0,0,0
6226,2,0.006846760760024674,0,0,0,0
6227,2,0.0012067969437662754,0,0,0,0
6228,2,0.0018161877620790612,0,0,0,0
6229,1,0.0015391328594717385,0,0,0,0
6230,2,0.001968060528278926,0,0,0,0
6231,1,0.0036849572844048287,0,0,0,0
6232,2,0.006904774369014435,0,0,0,0
6233,1,0.00279763840409681,0,0,0,0
6234,2,0.00123678645580106,72,0,0,0
6235,2,0.002006614864015412,0,0,0,0
6236,2,0.007326173383836921,0,0,0,0
6237,1,0.003533190079509647,0,0,0,0
6238,2,0.002052683492792671,0,0,0,0
6239,2,0.0059521787815017884,0,0,0,0
6240,2,0.004544301059405932,0,0,0,0
6241,2,0.0024078775391838917,0,0,0,0
6242,2,0.001954667803438817,0,0,0,0
6243,2,0.0015371417284223156,0,0,0,0
6244,1,0.0021496778042215383,0,0,0,0
6245,2,0.0009775274678908556,0,0,0,0
6246,2,0.0014858813553831984,0,0,0,0
6247,2,0.00396083485610329,0,0,0,0
6248,2,0.0017943518641515158,0,0,0,0
6249,2,0.0026739685580599915,0,0,0,0
6250,2,0.0022835918849211712,0,0,0,0
6251,2,0.0011041086944299768,0,0,0,0
6252,2,0.0005974021763854984,0,0,0,0
6253,1,0.00042741218788635785,0,0,0,0
6254,2,0.0011795130987947088,0,0,0,0
6255,2,0.0016313032891215999,0,0,0,0
6256,2,0.004829182846212099,0,0,0,0
6257,2,0.005133663232237948,0,0,0,0
6258,2,0.002270832271126667,0,0,0,0
6259,2,0.0007081138986564778,0,0,0,0
6260,2,0.003910021240982706,0,0,0,0
6261,2,0.0006461763902561298,0,0,0,0
6262,2,8.659410103085758e-05,0,0,0,0
6263,2,0.001804917796062506,0,0,0,0
6264,2,0.003196106436540386,0,0,0,0
6265,1,0.0021777070682051413,0,0,0,0
6266,2,0.0013721809722187354,0,0,0,0
6267,2,0.002381299288686992,0,0,0,0
6268,2,0.00047177326732312337,0,0,0,0
6269,2,0.0010930637278869437,0,0,0,0
6270,2,0.0025405026523722092,0,0,0,0
6271,1,0.0007899859782737273,0,0,0,0
6272,2,0.003620302228338602,0,0,0,0
6273,2,0.0015979342592497142,0,0,0,0
6274,2,0.0023335865600093634,0,0,0,0
6275,2,0.0014329301181090959,0,0,0,0
6276,2,0.003780483302621613,0,0,0,0
6277,2,0.002836724724909191,0,0,0,0
6278,2,0.0015211739969511224,0,0,0,0
6279,2,0.00025307626464083445,0,0,0,0
6280,2,0.006701827108756755,0,0,0,0
6281,2,0.005578012066568135,366,0,0,0
6282,1,0.0003300445593781259,0,0,0,0
6283,2,0.0013812291952870457,0,0,0,0
6284,2,0.0011868428033182062,0,0,0,0
6285,2,0.0002550158999427802,0,0,0,0
6286,2,0.0034075084303485928,0,0,0,0
6287,2,0.0013164013519366298,0,0,0,0
6288,2,0.0052425149406752245,0,0,0,0
6289,2,0.00818574663902268,0,0,0,0
6290,2,0.0007772138152905192,0,0,0,0
6291,2,0.0014070587406049342,0,0,0,0
6292,2,0.0020806155840667247,0,0,0,0
6293,2,0.0021240185506720497,0,0,0,0
6294,1,0.0006013121196790093,0,0,0,0
6295,2,0.0067376879071973554,0,0,0,0
6296,2,0.0022607210288496243,0,0,0,0
6297,2,0.004175286926525079,0,0,0,0
6298,2,0.004296716320138992,0,0,0,0
6299,2,0.0015784931496825585,0,0,0,0
6300,2,0.0004625468615027024,0,0,0,0
6301,2,0.002153066208183733,0,0,0,0
6302,2,0.0011039213811143346,0,0,0,0
6303,2,0.0007765271572539672,0,0,0,0
6304,2,0.0008193548101613109,0,0,0,0
6305,2,0.0007844086219553097,0,0,0,0
6306,2,0.0004658282474225923,0,0,0,0
6307,2,0.0024704891776553078,0,0,0,0
6308,1,0.002199209797043255,0,0,0,0
6309,2,0.007779576822929331,0,0,0,0
6310,2,0.0026243310510621174,23,0,0,0
6311,2,0.0019359711347522993,0,0,0,0
6312,2,0.004547302581328064,0,0,0,0
6313,2,0.0010738881131725218,0,0,0,0
6314,2,0.0014958529568607172,0,0,0,0
6315,2,0.004882205883091224,0,0,0,0
6316,2,0.0036676295668546443,0,0,0,0
6317,2,0.005722907172375688,0,0,0,0
6318,2,0.0021033561472976283,0,0,0,0
6319,2,0.005128386433270365,0,0,0,0
6320,1,0.0011398868405384339,0,0,0,0
6321,2,0.0022470542710251178,0,0,0,0
6322,2,0.0011999921153454198,0,0,0,0
6323,2,0.0019071191201328933,0,0,0,0
6324,1,0.001669463206241369,0,0,0,0
6325,2,0.001770429131353302,0,0,0,0
6326,2,0.0017642663823915852,0,0,0,0
6327,2,0.0005299312950328836,0,0,0,0
6328,2,0.003224683521710916,0,0,0,0
6329,2,0.0023668229811066137,0,0,0,0
6330,2,0.0005561282967735935,0,0,0,0
6331,2,0.000525031880202006,0,0,0,0
6332,2,0.001154101576017722,0,0,0,0
6333,1,4.502301591950595e-05,0,0,0,0
6334,1,0.0014684661199795192,0,0,0,0
6335,2,0.006008478383825904,0,0,0,0
6336,2,0.0019864769869301488,0,0,0,0
6337,2,0.0008789364610047892,0,0,0,0
6338,1,0.0010144840117183777,0,0,0,0
6339,2,0.00423181460776073,0,0,0,0
6340,1,0.0008573134278553747,0,0,0,0
6341,2,0.0017892701519082192,0,0,0,0
6342,2,0.0031095563354067465,0,0,0,0
6343,2,0.00611514879175779,0,0,0,0
6344,2,0.0022520218595983863,0,0,0,0
6345,1,0.0004264782876075026,0,0,0,0
6346,2,0.0008147843145615324,7,0,0,0
6347,2,0.00021791844857281195,0,0,0,0
6348,2,0.007002875614726193,0,0,0,0
6349,2,0.0028599824421680297,0,0,0,0
6350,2,0.0006241135031560917,0,0,0,0
6351,2,0.003920424794484026,0,0,0,0
6352,2,0.0024789601415912857,0,0,0,0
6353,2,0.002072075793021418,0,0,0,0
6354,2,0.0014498564711571233,0,0,0,0
6355,2,0.0011696663566897556,0,0,0,0
6356,1,0.0031112627703458,0,0,0,0
6357,1,0.001216985340356576,0,0,0,0
6358,2,0.0018747859597853169,0,0,0,0
6359,1,9.918019637227715e-05,0,0,0,0
6360,2,0.0010779723641053433,0,0,0,0
6361,2,0.003218732329990753,0,0,0,0
6362,1,9.620715275282429e-05,0,0,0,0
6363,1,0.0017298651449399848,0,0,0,0
6364,2,0.00218568931065519,0,0,0,0
6365,1,0.0007421373154844301,0,0,0,0
6366,1,0.0006575403308413757,0,0,0,0
6367,2,0.0029911261359341964,0,0,0,0
6368,2,0.002268082464311242,0,0,0,0
6369,2,0.0007841317671278174,0,0,0,0
6370,2,0.00338011121982925,0,0,0,0
6371,2,0.00033260660281647186,0,0,0,0
6372,2,0.0031315779966779203,0,0,0,0
6373,2,0.0012090411968178425,0,0,0,0
6374,2,0.003659623623127311,205,0,0,0
6375,1,0.005037401021211528,269,0,0,0
6376,2,0.0017321634550191757,0,0,0,0
6377,2,0.0014384026088740674,0,0,0,0
6378,2,0.001406451359880888,39,0,0,0
6379,1,0.001799841530618683,0,0,0,0
6380,2,0.008038437386027714,0,0,0,0
6381,2,0.0009066707067466546,0,0,0,0
6382,1,0.0011165101621352248,0,0,0,0
6383,2,0.002968466848981871,0,0,0,0
6384,1,0.0005438990629951257,0,0,0,0
6385,2,0.001841656042604836,0,0,0,0
6386,2,0.003656735769752592,0,0,0,0
6387,2,0.00122651485702932,0,0,0,0
6388,2,0.005503789657994091,0,0,0,0
6389,1,0.006690517202960511,619,0,0,0
6390,1,0.0007289560736213296,0,0,0,0
6391,1,0.003208016298371732,0,0,0,0
6392,2,0.0031178076318086733,0,0,0,0
6393,1,0.0008456678542628103,0,0,0,0
6394,2,0.0017508995511318344,0,0,0,0
6395,1,0.00043137977806138254,0,0,0,0
6396,2,0.002937105087240795,0,0,0,0
6397,1,5.860174128361738e-05,0,0,0,0
6398,2,0.005831453321060803,0,0,0,0
6399,1,0.0006138318022307566,0,0,0,0
6400,2,0.0009893480441491352,0,0,0,0
6401,2,0.0014255701653438947,0,0,0,0
6402,2,0.0019088576359578909,7,0,0,0
6403,2,0.0017635895678836545,0,0,0,0
6404,1,0.0010088917320213537,0,0,0,0
6405,2,0.00410051947903145,0,0,0,0
6406,2,0.0026304879781590905,0,0,0,0
6407,2,0.0014219639345976719,0,0,0,0
6408,2,0.004615797986887828,0,0,0,0
6409,2,0.0002541923835262369,0,0,0,0
6410,2,0.007098161436072397,0,0,0,0
6411,2,0.0006711155294168694,0,0,0,0
6412,2,0.0013909364722851422,0,0,0,0
6413,2,0.0029527870594379334,0,0,0,0
6414,2,0.001657249472634629,0,0,0,0
6415,2,0.002341190483251296,0,0,0,0
6416,2,0.0001543949444766546,0,0,0,0
6417,1,0.0012242282566510161,0,0,0,0
6418,2,0.00040037145258168074,0,0,0,0
6419,2,0.0009584844399437132,0,0,0,0
6420,2,0.001111379504885294,0,0,0,0
6421,2,0.00020710815551684233,0,0,0,0
6422,2,0.003931389972140248,0,0,0,0
6423,2,0.001168406325075113,0,0,0,0
6424,2,0.001928424318203198,0,0,0,0
6425,2,0.0033740279821167273,0,0,0,0
6426,2,0.004165276618587762,0,0,0,0
6427,2,0.004033466661001797,0,0,0,0
6428,2,0.004977922725626378,0,0,0,0
6429,2,0.0010088142658822112,0,0,0,0
6430,2,0.001123713981590226,0,0,0,0
6431,2,0.0029903996126645098,0,0,0,0
6432,2,0.001127442398606992,0,0,0,0
6433,2,0.004455293852093038,0,0,0,0
6434,2,0.005966468635034378,0,0,0,0
6435,2,0.0013496891750972135,196,0,0,0
6436,2,0.0013334053196157132,0,0,0,0
6437,2,0.001160543658080514,0,0,0,0
6438,2,0.0026278158718511303,0,0,0,0
6439,2,0.0016857848811325487,0,0,0,0
6440,2,0.0018060625715058225,0,0,0,0
6441,2,0.003787306772112094,0,0,0,0
6442,2,0.002875694373903178,0,0,0,0
6443,2,0.002915659191280178,0,0,0,0
6444,2,0.0009707182166839183,0,0,0,0
6445,2,0.0029453352554537253,0,0,0,0
6446,2,0.0033349857011217396,0,0,0,0
6447,2,0.0011871532624609276,0,0,0,0
6448,2,0.00446224388587628,0,0,0,0
6449,2,0.004144758479304053,0,0,0,0
6450,2,0.0016908675567896682,346,0,0,0
6451,2,0.0027279388291053647,0,0,0,0
6452,2,0.00832911055958593,0,0,0,0
6453,2,0.0013079486458538834,0,0,0,0
6454,1,0.0009589782451126685,0,0,0,0
6455,2,0.0037483781523696465,0,0,0,0
6456,2,0.0022810781364546607,0,0,0,0
6457,1,0.00013069939394532045,0,0,0,0
6458,2,0.0024656685426754756,0,0,0,0
6459,2,0.007282838768344955,0,0,0,0
6460,1,0.006807238562660054,0,0,0,0
6461,1,0.00020543469302076707,0,0,0,0
6462,2,0.0011828491740642508,0,0,0,0
6463,1,0.0024137324243292597,0,0,0,0
6464,1,0.0048997543798086525,0,0,0,0
6465,2,0.0006638074021009937,0,0,0,0
6466,2,0.0022252000198733583,0,0,0,0
6467,2,0.003683803693713767,0,0,0,0
6468,1,0.0005799029887147995,0,0,0,0
6469,1,0.00040785913305934246,0,0,0,0
6470,1,0.0002615845580374187,0,0,0,0
6471,2,0.0024562033965561114,0,0,0,0
6472,2,0.0019765650408617138,0,0,0,0
6473,2,0.0020783854528819722,0,0,0,0
6474,2,0.0030701435207414326,0,0,0,0
6475,1,0.0005691947874013691,0,0,0,0
6476,2,0.0008551804736810382,0,0,0,0
6477,2,0.0014644491619105746,0,0,0,0
6478,2,0.0008578700608168906,0,0,0,0
6479,2,0.005701078449461524,0,0,0,0
6480,2,0.0013622408343661287,0,0,0,0
6481,1,0.00046995857997558305,124,0,0,0
6482,2,0.00023224211235629619,0,0,0,0
6483,2,0.00044513961650129136,0,0,0,0
6484,2,0.0009459685035901576,0,0,0,0
6485,2,0.0032980946293674845,0,0,0,0
6486,2,0.002976503433755135,7,0,0,0
6487,2,0.0030085619674351627,0,0,0,0
6488,2,0.0018264229486426933,0,0,0,0
6489,2,0.002303093862255628,0,0,0,0
6490,1,0.00010490014367641869,0,0,0,0
6491,2,0.0005320866194882625,0,0,0,0
6492,2,0.0014378231883266867,0,0,0,0
6493,2,0.003366766049010514,60,0,0,0
6494,2,0.0014477024455760942,0,0,0,0
6495,2,0.004111099994302678,0,0,0,0
6496,1,0.00015831448208888588,0,0,0,0
6497,2,0.0012415034831601817,0,0,0,0
6498,2,0.005322697567240935,0,0,0,0
6499,2,0.0009793831982175376,0,0,0,0
6500,2,0.0021313692295348284,0,0,0,0
6501,2,0.0013213381083306422,0,0,0,0
6502,2,0.003954146686929868,0,0,0,0
6503,1,0.0003095752372748557,0,0,0,0
6504,2,0.0006014379070162765,0,0,0,0
6505,2,0.004243707184585001,0,0,0,0
6506,1,6.278522970560834e-05,0,0,0,0
6507,2,0.004349316770006541,0,0,0,0
6508,1,0.0003404407097375045,0,0,0,0
6509,2,0.000564882069353148,0,0,0,0
6510,2,0.0017028079629995637,0,0,0,0
6511,1,0.000651780901692058,0,0,0,0
6512,2,0.0024558004924277043,0,0,0,0
6513,2,0.004001079549804176,0,0,0,0
6514,2,0.005916594521066128,0,0,0,0
6515,2,0.0007477410594279811,0,0,0,0
6516,2,0.000611830102230201,0,0,0,0
6517,2,0.003271705249032354,0,0,0,0
6518,2,0.004339276207172059,0,0,0,0
6519,1,0.001965267855171216,0,0,0,0
6520,2,0.0003418185623892348,0,0,0,0
6521,2,0.0010943353288250576,0,0,0,0
6522,2,0.0026330400067270145,0,0,0,0
6523,2,0.0029270218480764295,95,0,0,0
6524,2,0.0008651794143477513,71,0,0,0
6525,2,0.004037905111097586,0,0,0,0
6526,2,0.005014321548383624,0,0,0,0
6527,1,0.0014724865232889311,0,0,0,0
6528,2,0.004011507366187848,0,0,0,0
6529,2,0.0021205595894647107,0,0,0,0
6530,2,0.0025158879366585256,0,0,0,0
6531,2,0.003986638661057719,0,0,0,0
6532,2,0.0004858504584164852,0,0,0,0
6533,2,0.0005484570088416551,0,0,0,0
6534,2,0.005767057238360062,0,0,0,0
6535,2,0.0003058452282250006,0,0,0,0
6536,1,0.00047481332735204075,0,0,0,0
6537,2,0.003449833359166131,0,0,0,0
6538,2,0.003800733646062678,0,0,0,0
6539,2,0.002311749629103206,0,0,0,0
6540,2,0.0015273398879907098,0,0,0,0
6541,2,0.0012641252716458042,0,0,0,0
6542,2,0.004183221886633113,0,0,0,0
6543,2,0.0028470873778312267,0,0,0,0
6544,2,0.0022316189481762653,0,0,0,0
6545,2,0.0015279654191754854,0,0,0,0
6546,2,0.000615307322291229,0,0,0,0
6547,2,0.0005755537587190018,0,0,0,0
6548,2,0.0011788915383203656,0,0,0,0
6549,2,0.0012843849523713725,157,0,0,0
6550,2,0.0016671456530377715,0,0,0,0
6551,2,0.0028126885394835076,0,0,0,0
6552,2,0.00335685043045736,7,0,0,0
6553,2,0.001247526785839148,0,0,0,0
6554,2,0.0011321739434983354,0,0,0,0
6555,2,0.003760981352644546,0,0,0,0
6556,2,0.0019271263594054964,0,0,0,0
6557,2,0.002329457551288737,0,0,0,0
6558,2,0.0008291165536147207,0,0,0,0
6559,2,0.0006548143473248714,0,0,0,0
6560,2,0.002654765511559546,0,0,0,0
6561,2,0.0025150992384820785,0,0,0,0
6562,2,0.002028413720832937,0,0,0,0
6563,2,0.0017668035477962907,0,0,0,0
6564,2,0.002415651718573451,0,0,0,0
6565,2,0.0003585432047861538,0,0,0,0
6566,2,0.0005552709996406637,0,0,0,0
6567,2,0.003929737207473035,0,0,0,0
6568,2,0.0036791052022953517,0,0,0,0
6569,2,0.0023912236685208078,0,0,0,0
6570,2,0.0008660925260473943,0,0,0,0
6571,2,0.002314153813200232,0,0,0,0
6572,1,0.0025025388512931695,0,0,0,0
6573,2,0.0003640140586828265,0,0,0,0
6574,2,0.002870508402084516,0,0,0,0
6575,2,0.0022018843619072866,0,0,0,0
6576,2,0.005212366072889793,0,0,0,0
6577,2,0.00013431265802550112,0,0,0,0
6578,2,0.004059135442818625,0,0,0,0
6579,2,0.0024090162457770714,0,0,0,0
6580,2,0.0018275432038529448,0,0,0,0
6581,2,0.004641338905923609,0,0,0,0
6582,2,0.001413251395842751,0,0,0,0
6583,2,0.002700987212418228,0,0,0,0
6584,2,0.0026953556148149203,0,0,0,0
6585,2,0.004081138476334404,0,0,0,0
6586,2,0.00105485505127346,0,0,0,0
6587,1,0.004359451582572955,0,0,0,0
6588,2,0.0022983677034882533,0,0,0,0
6589,2,0.003606182672881982,0,0,0,0
6590,2,0.0025666144405201716,0,0,0,0
6591,2,0.0002865850507686539,0,0,0,0
6592,2,0.00028018200340953667,0,0,0,0
6593,2,0.0012421352524096465,7,0,0,0
6594,2,0.0012923304873422665,0,0,0,0
6595,2,0.003979816972753852,0,0,0,0
6596,2,0.0030624564678512598,0,0,0,0
6597,2,0.003847751183715477,0,0,0,0
6598,1,0.0013710075580153523,0,0,0,0
6599,1,0.0010485586188900553,0,0,0,0
6600,2,0.0011801111631699246,0,0,0,0
6601,2,0.003213446186755304,0,0,0,0
6602,2,0.006058611868052362,0,0,0,0
6603,2,3.1149616078930665e-05,0,0,0,0
6604,2,0.0026006059980297883,0,0,0,0
6605,2,0.00018573790776893947,0,0,0,0
6606,2,0.0008546181468284634,0,0,0,0
6607,2,0.005595632737375883,0,0,0,0
6608,2,0.004524229477737708,0,0,0,0
6609,1,8.0102706259177e-05,0,0,0,0
6610,2,0.0008259239170654688,0,0,0,0
6611,2,0.0028021227486124223,0,0,0,0
6612,2,0.0014124783929024352,0,0,0,0
6613,2,0.0014994579015094496,0,0,0,0
6614,2,0.0023337600200432486,0,0,0,0
6615,1,0.0003630143071088686,0,0,0,0
6616,2,0.0034560697340952564,0,0,0,0
6617,2,0.00349763906699824,0,0,0,0
6618,2,0.000717851073403153,0,0,0,0
6619,2,0.0014017076701594074,0,0,0,0
6620,1,0.002923739304301087,0,0,0,0
6621,1,0.001881035690779915,0,0,0,0
6622,2,0.0006504556614198703,0,0,0,0
6623,2,0.0031636199039667195,0,0,0,0
6624,2,0.0012947599788701864,0,0,0,0
6625,2,0.0018234470856642124,0,0,0,0
6626,1,0.0018461883424022725,0,0,0,0
6627,2,0.00023282853382286005,0,0,0,0
6628,2,0.003481541991627504,0,0,0,0
6629,2,0.005021469131442839,0,0,0,0
6630,1,8.520906334428803e-05,0,0,0,0
6631,2,0.0008169764097801909,0,0,0,0
6632,2,0.0027961077734105274,0,0,0,0
6633,2,0.0026080466386804867,0,0,0,0
6634,2,0.005803865926387361,0,0,0,0
6635,2,0.000682886711044338,0,0,0,0
6636,2,0.0064751033540647466,311,0,0,0
6637,2,0.0017833004122761891,0,0,0,0
6638,2,0.0016306005409667528,73,0,0,0
6639,2,0.003508921024652305,0,0,0,0
6640,2,0.003386043300418607,0,0,0,0
6641,2,0.0053048164575447716,0,0,0,0
6642,2,0.001825645807671552,0,0,0,0
6643,2,0.004849589691972915,0,0,0,0
6644,2,0.006869566113517105,0,0,0,0
6645,2,0.0011840747354937332,0,0,0,0
6646,2,0.0007546215445460494,0,0,0,0
6647,2,0.00045806689738549033,0,0,0,0
6648,2,0.0019411573189625532,0,0,0,0
6649,2,0.002186337262035425,0,0,0,0
6650,2,0.0019371239985441603,0,0,0,0
6651,2,0.0020361838635094263,0,0,0,0
6652,2,0.0022986490404877024,0,0,0,0
6653,2,0.0026518437962547692,0,0,0,0
6654,2,0.0018207249350407778,0,0,0,0
6655,2,0.004824594367417218,0,0,0,0
6656,2,0.00854791250010427,0,0,0,0
6657,2,0.0013872294919516895,0,0,0,0
6658,1,0.0021074827565465393,0,0,0,0
6659,1,0.0002553492274636868,0,0,0,0
6660,2,0.001542973096115921,0,0,0,0
6661,2,0.002152080063800651,0,0,0,0
6662,2,0.004969760169059966,0,0,0,0
6663,1,0.0024015768389967452,0,0,0,0
6664,2,0.0005002727283151591,0,0,0,0
6665,2,0.0014845955907346403,0,0,0,0
6666,2,0.0011498520305650922,0,0,0,0
6667,2,0.0006663030916916515,0,0,0,0
6668,2,0.0005384357619420228,0,0,0,0
6669,2,0.00040299696623912075,0,0,0,0
6670,1,0.0005079977819680023,0,0,0,0
6671,2,0.002737616721152489,0,0,0,0
6672,2,0.004424338049141812,0,0,0,0
6673,2,0.0003176119326485863,0,0,0,0
6674,2,0.004378323974281545,0,0,0,0
6675,2,0.0030954274545411894,0,0,0,0
6676,2,0.003347804020142,0,0,0,0
6677,2,0.0006969197058062363,0,0,0,0
6678,2,0.00281186057089865,0,0,0,0
6679,2,0.0005810166367230747,0,0,0,0
6680,2,0.001535022725120961,0,0,0,0
6681,1,0.00010805498240866948,0,0,0,0
6682,1,0.0007210981185653114,0,0,0,0
6683,1,0.0036568958164846315,0,0,0,0
6684,2,0.0007658839452365222,0,0,0,0
6685,2,0.005532701177647898,0,0,0,0
6686,2,0.0012322753838630758,0,0,0,0
6687,2,0.0024154771826127752,0,0,0,0
6688,2,0.0009981423444856135,0,0,0,0
6689,2,0.004346915001571453,0,0,0,0
6690,2,0.002538972809353392,0,0,0,0
6691,2,0.003536763140729082,457,0,0,0
6692,2,0.0023482225881895536,0,0,0,0
6693,2,0.0010056674627240407,0,0,0,0
6694,1,0.0002806809752869928,0,0,0,0
6695,2,0.004620232317921733,0,0,0,0
6696,2,0.0022513411507907605,0,0,0,0
6697,2,0.0011734901800664033,0,0,0,0
6698,2,0.0030104092642964614,0,0,0,0
6699,2,0.002456826944862073,0,0,0,0
6700,2,0.0016413858788685664,0,0,0,0
6701,2,0.0005064698272686441,0,0,0,0
6702,2,0.0013160501411084609,0,0,0,0
6703,1,0.00045372538979904177,7,0,0,0
6704,2,0.004876203261257463,0,0,0,0
6705,2,0.0005222170936935106,0,0,0,0
6706,2,0.0022384386198977635,0,0,0,0
6707,2,0.004428024084399535,0,0,0,0
6708,2,0.0026293313320249964,558,0,0,0
6709,1,0.0003317008865146529,0,0,0,0
6710,2,0.003689201645256274,0,0,0,0
6711,2,0.00259700479940846,0,0,0,0
6712,2,0.002151059618488939,0,0,0,0
6713,2,0.0012164163497066888,0,0,0,0
6714,2,0.0032985646295303596,0,0,0,0
6715,2,0.0033286627319991393,0,0,0,0
6716,2,0.0032290314402862843,0,0,0,0
6717,2,0.0021363710032594628,0,0,0,0
6718,2,0.004662275465868983,0,0,0,0
6719,2,0.0030696724750951783,0,0,0,0
6720,2,0.00032437203130733115,0,0,0,0
6721,2,0.001646041458128454,0,0,0,0
6722,2,0.002679984427662955,0,0,0,0
6723,1,0.0009249156731265382,0,0,0,0
6724,1,0.0004652431689133456,0,0,0,0
6725,2,0.001764796314855188,0,0,0,0
6726,2,0.0012010763747348082,0,0,0,0
6727,2,0.0019643858376898167,0,0,0,0
6728,1,0.0050504347860097195,331,0,0,0
6729,2,0.0006300100819044842,0,0,0,0
6730,2,0.0008183811957881532,0,0,0,0
6731,2,0.001914409891017706,7,0,0,0
6732,2,0.001502872910649757,0,0,0,0
6733,2,0.0007317568385036091,0,0,0,0
6734,2,0.0010585893112510212,0,0,0,0
6735,2,0.004353249508170504,0,0,0,0
6736,2,0.001935777842606567,0,0,0,0
6737,2,0.0005273723273134764,0,0,0,0
6738,2,0.0009366169447939997,0,0,0,0
6739,2,0.003006888313201576,0,0,0,0
6740,1,0.002199521705873416,0,0,0,0
6741,2,0.002716297216994847,0,0,0,0
6742,2,0.0038492244043284696,0,0,0,0
6743,2,0.00305933268292249,0,0,0,0
6744,2,0.001692220120874447,0,0,0,0
6745,2,0.004456707035457399,0,0,0,0
6746,2,0.002470964564374859,88,0,0,0
6747,2,0.0012800522770524325,0,0,0,0
6748,2,0.0012378133972701965,0,0,0,0
6749,2,0.0008028498154926143,0,0,0,0
6750,2,0.0030474447800378367,0,0,0,0
6751,2,0.001321820155728113,0,0,0,0
6752,2,0.0012332704041020104,0,0,0,0
6753,2,0.003180514044181687,0,0,0,0
6754,2,0.003115961635495469,0,0,0,0
6755,2,0.0018250237395390377,0,0,0,0
6756,1,0.0005513874112955168,0,0,0,0
6757,2,0.0007049078554720788,7,0,0,0
6758,2,0.003639592426150244,0,0,0,0
6759,1,0.003967929625514556,0,0,0,0
6760,1,0.0005474914552427214,7,0,0,0
6761,2,0.0010432406506292802,0,0,0,0
6762,2,0.0007935052466780971,0,0,0,0
6763,1,0.00037197253178034007,0,0,0,0
6764,2,0.0014894052615037029,0,0,0,0
6765,2,0.003232050995135875,0,0,0,0
6766,2,0.002467582714037493,0,0,0,0
6767,1,0.002460343250167781,0,0,0,0
6768,2,0.0020464825131728593,0,0,0,0
6769,2,0.0030244817734010046,0,0,0,0
6770,2,0.001298474940721296,0,0,0,0
6771,2,0.0015094459391925062,0,0,0,0
6772,2,0.003654872099759853,0,0,0,0
6773,1,0.00011175715335129205,0,0,0,0
6774,2,0.0022640018517404137,0,0,0,0
6775,2,0.0026370567772613742,0,0,0,0
6776,2,0.003927020527959442,27,0,0,0
6777,2,0.004363460166853844,0,0,0,0
6778,2,0.0035773687030890896,0,0,0,0
6779,2,0.0004996546612785821,0,0,0,0
6780,1,0.0008914766796760309,0,0,0,0
6781,2,0.010381195470242126,714,0,0,0
6782,2,0.0035287329687257825,0,0,0,0
6783,2,0.0011788304546903141,0,0,0,0
6784,2,0.001197753817077498,0,0,0,0
6785,1,0.00067944915179543,0,0,0,0
6786,2,0.0020822693804882194,0,0,0,0
6787,2,0.002646198514705067,0,0,0,0
6788,2,0.0017090634345146545,0,0,0,0
6789,2,0.003358043707028538,0,0,0,0
6790,2,0.00027003114876324473,0,0,0,0
6791,1,0.0002773787987382755,0,0,0,0
6792,2,0.0010836221915158772,0,0,0,0
6793,1,0.0006247126672068107,0,0,0,0
6794,1,0.0017070534954467767,0,0,0,0
6795,2,0.0021399621088018044,0,0,0,0
6796,2,0.0019742169537623404,0,0,0,0
6797,2,0.0059032239404274945,0,0,0,0
6798,2,0.002171107967162366,0,0,0,0
6799,2,0.0022696714306220836,0,0,0,0
6800,2,0.0012928034780899237,0,0,0,0
6801,2,0.003402077292569926,0,0,0,0
6802,2,0.0012441942166142013,0,0,0,0
6803,2,0.00020631681901052553,0,0,0,0
6804,1,0.0007425129174344639,0,0,0,0
6805,2,0.002753378590228493,0,0,0,0
6806,2,0.00048327582252713925,0,0,0,0
6807,2,0.003028348909947102,0,0,0,0
6808,2,0.0007987812460588997,0,0,0,0
6809,2,0.002946192727277955,18,0,0,0
6810,2,0.0027154510803939548,0,0,0,0
6811,2,0.001296653104193811,0,0,0,0
6812,2,0.003194189523761717,0,0,0,0
6813,2,0.00170883041463212,0,0,0,0
6814,2,0.002634630864106166,0,0,0,0
6815,2,0.0025866304738243334,176,0,0,0
6816,2,0.003999632987471162,0,0,0,0
6817,2,0.001704311299305723,0,0,0,0
6818,2,0.0016780904488426756,0,0,0,0
6819,2,0.0024081247581633374,0,0,0,0
6820,2,0.0031474303352556432,0,0,0,0
6821,2,0.004617675989191022,0,0,0,0
6822,1,0.0019253875855969813,0,0,0,0
6823,2,0.0008325684577966232,0,0,0,0
6824,2,0.001876270987004324,0,0,0,0
6825,2,0.006647780059325343,0,0,0,0
6826,2,0.00239808764130574,0,0,0,0
6827,1,0.0003536132508669798,0,0,0,0
6828,2,0.0025376336891991687,0,0,0,0
6829,2,0.0017712030556134434,0,0,0,0
6830,2,0.005099485206559107,0,0,0,0
6831,2,0.004146825974823839,0,0,0,0
6832,2,0.00106450719092236,0,0,0,0
6833,2,0.001346145412471768,0,0,0,0
6834,2,0.006060967278683649,0,0,0,0
6835,2,0.0028495317606227993,0,0,0,0
6836,2,0.006436551011007821,0,0,0,0
6837,2,0.0027583205299260612,0,0,0,0
6838,2,0.0013537533786888724,0,0,0,0
6839,2,0.002239374468728018,0,0,0,0
6840,1,0.0014736218634429905,0,0,0,0
6841,2,0.005782946571778578,0,0,0,0
6842,1,0.0009294924839866178,0,0,0,0
6843,2,0.0013520078245135136,0,0,0,0
6844,2,0.004038745695400794,0,0,0,0
6845,2,0.0016839585539110663,0,0,0,0
6846,2,0.0013710895115819617,0,0,0,0
6847,2,0.006915620603616898,0,0,0,0
6848,2,0.0014356418897118902,0,0,0,0
6849,2,0.001153491079498022,0,0,0,0
6850,2,0.0014875335094421977,0,0,0,0
6851,2,0.008517147305740087,0,0,0,0
6852,1,0.0007589940925197681,0,0,0,0
6853,2,0.005063117316313374,0,0,0,0
6854,2,0.0009185750087785181,0,0,0,0
6855,1,0.0006291688029378679,0,0,0,0
6856,2,0.00036681029978213224,0,0,0,0
6857,2,0.0017637906470918743,0,0,0,0
6858,2,0.0019540945799534303,0,0,0,0
6859,2,0.00014573401984729464,0,0,0,0
6860,2,0.004088875747669886,0,0,0,0
6861,1,0.001745880045776085,0,0,0,0
6862,2,0.00263644238352182,0,0,0,0
6863,2,0.0016718256163364067,0,0,0,0
6864,1,0.0005186429532670473,0,0,0,0
6865,2,0.0006806232937026752,0,0,0,0
6866,2,0.004956617800652223,0,0,0,0
6867,2,0.0030958617776252464,0,0,0,0
6868,1,0.0003369169969877483,0,0,0,0
6869,2,0.0003815727838763691,0,0,0,0
6870,2,0.0025244222509227714,0,0,0,0
6871,1,0.0024997491555765693,0,0,0,0
6872,2,0.0017638265872989595,0,0,0,0
6873,2,0.003066417984066249,0,0,0,0
6874,2,0.0008256781965319313,0,0,0,0
6875,2,0.0010053057840278437,0,0,0,0
6876,1,0.0008103613771210253,0,0,0,0
6877,1,0.002148673744611715,0,0,0,0
6878,1,0.0015192472657564382,0,0,0,0
6879,2,0.00437665420837533,0,0,0,0
6880,2,0.006052884856471624,0,0,0,0
6881,2,0.001279283043567581,0,0,0,0
6882,1,0.0010494532741880409,19,0,0,0
6883,2,0.0008568433603699039,0,0,0,0
6884,2,0.0036014404798457612,0,0,0,0
6885,2,0.0009527275390595961,0,0,0,0
6886,2,0.0025301707329613097,0,0,0,0
6887,1,0.0016952975085221995,0,0,0,0
6888,1,0.006480339801601842,0,0,0,0
6889,2,0.0017332443144343127,0,0,0,0
6890,2,0.0010024659459683793,0,0,0,0
6891,2,0.005193848337075816,0,0,0,0
6892,2,0.0015244586355121041,0,0,0,0
6893,2,0.0015857618978984485,0,0,0,0
6894,2,0.0013776221812441592,0,0,0,0
6895,2,0.002291273194900557,0,0,0,0
6896,1,0.00013939459895708135,0,0,0,0
6897,2,0.0016459808256472231,0,0,0,0
6898,2,0.0007485826766163725,0,0,0,0
6899,2,0.0035384485799851303,0,0,0,0
6900,1,0.0013238731228645073,0,0,0,0
6901,2,0.00420052068267488,0,0,0,0
6902,2,0.0025430115902477066,0,0,0,0
6903,2,0.0007196654785546003,0,0,0,0
6904,2,0.0008882082956288795,47,0,0,0
6905,2,0.0008302716795836212,0,0,0,0
6906,2,0.0019983785744317442,0,0,0,0
6907,2,0.001103199034573478,0,0,0,0
6908,2,0.0036034336781464523,0,0,0,0
6909,2,0.0015554469238598298,0,0,0,0
6910,2,0.0012518401908852052,0,0,0,0
6911,2,6.921223558321045e-05,0,0,0,0
6912,2,0.0030193307718788926,0,0,0,0
6913,2,0.006908642658927235,0,0,0,0
6914,2,0.0005452304593300834,0,0,0,0
6915,2,0.0038827281828600247,0,0,0,0
6916,2,0.0035567485350554567,373,0,0,0
6917,2,0.0013675050982895308,0,0,0,0
6918,2,0.004966899041069488,0,0,0,0
6919,1,0.0011451668876489302,0,0,0,0
6920,2,0.0016141727793969668,0,0,0,0
6921,2,0.00315522274825983,0,0,0,0
6922,2,0.0011565396474956238,0,0,0,0
6923,2,0.00394704129728867,0,0,0,0
6924,2,0.0038229552261777955,0,0,0,0
6925,2,0.0005976241905880584,0,0,0,0
6926,2,0.002111621637017562,0,0,0,0
6927,1,0.00148451873084319,0,0,0,0
6928,2,0.004756792154400451,0,0,0,0
6929,2,0.0024505079059368266,0,0,0,0
6930,2,0.0006329771640538004,0,0,0,0
6931,1,0.0015181031737359573,0,0,0,0
6932,2,0.0016901308166769227,0,0,0,0
6933,2,0.0023549013592767103,0,0,0,0
6934,1,0.00010695149771330133,0,0,0,0
6935,1,0.00023984296119534878,0,0,0,0
6936,2,0.002971081861024853,0,0,0,0
6937,2,0.0028793125739427945,0,0,0,0
6938,2,0.00196934669401556,0,0,0,0
6939,2,0.0014883225829274162,0,0,0,0
6940,2,0.00013115021641405263,0,0,0,0
6941,2,0.0033069983833639996,0,0,0,0
6942,2,0.0005740464835896322,7,0,0,0
6943,2,0.0013501201034941293,0,0,0,0
6944,2,0.0014088052240716995,0,0,0,0
6945,2,0.003326947534484251,0,0,0,0
6946,2,0.0038652496762893885,0,0,0,0
6947,2,0.0012025806122239375,0,0,0,0
6948,2,0.0005456987527210438,0,0,0,0
6949,2,0.000921981534885794,0,0,0,0
6950,2,0.003326701722384971,0,0,0,0
6951,2,0.0015372732531519526,0,0,0,0
6952,2,0.0042196664649959215,0,0,0,0
6953,2,0.0005196522584862558,0,0,0,0
6954,2,0.0017826192082328754,0,0,0,0
6955,2,0.0008665961914926769,0,0,0,0
6956,2,0.0006835015354568854,0,0,0,0
6957,2,0.0016588436991783145,0,0,0,0
6958,2,0.0025987095829213586,0,0,0,0
6959,2,0.001831675938273375,0,0,0,0
6960,2,0.0035904583344947795,0,0,0,0
6961,2,0.0027981927157632596,0,0,0,0
6962,2,0.004244035971714336,0,0,0,0
6963,2,0.002152030376414432,0,0,0,0
6964,2,0.002024556761109711,0,0,0,0
6965,1,0.004598014773842732,0,0,0,0
6966,2,0.0007334166411717456,0,0,0,0
6967,2,0.0011172294664953944,0,0,0,0
6968,1,0.0006951609529098801,0,0,0,0
6969,2,0.0036718439679485396,0,0,0,0
6970,2,0.0027714046591144127,0,0,0,0
6971,2,0.0005670865522586423,0,0,0,0
6972,1,0.0008154536984183837,0,0,0,0
6973,2,0.0035963855337860355,0,0,0,0
6974,2,0.004482419847853788,0,0,0,0
6975,2,0.0006892641966955888,0,0,0,0
6976,2,0.0009915455278884052,0,0,0,0
6977,2,0.0007883358216199016,0,0,0,0
6978,2,0.003811350811613663,0,0,0,0
6979,2,0.0028959727517377004,0,0,0,0
6980,2,0.0022741795622015135,7,0,0,0
6981,2,0.0016668159978400197,0,0,0,0
6982,2,0.002106536461715094,0,0,0,0
6983,2,0.0021454965749791188,0,0,0,0
6984,2,0.0037070234127209926,0,0,0,0
6985,2,0.004211393688242701,0,0,0,0
6986,2,0.0010614992215325577,0,0,0,0
6987,2,0.0025312150116057245,0,0,0,0
6988,2,0.0006919443257304161,0,0,0,0
6989,2,0.00041278638632029775,0,0,0,0
6990,2,0.0024531315213875866,0,0,0,0
6991,2,0.0004447112554733631,0,0,0,0
6992,2,0.0011276651617442132,0,0,0,0
6993,2,0.0008663689367875885,0,0,0,0
6994,2,0.00023390324536585877,0,0,0,0
6995,2,0.0022799117411492716,30,0,0,0
6996,2,0.0005389707402958598,0,0,0,0
6997,2,0.0011258290349213812,0,0,0,0
6998,2,0.005026302319673648,0,0,0,0
6999,1,1.5840175907149345e-05,0,0,0,0
7000,2,0.002051696503588155,0,0,0,0
7001,2,0.0024293821729659206,0,0,0,0
7002,1,0.0003625133735992311,0,0,0,0
7003,2,0.0015399420047894634,0,0,0,0
7004,2,0.0016396813784494,0,0,0,0
7005,1,0.0013853932797952193,0,0,0,0
7006,2,0.0007288252920840326,0,0,0,0
7007,2,0.004319159066495476,0,0,0,0
7008,2,0.002374625642691933,0,0,0,0
7009,2,0.002027133967501298,0,0,0,0
7010,2,0.0026656396842296226,0,0,0,0
7011,2,0.0013207024524865276,212,0,0,0
7012,2,0.0034862704185456496,0,0,0,0
7013,2,0.0030126818699756836,14,0,0,0
7014,2,0.0006624612210202228,0,0,0,0
7015,2,0.0041460895336823565,0,0,0,0
7016,2,0.002884595913433517,0,0,0,0
7017,2,0.0021706862978194846,0,0,0,0
7018,2,5.5974765578829006e-05,0,0,0,0
7019,2,0.0021000187411092473,0,0,0,0
7020,2,0.0008635085687125621,0,0,0,0
7021,1,9.503969626282525e-05,0,0,0,0
7022,2,0.003148903431238714,0,0,0,0
7023,2,0.0008610904429395381,0,0,0,0
7024,2,0.006036876955277229,0,0,0,0
7025,2,0.0017995371239506468,0,0,0,0
7026,2,0.0010750375366735591,0,0,0,0
7027,1,0.000870625356192839,0,0,0,0
7028,2,0.00268682910215315,0,0,0,0
7029,2,0.0028986515189761953,0,0,0,0
7030,2,0.0004943668376888621,0,0,0,0
7031,2,0.002701769809965143,0,0,0,0
7032,1,0.0006229586119920506,0,0,0,0
7033,1,0.0007482476582789175,0,0,0,0
7034,1,0.00027632464978717154,0,0,0,0
7035,2,0.0006008893653902624,0,0,0,0
7036,2,0.0035950489220521846,0,0,0,0
7037,2,0.0009161723966335904,167,0,0,0
7038,2,0.0017570172696581485,0,0,0,0
7039,2,0.001341372044644877,0,0,0,0
7040,1,0.006022864278001597,0,0,0,0
7041,2,0.004960776111457505,0,0,0,0
7042,1,0.004054946054772689,0,0,0,0
7043,1,0.0007520717428260839,0,0,0,0
7044,2,0.0008908232640371156,0,0,0,0
7045,2,0.001384550763949035,0,0,0,0
7046,2,0.0007149430921268128,0,0,0,0
7047,2,0.00046260976550714633,0,0,0,0
7048,2,0.00020026898412599966,0,0,0,0
7049,2,0.004073641708023632,0,0,0,0
7050,2,0.004359697344107429,0,0,0,0
7051,2,0.003091566464142754,0,0,0,0
7052,2,0.0010019295816879217,0,0,0,0
7053,2,0.0037474667724598553,0,0,0,0
7054,2,0.00210627224194068,0,0,0,0
7055,2,0.0023165053198157654,0,0,0,0
7056,2,0.00016161289994470027,0,0,0,0
7057,2,0.00290234659393968,0,0,0,0
7058,2,0.0023998836230287885,0,0,0,0
7059,2,0.001382578328606516,0,0,0,0
7060,2,0.002517169654691837,0,0,0,0
7061,2,0.0013933871667215424,0,0,0,0
7062,2,0.0021911467210299677,0,0,0,0
7063,2,0.004990137822043113,0,0,0,0
7064,2,0.00039337024864476193,0,0,0,0
7065,2,0.002422617891415955,0,0,0,0
7066,1,0.0011719881896477828,0,0,0,0
7067,2,0.00322158852717014,0,0,0,0
7068,2,0.0002891903150133437,0,0,0,0
7069,2,0.0004790843548548577,0,0,0,0
7070,2,0.0020433550238691096,0,0,0,0
7071,2,0.0012906335730710466,0,0,0,0
7072,2,0.004632772776848924,0,0,0,0
7073,1,0.0008446490065412886,0,0,0,0
7074,2,0.0010863280087537804,7,0,0,0
7075,2,0.0016423567065902394,0,0,0,0
7076,2,0.0027291377162136153,259,0,0,0
7077,2,0.0020934175414570742,0,0,0,0
7078,2,0.0019958269126524792,0,0,0,0
7079,2,0.004658631300401559,0,0,0,0
7080,1,0.002702837051235952,0,0,0,0
7081,1,0.001980648102530856,0,0,0,0
7082,2,0.004432941800485395,0,0,0,0
7083,1,0.0014697111221284725,0,0,0,0
7084,2,0.00192887333555977,0,0,0,0
7085,2,0.004563284424182301,0,0,0,0
7086,2,0.0014210628577209046,7,0,0,0
7087,1,0.00015010237643708373,0,0,0,0
7088,1,0.0015522441860825874,0,0,0,0
7089,2,0.0006972197410400038,0,0,0,0
7090,2,0.0014414573917094612,0,0,0,0
7091,2,0.0008545967028873165,0,0,0,0
7092,2,0.0031023201206042527,0,0,0,0
7093,2,0.0033631270692689925,0,0,0,0
7094,2,0.0010285442994223248,0,0,0,0
7095,2,0.0007484506905403658,0,0,0,0
7096,2,0.0018274334438477563,0,0,0,0
7097,2,0.0011517018890615828,0,0,0,0
7098,2,0.0023642803213718344,0,0,0,0
7099,2,0.0028922677272581344,469,0,0,0
7100,2,0.003310058686904293,0,0,0,0
7101,1,0.00042665792917557317,0,0,0,0
7102,2,0.001231622293803641,0,0,0,0
7103,2,0.00046213027430562384,0,0,0,0
7104,2,0.005297689312841316,0,0,0,0
7105,2,0.0014539326453653749,0,0,0,0
7106,2,0.0029923360811610123,0,0,0,0
7107,2,0.0019635401121716545,0,0,0,0
7108,2,0.0025212767753883094,0,0,0,0
7109,2,0.005155348644148989,0,0,0,0
7110,1,0.005729945732063445,0,0,0,0
7111,2,0.004831734538245501,0,0,0,0
7112,2,0.001733154416322322,0,0,0,0
7113,1,0.002761736072673928,0,0,0,0
7114,2,0.00017130412364698222,0,0,0,0
7115,2,0.0024767071826140305,0,0,0,0
7116,2,0.0009417943240761556,0,0,0,0
7117,1,0.0006785467753956754,0,0,0,0
7118,2,0.002857403858507898,0,0,0,0
7119,2,0.001437850574147044,0,0,0,0
7120,1,0.0013752450990616501,0,0,0,0
7121,1,8.60194247001917e-05,81,0,0,0
7122,1,0.0006256865351347214,0,0,0,0
7123,2,0.0022846706383321583,0,0,0,0
7124,2,0.0015032256130415394,0,0,0,0
7125,2,0.0007040625354183476,0,0,0,0
7126,2,0.0008630297310869633,0,0,0,0
7127,2,0.0013310160735379895,0,0,0,0
7128,2,0.005663024010079862,0,0,0,0
7129,1,0.0027309058826131675,0,0,0,0
7130,2,0.002030070721674973,7,0,0,0
7131,2,0.001392442193330069,0,0,0,0
7132,1,0.0005813092614642823,7,0,0,0
7133,2,0.001287513281540103,0,0,0,0
7134,2,0.0018104591930534638,0,0,0,0
7135,2,0.001596260207352865,0,0,0,0
7136,2,0.002374281916082929,0,0,0,0
7137,2,0.0005687519876245084,0,0,0,0
7138,2,0.003926963602915629,0,0,0,0
7139,2,0.0011415220641645065,0,0,0,0
7140,2,0.005670518574008931,0,0,0,0
7141,2,0.003117245399435927,0,0,0,0
7142,2,0.000603508008318331,0,0,0,0
7143,2,0.005474825364090521,0,0,0,0
7144,1,0.0008833212036035039,0,0,0,0
7145,2,0.003210909223474325,0,0,0,0
7146,2,0.0017627981190906188,0,0,0,0
7147,2,0.0016700567504581623,0,0,0,0
7148,1,0.00034698399976704436,0,0,0,0
7149,2,0.0006184264698861809,0,0,0,0
7150,2,0.00026856979924894483,0,0,0,0
7151,2,0.0018045435278353137,0,0,0,0
7152,2,0.003420061579145617,0,0,0,0
7153,2,0.0021186940351360507,0,0,0,0
7154,2,0.0032621770299050713,0,0,0,0
7155,2,0.0019545494272660458,0,0,0,0
7156,1,0.0006326246855295274,0,0,0,0
7157,2,0.0017939117208320742,0,0,0,0
7158,2,0.006120158177924661,0,0,0,0
7159,2,0.0022669651898610393,0,0,0,0
7160,2,0.002632641569046151,0,0,0,0
7161,2,0.002058263654579198,0,0,0,0
7162,2,0.0008073792675277892,0,0,0,0
7163,1,1.1541088864270324e-06,0,0,0,0
7164,2,0.0008006654370758199,0,0,0,0
7165,2,0.0014450709259473701,0,0,0,0
7166,2,0.0005613094023511848,0,0,0,0
7167,2,0.004675259771842689,0,0,0,0
7168,2,0.003165513158305954,0,0,0,0
7169,2,0.004935762143324454,0,0,0,0
7170,2,0.002784148194258301,0,0,0,0
7171,2,0.0014399993992897078,0,0,0,0
7172,2,0.0007609324037246096,0,0,0,0
7173,2,0.0019216433110031711,7,0,0,0
7174,2,0.003032985625530134,0,0,0,0
7175,2,0.003048661357952341,308,0,0,0
7176,2,0.0011059316290089984,0,0,0,0
7177,2,0.0038247447971056637,0,0,0,0
7178,2,0.0009080412134790239,0,0,0,0
7179,2,0.002043124217066345,0,0,0,0
7180,2,0.0034851850254497096,0,0,0,0
7181,2,0.0008066112825326252,0,0,0,0
7182,2,0.0006834488343918825,0,0,0,0
7183,2,0.005391594286000149,0,0,0,0
7184,2,0.0015174430280834336,0,0,0,0
7185,2,0.0022089808002992936,0,0,0,0
7186,2,0.0027568401340560653,0,0,0,0
7187,2,0.003943645374054645,0,0,0,0
7188,2,0.0019182668728256183,0,0,0,0
7189,2,0.0022871382488609446,0,0,0,0
7190,2,0.0018095329694355785,0,0,0,0
7191,2,0.001299084326014087,0,0,0,0
7192,2,0.00586389399341664,0,0,0,0
7193,1,0.0002518782263471279,0,0,0,0
7194,2,0.003968259494613067,0,0,0,0
7195,2,0.0011754241225725179,0,0,0,0
7196,2,0.002293265569839806,0,0,0,0
7197,2,0.0029121060303388246,0,0,0,0
7198,1,0.0007288783310486849,0,0,0,0
7199,2,0.0010435484371547046,0,0,0,0
7200,2,0.000795054116937483,0,0,0,0
7201,2,0.001854705892029073,0,0,0,0
7202,2,0.001951485016165985,0,0,0,0
7203,1,0.000599006644622819,0,0,0,0
7204,2,0.0004962385177315342,0,0,0,0
7205,2,0.0016190935838500079,0,0,0,0
7206,2,0.0019723369430772824,0,0,0,0
7207,2,0.002709079279331237,0,0,0,0
7208,2,0.00171153892866974,0,0,0,0
7209,1,0.001391694600522051,0,0,0,0
7210,2,0.001328638384786022,0,0,0,0
7211,2,0.004292966707757081,0,0,0,0
7212,2,0.002187644404745023,0,0,0,0
7213,2,0.0033409002343878368,0,0,0,0
7214,2,0.0012640964786086544,0,0,0,0
7215,2,0.0011965942317856983,0,0,0,0
7216,2,0.00043266856022024507,0,0,0,0
7217,2,0.0028913879547713896,0,0,0,0
7218,2,0.004032324360939282,0,0,0,0
7219,2,0.0023631171122623644,0,0,0,0
7220,2,0.0029953838547743094,18,0,0,0
7221,2,0.0022433298193903135,0,0,0,0
7222,2,0.0014420517280048905,0,0,0,0
7223,2,0.003380737551882169,0,0,0,0
7224,2,0.006454968831804044,0,0,0,0
7225,2,0.001680827747268066,18,0,0,0
7226,2,0.004787624842284664,0,0,0,0
7227,2,0.0017087898300105512,0,0,0,0
7228,1,0.0003612807807459631,0,0,0,0
7229,2,0.004219532578905888,0,0,0,0
7230,2,0.0005937747051368154,0,0,0,0
7231,2,0.003741701208014344,0,0,0,0
7232,2,0.0015526243225957284,0,0,0,0
7233,1,0.00048694754922051645,24,0,0,0
7234,2,0.0015076083494638807,0,0,0,0
7235,2,0.007424773243070329,0,0,0,0
7236,2,0.004806576015534048,0,0,0,0
7237,2,0.0051466971514932715,0,0,0,0
7238,1,0.0009799919699546495,0,0,0,0
7239,2,0.0015815861180594496,0,0,0,0
7240,2,0.001035939121996811,0,0,0,0
7241,2,0.007903582484943307,0,0,0,0
7242,2,0.00904607658813889,0,0,0,0
7243,2,0.0025468024001399216,0,0,0,0
7244,2,0.0020965321096240493,0,0,0,0
7245,2,0.0036234108661958144,0,0,0,0
7246,1,0.0019080293299030178,0,0,0,0
7247,2,0.000698172374341138,0,0,0,0
7248,2,0.0057878977578650105,0,0,0,0
7249,1,0.0007299895081157325,0,0,0,0
7250,1,0.001718487243536945,0,0,0,0
7251,2,0.000973479186127332,0,0,0,0
7252,2,0.002411665555267175,0,0,0,0
7253,2,0.0001897702014079999,0,0,0,0
7254,1,0.0007638601063338436,0,0,0,0
7255,2,0.004417060171748021,0,0,0,0
7256,2,0.0048368409704037055,0,0,0,0
7257,2,0.0033083971256167833,0,0,0,0
7258,2,0.002993691412315055,0,0,0,0
7259,2,0.002432192934252208,0,0,0,0
7260,2,0.001462827738540348,0,0,0,0
7261,1,0.0004250924088205055,0,0,0,0
7262,2,0.001750522205095224,0,0,0,0
7263,2,0.0013673924424792124,0,0,0,0
7264,2,0.002796995804262065,375,0,0,0
7265,2,0.004531897554685832,0,0,0,0
7266,2,0.0007818998918394371,0,0,0,0
7267,2,0.003049374236597714,0,0,0,0
7268,2,0.0024072577653465985,0,0,0,0
7269,1,0.000260510378287719,0,0,0,0
7270,2,0.0037761518367972614,0,0,0,0
7271,2,0.002880259295652052,0,0,0,0
7272,2,0.005102676450927292,0,0,0,0
7273,2,0.0038836144155192094,0,0,0,0
7274,2,0.0012487400393485536,0,0,0,0
7275,2,0.003231339799494188,0,0,0,0
7276,2,0.003577612348153667,0,0,0,0
7277,1,4.957234044667972e-06,0,0,0,0
7278,2,0.001103396549983127,0,0,0,0
7279,2,0.001281166379531564,0,0,0,0
7280,2,0.0006406084839025094,0,0,0,0
7281,2,0.0015252550948666437,0,0,0,0
7282,2,0.004160407037629194,0,0,0,0
7283,2,0.0034400004786725616,0,0,0,0
7284,2,0.0012927241184173457,0,0,0,0
7285,1,0.0005042996837446601,0,0,0,0
7286,1,0.0014510196160736095,0,0,0,0
7287,2,0.004223071157614833,0,0,0,0
7288,2,0.001633870281954707,0,0,0,0
7289,2,0.004823070827148864,0,0,0,0
7290,2,0.002642572937360632,0,0,0,0
7291,2,0.003485324251336359,0,0,0,0
7292,2,0.003532872637447353,0,0,0,0
7293,2,0.0002988239721626837,0,0,0,0
7294,2,0.0018966351193737993,0,0,0,0
7295,2,0.0029532194508805434,0,0,0,0
7296,2,0.0026110690358510627,150,0,0,0
7297,2,0.0011803634117278708,0,0,0,0
7298,1,0.003816430484196473,0,0,0,0
7299,2,0.0033398524747758284,0,0,0,0
7300,2,0.0007208874603398714,0,0,0,0
7301,2,0.0017554460307813774,0,0,0,0
7302,1,0.0006375860649087938,0,0,0,0
7303,2,0.00287457479618683,0,0,0,0
7304,2,0.0007754679263787587,0,0,0,0
7305,2,0.001377251719356977,0,0,0,0
7306,2,0.0027222715399621714,0,0,0,0
7307,2,0.0009218668576418141,0,0,0,0
7308,2,0.004887294427519074,0,0,0,0
7309,2,0.0023123095975803028,0,0,0,0
7310,2,0.0008295643319580239,0,0,0,0
7311,2,0.004436988741161903,0,0,0,0
7312,1,0.0009511680291819989,0,0,0,0
7313,2,0.0011830901496184662,0,0,0,0
7314,2,0.003633436254765981,0,0,0,0
7315,1,0.001322437244813107,0,0,0,0
7316,1,0.0003523247976967516,0,0,0,0
7317,2,0.0017819613373288238,166,0,0,0
7318,2,0.0027358992527425153,0,0,0,0
7319,2,0.001986065454195578,0,0,0,0
7320,2,0.0024109899046852808,0,0,0,0
7321,1,8.91694468091652e-05,0,0,0,0
7322,1,0.00011677774523733432,0,0,0,0
7323,2,0.0009619388250385132,0,0,0,0
7324,2,0.0012969316897342468,0,0,0,0
7325,2,0.002746369740117994,0,0,0,0
7326,1,6.825879530680753e-05,0,0,0,0
7327,2,0.002912555934375069,0,0,0,0
7328,2,0.003145489763359791,28,0,0,0
7329,2,0.000828285778067874,0,0,0,0
7330,2,0.0010711785965655792,0,0,0,0
7331,2,0.0007993823062568991,0,0,0,0
7332,1,0.0014742177755938319,0,0,0,0
7333,2,0.0021801317221116752,0,0,0,0
7334,2,0.0024072307302192364,0,0,0,0
7335,2,0.001908240130473094,0,0,0,0
7336,1,0.00028308611440370504,0,0,0,0
7337,2,0.006549384180344208,0,0,0,0
7338,2,0.0015372424351627787,0,0,0,0
7339,2,0.0025148604297713165,0,0,0,0
7340,2,0.0008435886997897148,0,0,0,0
7341,2,0.0009154021878433867,0,0,0,0
7342,2,0.0017584399668496822,0,0,0,0
7343,2,0.002093894100203263,0,0,0,0
7344,2,0.0046209917986339815,0,0,0,0
7345,2,0.0023768592731433927,0,0,0,0
7346,2,0.0010355226846923424,7,0,0,0
7347,2,0.0014129433287690609,0,0,0,0
7348,2,0.002450115156933831,0,0,0,0
7349,2,0.0024118968543213526,0,0,0,0
7350,2,0.001644718810598981,0,0,0,0
7351,2,0.0024444625825621627,0,0,0,0
7352,2,0.0021838538698831086,0,0,0,0
7353,2,0.0008915209184635767,0,0,0,0
7354,2,0.005643682019291721,0,0,0,0
7355,2,0.00043793316330981337,0,0,0,0
7356,2,0.0010623524244980735,0,0,0,0
7357,2,0.0031633487253495134,0,0,0,0
7358,2,0.0002602276564431865,0,0,0,0
7359,2,0.004551005605313864,15,0,0,0
7360,2,0.0003181808767492098,0,0,0,0
7361,2,0.0018161216537970746,0,0,0,0
7362,2,0.002072801359813472,0,0,0,0
7363,2,0.00037239384686436726,0,0,0,0
7364,2,0.00013144514978768017,0,0,0,0
7365,2,0.0071366673670861715,64,0,0,0
7366,2,0.007841904039907295,0,0,0,0
7367,1,0.0003548638450971716,0,0,0,0
7368,1,0.00022169654764176436,7,0,0,0
7369,2,0.001707726248612085,0,0,0,0
7370,2,0.0011532851210449197,0,0,0,0
7371,2,0.005056846085309685,0,0,0,0
7372,1,0.0014424352269737976,172,0,0,0
7373,1,0.0008114292767042416,0,0,0,0
7374,2,0.0017718921683932197,0,0,0,0
7375,2,0.0005057399706361295,0,0,0,0
7376,2,0.0006230715860142365,0,0,0,0
7377,2,0.0005374475422623301,0,0,0,0
7378,2,0.003041232710566536,0,0,0,0
7379,1,0.00031769075224587467,7,0,0,0
7380,1,0.00018391316949088643,13,0,0,0
7381,2,0.0014840963357357895,0,0,0,0
7382,2,0.0005514010731461717,15,0,0,0
7383,2,0.003747788690351515,0,0,0,0
7384,2,0.002747916134860903,0,0,0,0
7385,2,0.0016438060888323538,0,0,0,0
7386,2,0.003811093949675217,0,0,0,0
7387,2,0.0009675228800730195,0,0,0,0
7388,2,0.0011706216988878653,0,0,0,0
7389,2,0.0008613513457657488,0,0,0,0
7390,2,0.001628701213564377,0,0,0,0
7391,2,0.004158077324701269,0,0,0,0
7392,2,0.003055550325659157,0,0,0,0
7393,2,0.0031299028971336776,0,0,0,0
7394,1,2.471740102020535e-05,0,0,0,0
7395,2,0.0027991836910481057,0,0,0,0
7396,2,0.0017888198373587222,0,0,0,0
7397,2,0.004054163457352315,0,0,0,0
7398,1,0.0015496985657033285,293,0,0,0
7399,2,0.00025231985199406057,0,0,0,0
7400,1,0.00019688164741282093,0,0,0,0
7401,2,0.004099278186721146,0,0,0,0
7402,2,0.0012757699564501337,0,0,0,0
7403,1,0.0022398444398924757,0,0,0,0
7404,2,0.0023985234600603523,0,0,0,0
7405,2,0.0019071013954055378,0,0,0,0
7406,2,0.0019194588949520974,82,0,0,0
7407,2,0.0006638559962559996,0,0,0,0
7408,2,0.0016320929746627402,0,0,0,0
7409,2,0.0020907060162204684,14,0,0,0
7410,2,0.00720086939331568,0,0,0,0
7411,2,0.001860576457901159,0,0,0,0
7412,2,0.0019350533404215962,0,0,0,0
7413,1,0.0010751461897948484,0,0,0,0
7414,2,0.001768905173696794,0,0,0,0
7415,2,0.0032414464595748524,0,0,0,0
7416,2,0.00019581691457054077,0,0,0,0
7417,2,0.00014043676670062985,0,0,0,0
7418,1,0.0007830699422050371,124,0,0,0
7419,2,0.0006015188565892902,0,0,0,0
7420,2,0.0022639577048236036,0,0,0,0
7421,2,0.005443845245883272,0,0,0,0
7422,2,0.0022333912756695327,0,0,0,0
7423,2,0.004059773141057537,0,0,0,0
7424,2,0.0013100687456756846,0,0,0,0
7425,2,0.0014849419873513847,0,0,0,0
7426,2,0.003040095042633102,554,0,0,0
7427,2,0.0008128504235260123,0,0,0,0
7428,2,0.00036381511197019584,406,0,0,0
7429,1,0.001143177894365503,0,0,0,0
7430,2,0.001063870944692806,0,0,0,0
7431,2,0.0005698131491368627,19,0,0,0
7432,1,0.003143043608544864,552,0,0,0
7433,2,0.0017770523965991258,0,0,0,0
7434,1,0.0012478153085434323,0,0,0,0
7435,2,0.0015535039368576656,0,0,0,0
7436,2,0.000604172998978858,103,0,0,0
7437,2,0.001366709925653346,0,0,0,0
7438,2,0.0008248538195019484,0,0,0,0
7439,2,0.0008053509285590788,0,0,0,0
7440,2,0.0013788683395318702,0,0,0,0
7441,2,0.002194985098180753,0,0,0,0
7442,2,0.000935862385550773,0,0,0,0
7443,2,0.0003247571980158177,0,0,0,0
7444,1,0.001206603855114628,0,0,0,0
7445,2,0.00525163030423278,0,0,0,0
7446,2,0.00239105777362499,0,0,0,0
7447,2,0.0011397769380829725,0,0,0,0
7448,2,0.002321418180072971,0,0,0,0
7449,2,0.0006791253784078946,0,0,0,0
7450,2,0.0013165610093392175,0,0,0,0
7451,1,8.012949647841256e-06,0,0,0,0
7452,2,0.0051147428673677985,0,0,0,0
7453,2,0.0028116100836040082,0,0,0,0
7454,2,0.001173862646404978,0,0,0,0
7455,2,0.002812498866282482,0,0,0,0
7456,2,0.00043686258897863143,0,0,0,0
7457,2,0.002342109691602276,0,0,0,0
7458,2,0.00795937917270439,757,0,0,0
7459,2,0.002810000923228416,0,0,0,0
7460,1,0.00012851794974494036,0,0,0,0
7461,1,0.0014197395192893259,0,0,0,0
7462,2,0.002430473529927157,0,0,0,0
7463,1,0.001069802801968212,0,0,0,0
7464,2,0.002364858668784415,0,0,0,0
7465,2,0.0026609997264707198,0,0,0,0
7466,2,0.001446698850403184,0,0,0,0
7467,2,0.0043914169648562006,0,0,0,0
7468,2,0.0006569985217396896,0,0,0,0
7469,2,0.002015910469388229,0,0,0,0
7470,1,0.0023280822235769313,67,0,0,0
7471,2,0.0019767828618158165,0,0,0,0
7472,2,0.0010505350081856672,0,0,0,0
7473,2,0.0005984518911985152,0,0,0,0
7474,2,0.002337613925398489,0,0,0,0
7475,2,0.0010046785104370897,0,0,0,0
7476,2,0.0026790169805927045,0,0,0,0
7477,2,0.0008567252609952693,0,0,0,0
7478,1,0.0015042446427795636,0,0,0,0
7479,2,0.0029721398123718204,0,0,0,0
7480,2,0.00201736993189088,0,0,0,0
7481,1,0.00014465855155708826,0,0,0,0
7482,2,0.004108732364176105,0,0,0,0
7483,1,0.003006070546702263,0,0,0,0
7484,2,0.0017215324167538192,0,0,0,0
7485,2,0.0008619678860533401,0,0,0,0
7486,2,0.002749113852836107,0,0,0,0
7487,2,0.0006279470147511396,0,0,0,0
7488,2,0.003069941392239169,0,0,0,0
7489,1,0.00012134378965983823,0,0,0,0
7490,2,0.0011995270120035322,0,0,0,0
7491,2,0.00112960241465684,0,0,0,0
7492,2,0.0032162445862139208,0,0,0,0
7493,2,0.0008239911877243529,0,0,0,0
7494,2,0.001797282822674522,0,0,0,0
7495,2,0.004074762596703338,0,0,0,0
7496,2,0.00026496666611443146,0,0,0,0
7497,2,0.0016558012710676867,0,0,0,0
7498,2,0.003469709958529174,0,0,0,0
7499,2,0.0005701921189707522,0,0,0,0
7500,1,0.0030008958302310375,0,0,0,0
7501,2,0.0010941848432744856,0,0,0,0
7502,1,0.004379094816343861,0,0,0,0
7503,2,0.001011544680353487,0,0,0,0
7504,2,0.0017923037590182103,0,0,0,0
7505,2,0.0016568835126833674,0,0,0,0
7506,2,0.0015341430948599883,0,0,0,0
7507,2,0.0005976535547771458,0,0,0,0
7508,2,0.001957429695161694,0,0,0,0
7509,2,0.004876394324691611,0,0,0,0
7510,2,0.002069816854460736,0,0,0,0
7511,1,0.001381931086609145,0,0,0,0
7512,2,0.0038531763211726543,0,0,0,0
7513,1,0.0008563016962932191,0,0,0,0
7514,2,0.0018494944580740936,0,0,0,0
7515,1,0.0001870865292766647,0,0,0,0
7516,2,0.0008675557321759483,0,0,0,0
7517,2,0.0021361929482809237,0,0,0,0
7518,2,0.004118339494541187,0,0,0,0
7519,2,0.0021239320700798597,0,0,0,0
7520,2,0.004953977082202929,0,0,0,0
7521,1,0.0008373924949136359,0,0,0,0
7522,2,0.002071484362434754,0,0,0,0
7523,2,0.005464304337994565,7,0,0,0
7524,2,0.0033634360941209164,0,0,0,0
7525,2,0.003135770224076406,0,0,0,0
7526,1,6.713887527363313e-05,0,0,0,0
7527,1,0.0012822244172516685,0,0,0,0
7528,2,0.004893682537171663,0,0,0,0
7529,2,0.001955352311786408,0,0,0,0
7530,2,0.00769750949732346,397,0,0,0
7531,2,0.002512654456934155,0,0,0,0
7532,2,0.00085316116674178,0,0,0,0
7533,2,0.0006355706633407666,0,0,0,0
7534,2,0.001267980325247988,0,0,0,0
7535,2,0.004478111309622834,0,0,0,0
7536,2,0.002229875324034053,0,0,0,0
7537,2,0.004886746121719897,0,0,0,0
7538,2,0.003842376149078796,0,0,0,0
7539,2,0.0005725535817354262,0,0,0,0
7540,2,0.001639180769986197,0,0,0,0
7541,2,0.004092923092912426,0,0,0,0
7542,2,0.0029439900871339447,0,0,0,0
7543,1,0.0005900379901287612,0,0,0,0
7544,2,0.0022969765720479425,0,0,0,0
7545,2,0.0012789976299844052,0,0,0,0
7546,1,0.0016761165841616406,0,0,0,0
7547,2,0.004946950280971956,0,0,0,0
7548,2,0.0011253095743273102,0,0,0,0
7549,2,0.0009727721709646581,0,0,0,0
7550,2,0.0006012760834469081,0,0,0,0
7551,1,0.0022367504555170768,0,0,0,0
7552,2,0.0031477038663220453,0,0,0,0
7553,1,0.0004162174937273486,0,0,0,0
7554,2,0.0028404069717767174,0,0,0,0
7555,2,0.004138844624930969,0,0,0,0
7556,1,0.0012766209927535259,0,0,0,0
7557,2,0.0018353920296985302,0,0,0,0
7558,2,0.001164069951023144,0,0,0,0
7559,2,0.0003424280535506507,0,0,0,0
7560,2,0.004034993194995377,0,0,0,0
7561,1,0.003561003803272874,0,0,0,0
7562,2,0.002688828217920322,0,0,0,0
7563,2,0.004081963889769927,0,0,0,0
7564,1,0.0016205170620288262,0,0,0,0
7565,1,0.0001654964038274094,0,0,0,0
7566,2,0.0001146006758987929,0,0,0,0
7567,2,0.0005677867471970897,0,0,0,0
7568,2,0.0027023134571112946,0,0,0,0
7569,2,0.00879330510692857,0,0,0,0
7570,1,0.000319354777088553,0,0,0,0
7571,2,0.0022126018856686368,0,0,0,0
7572,2,0.00023990402015626404,0,0,0,0
7573,1,0.00013597137102166982,0,0,0,0
7574,2,0.0036021790716543327,0,0,0,0
7575,2,0.0012871899142396996,0,0,0,0
7576,2,0.0051645161233209785,0,0,0,0
7577,2,6.388004121732388e-05,0,0,0,0
7578,2,0.006133275542190854,0,0,0,0
7579,2,0.0034936934812356568,0,0,0,0
7580,2,0.0022103762604855507,0,0,0,0
7581,2,0.0021744418743814154,0,0,0,0
7582,2,0.0022915828537274033,650,0,0,0
7583,2,0.0007219154256082111,0,0,0,0
7584,2,0.000415646823882988,0,0,0,0
7585,2,0.0013351342745536842,0,0,0,0
7586,2,0.006315321263046713,640,0,0,0
7587,1,0.00015674010515599233,0,0,0,0
7588,1,0.0012921958530635095,0,0,0,0
7589,2,0.0009804603527529961,0,0,0,0
7590,2,0.00020710318563847303,0,0,0,0
7591,2,0.0027821932302600836,0,0,0,0
7592,2,0.0009923958609509317,0,0,0,0
7593,2,0.000517161584284174,0,0,0,0
7594,1,7.220789140679027e-05,0,0,0,0
7595,2,0.0025353576300954136,0,0,0,0
7596,2,0.006467759029590667,0,0,0,0
7597,2,0.0032492894132641515,7,0,0,0
7598,2,0.00014859618199407538,0,0,0,0
7599,2,0.000766230388893298,0,0,0,0
7600,2,0.006373987359461119,0,0,0,0
7601,2,0.00259689650109126,0,0,0,0
7602,2,0.003393126724145735,0,0,0,0
7603,2,0.0006670712788222071,0,0,0,0
7604,1,0.001767611443269901,0,0,0,0
7605,2,0.002391742739854768,0,0,0,0
7606,2,0.0038517133053271326,0,0,0,0
7607,2,0.0028840440416895,0,0,0,0
7608,2,0.003322160696157214,0,0,0,0
7609,2,0.0028445508251853957,0,0,0,0
7610,2,0.002530121926079754,0,0,0,0
7611,2,0.0015792741226305835,0,0,0,0
7612,2,0.0023582235133162927,0,0,0,0
7613,2,0.0005434867591867625,0,0,0,0
7614,2,0.003633978503957911,0,0,0,0
7615,2,0.00041010751371821775,0,0,0,0
7616,2,0.006183842344421908,0,0,0,0
7617,2,0.0006318321700214867,0,0,0,0
7618,1,0.0015759302787501253,12,0,0,0
7619,2,0.004109595154135133,0,0,0,0
7620,1,0.001436631219744852,0,0,0,0
7621,2,0.004343634915474513,0,0,0,0
7622,2,0.002611923189003554,0,0,0,0
7623,2,0.0009667433166795074,46,0,0,0
7624,2,0.0009370702453501798,0,0,0,0
7625,2,0.002031265707769643,0,0,0,0
7626,2,0.0012339258258858565,0,0,0,0
7627,2,0.005740091775536051,0,0,0,0
7628,1,8.409529026757068e-05,0,0,0,0
7629,2,0.003227375509495961,0,0,0,0
7630,2,0.00115058480534082,0,0,0,0
7631,2,0.0008557678398391752,0,0,0,0
7632,2,0.003334375761406596,0,0,0,0
7633,2,0.000714926982601723,0,0,0,0
7634,2,0.0011688897729377407,0,0,0,0
7635,2,0.001106777123362793,0,0,0,0
7636,2,0.003152553152471636,0,0,0,0
7637,2,0.0027424613600870035,0,0,0,0
7638,2,0.0026291540961100998,0,0,0,0
7639,2,0.0018061337356333942,0,0,0,0
7640,2,0.001970707986939854,0,0,0,0
7641,2,0.005621988308817399,406,0,0,0
7642,1,0.001848759512815746,0,0,0,0
7643,2,0.0029703174178453105,0,0,0,0
7644,2,0.0016274065753864918,0,0,0,0
7645,2,0.002527110284007129,0,0,0,0
7646,2,0.001695317646284588,0,0,0,0
7647,2,0.001853090633997193,0,0,0,0
7648,1,0.0022857721183137947,0,0,0,0
7649,2,0.005663311818104649,0,0,0,0
7650,2,0.0027781352382683934,0,0,0,0
7651,2,0.0017510342656769627,0,0,0,0
7652,2,0.0012591327634374353,0,0,0,0
7653,2,0.0014613550139839417,0,0,0,0
7654,2,0.00044866606634083524,0,0,0,0
7655,2,0.0019749981701033476,0,0,0,0
7656,1,0.000489878708681877,0,0,0,0
7657,2,0.0006904865489882154,0,0,0,0
7658,2,0.0010090326439908953,0,0,0,0
7659,2,0.005837057928201133,0,0,0,0
7660,2,0.00039980267581991207,0,0,0,0
7661,2,0.0023048873826511107,0,0,0,0
7662,2,0.0003230000763299351,0,0,0,0
7663,2,0.0017228153949668675,0,0,0,0
7664,2,0.004104651856846071,0,0,0,0
7665,1,0.0006159363168739274,0,0,0,0
7666,2,0.0011178218562314835,0,0,0,0
7667,2,0.0028854483930872833,0,0,0,0
7668,2,0.003531117244065008,0,0,0,0
7669,2,0.0004950345973653858,0,0,0,0
7670,2,0.0009225925166424613,0,0,0,0
7671,2,0.0021280589819330413,0,0,0,0
7672,2,0.003709108154615057,0,0,0,0
7673,1,0.0019426755601305618,0,0,0,0
7674,2,0.007641903482336214,0,0,0,0
7675,1,0.0009248062494689548,0,0,0,0
7676,2,0.004640497443316208,0,0,0,0
7677,2,0.0016013421185863852,0,0,0,0
7678,2,0.000868476984202521,0,0,0,0
7679,2,0.0006972680052045732,0,0,0,0
7680,2,0.004378711457704396,0,0,0,0
7681,2,0.0008903311880401221,12,0,0,0
7682,2,0.004872219776451866,0,0,0,0
7683,2,0.0042591801866823506,0,0,0,0
7684,2,0.001447139407308704,0,0,0,0
7685,2,0.0060606297029953855,0,0,0,0
7686,2,0.003720831885590085,0,0,0,0
7687,2,0.003707879717714778,0,0,0,0
7688,2,0.0031637060182037402,0,0,0,0
7689,2,0.003737729928838538,0,0,0,0
7690,2,0.002224696216023083,0,0,0,0
7691,2,0.00032578690353460006,0,0,0,0
7692,1,0.0002078285093341315,0,0,0,0
7693,2,0.002548068041373845,0,0,0,0
7694,2,0.001593241078254375,0,0,0,0
7695,2,0.003415180327684145,0,0,0,0
7696,1,0.0020342732969804113,0,0,0,0
7697,2,0.0010404660074111952,0,0,0,0
7698,2,0.0016299745706435686,0,0,0,0
7699,2,0.0045295145153553895,0,0,0,0
7700,2,0.0021730742191057206,0,0,0,0
7701,1,0.0004521328520953826,0,0,0,0
7702,2,0.0006017652051141265,0,0,0,0
7703,2,0.0015774014501344566,0,0,0,0
7704,2,0.000551331596011131,0,0,0,0
7705,2,0.00572967196961078,0,0,0,0
7706,2,0.003216975689109454,0,0,0,0
7707,2,0.0030647672922630995,0,0,0,0
7708,2,0.0004917019646670748,0,0,0,0
7709,2,0.004146109649863905,0,0,0,0
7710,2,0.001432075527682039,0,0,0,0
7711,2,0.0033962196193392177,0,0,0,0
7712,2,0.004692529957574154,0,0,0,0
7713,1,2.0113394859662408e-05,0,0,0,0
7714,1,0.0004979703654379217,0,0,0,0
7715,2,0.0005700572649011744,0,0,0,0
7716,2,0.0021089167507365963,0,0,0,0
7717,2,0.0002238479192837142,0,0,0,0
7718,2,0.001682441456022921,0,0,0,0
7719,2,0.0026904379614489486,0,0,0,0
7720,2,0.0019029843932650073,0,0,0,0
7721,1,0.00029209503955253277,0,0,0,0
7722,2,0.0030574179170345253,0,0,0,0
7723,2,0.0037069491237308014,0,0,0,0
7724,2,0.0009883613745079926,0,0,0,0
7725,2,0.004524722247400959,25,0,0,0
7726,2,0.0010480616176444313,0,0,0,0
7727,2,0.0015019805295364648,0,0,0,0
7728,2,0.000682050438250205,14,0,0,0
7729,2,0.0013341675244051556,0,0,0,0
7730,2,0.0005893017843444187,0,0,0,0
7731,2,0.0013692499529886271,0,0,0,0
7732,2,0.00198169548039754,0,0,0,0
7733,1,0.001709605890038165,0,0,0,0
7734,1,0.0019264897870635803,0,0,0,0
7735,2,0.0011001550738353664,0,0,0,0
7736,2,0.005497977313339387,0,0,0,0
7737,2,0.0024853479537000995,0,0,0,0
7738,2,0.0016763718016232158,0,0,0,0
7739,2,0.003702793711436702,0,0,0,0
7740,2,0.0009742883305342445,0,0,0,0
7741,2,0.0026737809655395903,0,0,0,0
7742,1,0.00046158926193321995,0,0,0,0
7743,1,0.00268013440974568,0,0,0,0
7744,2,0.0006058091230465823,0,0,0,0
7745,2,0.0021952312135581457,0,0,0,0
7746,2,0.001385230130616358,0,0,0,0
7747,2,0.0022513270019970987,0,0,0,0
7748,2,0.0034034382380492083,0,0,0,0
7749,2,0.0008935129482163076,0,0,0,0
7750,2,0.0058443336553243635,0,0,0,0
7751,2,0.0027975006445368302,0,0,0,0
7752,2,0.0012313401109812373,0,0,0,0
7753,2,0.005643056646675758,61,0,0,0
7754,2,0.008851759957914963,0,0,0,0
7755,1,0.0008236506930148949,0,0,0,0
7756,2,0.003792770638269515,0,0,0,0
7757,2,0.0016634678293695022,0,0,0,0
7758,2,0.002975731898171666,0,0,0,0
7759,2,0.004230851984063417,0,0,0,0
7760,2,0.0032347367327563784,0,0,0,0
7761,2,0.000820722140415905,0,0,0,0
7762,2,0.003384451676592026,0,0,0,0
7763,2,0.003790378282971095,0,0,0,0
7764,2,0.0023212013575156752,0,0,0,0
7765,1,0.001177422216502157,0,0,0,0
7766,2,0.004246048661836318,0,0,0,0
7767,2,0.0003241087557003425,0,0,0,0
7768,2,0.0037324805603979527,0,0,0,0
7769,2,0.0014642272958639785,0,0,0,0
7770,2,0.002903575031768725,0,0,0,0
7771,2,0.003251068835554119,0,0,0,0
7772,2,0.002451036256122985,0,0,0,0
7773,2,0.002241942325838497,0,0,0,0
7774,2,0.006014231956255022,0,0,0,0
7775,1,2.041015322018561e-05,0,0,0,0
7776,2,0.0014099771707942314,0,0,0,0
7777,2,0.0031492463612338008,0,0,0,0
7778,1,0.001125781650983281,0,0,0,0
7779,2,0.002474776735930145,0,0,0,0
7780,2,0.006644397654811026,0,0,0,0
7781,2,0.00015141086556482735,0,0,0,0
7782,2,0.0004892696531174199,0,0,0,0
7783,2,0.0007169401150234213,0,0,0,0
7784,2,0.002028021894862483,0,0,0,0
7785,2,0.00534324887816691,0,0,0,0
7786,2,0.00393067000128608,0,0,0,0
7787,2,0.0033950064403832445,0,0,0,0
7788,2,0.0001615337985376018,0,0,0,0
7789,1,0.0012724639600089585,0,0,0,0
7790,2,0.0026929759649466744,0,0,0,0
7791,2,0.0021316787773784217,0,0,0,0
7792,2,0.001699266368102378,0,0,0,0
7793,2,0.00423473435219443,0,0,0,0
7794,2,0.0022994718951984236,0,0,0,0
7795,2,0.0022779645388003424,0,0,0,0
7796,2,0.0016611103970783185,0,0,0,0
7797,2,0.008595280603702812,0,0,0,0
7798,1,0.0006477856218718994,0,0,0,0
7799,2,0.000493522670486798,0,0,0,0
7800,2,9.423105904625345e-05,0,0,0,0
7801,2,0.003084605281814976,0,0,0,0
7802,2,0.007394867708441507,0,0,0,0
7803,2,0.005893830169900029,0,0,0,0
7804,2,0.005172924545244289,0,0,0,0
7805,2,0.0012949936017041597,0,0,0,0
7806,2,0.004597161747196497,0,0,0,0
7807,2,0.002667216758260814,0,0,0,0
7808,1,0.0008665971966077305,0,0,0,0
7809,2,0.0008735291389540861,0,0,0,0
7810,1,0.0006476135969948281,0,0,0,0
7811,2,0.001586548793937141,0,0,0,0
7812,2,0.003909051266157673,0,0,0,0
7813,2,0.0027553102812380224,0,0,0,0
7814,2,0.0032469617645947374,0,0,0,0
7815,2,0.003465400286474008,0,0,0,0
7816,2,0.0022486564842514787,0,0,0,0
7817,2,0.00046241778592019824,0,0,0,0
7818,2,0.0053161071455515825,0,0,0,0
7819,2,0.003652937015664157,0,0,0,0
7820,2,0.00629352385994487,0,0,0,0
7821,2,0.006904362752038203,0,0,0,0
7822,2,0.0033516152471393564,0,0,0,0
7823,2,0.0005420244434595684,0,0,0,0
7824,2,0.0027699273299100925,0,0,0,0
7825,2,0.002774479981864091,0,0,0,0
7826,1,0.003051175101430259,0,0,0,0
7827,2,0.0005330586978620246,0,0,0,0
7828,2,0.0007526355352171502,0,0,0,0
7829,2,0.0012885426517376655,0,0,0,0
7830,1,0.00215794996479097,0,0,0,0
7831,2,0.00518898586355454,0,0,0,0
7832,2,0.001091018088454921,0,0,0,0
7833,2,0.0025933137251364143,0,0,0,0
7834,2,0.0004742660066793898,0,0,0,0
7835,2,0.0008327341658134987,0,0,0,0
7836,2,0.0008667337025850965,0,0,0,0
7837,2,0.00474255673168404,0,0,0,0
7838,2,0.001215550853073698,0,0,0,0
7839,2,0.0035770473948752747,0,0,0,0
7840,2,0.00013951608339981828,0,0,0,0
7841,2,0.0027962136050185627,0,0,0,0
7842,2,0.0017596432182849463,0,0,0,0
7843,2,0.006779271950040924,0,0,0,0
7844,2,0.0025767223996458408,0,0,0,0
7845,2,0.002752518530783024,0,0,0,0
7846,2,0.0027589181642376664,0,0,0,0
7847,1,0.00015439157325371507,0,0,0,0
7848,2,0.0022296273297433573,0,0,0,0
7849,2,0.0005704230746960136,0,0,0,0
7850,2,0.0012248944291828562,0,0,0,0
7851,2,0.0024517591405410306,0,0,0,0
7852,2,0.004607627928926057,0,0,0,0
7853,2,0.002194576560063043,26,0,0,0
7854,2,0.0029922698645272775,0,0,0,0
7855,1,0.0011451312380931873,0,0,0,0
7856,2,0.0015990177018553376,0,0,0,0
7857,2,0.0005994565054513355,0,0,0,0
7858,2,0.002869805894466658,0,0,0,0
7859,2,0.0009919025982224568,0,0,0,0
7860,2,0.003647748923156074,0,0,0,0
7861,2,0.005164665568026322,0,0,0,0
7862,1,0.0003253208826519222,0,0,0,0
7863,2,0.002036534424270612,0,0,0,0
7864,2,0.0009074509897489114,0,0,0,0
7865,2,0.0033389581468889124,0,0,0,0
7866,2,0.0003803938964978539,0,0,0,0
7867,2,0.0005351079500710277,0,0,0,0
7868,2,0.003276169625919588,0,0,0,0
7869,2,0.0020681163760341926,0,0,0,0
7870,2,0.0050987755312148905,0,0,0,0
7871,2,0.001977459910423527,0,0,0,0
7872,2,0.00028235196256426595,0,0,0,0
7873,2,0.003988660424090852,0,0,0,0
7874,2,0.0005016840244837526,0,0,0,0
7875,2,0.004854687839675151,0,0,0,0
7876,2,0.004236170530382824,0,0,0,0
7877,2,0.0012418855111105836,0,0,0,0
7878,2,0.0007809541073817726,0,0,0,0
7879,2,0.002920189708223418,0,0,0,0
7880,2,0.0005760711850542284,0,0,0,0
7881,1,0.0022392006705181096,0,0,0,0
7882,2,0.0012288593792403341,0,0,0,0
7883,2,0.0002572194677773525,0,0,0,0
7884,2,0.0022484473599457206,0,0,0,0
7885,2,0.0004250386674809505,0,0,0,0
7886,2,0.0015173007245674337,0,0,0,0
7887,2,0.008503083341798631,0,0,0,0
7888,2,0.0006107293257837482,0,0,0,0
7889,2,0.0027055162629403664,0,0,0,0
7890,2,0.0011692172620663783,0,0,0,0
7891,2,0.003431819756474635,0,0,0,0
7892,2,0.0009753929964236695,0,0,0,0
7893,2,0.0005486983114458431,0,0,0,0
7894,1,0.00021551052435218534,0,0,0,0
7895,2,0.004065891305099764,0,0,0,0
7896,1,0.0032041674283294066,0,0,0,0
7897,2,0.0015303365995970543,0,0,0,0
7898,2,0.0031561770940976026,0,0,0,0
7899,2,0.0013459384823989802,0,0,0,0
7900,2,0.000911698433303333,7,0,0,0
7901,2,0.0024101441337782492,0,0,0,0
7902,2,0.0034312485786220656,0,0,0,0
7903,2,0.003248056864476531,0,0,0,0
7904,2,0.004341957092990016,0,0,0,0
7905,1,1.478072459559214e-05,0,0,0,0
7906,2,0.004013210423707932,0,0,0,0
7907,2,0.001119312289774844,0,0,0,0
7908,2,0.0009367772934365324,0,0,0,0
7909,2,0.0018061128981731835,0,0,0,0
7910,2,0.004138144370710419,0,0,0,0
7911,2,0.0016813720741555803,0,0,0,0
7912,2,0.001592321402736039,0,0,0,0
7913,2,0.0036842375462522135,0,0,0,0
7914,1,0.005002146046779829,0,0,0,0
7915,2,0.0005239680940289476,0,0,0,0
7916,1,0.0023100570127725056,0,0,0,0
7917,2,0.002138003009643919,0,0,0,0
7918,2,0.005069290743793407,0,0,0,0
7919,2,0.0007013556629260634,0,0,0,0
7920,2,0.0022165572623175285,0,0,0,0
7921,1,0.0006664266964390189,0,0,0,0
7922,1,0.0001260267636023168,0,0,0,0
7923,2,0.00047540995848234405,0,0,0,0
7924,2,0.004444973832917833,0,0,0,0
7925,2,0.001240195664970325,0,0,0,0
7926,2,0.0014598783375042864,0,0,0,0
7927,2,0.0015954735613810248,0,0,0,0
7928,2,0.0018862689008067796,0,0,0,0
7929,2,0.005304250304454972,0,0,0,0
7930,1,5.130146428269978e-05,0,0,0,0
7931,2,0.0011821489810143744,0,0,0,0
7932,2,0.0035490037999662597,0,0,0,0
7933,2,0.0017801418819081275,0,0,0,0
7934,1,0.0002648714261085151,0,0,0,0
7935,1,0.00012175243137224666,0,0,0,0
7936,2,0.004905700790208208,7,0,0,0
7937,1,0.0009022556281808713,0,0,0,0
7938,2,0.0024025236090184326,0,0,0,0
7939,2,0.0037150396247520785,0,0,0,0
7940,2,0.0037178539435497376,0,0,0,0
7941,2,0.0005794522780978802,0,0,0,0
7942,2,0.0028437233856640066,0,0,0,0
7943,2,0.006528220474006879,0,0,0,0
7944,2,0.0013830049950852752,0,0,0,0
7945,2,0.0015670006351209958,0,0,0,0
7946,1,0.000647887145367474,0,0,0,0
7947,2,0.003095744413114448,0,0,0,0
7948,2,0.003416688854515316,0,0,0,0
7949,2,0.002047725345668668,0,0,0,0
7950,1,0.0007380800957669988,0,0,0,0
7951,2,0.00255233800817442,0,0,0,0
7952,2,0.00016482100554791865,0,0,0,0
7953,2,0.0009392534630419829,0,0,0,0
7954,1,0.0010190780294201895,0,0,0,0
7955,2,0.0016815611291670285,0,0,0,0
7956,2,0.00222345182721261,0,0,0,0
7957,2,0.000676055139900355,0,0,0,0
7958,2,0.004862487225889555,0,0,0,0
7959,2,0.0013481849376400282,0,0,0,0
7960,2,0.00180883228828834,0,0,0,0
7961,2,0.002596682077516947,0,0,0,0
7962,2,0.0008998687566368844,0,0,0,0
7963,1,0.000657655791682566,0,0,0,0
7964,1,0.003308905289317447,0,0,0,0
7965,2,0.0015251483444665983,0,0,0,0
7966,2,0.0020100662402972604,0,0,0,0
7967,2,0.001020581040880718,0,0,0,0
7968,2,0.003211837241918633,0,0,0,0
7969,2,0.007906604838921093,0,0,0,0
7970,2,0.001231977577475116,0,0,0,0
7971,1,0.00011455481308993147,0,0,0,0
7972,2,0.0023920917528262356,0,0,0,0
7973,2,0.004474014105870786,0,0,0,0
7974,2,0.0002749444311266511,0,0,0,0
7975,2,0.002874304406771328,0,0,0,0
7976,2,0.003047152184678391,0,0,0,0
7977,2,0.0016923060990320224,0,0,0,0
7978,2,0.0007381195408573696,0,0,0,0
7979,1,0.0003529250574452421,0,0,0,0
7980,2,0.0018690625113424405,0,0,0,0
7981,1,0.000593664669827203,0,0,0,0
7982,2,0.0017012256041464271,0,0,0,0
7983,2,0.005660641043121541,0,0,0,0
7984,2,0.001290633831043773,0,0,0,0
7985,2,0.004049568081846626,0,0,0,0
7986,1,0.00012931519582984587,0,0,0,0
7987,1,0.0006280295555943478,0,0,0,0
7988,2,0.0010291586799908866,0,0,0,0
7989,2,0.001502317632999918,0,0,0,0
7990,2,0.0044729921956574836,0,0,0,0
7991,2,0.0010351142307620154,0,0,0,0
7992,2,0.0065215603156533,0,0,0,0
7993,2,0.0015354704445363638,0,0,0,0
7994,2,0.0007187297178884506,0,0,0,0
7995,2,0.0004134135793099746,0,0,0,0
7996,2,0.002639251693374852,0,0,0,0
7997,1,0.0005834252511718985,0,0,0,0
7998,2,0.0050467348093594724,0,0,0,0
7999,2,0.0053079784208311,0,0,0,0
8000,2,0.001408312995044504,0,0,0,0
8001,2,0.001164838453125645,0,0,0,0
8002,1,0.0004213747013947152,0,0,0,0
8003,2,0.0028420708844407116,617,0,0,0
8004,2,0.001729965980491745,0,0,0,0
8005,2,0.0015190556208631968,0,0,0,0
8006,2,0.0012177318582657283,0,0,0,0
8007,2,0.001777895024446284,0,0,0,0
8008,2,0.0007641301967637418,0,0,0,0
8009,1,0.0017463389961381635,0,0,0,0
8010,2,0.003560182440490016,0,0,0,0
8011,2,0.005677173906813941,0,0,0,0
8012,2,0.001138653083310876,0,0,0,0
8013,2,0.004462079402452477,0,0,0,0
8014,2,0.005342223020029229,0,0,0,0
8015,2,0.004014729224926235,0,0,0,0
8016,1,0.000339534272074023,0,0,0,0
8017,2,0.0006876803083118474,0,0,0,0
8018,1,0.00022552875889057886,0,0,0,0
8019,2,0.0016464275725454117,0,0,0,0
8020,2,0.000995762033687377,0,0,0,0
8021,2,0.0009785810465564896,0,0,0,0
8022,2,0.0006689750858457156,0,0,0,0
8023,2,0.001367910019598434,0,0,0,0
8024,2,0.005409304328229058,0,0,0,0
8025,1,0.0006099244602772898,0,0,0,0
8026,2,0.0018186780409860021,0,0,0,0
8027,2,0.004518201392811463,0,0,0,0
8028,2,0.0038695344850472567,0,0,0,0
8029,2,0.001968903463633009,0,0,0,0
8030,1,0.00020153129123912572,0,0,0,0
8031,2,0.008606893050270549,0,0,0,0
8032,2,0.0018927998013948616,0,0,0,0
8033,1,0.0004566935903586188,0,0,0,0
8034,2,0.00324490084928145,0,0,0,0
8035,1,0.0031197388107754476,0,0,0,0
8036,2,0.0022295025605838493,0,0,0,0
8037,1,0.0030427806747361165,0,0,0,0
8038,2,0.0018798526708010813,0,0,0,0
8039,1,0.000851687821603521,0,0,0,0
8040,2,0.0028265918762123243,0,0,0,0
8041,2,0.0038571247193443813,0,0,0,0
8042,2,0.0016819884973600311,0,0,0,0
8043,2,0.0028376713938206284,0,0,0,0
8044,2,0.0020902239141574915,0,0,0,0
8045,2,0.0006873512681777837,0,0,0,0
8046,2,0.004900567050434437,0,0,0,0
8047,2,0.0015830960806845964,0,0,0,0
8048,2,0.003793588595503234,0,0,0,0
8049,2,0.0016089379560376587,0,0,0,0
8050,2,0.0030913007724103912,0,0,0,0
8051,2,0.003355527627096339,0,0,0,0
8052,2,0.0021284896577723773,58,0,0,0
8053,2,0.003992641706235632,0,0,0,0
8054,2,0.0017424625049995079,0,0,0,0
8055,2,0.0005328584974060707,0,0,0,0
8056,2,0.003054404060992705,0,0,0,0
8057,2,0.0017401469115985691,268,0,0,0
8058,1,0.00020291545703100168,0,0,0,0
8059,2,0.0025791190424072443,0,0,0,0
8060,2,0.002209426757270788,0,0,0,0
8061,1,0.0002254475333405136,0,0,0,0
8062,2,0.0024138518762494227,0,0,0,0
8063,2,0.004203515726222788,0,0,0,0
8064,2,0.0007545535854213732,0,0,0,0
8065,2,0.002514128905229927,0,0,0,0
8066,1,0.0013622231913219427,0,0,0,0
8067,2,0.0005540939992218382,0,0,0,0
8068,1,0.0006930312475968871,0,0,0,0
8069,2,0.004250629255972994,0,0,0,0
8070,2,0.0014204953598767008,0,0,0,0
8071,2,0.0022829393155259147,0,0,0,0
8072,2,0.0004906345395362562,0,0,0,0
8073,2,0.0006431017892499162,0,0,0,0
8074,2,0.002015610420763875,0,0,0,0
8075,2,0.0047538476803235495,0,0,0,0
8076,1,0.005382579850322639,0,0,0,0
8077,2,0.0012312083143324064,0,0,0,0
8078,2,0.004399078560514244,0,0,0,0
8079,2,0.0045025007883910265,0,0,0,0
8080,1,0.0010426933197630176,0,0,0,0
8081,2,0.0029773088259769757,0,0,0,0
8082,2,0.0019880764726557445,0,0,0,0
8083,2,0.00654540278709985,0,0,0,0
8084,2,0.001102760292217209,0,0,0,0
8085,2,0.00013471296809899072,0,0,0,0
8086,1,0.006007196354199842,0,0,0,0
8087,2,0.002335953992574596,0,0,0,0
8088,2,0.0008595215137290913,0,0,0,0
8089,2,0.0015073019494157164,0,0,0,0
8090,2,0.0019820394686944865,0,0,0,0
8091,1,0.0012885502408912742,0,0,0,0
8092,1,2.9391330112362224e-05,0,0,0,0
8093,2,0.0023172216887989874,0,0,0,0
8094,2,0.005589962270244211,0,0,0,0
8095,2,0.005866114918012387,0,0,0,0
8096,2,0.0014957140511743028,0,0,0,0
8097,2,0.0008090815453995772,0,0,0,0
8098,2,0.0012443383371377812,0,0,0,0
8099,1,0.0018255076847122106,0,0,0,0
8100,2,0.00029494036132679026,0,0,0,0
8101,2,0.003138109540411158,0,0,0,0
8102,2,0.00303866662410815,0,0,0,0
8103,2,0.0005864082842439698,0,0,0,0
8104,2,0.005109097677940477,0,0,0,0
8105,2,0.001987058883963486,0,0,0,0
8106,2,0.00038939703704933646,0,0,0,0
8107,2,0.0031261062112293535,0,0,0,0
8108,2,0.00016859703407845543,0,0,0,0
8109,2,0.004255471748851965,0,0,0,0
8110,2,0.0022963207496402675,0,0,0,0
8111,2,0.0008007153723433612,0,0,0,0
8112,2,0.001173134167728437,0,0,0,0
8113,2,0.0026087499093254093,0,0,0,0
8114,2,0.0013184420644109253,0,0,0,0
8115,2,0.003213840195697665,0,0,0,0
8116,2,0.01102516951653733,799,0,0,0
8117,2,0.002186002188393772,0,0,0,0
8118,2,0.0009363034338968631,0,0,0,0
8119,2,0.0021912298036063835,0,0,0,0
8120,2,0.007623133547998026,0,0,0,0
8121,2,0.00520809349431809,25,0,0,0
8122,2,0.0033700540451701887,0,0,0,0
8123,2,0.00419246342865896,0,0,0,0
8124,2,0.0008427997550483736,0,0,0,0
8125,1,0.00030858404484802627,0,0,0,0
8126,2,0.001219030229678259,0,0,0,0
8127,2,0.001975043189037019,0,0,0,0
8128,2,0.0021989604796837647,0,0,0,0
8129,1,0.0030412481313981787,0,0,0,0
8130,2,0.0011801105060995178,0,0,0,0
8131,2,0.0021571089072102132,0,0,0,0
8132,2,0.0058308701616722105,0,0,0,0
8133,2,0.002665236069718787,0,0,0,0
8134,1,3.4034990583628985e-05,0,0,0,0
8135,2,0.0007224279693569124,0,0,0,0
8136,2,0.0018303810545023276,0,0,0,0
8137,2,0.00297172563129505,0,0,0,0
8138,2,0.003398644683096281,0,0,0,0
8139,2,0.0015395073721702216,0,0,0,0
8140,2,0.0004413285686809781,7,0,0,0
8141,2,0.004539504563273658,0,0,0,0
8142,2,0.0012811566162400072,0,0,0,0
8143,2,0.0013328817375483555,0,0,0,0
8144,2,0.0011134279379597489,0,0,0,0
8145,2,0.001196346521062631,272,0,0,0
8146,2,0.0011501137104876677,0,0,0,0
8147,2,0.005217435866957905,0,0,0,0
8148,2,0.0018386527836950402,0,0,0,0
8149,2,0.0022601415720218524,0,0,0,0
8150,2,0.0018896411292045354,0,0,0,0
8151,2,0.0010605783749389039,0,0,0,0
8152,2,0.004135416576643488,0,0,0,0
8153,2,0.003805344261355682,14,0,0,0
8154,2,0.002662616311645218,0,0,0,0
8155,2,0.0023043952813376622,0,0,0,0
8156,2,0.002907552677377587,0,0,0,0
8157,2,0.00017094951040666988,0,0,0,0
8158,2,0.0007625844069253219,0,0,0,0
8159,2,0.002412332281501306,0,0,0,0
8160,2,0.0011770424995131078,0,0,0,0
8161,2,0.0030629041401155454,0,0,0,0
8162,2,0.003440411207438807,544,0,0,0
8163,2,0.007779658904385741,0,0,0,0
8164,1,0.0009486058413539169,0,0,0,0
8165,2,0.004195644875050301,0,0,0,0
8166,1,0.0011081442715559972,0,0,0,0
8167,2,0.0006192078658150025,0,0,0,0
8168,1,0.0003085368931854619,0,0,0,0
8169,1,0.0021340581254755066,0,0,0,0
8170,2,0.002680198722286588,0,0,0,0
8171,2,0.0021426160551337747,0,0,0,0
8172,2,0.0008951602343288843,0,0,0,0
8173,2,0.0017589793413212054,0,0,0,0
8174,2,0.0018955199993011625,0,0,0,0
8175,2,0.006365974853400389,0,0,0,0
8176,2,0.003246949946577322,0,0,0,0
8177,2,0.0026388546259710935,0,0,0,0
8178,2,0.0016049814665311112,0,0,0,0
8179,2,0.003092511780669215,0,0,0,0
8180,2,0.0025209877672579062,641,0,0,0
8181,2,0.0015110195234008966,0,0,0,0
8182,1,0.004356890277660586,0,0,0,0
8183,2,0.0013707464993789962,0,0,0,0
8184,1,0.0003034594156171076,0,0,0,0
8185,2,0.002951094826453368,0,0,0,0
8186,2,0.0011029289679655148,0,0,0,0
8187,2,0.00284801794004256,0,0,0,0
8188,2,0.00041334084601188576,0,0,0,0
8189,2,0.0018580594617186043,0,0,0,0
8190,2,0.0009451700646593594,0,0,0,0
8191,2,0.00020516890619549894,0,0,0,0
8192,2,0.0006806947984366996,0,0,0,0
8193,2,0.004482178017209112,0,0,0,0
8194,2,0.0018040032713482125,0,0,0,0
8195,2,0.0021252166027783057,0,0,0,0
8196,2,0.008064764041979911,0,0,0,0
8197,2,0.002180733687616095,0,0,0,0
8198,2,0.003088494480704873,0,0,0,0
8199,2,0.003862134915235163,0,0,0,0
8200,2,0.0015930068438086407,0,0,0,0
8201,2,0.006091337479998397,0,0,0,0
8202,2,0.0007700550446021455,0,0,0,0
8203,2,0.00639957245134919,0,0,0,0
8204,1,0.0011767863602788631,0,0,0,0
8205,1,0.0011194049616089225,0,0,0,0
8206,2,0.0027308717654656958,0,0,0,0
8207,2,0.0014276704420899185,0,0,0,0
8208,2,0.006340395480706032,0,0,0,0
8209,2,0.004743486094933495,0,0,0,0
8210,1,0.0016774882114315886,0,0,0,0
8211,2,0.0018573205866291404,0,0,0,0
8212,2,0.00322437691452165,0,0,0,0
8213,2,0.0021131753878011234,0,0,0,0
8214,2,0.0015208011237738833,0,0,0,0
8215,2,0.004515120608969025,0,0,0,0
8216,1,2.0128800807948458e-05,0,0,0,0
8217,2,0.0014257373434712333,0,0,0,0
8218,2,0.0020392288049033308,0,0,0,0
8219,2,0.0015223294744667571,7,0,0,0
8220,2,0.0016043434503265372,0,0,0,0
8221,2,0.0004398497283780934,0,0,0,0
8222,2,0.00372912547832354,0,0,0,0
8223,2,0.003467374997800455,7,0,0,0
8224,1,0.0003137876039145204,0,0,0,0
8225,2,0.009291526190912698,0,0,0,0
8226,2,0.0018121030750341098,0,0,0,0
8227,2,0.003952057103527786,0,0,0,0
8228,1,0.0020183620992828845,0,0,0,0
8229,2,0.004356853956364607,0,0,0,0
8230,2,0.00338193629389378,414,0,0,0
8231,2,0.003763817608731346,0,0,0,0
8232,2,0.002246378790296133,0,0,0,0
8233,2,0.001977315202397567,0,0,0,0
8234,2,0.002499749498246988,0,0,0,0
8235,1,0.002581060669276361,0,0,0,0
8236,2,0.004132647233649924,0,0,0,0
8237,2,0.004247553518953582,0,0,0,0
8238,2,0.002439292656899127,0,0,0,0
8239,2,0.0007474055775167203,0,0,0,0
8240,2,0.0014256436228114416,0,0,0,0
8241,2,0.004802432651108775,0,0,0,0
8242,2,0.006046586426848413,15,0,0,0
8243,2,0.0003123817633151239,0,0,0,0
8244,2,0.002915168430620249,0,0,0,0
8245,2,0.0008158537459540821,0,0,0,0
8246,2,0.0009097961107885197,0,0,0,0
8247,2,0.0020004265232458607,0,0,0,0
8248,1,0.0025711270479023616,0,0,0,0
8249,2,0.0009889654553615367,0,0,0,0
8250,2,0.0062509960075280415,0,0,0,0
8251,2,0.001000269493382329,0,0,0,0
8252,1,0.0023410850604185236,0,0,0,0
8253,2,0.0014671150034808811,0,0,0,0
8254,2,0.004337339963255172,0,0,0,0
8255,2,0.002620517201580137,0,0,0,0
8256,2,0.00139345578622007,0,0,0,0
8257,2,0.0013731154621803075,0,0,0,0
8258,2,0.005306360711997069,0,0,0,0
8259,2,0.000995453702395316,0,0,0,0
8260,2,0.002927798017790033,0,0,0,0
8261,2,0.001147690893561707,0,0,0,0
8262,2,0.0043000232710079574,0,0,0,0
8263,2,0.0016141262045811734,0,0,0,0
8264,2,0.00046802219860292324,0,0,0,0
8265,1,0.0004740577024512806,0,0,0,0
8266,2,0.0016975584076227288,0,0,0,0
8267,2,0.002079752996989216,0,0,0,0
8268,2,0.0035294162186925047,0,0,0,0
8269,2,0.00028824695978167593,0,0,0,0
8270,2,0.0019702033757809452,0,0,0,0
8271,2,0.002256038464395348,0,0,0,0
8272,2,0.0027919241519486445,0,0,0,0
8273,1,0.0029368143463287086,0,0,0,0
8274,2,0.002448887205990382,0,0,0,0
8275,2,0.00041645707058507014,0,0,0,0
8276,2,0.00525831464229198,0,0,0,0
8277,2,0.004965548063916296,0,0,0,0
8278,1,0.0005550677954983961,0,0,0,0
8279,1,0.00023379887645659414,0,0,0,0
8280,2,0.0010061893210090381,0,0,0,0
8281,1,4.114624618621635e-05,0,0,0,0
8282,2,0.005907757476399312,0,0,0,0
8283,2,0.0015279003783590546,0,0,0,0
8284,2,0.0006228290089154014,0,0,0,0
8285,1,0.0008265898655299356,0,0,0,0
8286,2,0.00027946678642974866,0,0,0,0
8287,2,0.00025547745379119363,0,0,0,0
8288,2,0.0024450560072151782,0,0,0,0
8289,2,0.0024275506398563377,0,0,0,0
8290,2,0.004012767845028766,0,0,0,0
8291,1,0.0007232435549023837,0,0,0,0
8292,2,0.0039305922023130085,0,0,0,0
8293,2,0.0008581550726885163,0,0,0,0
8294,1,0.0003153542633439568,0,0,0,0
8295,2,0.002487904280612133,0,0,0,0
8296,1,0.0005047261283712234,0,0,0,0
8297,2,0.0010478917605223797,0,0,0,0
8298,2,0.0031809390396918213,0,0,0,0
8299,1,0.0001293595602557983,0,0,0,0
8300,2,0.007241790058625829,0,0,0,0
8301,2,0.0024312668229514965,7,0,0,0
8302,2,0.0025873286182917185,0,0,0,0
8303,2,0.0015703988032627848,0,0,0,0
8304,2,0.0005132908607508447,0,0,0,0
8305,2,0.002433509885170519,0,0,0,0
8306,2,0.0023301725022839338,0,0,0,0
8307,2,0.0009469192837553908,0,0,0,0
8308,2,0.005702935100140436,0,0,0,0
8309,2,0.003978530871519365,0,0,0,0
8310,1,0.0002516990719489596,0,0,0,0
8311,2,0.0012029233146233463,0,0,0,0
8312,2,0.002315558337231058,0,0,0,0
8313,2,0.004981293396699586,0,0,0,0
8314,2,0.00403390098594591,0,0,0,0
8315,2,0.0029220669262754535,0,0,0,0
8316,1,2.6014378789059687e-05,0,0,0,0
8317,2,0.0027259069585117567,0,0,0,0
8318,2,0.004141096566604074,0,0,0,0
8319,2,0.0019182231938508244,0,0,0,0
8320,2,0.00040040955975780663,0,0,0,0
8321,2,0.002740615218283806,0,0,0,0
8322,1,0.001729605911027215,0,0,0,0
8323,2,0.0005486577178158139,0,0,0,0
8324,1,0.00141321670031001,0,0,0,0
8325,2,0.0034621620482358528,0,0,0,0
8326,2,0.004568712608349862,0,0,0,0
8327,2,0.0024794468319697125,0,0,0,0
8328,2,0.004404742928436003,0,0,0,0
8329,2,0.003390291254586771,0,0,0,0
8330,2,0.0064338878346852195,0,0,0,0
8331,1,0.00015033183443935712,0,0,0,0
8332,2,0.0019584721550713613,0,0,0,0
8333,2,0.0012844884458264958,0,0,0,0
8334,2,0.005462358099445581,0,0,0,0
8335,2,0.005527472067907201,0,0,0,0
8336,2,0.0016403509529073611,0,0,0,0
8337,2,0.0046448782538598314,0,0,0,0
8338,1,0.0004764781501463882,0,0,0,0
8339,1,0.0003026283582358961,0,0,0,0
8340,1,0.001160157012879995,0,0,0,0
8341,2,0.00162283125713711,0,0,0,0
8342,2,0.0019518293000356333,0,0,0,0
8343,1,0.0009813241363492062,0,0,0,0
8344,2,0.002466007490356785,0,0,0,0
8345,2,0.003322480211390602,0,0,0,0
8346,2,0.0015814131754247395,0,0,0,0
8347,2,0.0005519894215389282,0,0,0,0
8348,2,0.004544204434326623,0,0,0,0
8349,2,0.0017119239090416377,0,0,0,0
8350,2,0.004559795004945487,0,0,0,0
8351,2,0.004342893405549277,28,0,0,0
8352,2,0.0030657540396343925,0,0,0,0
8353,2,0.0015728437396837045,0,0,0,0
8354,2,0.003296045704762789,0,0,0,0
8355,2,0.002359679595472413,0,0,0,0
8356,2,0.0008927063813891434,0,0,0,0
8357,2,0.0013570404503872738,13,0,0,0
8358,2,0.004578728971190502,0,0,0,0
8359,2,0.0017318415842050958,0,0,0,0
8360,2,0.001497106282533218,0,0,0,0
8361,2,0.0022940580512239308,0,0,0,0
8362,2,0.0021180661303065664,0,0,0,0
8363,2,0.003790146202405195,0,0,0,0
8364,2,0.0016015531204008778,0,0,0,0
8365,2,0.006667024238535497,0,0,0,0
8366,2,0.0016431233249477777,0,0,0,0
8367,2,0.0029408280762773346,0,0,0,0
8368,2,0.0031320140366961047,0,0,0,0
8369,2,0.003939365107045328,0,0,0,0
8370,2,0.003035987756968294,0,0,0,0
8371,2,0.0009091423558927322,454,0,0,0
8372,2,0.00018073690964132589,0,0,0,0
8373,2,0.0004220507177755827,0,0,0,0
8374,1,0.0009193554727580183,0,0,0,0
8375,2,0.0033336532698667568,0,0,0,0
8376,2,0.0042151415896779796,0,0,0,0
8377,2,0.0005987578512670961,0,0,0,0
8378,1,0.003809591905312837,0,0,0,0
8379,2,0.0028344461870071524,0,0,0,0
8380,2,0.005936578715421769,0,0,0,0
8381,2,0.002411844322922509,0,0,0,0
8382,2,0.003198165376777379,0,0,0,0
8383,2,0.005533786709187073,0,0,0,0
8384,2,0.0012525120108581509,0,0,0,0
8385,2,0.00219660321939056,0,0,0,0
8386,2,0.00189616660563355,0,0,0,0
8387,2,0.0028991574665517715,0,0,0,0
8388,2,0.004129552730420978,0,0,0,0
8389,2,0.0007078131511000928,0,0,0,0
8390,2,0.0039964355759415865,0,0,0,0
8391,2,0.0008797339653641923,0,0,0,0
8392,2,0.001212663687415444,0,0,0,0
8393,2,0.000718798924196556,0,0,0,0
8394,2,0.0020723270556316205,0,0,0,0
8395,2,0.0027459576153794915,0,0,0,0
8396,2,0.0037807369877384837,51,0,0,0
8397,2,0.0017845130204335315,0,0,0,0
8398,2,0.003136854744510577,0,0,0,0
8399,2,0.003077385554434252,0,0,0,0
8400,2,0.0025277731619565177,0,0,0,0
8401,2,0.0004746551136070756,0,0,0,0
8402,2,0.002500200573736689,0,0,0,0
8403,2,0.005769725742285511,0,0,0,0
8404,2,0.0021252827307764624,0,0,0,0
8405,1,0.0002157764825398582,0,0,0,0
8406,2,0.0012075462990172425,0,0,0,0
8407,2,0.00533583928920415,0,0,0,0
8408,2,0.002059213212849633,0,0,0,0
8409,2,0.0021501551053676703,0,0,0,0
8410,1,0.0007987806493881794,0,0,0,0
8411,2,0.003480714319395316,0,0,0,0
8412,1,0.00011991690640204127,0,0,0,0
8413,2,0.001512820279226726,0,0,0,0
8414,2,0.006350463356156859,0,0,0,0
8415,2,0.003991860809153574,0,0,0,0
8416,2,0.0014081163992437822,0,0,0,0
8417,2,0.004393228302488659,0,0,0,0
8418,2,0.00027645688426527836,0,0,0,0
8419,2,0.0018321916944145805,0,0,0,0
8420,2,0.002110732694323823,0,0,0,0
8421,2,0.002404695525224625,0,0,0,0
8422,2,0.003383461436161005,0,0,0,0
8423,2,0.000995946275523927,0,0,0,0
8424,2,0.0068528282861062524,0,0,0,0
8425,2,0.0009608950263212025,0,0,0,0
8426,2,0.0016753593928044428,0,0,0,0
8427,2,0.00169435758501125,0,0,0,0
8428,2,0.0014992439565614316,0,0,0,0
8429,2,0.0026066898088144327,0,0,0,0
8430,1,0.0012911432975927226,0,0,0,0
8431,2,0.002945352439159951,0,0,0,0
8432,1,0.00021844491813338392,0,0,0,0
8433,1,0.00062502445267293,0,0,0,0
8434,2,0.0035809182584402672,0,0,0,0
8435,2,0.0037119385328258036,0,0,0,0
8436,2,0.0028620579159817717,0,0,0,0
8437,2,0.002385743704457182,0,0,0,0
8438,2,0.0019306596988041694,7,0,0,0
8439,2,0.002692432632268401,0,0,0,0
8440,1,0.002255021314035423,0,0,0,0
8441,2,0.0018943157660527559,0,0,0,0
8442,2,0.0035744050154829375,0,0,0,0
8443,1,0.0014532165151815682,0,0,0,0
8444,2,0.002043721081730125,0,0,0,0
8445,2,0.001644475679837416,7,0,0,0
8446,1,0.0007608606483369396,0,0,0,0
8447,2,0.0036866893342585787,0,0,0,0
8448,2,0.001825963165128977,0,0,0,0
8449,2,0.001732254082798743,0,0,0,0
8450,2,0.0010586652865029608,0,0,0,0
8451,2,0.0008201220782845155,0,0,0,0
8452,2,0.0013866407383241895,0,0,0,0
8453,2,0.00038362539455827886,0,0,0,0
8454,2,0.0006604742407466854,0,0,0,0
8455,2,0.003966497910539448,0,0,0,0
8456,2,0.00023104814947557268,0,0,0,0
8457,2,0.0032577218697147905,0,0,0,0
8458,2,0.0013226283061047919,7,0,0,0
8459,2,0.0023439427719330846,0,0,0,0
8460,2,0.002384509062830056,0,0,0,0
8461,2,0.0024734721218775146,0,0,0,0
8462,2,0.004716012668593204,0,0,0,0
8463,1,0.0007767521477868775,0,0,0,0
8464,2,0.0028871960980575468,0,0,0,0
8465,1,4.09914326954924e-05,0,0,0,0
8466,2,0.001545821381561085,0,0,0,0
8467,2,0.0016233292536596503,0,0,0,0
8468,2,0.001535273564547067,0,0,0,0
8469,1,0.0008665485574846416,0,0,0,0
8470,2,0.001577574143802408,0,0,0,0
8471,2,0.0012612207474791367,0,0,0,0
8472,2,0.001783889777412978,0,0,0,0
8473,2,0.0016509184510678447,0,0,0,0
8474,2,0.0017593633280141,0,0,0,0
8475,2,0.0015860885431895674,0,0,0,0
8476,2,0.002298519820516257,26,0,0,0
8477,1,0.0014975652109059827,0,0,0,0
8478,2,0.0016171033852268191,0,0,0,0
8479,2,0.0007559576708390805,0,0,0,0
8480,2,0.0015691263922363082,0,0,0,0
8481,2,0.002190275235224588,0,0,0,0
8482,2,0.0042838042275851595,0,0,0,0
8483,2,0.0006324051170191091,0,0,0,0
8484,2,0.004671577227228823,0,0,0,0
8485,2,0.0037213893144235183,0,0,0,0
8486,2,0.0032336676641904916,0,0,0,0
8487,2,0.00018405281739342495,0,0,0,0
8488,2,0.004088750081339021,0,0,0,0
8489,2,0.003937287454875964,0,0,0,0
8490,2,0.005649980736817771,0,0,0,0
8491,2,0.0001784191855648452,0,0,0,0
8492,2,0.0011479542634600035,0,0,0,0
8493,2,0.001044587918470868,0,0,0,0
8494,2,0.0016990941187642011,0,0,0,0
8495,2,0.0007259202279961744,0,0,0,0
8496,2,0.0030889980891662776,0,0,0,0
8497,1,0.0007220452604301684,0,0,0,0
8498,2,0.0003852712145124526,0,0,0,0
8499,2,0.0034164785225186344,0,0,0,0
8500,2,0.0029408787572445787,0,0,0,0
8501,2,0.004595781199658112,0,0,0,0
8502,2,0.002417165857846197,0,0,0,0
8503,2,0.00175464243139851,0,0,0,0
8504,2,0.001648862470977606,0,0,0,0
8505,2,0.002001772934722659,0,0,0,0
8506,2,0.0037139097745439195,0,0,0,0
8507,2,0.0035705738421752996,0,0,0,0
8508,2,0.003169863300164526,0,0,0,0
8509,1,0.00019672900396983591,0,0,0,0
8510,2,0.0010710337116416736,0,0,0,0
8511,2,0.0059688229179734285,0,0,0,0
8512,1,0.0016629810774246871,0,0,0,0
8513,1,0.0012334926808938943,0,0,0,0
8514,2,0.0017852306646319318,0,0,0,0
8515,1,0.00017116006392135858,0,0,0,0
8516,2,0.0016730143558906384,0,0,0,0
8517,1,0.000676504513053608,0,0,0,0
8518,2,0.001794225649929239,0,0,0,0
8519,2,0.0009349702017793947,0,0,0,0
8520,2,0.005927535718991207,0,0,0,0
8521,1,0.00040605294922285056,7,0,0,0
8522,2,0.0014629252851870922,0,0,0,0
8523,1,0.0007654914556751079,0,0,0,0
8524,2,0.0007030286008058023,0,0,0,0
8525,1,0.005523344375797114,20,0,0,0
8526,2,0.004306392170172802,0,0,0,0
8527,2,0.0013915911975069845,0,0,0,0
8528,2,0.0003086918852716736,0,0,0,0
8529,2,0.00232665338958678,0,0,0,0
8530,2,0.0009249246896350887,0,0,0,0
8531,1,0.0009251826448301951,0,0,0,0
8532,2,0.005595042946945047,0,0,0,0
8533,1,3.145162541746409e-05,0,0,0,0
8534,2,0.0013411726702312636,0,0,0,0
8535,2,0.0013666524017998147,0,0,0,0
8536,2,0.003302404126226838,0,0,0,0
8537,1,0.0023459791624574336,0,0,0,0
8538,2,0.0008329982714802598,0,0,0,0
8539,2,0.000959414097893085,0,0,0,0
8540,2,0.001881466686371034,0,0,0,0
8541,2,9.079362832513774e-05,0,0,0,0
8542,2,0.003071827045881199,0,0,0,0
8543,2,0.0011298980016168196,0,0,0,0
8544,1,0.0005307214228483838,0,0,0,0
8545,1,0.002649633520978174,0,0,0,0
8546,2,0.0034467745109645867,0,0,0,0
8547,1,0.0006773565081943048,0,0,0,0
8548,2,0.0025150448056760082,0,0,0,0
8549,2,0.0016427046096673186,0,0,0,0
8550,2,0.001201266740882834,0,0,0,0
8551,2,0.006876644861927789,0,0,0,0
8552,2,0.0042315903690044706,0,0,0,0
8553,2,0.005721955978239273,0,0,0,0
8554,1,0.0010000091983115105,0,0,0,0
8555,2,0.0008519797225732626,0,0,0,0
8556,1,0.0009979558392316647,0,0,0,0
8557,2,0.002663136913077212,0,0,0,0
8558,2,0.002231935144683789,0,0,0,0
8559,1,0.0005508982262343502,0,0,0,0
8560,2,0.00372523602006695,0,0,0,0
8561,2,0.0022346386295389437,0,0,0,0
8562,2,0.0005094377989558375,0,0,0,0
8563,1,0.001811369807351138,0,0,0,0
8564,2,0.0006468153424092065,0,0,0,0
8565,2,0.006365451556797438,0,0,0,0
8566,2,0.0010008271466406989,0,0,0,0
8567,1,0.0008174357280117554,0,0,0,0
8568,2,0.005995459606552487,0,0,0,0
8569,2,0.0019654848838422,0,0,0,0
8570,2,0.00148800432166153,0,0,0,0
8571,2,0.004823821074513178,0,0,0,0
8572,2,0.0005114078763654773,0,0,0,0
8573,2,0.00275994198981122,0,0,0,0
8574,1,1.1242529983176062e-05,0,0,0,0
8575,2,0.001501931489921903,0,0,0,0
8576,2,0.005327664800931629,0,0,0,0
8577,2,0.00602777023545722,0,0,0,0
8578,2,0.0009398611401999035,0,0,0,0
8579,2,0.004942849005596004,0,0,0,0
8580,2,0.0029862235293207336,0,0,0,0
8581,1,0.0004258928882703096,0,0,0,0
8582,2,0.003744083140318292,0,0,0,0
8583,2,0.0019719576137038836,0,0,0,0
8584,2,0.0025477017369613234,0,0,0,0
8585,2,0.0027991668481319146,0,0,0,0
8586,2,0.00019690228016700734,0,0,0,0
8587,1,0.00251391987334987,0,0,0,0
8588,2,0.004506380038728449,0,0,0,0
8589,2,0.0001296457281529597,405,0,0,0
8590,2,0.0012905974808802914,0,0,0,0
8591,2,0.00041857028420534475,45,0,0,0
8592,2,0.002119819127033823,0,0,0,0
8593,2,0.0015800425974570515,0,0,0,0
8594,1,0.0044356784848459205,0,0,0,0
8595,2,0.0016062140952783114,0,0,0,0
8596,2,0.0011718806170613462,7,0,0,0
8597,1,0.002311385943829447,0,0,0,0
8598,2,0.001458027812606487,0,0,0,0
8599,2,0.004038034755054349,0,0,0,0
8600,2,0.0018481511900544226,0,0,0,0
8601,2,0.0029038106265584017,0,0,0,0
8602,1,5.565662616893132e-05,0,0,0,0
8603,1,0.000545168875219218,0,0,0,0
8604,2,0.004955699998367742,0,0,0,0
8605,2,0.005492109225512739,0,0,0,0
8606,2,0.0019640099835847294,0,0,0,0
8607,2,0.001962874706091901,0,0,0,0
8608,2,0.001306420918972375,0,0,0,0
8609,2,0.0005932449692624424,0,0,0,0
8610,2,0.000820812143628129,0,0,0,0
8611,2,0.0006932269904835065,0,0,0,0
8612,2,0.004074961569386838,0,0,0,0
8613,2,0.0005320110599873368,0,0,0,0
8614,2,0.004093439756836265,0,0,0,0
8615,2,0.0012369231907127295,0,0,0,0
8616,2,0.0034737430231075346,0,0,0,0
8617,1,0.0008329889891617142,0,0,0,0
8618,2,0.005976680147990491,0,0,0,0
8619,2,0.0013926456464260703,0,0,0,0
8620,2,0.004919816114318376,0,0,0,0
8621,2,0.0011913550997596394,0,0,0,0
8622,2,0.0007127466068178436,36,0,0,0
8623,2,0.0031474786580665834,0,0,0,0
8624,2,0.001677142850971802,0,0,0,0
8625,2,0.0007775382290923761,0,0,0,0
8626,2,0.0023346057842902365,0,0,0,0
8627,2,0.0005705954673458889,0,0,0,0
8628,2,0.000807078445891499,0,0,0,0
8629,2,0.0029627457748891174,0,0,0,0
8630,2,0.0020328372344769322,0,0,0,0
8631,2,0.0004754530026929581,0,0,0,0
8632,2,0.0016646845482451425,0,0,0,0
8633,2,0.003176669410731822,0,0,0,0
8634,1,0.0005498900116547489,0,0,0,0
8635,2,0.0014929917330207669,0,0,0,0
8636,2,0.0030449435702366062,174,0,0,0
8637,2,0.0018249610196605201,0,0,0,0
8638,2,0.0020994723695065185,0,0,0,0
8639,2,0.0024810202221782515,0,0,0,0
8640,2,0.009130684392500315,0,0,0,0
8641,2,0.00027404048039169807,0,0,0,0
8642,2,0.0017087018886538443,0,0,0,0
8643,2,0.001601516234767988,0,0,0,0
8644,2,0.0021471111282181554,0,0,0,0
8645,2,0.002647272917439483,0,0,0,0
8646,2,0.00152146921800068,0,0,0,0
8647,1,0.00019699632064710894,0,0,0,0
8648,2,0.0026533706026049013,0,0,0,0
8649,2,0.0027636696036113005,28,0,0,0
8650,2,0.0008933639000264437,0,0,0,0
8651,2,0.001565084448618732,0,0,0,0
8652,2,0.0019962920971086083,0,0,0,0
8653,2,0.002186407008624963,0,0,0,0
8654,2,0.0023511059461535947,0,0,0,0
8655,2,0.00281541334971153,0,0,0,0
8656,2,0.005565934646829077,0,0,0,0
8657,1,0.001165053118894098,0,0,0,0
8658,2,0.0011365260647923415,0,0,0,0
8659,2,0.0035490808789918945,0,0,0,0
8660,2,0.0016993617283084228,0,0,0,0
8661,2,0.0019603756876383225,0,0,0,0
8662,2,0.0031546115072490165,0,0,0,0
8663,2,0.006561716601030386,0,0,0,0
8664,2,0.0008038195575986595,0,0,0,0
8665,2,0.0004588962299616984,0,0,0,0
8666,2,0.001632812230362853,0,0,0,0
8667,2,0.0012463434611476895,0,0,0,0
8668,2,0.0033640057744295584,0,0,0,0
8669,2,0.0018801174699821395,0,0,0,0
8670,2,0.007082402378988196,0,0,0,0
8671,2,0.0023462633160934564,0,0,0,0
8672,2,0.0002843756972004296,0,0,0,0
8673,2,0.004531294182438207,0,0,0,0
8674,1,0.0015973523202451464,0,0,0,0
8675,2,0.002982929675708205,0,0,0,0
8676,2,0.0023639721318880224,0,0,0,0
8677,2,0.0020827144292939245,0,0,0,0
8678,2,0.005656243831728353,0,0,0,0
8679,2,0.0016699670958321788,72,0,0,0
8680,2,0.00020127163822708893,0,0,0,0
8681,2,0.0011242170056479375,0,0,0,0
8682,2,0.0009416717062805712,0,0,0,0
8683,2,0.004331507919608894,0,0,0,0
8684,2,0.00029038422311467027,0,0,0,0
8685,2,0.005882906753575829,0,0,0,0
8686,2,0.0021917048006240987,0,0,0,0
8687,2,0.002907093486668892,0,0,0,0
8688,1,0.004830888747782867,0,0,0,0
8689,2,0.0011433639108769673,0,0,0,0
8690,2,0.002339266251137715,0,0,0,0
8691,1,0.0007655522201595214,0,0,0,0
8692,2,0.004872544287932994,0,0,0,0
8693,2,0.0012482274040827076,0,0,0,0
8694,2,0.001389341947527046,0,0,0,0
8695,2,0.0029311382761212424,0,0,0,0
8696,2,0.0007701439987721988,0,0,0,0
8697,2,0.0069529987444490685,0,0,0,0
8698,2,0.001778642220185494,0,0,0,0
8699,2,0.002710216371821951,0,0,0,0
8700,1,5.367629768597972e-05,0,0,0,0
8701,2,0.0033755610167541575,0,0,0,0
8702,2,0.0010320768089836431,0,0,0,0
8703,2,0.005020714293166177,7,0,0,0
8704,2,0.004488402493997569,0,0,0,0
8705,2,0.0023565180638280086,0,0,0,0
8706,2,0.0028051600008127753,0,0,0,0
8707,2,0.002617833528669108,204,0,0,0
8708,2,0.0033639257274384257,0,0,0,0
8709,2,0.0007005361806349876,0,0,0,0
8710,2,0.0035504815888289746,0,0,0,0
8711,1,7.282956967535527e-05,0,0,0,0
8712,2,0.002065833309622384,0,0,0,0
8713,2,0.002671233745288721,0,0,0,0
8714,2,0.003183212781579398,0,0,0,0
8715,2,0.001347890068569546,0,0,0,0
8716,2,0.0009701248023850469,0,0,0,0
8717,2,0.007496196355781115,0,0,0,0
8718,2,8.733230455272105e-05,0,0,0,0
8719,2,0.002588856553760263,0,0,0,0
8720,2,0.005367696717398809,0,0,0,0
8721,2,0.003113639130455947,0,0,0,0
8722,2,0.001694399227000877,0,0,0,0
8723,2,0.0039619377646406785,0,0,0,0
8724,1,1.0591252062742048e-05,0,0,0,0
8725,2,0.003723125352186803,0,0,0,0
8726,2,0.0018466202000853946,0,0,0,0
8727,2,0.0039670867449833405,0,0,0,0
8728,2,0.003026324115928046,0,0,0,0
8729,2,0.0018664708766663023,0,0,0,0
8730,2,0.010886297177041055,50,0,0,0
8731,2,0.0032241056718370037,0,0,0,0
8732,2,0.0017398111278031465,0,0,0,0
8733,1,0.0007346316932354838,0,0,0,0
8734,2,0.001916591991639038,0,0,0,0
8735,2,0.0020562097379425064,0,0,0,0
8736,2,0.00368701870521628,0,0,0,0
8737,2,0.002107065202132739,0,0,0,0
8738,2,0.0012322248349483226,0,0,0,0
8739,2,0.005916577278321896,0,0,0,0
8740,2,0.0021511053238834187,0,0,0,0
8741,2,0.001715684594921516,0,0,0,0
8742,2,0.001616422636640318,0,0,0,0
8743,2,0.0068525648094772944,0,0,0,0
8744,2,0.0014764576896083516,0,0,0,0
8745,2,0.004526997110769609,0,0,0,0
8746,2,0.002443149953799966,0,0,0,0
8747,2,0.0019396402828481254,0,0,0,0
8748,2,0.0010968242795202725,0,0,0,0
8749,2,0.0007348213861786474,0,0,0,0
8750,2,0.0021104195304376466,40,0,0,0
8751,2,0.0037031867514879147,0,0,0,0
8752,2,0.007990950013798967,389,0,0,0
8753,1,0.0007802405407941911,0,0,0,0
8754,2,0.004588647067360136,0,0,0,0
8755,2,0.003919448734073674,0,0,0,0
8756,2,0.003339639747926777,0,0,0,0
8757,2,0.0006861707931486336,0,0,0,0
8758,2,0.002307068387953533,0,0,0,0
8759,2,0.003029517238251448,0,0,0,0
8760,2,0.00179039480160729,0,0,0,0
8761,2,0.0020535618252372225,0,0,0,0
8762,2,0.00572966262568875,88,0,0,0
8763,2,0.0026615458958022618,7,0,0,0
8764,2,0.00211073221553898,0,0,0,0
8765,1,0.0025499058684703077,0,0,0,0
8766,2,0.0005724104915007978,0,0,0,0
8767,2,0.0012068534370263712,0,0,0,0
8768,2,0.002598103338817486,0,0,0,0
8769,2,0.0016968642477474523,0,0,0,0
8770,2,0.0036815462428212947,0,0,0,0
8771,2,0.006312951616837226,0,0,0,0
8772,2,0.0023045218761176545,0,0,0,0
8773,2,0.0010653175092481388,0,0,0,0
8774,2,0.0041310542979322105,0,0,0,0
8775,2,0.0005251810267480971,0,0,0,0
8776,1,0.0014892910675873196,0,0,0,0
8777,2,0.002675364990066669,0,0,0,0
8778,1,0.0035578365033584382,0,0,0,0
8779,2,0.0011185208326273746,0,0,0,0
8780,2,0.002044499379716488,179,0,0,0
8781,2,0.0020500519451623496,0,0,0,0
8782,2,0.0009063400222225803,0,0,0,0
8783,2,0.0007707073141116348,0,0,0,0
8784,2,0.0019024901731713164,0,0,0,0
8785,2,0.002415988952464851,0,0,0,0
8786,2,0.0016498544768323996,0,0,0,0
8787,2,0.003596229005188296,0,0,0,0
8788,2,0.0012277424948573333,0,0,0,0
8789,2,0.004798666276143798,0,0,0,0
8790,2,0.0009184864864222201,0,0,0,0
8791,1,0.00023760382012470545,0,0,0,0
8792,2,0.0009324185271484546,0,0,0,0
8793,2,0.0022124070198090216,0,0,0,0
8794,2,0.001225416896367832,0,0,0,0
8795,2,0.0022026472210749286,0,0,0,0
8796,1,0.0006276833406096657,0,0,0,0
8797,1,0.0014934961388211548,0,0,0,0
8798,1,0.0006906516735149267,0,0,0,0
8799,1,9.49211628182956e-05,0,0,0,0
8800,2,0.0025159381261060107,0,0,0,0
8801,2,0.0019852194908783916,14,0,0,0
8802,1,0.0022439936776461706,41,0,0,0
8803,2,0.006491022260365392,0,0,0,0
8804,1,0.0005964937326863009,0,0,0,0
8805,2,0.002547260726822438,145,0,0,0
8806,2,0.0019189350049721172,0,0,0,0
8807,1,0.0010416423775637638,0,0,0,0
8808,1,6.689320949635155e-05,0,0,0,0
8809,2,0.0013557172141674771,0,0,0,0
8810,2,0.0007550544283932749,0,0,0,0
8811,1,0.000740395095500093,0,0,0,0
8812,2,0.0017453511386582932,0,0,0,0
8813,1,9.50903529370587e-05,0,0,0,0
8814,2,0.001617978163693526,0,0,0,0
8815,2,0.003463936168138246,0,0,0,0
8816,2,0.0002531464468792142,0,0,0,0
8817,2,0.0015477011640603587,0,0,0,0
8818,2,0.0028555367170539467,0,0,0,0
8819,1,0.0008962738648021873,0,0,0,0
8820,2,0.0017532939376105176,0,0,0,0
8821,2,0.005121528711873106,0,0,0,0
8822,2,0.003998611373750157,0,0,0,0
8823,2,0.0018317661470667807,0,0,0,0
8824,2,0.0024070584533035554,0,0,0,0
8825,1,0.00036412763912335033,0,0,0,0
8826,2,0.001106506724898998,0,0,0,0
8827,2,0.0015299718537260527,0,0,0,0
8828,2,0.003730577744619083,0,0,0,0
8829,2,0.0019471336063492442,0,0,0,0
8830,2,0.002017038274344114,0,0,0,0
8831,2,0.00434478235797002,0,0,0,0
8832,2,0.007261696883163678,0,0,0,0
8833,1,0.0005555627551055315,0,0,0,0
8834,2,0.007027181603773044,0,0,0,0
8835,1,0.00031616526695831356,0,0,0,0
8836,2,0.005552089664916526,0,0,0,0
8837,1,0.0005756600289979639,0,0,0,0
8838,2,0.0004601633089086204,0,0,0,0
8839,2,0.0008605248760849351,0,0,0,0
8840,2,0.0039056742744833536,0,0,0,0
8841,2,0.0006738667306707638,0,0,0,0
8842,2,0.0035788704564995275,0,0,0,0
8843,2,0.0009923371318289048,0,0,0,0
8844,2,0.00217955270999157,0,0,0,0
8845,2,0.0042104794884576914,0,0,0,0
8846,2,0.0004863181834279736,0,0,0,0
8847,2,0.0007955388549007583,0,0,0,0
8848,1,0.00114859769955175,0,0,0,0
8849,2,0.0027636881972172055,0,0,0,0
8850,2,0.0034450530632023804,0,0,0,0
8851,2,0.0023576824862516855,0,0,0,0
8852,2,0.002337229465580182,0,0,0,0
8853,2,0.001945849725900361,0,0,0,0
8854,2,0.0017955919860581924,0,0,0,0
8855,2,0.001642455925934802,0,0,0,0
8856,2,0.0045199793764940715,0,0,0,0
8857,1,0.001419022545636787,0,0,0,0
8858,2,0.0021590887910583256,0,0,0,0
8859,2,0.0034335094868237588,15,0,0,0
8860,2,0.0036359311647271705,0,0,0,0
8861,2,0.0024027444416792236,116,0,0,0
8862,2,0.0016183684717330506,0,0,0,0
8863,2,0.003093961474136033,0,0,0,0
8864,2,0.003030620834335369,0,0,0,0
8865,2,0.003675880425812628,0,0,0,0
8866,2,0.0025683728052720094,7,0,0,0
8867,2,0.002895223433166607,0,0,0,0
8868,2,0.004661647500295795,0,0,0,0
8869,2,0.0008237260408151571,0,0,0,0
8870,1,0.0004842465763300426,0,0,0,0
8871,2,0.0012099957816197882,0,0,0,0
8872,1,7.454453554643268e-05,0,0,0,0
8873,2,0.0019565269688943646,0,0,0,0
8874,2,0.0015197481960787307,0,0,0,0
8875,2,0.007864849920992815,0,0,0,0
8876,2,0.005459728379113714,0,0,0,0
8877,2,0.005290680785268962,0,0,0,0
8878,2,0.00323288919942491,0,0,0,0
8879,2,0.0043043802462188205,0,0,0,0
8880,2,0.003962923516630986,0,0,0,0
8881,2,0.0011024873218026035,0,0,0,0
8882,2,0.0023959531300689106,0,0,0,0
8883,2,0.0002457106793223918,0,0,0,0
8884,2,0.002161350571133584,0,0,0,0
8885,2,0.002658849921128603,0,0,0,0
8886,1,0.0008682342794811716,0,0,0,0
8887,2,0.008718766234003968,0,0,0,0
8888,1,0.0012254750559781728,0,0,0,0
8889,2,0.0033196437457976616,0,0,0,0
8890,2,0.001130586836080688,0,0,0,0
8891,1,9.746915653852183e-05,0,0,0,0
8892,2,0.004795074351259276,0,0,0,0
8893,1,0.0002470523229145163,0,0,0,0
8894,2,0.003940483495384418,0,0,0,0
8895,2,0.003265391308082471,0,0,0,0
8896,2,0.00044156633358076485,0,0,0,0
8897,2,0.004194891683562344,0,0,0,0
8898,1,0.0014347913449111803,0,0,0,0
8899,2,0.00289514516324652,0,0,0,0
8900,2,0.0069193535975573765,0,0,0,0
8901,2,0.0015213300964769152,0,0,0,0
8902,1,0.0007095896777589586,0,0,0,0
8903,2,0.001677180661085566,0,0,0,0
8904,2,0.0035266926442845473,0,0,0,0
8905,1,0.0005356783517109907,0,0,0,0
8906,1,0.00046571759808527205,0,0,0,0
8907,2,0.0038954817621484126,0,0,0,0
8908,2,0.002046630782764004,0,0,0,0
8909,2,0.0016313333064427028,0,0,0,0
8910,2,0.0024381083725911884,0,0,0,0
8911,2,0.0013862132058434214,0,0,0,0
8912,2,0.0034616844470927418,0,0,0,0
8913,2,0.005819391473698956,0,0,0,0
8914,2,0.0005959946021895469,0,0,0,0
8915,2,0.0029447837976340737,0,0,0,0
8916,1,0.00022236292823366556,0,0,0,0
8917,1,0.0012322905368530022,0,0,0,0
8918,2,0.0025609000265957808,0,0,0,0
8919,2,0.0023399064838752954,0,0,0,0
8920,2,0.0007647133074939087,0,0,0,0
8921,1,0.0018358383323666145,0,0,0,0
8922,1,0.0031041852221940294,0,0,0,0
8923,2,0.0022132657551672246,0,0,0,0
8924,1,0.002499992242320545,76,0,0,0
8925,2,0.003774040714000245,0,0,0,0
8926,1,1.2522785986212263e-05,0,0,0,0
8927,2,0.0022140793082120387,0,0,0,0
8928,1,0.001127587212942418,0,0,0,0
8929,1,0.001279898335680565,0,0,0,0
8930,2,0.004717928798276392,0,0,0,0
8931,2,0.0015380773243897266,0,0,0,0
8932,2,0.0018040150769522197,0,0,0,0
8933,1,0.006724709011950698,0,0,0,0
8934,1,0.0012671881258457195,0,0,0,0
8935,2,0.0008773402434993396,0,0,0,0
8936,2,0.0036338169681266698,0,0,0,0
8937,2,0.005078857531233335,0,0,0,0
8938,2,0.003757695026709089,0,0,0,0
8939,1,0.0006376518149285354,0,0,0,0
8940,2,0.004176619380137108,0,0,0,0
8941,2,0.000994613437955387,0,0,0,0
8942,2,0.005761465064633844,0,0,0,0
8943,2,0.0033728540829886106,0,0,0,0
8944,2,0.0006888793780710108,0,0,0,0
8945,2,0.005279114173606477,0,0,0,0
8946,2,0.002055865658802645,0,0,0,0
8947,2,0.0007325674899015166,0,0,0,0
8948,2,0.0008317160525093497,0,0,0,0
8949,2,0.0012842164403164596,0,0,0,0
8950,1,0.0025514204955736784,0,0,0,0
8951,1,0.004293910700128354,0,0,0,0
8952,2,0.0021577805910786606,0,0,0,0
8953,2,0.006176969125559592,7,0,0,0
8954,1,0.0016845406586331916,0,0,0,0
8955,2,0.002033841819624957,0,0,0,0
8956,1,0.0005304343948433079,0,0,0,0
8957,2,0.0031040728123119424,0,0,0,0
8958,2,0.004290405295630959,0,0,0,0
8959,2,0.0025877857047688613,0,0,0,0
8960,2,0.005420301955190145,0,0,0,0
8961,2,0.0004916114181251341,0,0,0,0
8962,1,0.0023968034934907533,0,0,0,0
8963,2,0.002953304139374791,0,0,0,0
8964,2,0.0008523967084962181,0,0,0,0
8965,2,0.004674742632705618,0,0,0,0
8966,2,0.0021657752020486963,7,0,0,0
8967,2,0.0001501548765530264,0,0,0,0
8968,2,0.0033092869853762106,0,0,0,0
8969,1,0.006519180316793745,0,0,0,0
8970,2,0.00404163165129292,0,0,0,0
8971,2,0.002972482385683047,0,0,0,0
8972,2,0.0021225765035621327,0,0,0,0
8973,2,0.002336734241900218,0,0,0,0
8974,1,8.237062557269908e-05,0,0,0,0
8975,2,0.0014002222528378527,0,0,0,0
8976,2,0.001211085982213923,0,0,0,0
8977,2,0.0006315484522618349,0,0,0,0
8978,2,0.002895403721007164,0,0,0,0
8979,2,0.0009719887641501406,0,0,0,0
8980,2,0.0004808897625843517,0,0,0,0
8981,1,0.0005876174548632491,0,0,0,0
8982,2,0.0010044103696032957,0,0,0,0
8983,2,0.0007868455499367011,0,0,0,0
8984,2,0.004149394522075968,0,0,0,0
8985,2,0.0020015113160888227,0,0,0,0
8986,2,0.010148992717943683,0,0,0,0
8987,2,0.0030113534909034833,0,0,0,0
8988,2,0.0004694928498684056,0,0,0,0
8989,1,0.0038833157130380128,0,0,0,0
8990,2,0.0012180986552397413,0,0,0,0
8991,1,0.0018101643464105048,0,0,0,0
8992,1,0.002152454286220384,52,0,0,0
8993,2,0.0029643024451913554,0,0,0,0
8994,2,0.001610975434600988,0,0,0,0
8995,2,0.0008782263072988631,7,0,0,0
8996,2,0.0027987338772072737,0,0,0,0
8997,2,0.0028560561317064704,0,0,0,0
8998,1,0.0007213997283460745,0,0,0,0
8999,2,0.004428364910719452,0,0,0,0
9000,2,0.0031684236166975967,0,0,0,0
9001,2,0.0010392550861063764,0,0,0,0
9002,2,0.00471805986415535,0,0,0,0
9003,2,0.0011287742485420504,0,0,0,0
9004,2,0.0010924630323716092,0,0,0,0
9005,2,0.0010484291060200296,0,0,0,0
9006,2,0.0005107739028738779,0,0,0,0
9007,2,0.0022408145709108,0,0,0,0
9008,1,0.001515886737075947,0,0,0,0
9009,2,0.001274006143020326,0,0,0,0
9010,2,0.0011671583666299971,0,0,0,0
9011,2,0.0035786875153916947,0,0,0,0
9012,2,0.001672935694455503,0,0,0,0
9013,2,0.003042189359584485,0,0,0,0
9014,2,0.005935532603171848,203,0,0,0
9015,2,0.002123515434956457,0,0,0,0
9016,2,0.0028537378696483345,0,0,0,0
9017,2,0.0022321475381326976,0,0,0,0
9018,1,0.0035139771062750857,0,0,0,0
9019,2,0.0033901044376714743,0,0,0,0
9020,2,0.0017501686250680612,0,0,0,0
9021,2,0.000585468182335828,0,0,0,0
9022,2,0.0009085799862690645,0,0,0,0
9023,2,0.0019035707217210898,0,0,0,0
9024,1,0.001915643249002149,0,0,0,0
9025,2,0.010390704788821146,0,0,0,0
9026,2,0.0010602985338858098,0,0,0,0
9027,2,0.003868845494139596,0,0,0,0
9028,2,0.0011055185876660762,0,0,0,0
9029,2,0.0016252946048572537,0,0,0,0
9030,2,0.00041540572825474317,0,0,0,0
9031,2,0.000281318175132873,0,0,0,0
9032,2,0.0012993138541097717,0,0,0,0
9033,2,0.000546956785254575,0,0,0,0
9034,2,0.0019704537398800267,0,0,0,0
9035,1,0.0015242684893076134,0,0,0,0
9036,2,0.0013858089973136714,0,0,0,0
9037,1,0.0005126287033768084,0,0,0,0
9038,2,0.0029329673355277535,0,0,0,0
9039,1,0.0005523121574522322,237,0,0,0
9040,2,0.0031597394769667733,0,0,0,0
9041,2,0.0017203888518991573,0,0,0,0
9042,2,0.0001973905557231562,0,0,0,0
9043,2,0.0005349401298597752,0,0,0,0
9044,2,0.0003872497297516891,0,0,0,0
9045,2,0.003707921896893622,0,0,0,0
9046,2,0.0018931364495934023,0,0,0,0
9047,2,0.002589413020391905,0,0,0,0
9048,2,0.002300345642570814,0,0,0,0
9049,2,0.0025645885237844533,0,0,0,0
9050,2,0.006065441668057561,0,0,0,0
9051,2,0.000979439030347501,0,0,0,0
9052,2,0.0008714738156011226,0,0,0,0
9053,2,0.0031835165486732713,0,0,0,0
9054,2,0.0011054216247949286,0,0,0,0
9055,2,0.0032739559555271967,0,0,0,0
9056,2,0.0008651634919835913,0,0,0,0
9057,2,0.0021760701555558165,0,0,0,0
9058,2,0.0036375714596919096,0,0,0,0
9059,1,0.001553234465404598,0,0,0,0
9060,1,0.00015225794604827332,0,0,0,0
9061,2,0.0005900814877379743,0,0,0,0
9062,2,0.00041445116107197225,0,0,0,0
9063,2,0.002974532941422596,0,0,0,0
9064,2,0.003735914965604144,0,0,0,0
9065,2,0.0002748526978154031,0,0,0,0
9066,1,0.0010051874574657181,0,0,0,0
9067,1,0.0033341511964300754,0,0,0,0
9068,2,0.0027219826863737716,0,0,0,0
9069,2,0.0011280693778976515,0,0,0,0
9070,1,0.00011444502351627639,0,0,0,0
9071,2,0.000796493386778006,0,0,0,0
9072,2,0.002061402897299013,0,0,0,0
9073,2,0.001580035367963747,0,0,0,0
9074,2,0.00012891007917843343,0,0,0,0
9075,2,0.0007160470771972825,0,0,0,0
9076,2,0.0014807145943324972,0,0,0,0
9077,2,0.00470750918954625,0,0,0,0
9078,2,0.0018125095461850535,0,0,0,0
9079,2,0.0069445182575381,0,0,0,0
9080,2,0.0003569429295275933,0,0,0,0
9081,2,0.0026092427920698233,0,0,0,0
9082,1,0.00020292193523399347,0,0,0,0
9083,2,0.004180754984770544,0,0,0,0
9084,2,0.00442201530983885,0,0,0,0
9085,2,0.001551665013372875,0,0,0,0
9086,1,0.0001260862264800601,0,0,0,0
9087,1,0.0038267305895563915,0,0,0,0
9088,2,0.001025550132712784,0,0,0,0
9089,2,0.0016899652854170891,0,0,0,0
9090,2,0.002720120075675397,0,0,0,0
9091,2,0.0025081987029681586,0,0,0,0
9092,2,0.001943842628696144,0,0,0,0
9093,2,0.0035724004244883554,0,0,0,0
9094,2,0.0010585038460142295,0,0,0,0
9095,1,0.0011013968545285193,0,0,0,0
9096,2,0.0011994069685126807,0,0,0,0
9097,2,0.0005939383484110917,0,0,0,0
9098,2,0.0005602165462525412,0,0,0,0
9099,2,0.003972962694719712,0,0,0,0
9100,2,0.00034882551866237535,0,0,0,0
9101,2,0.00122115692096593,0,0,0,0
9102,2,0.0008680607149291636,0,0,0,0
9103,2,0.00241636929980453,0,0,0,0
9104,2,0.000852234319702892,0,0,0,0
9105,2,0.001541679867875023,0,0,0,0
9106,2,0.001392945036327713,0,0,0,0
9107,1,4.547260755166891e-05,0,0,0,0
9108,2,0.0013125501774497125,0,0,0,0
9109,2,0.0013452791287420953,0,0,0,0
9110,2,0.0021314559558738636,0,0,0,0
9111,2,0.0037170129188277457,0,0,0,0
9112,2,0.003147583879585592,0,0,0,0
9113,1,0.0018694728348162383,0,0,0,0
9114,2,0.001457437137639994,0,0,0,0
9115,2,0.0005446865931246258,0,0,0,0
9116,2,0.0012659275643804595,0,0,0,0
9117,2,0.008368283584977822,0,0,0,0
9118,2,0.004324114366193873,87,0,0,0
9119,2,0.0008393701981370145,0,0,0,0
9120,2,0.0020092145515696147,0,0,0,0
9121,2,0.003060418864795808,0,0,0,0
9122,2,0.003712618907784456,73,0,0,0
9123,2,0.0004919132822006468,0,0,0,0
9124,2,0.0014875053668995187,0,0,0,0
9125,1,0.00183995187369082,0,0,0,0
9126,2,0.0018203269222476018,0,0,0,0
9127,1,0.0016966027479532562,0,0,0,0
9128,2,0.004963377031442096,0,0,0,0
9129,2,0.0007730712137077691,0,0,0,0
9130,1,0.0016129557084457618,0,0,0,0
9131,1,0.00010342970547476095,0,0,0,0
9132,2,0.002884581342693525,0,0,0,0
9133,2,0.0021247352682177683,0,0,0,0
9134,2,0.00324550108767073,0,0,0,0
9135,2,0.0015464130293855217,0,0,0,0
9136,2,0.0014683833010147138,0,0,0,0
9137,2,0.00413906723913057,0,0,0,0
9138,2,0.003781551334274725,0,0,0,0
9139,2,0.001873497642832386,0,0,0,0
9140,2,0.005098373896835929,0,0,0,0
9141,2,0.003805401697577725,0,0,0,0
9142,2,0.0006298244377032071,0,0,0,0
9143,2,0.002660440858822238,0,0,0,0
9144,1,0.0015926302608232077,0,0,0,0
9145,1,0.001484154732115405,0,0,0,0
9146,2,0.002136285508684231,0,0,0,0
9147,2,0.0015046020387688168,0,0,0,0
9148,2,0.0014112087331101051,0,0,0,0
9149,2,0.00044220900805537586,0,0,0,0
9150,2,0.003183685482000054,0,0,0,0
9151,2,0.004755188493097033,0,0,0,0
9152,2,0.0018122724411196007,0,0,0,0
9153,2,0.003918802364890114,0,0,0,0
9154,2,0.0037682297483655493,0,0,0,0
9155,2,0.0006861769708730731,0,0,0,0
9156,2,0.001280977686860384,0,0,0,0
9157,2,0.0017516129198733338,0,0,0,0
9158,2,0.0020384861822682087,0,0,0,0
9159,2,0.0003460374080619213,0,0,0,0
9160,2,0.00188181778174178,0,0,0,0
9161,2,0.0013925870005225055,0,0,0,0
9162,2,0.0011475085712584028,0,0,0,0
9163,1,0.0033374943881269354,0,0,0,0
9164,1,3.8079575063683073e-06,0,0,0,0
9165,2,0.00014733908139158983,0,0,0,0
9166,2,0.002494905033266361,0,0,0,0
9167,2,0.0008828455675203759,0,0,0,0
9168,2,0.0023794151090009243,0,0,0,0
9169,2,0.004255083313502868,0,0,0,0
9170,1,0.0009818164783973744,0,0,0,0
9171,2,0.0038108544447508167,0,0,0,0
9172,2,0.0015277282278799383,0,0,0,0
9173,2,0.006227367262980804,0,0,0,0
9174,1,0.0007645351327269909,0,0,0,0
9175,2,0.0003739379397151958,0,0,0,0
9176,2,0.001635465716599803,0,0,0,0
9177,1,0.0014441001251830122,0,0,0,0
9178,1,0.0030020884307217976,0,0,0,0
9179,2,0.0012612744633922902,7,0,0,0
9180,1,0.00022912940584436008,0,0,0,0
9181,2,0.0017663007743954557,80,0,0,0
9182,2,0.00018416972871557516,0,0,0,0
9183,2,0.002339604924514326,0,0,0,0
9184,2,0.0018836697462445474,0,0,0,0
9185,1,0.0011104764437371098,0,0,0,0
9186,2,0.003176980985388284,0,0,0,0
9187,2,0.00520399639998209,0,0,0,0
9188,2,0.0029165937353647126,0,0,0,0
9189,2,0.002384643082649888,0,0,0,0
9190,2,0.003177537351403299,0,0,0,0
9191,1,0.001978659857663391,0,0,0,0
9192,1,0.0003243017402555843,0,0,0,0
9193,2,0.004064705144746076,0,0,0,0
9194,2,0.0006420150437290691,0,0,0,0
9195,1,0.00033728651877011157,0,0,0,0
9196,2,0.0039534305166256676,0,0,0,0
9197,2,0.0016002448410959073,0,0,0,0
9198,2,0.0031160203394016615,0,0,0,0
9199,2,0.004118372641396785,0,0,0,0
9200,2,0.0022585349246466383,0,0,0,0
9201,1,0.00039560851262342346,0,0,0,0
9202,2,0.005474971073086577,0,0,0,0
9203,2,0.0038393753871844775,0,0,0,0
9204,2,0.001324609598903623,0,0,0,0
9205,2,0.0014227807059381216,0,0,0,0
9206,2,0.0032269404468830047,0,0,0,0
9207,2,0.003047089332753921,0,0,0,0
9208,2,0.0025587793664438793,0,0,0,0
9209,2,0.001932627792559928,0,0,0,0
9210,1,0.001208309647538326,0,0,0,0
9211,2,0.003513563074772829,0,0,0,0
9212,2,0.0026011472895792888,0,0,0,0
9213,2,0.0016045277322753277,0,0,0,0
9214,1,0.0010054297662482274,0,0,0,0
9215,2,0.002848212842413731,0,0,0,0
9216,2,0.0013435007675498974,0,0,0,0
9217,2,0.00032318152122288963,0,0,0,0
9218,2,0.002075056721729354,0,0,0,0
9219,2,0.0029027754899244294,0,0,0,0
9220,2,0.004595636450891437,0,0,0,0
9221,2,0.006525222528869624,0,0,0,0
9222,1,0.003891364401165921,0,0,0,0
9223,2,0.0026149442192864867,0,0,0,0
9224,2,0.0010597417933570416,0,0,0,0
9225,2,0.0010775430799988943,0,0,0,0
9226,2,0.005214442547088832,0,0,0,0
9227,1,0.0026948608527667148,24,0,0,0
9228,2,0.005556454236824611,0,0,0,0
9229,1,0.0008657226659646477,0,0,0,0
9230,2,0.003883388127554754,0,0,0,0
9231,2,0.002886532066808512,0,0,0,0
9232,2,0.009654629431680769,0,0,0,0
9233,1,0.00108294575567486,0,0,0,0
9234,1,0.0001305466332384964,0,0,0,0
9235,2,0.0018250027393147553,0,0,0,0
9236,2,0.005770984407839416,0,0,0,0
9237,2,0.00252626797778062,0,0,0,0
9238,1,0.00024347998232132214,0,0,0,0
9239,1,0.0004955219444724611,0,0,0,0
9240,1,0.0001527990680893895,0,0,0,0
9241,2,0.003807999095443431,0,0,0,0
9242,2,0.0006285814388698634,15,0,0,0
9243,2,0.002793222778206167,0,0,0,0
9244,2,0.0034389841989929263,0,0,0,0
9245,2,0.007503646009459681,0,0,0,0
9246,1,0.0009603950351947905,0,0,0,0
9247,2,0.0011110548271079878,0,0,0,0
9248,2,0.001285311444459323,0,0,0,0
9249,2,0.0010018829408694723,0,0,0,0
9250,2,0.002541582792259983,0,0,0,0
9251,2,0.0019155518831857788,0,0,0,0
9252,2,0.0033789382582205337,0,0,0,0
9253,2,0.003455025952602025,0,0,0,0
9254,2,0.0027706282366296523,0,0,0,0
9255,2,0.0015473218191982014,0,0,0,0
9256,2,0.004564152212663789,0,0,0,0
9257,2,0.0007906593999793556,0,0,0,0
9258,1,0.0006327911363190263,0,0,0,0
9259,2,0.0018217551309043345,0,0,0,0
9260,1,0.0006133878124264321,0,0,0,0
9261,2,0.001720264834001173,0,0,0,0
9262,2,0.0015361228239432183,0,0,0,0
9263,2,0.001776994032713363,0,0,0,0
9264,2,0.0025460614735391862,0,0,0,0
9265,2,0.005715009814406309,0,0,0,0
9266,2,0.0005368146232192795,0,0,0,0
9267,2,0.0004079160229803778,0,0,0,0
9268,2,0.0013921351891414244,0,0,0,0
9269,2,0.003088850702278677,0,0,0,0
9270,2,0.00251476922136516,0,0,0,0
9271,2,0.0013504369355766212,18,0,0,0
9272,2,0.0011477335923125564,0,0,0,0
9273,2,0.001530682512242651,0,0,0,0
9274,1,0.00015294094520354996,0,0,0,0
9275,1,0.0006332424289557376,7,0,0,0
9276,2,0.0020897626014821876,0,0,0,0
9277,2,0.004970079205748901,0,0,0,0
9278,2,0.0038863791798245733,198,0,0,0
9279,2,0.01099268856827387,594,0,0,0
9280,2,0.0010933989705284488,0,0,0,0
9281,2,0.0038349617942871153,0,0,0,0
9282,2,0.004192992574987489,0,0,0,0
9283,2,0.005867745269593464,0,0,0,0
9284,2,6.596068495277069e-05,0,0,0,0
9285,2,0.0006936089009394981,0,0,0,0
9286,1,0.0004005168264589783,0,0,0,0
9287,2,0.003065359364533928,0,0,0,0
9288,2,0.002669150860371864,0,0,0,0
9289,1,0.0005684140957195065,7,0,0,0
9290,2,0.002274994502841944,0,0,0,0
9291,2,0.005254912529052166,0,0,0,0
9292,2,0.0005308736577327629,0,0,0,0
9293,2,0.0016696983213173166,0,0,0,0
9294,2,0.0035767111699965847,0,0,0,0
9295,2,0.009253687695591123,0,0,0,0
9296,1,0.0025543459753228867,0,0,0,0
9297,2,0.0029505561616177014,0,0,0,0
9298,1,0.0011456188007976451,0,0,0,0
9299,2,0.0019648379968444716,0,0,0,0
9300,2,0.004746836640500469,0,0,0,0
9301,2,0.0028621630502837867,0,0,0,0
9302,2,0.0056969558727119835,0,0,0,0
9303,1,0.0012414076112872556,0,0,0,0
9304,2,0.0025545653043938126,0,0,0,0
9305,2,0.003237368492197493,0,0,0,0
9306,2,0.00147262378387999,0,0,0,0
9307,2,0.0004636952942608902,0,0,0,0
9308,2,0.00238612482426568,0,0,0,0
9309,2,0.0011468735185490254,0,0,0,0
9310,1,0.000384252148097127,7,0,0,0
9311,2,0.0016214976427821291,0,0,0,0
9312,1,0.0008772490872853504,0,0,0,0
9313,2,0.0019202119788050487,0,0,0,0
9314,2,0.0036483604243709184,0,0,0,0
9315,2,0.0015934197482483795,0,0,0,0
9316,2,0.001556489873431358,0,0,0,0
9317,2,0.0011056504024496913,0,0,0,0
9318,2,0.003013554297023978,0,0,0,0
9319,2,0.0009442578213991633,0,0,0,0
9320,2,0.0036655644063917155,0,0,0,0
9321,2,0.0013823640433685484,0,0,0,0
9322,2,0.0047709706951260915,0,0,0,0
9323,2,0.001607855969058871,0,0,0,0
9324,2,0.0023909639299998296,0,0,0,0
9325,2,0.005099337307922082,0,0,0,0
9326,2,0.003780071321518689,0,0,0,0
9327,2,0.0034691047987451084,0,0,0,0
9328,2,0.0017456103234806339,0,0,0,0
9329,2,0.0010143882415234115,0,0,0,0
9330,2,0.000932088793916352,0,0,0,0
9331,1,0.0005057160523443772,0,0,0,0
9332,1,5.418112652229216e-05,0,0,0,0
9333,1,0.0024499188276543085,0,0,0,0
9334,2,0.0020331413672167874,0,0,0,0
9335,2,0.0005102111405624269,0,0,0,0
9336,2,0.0009578851143269661,0,0,0,0
9337,2,0.0005140931588486753,0,0,0,0
9338,2,0.003693284070679401,0,0,0,0
9339,1,0.0006687305104122118,0,0,0,0
9340,1,0.0001114685281558783,0,0,0,0
9341,2,0.0001912469609820507,0,0,0,0
9342,2,0.001116190907846476,0,0,0,0
9343,2,0.003237879904586914,0,0,0,0
9344,2,0.008953133496923888,28,0,0,0
9345,2,0.0026561922162567308,0,0,0,0
9346,1,0.00031852432213126257,0,0,0,0
9347,2,0.0010487658363043132,0,0,0,0
9348,2,0.0026637629240554134,0,0,0,0
9349,2,0.0012194103086510324,0,0,0,0
9350,2,0.0015140359969794705,0,0,0,0
9351,2,0.003137581423615503,0,0,0,0
9352,1,0.0007330963770406165,0,0,0,0
9353,2,0.0025560818548300435,0,0,0,0
9354,2,0.0028988141748164053,0,0,0,0
9355,1,4.96859505102067e-05,0,0,0,0
9356,1,0.00034870657658629206,7,0,0,0
9357,2,0.0033898547147719893,0,0,0,0
9358,2,0.0032421077823634424,0,0,0,0
9359,2,0.002010746411918572,0,0,0,0
9360,2,0.0017485941094173452,0,0,0,0
9361,2,0.0002936498924482681,0,0,0,0
9362,2,0.0023671490612694503,0,0,0,0
9363,2,0.0008594039941394797,0,0,0,0
9364,2,0.001725555221222325,0,0,0,0
9365,2,0.0012012551854330557,0,0,0,0
9366,2,0.002045824609227969,0,0,0,0
9367,2,0.0030417914604689523,0,0,0,0
9368,2,0.0012555093228349898,0,0,0,0
9369,2,0.0018551707585903205,0,0,0,0
9370,2,0.0044632116387655464,0,0,0,0
9371,2,0.0008676741225728004,0,0,0,0
9372,1,0.0006860378971659378,0,0,0,0
9373,2,0.0035477239811721856,0,0,0,0
9374,2,0.0014625644526394972,0,0,0,0
9375,2,0.001860141845284236,0,0,0,0
9376,2,0.0011969984256834957,0,0,0,0
9377,2,0.0012126733451964912,0,0,0,0
9378,1,0.00045615862608410656,0,0,0,0
9379,2,0.004014439136165108,0,0,0,0
9380,2,0.005877440605911743,0,0,0,0
9381,2,0.002650087812540379,0,0,0,0
9382,2,0.0009720345092120817,0,0,0,0
9383,2,0.0010479594731707125,0,0,0,0
9384,2,0.0024612369489113712,0,0,0,0
9385,1,0.0005504112076039693,0,0,0,0
9386,2,0.0015071363519367218,0,0,0,0
9387,2,0.0015888471440817036,0,0,0,0
9388,2,0.005757518136346363,0,0,0,0
9389,2,0.0013913721791339762,0,0,0,0
9390,1,0.0012559158854616457,0,0,0,0
9391,2,0.0010991553584746995,0,0,0,0
9392,2,0.001778964490664049,0,0,0,0
9393,2,0.004246226662718449,0,0,0,0
9394,2,0.0018079289208683084,0,0,0,0
9395,1,0.005157142679300367,0,0,0,0
9396,2,0.0029675094799812285,0,0,0,0
9397,2,0.0014194496753413303,0,0,0,0
9398,1,0.00030150493607966367,0,0,0,0
9399,2,0.006440788254074754,0,0,0,0
9400,2,0.0006062583131120729,0,0,0,0
9401,2,0.005440860255006395,0,0,0,0
9402,2,0.002496969991228775,0,0,0,0
9403,2,0.0011315398830106362,0,0,0,0
9404,2,0.001228298384933029,0,0,0,0
9405,1,0.0010496561423617545,0,0,0,0
9406,2,0.0029293379709182366,0,0,0,0
9407,2,0.005862003881921253,0,0,0,0
9408,2,0.0030378728115991504,0,0,0,0
9409,2,0.002164831187926114,0,0,0,0
9410,1,0.0025126544384293657,0,0,0,0
9411,2,0.0012601921566913225,0,0,0,0
9412,1,0.0005997304005536928,0,0,0,0
9413,2,0.006259896668040406,0,0,0,0
9414,2,0.0017282095533516406,0,0,0,0
9415,2,0.0009750009677237199,0,0,0,0
9416,2,0.0011816294710626386,0,0,0,0
9417,2,0.0031354544039930827,0,0,0,0
9418,1,0.0011294313223098537,0,0,0,0
9419,1,0.0011866902844125534,0,0,0,0
9420,2,0.0019350272512745471,0,0,0,0
9421,2,0.0020836570251032446,0,0,0,0
9422,2,0.0024628895413711114,0,0,0,0
9423,2,0.0026473489111030163,0,0,0,0
9424,2,0.0032341924390452805,0,0,0,0
9425,2,0.0009166227344536788,0,0,0,0
9426,2,0.0015395354686083055,0,0,0,0
9427,2,0.0024322436943963253,0,0,0,0
9428,2,0.002238174640778006,7,0,0,0
9429,2,0.000563008261729544,0,0,0,0
9430,2,0.007291408698615501,0,0,0,0
9431,2,0.0013977824448044324,0,0,0,0
9432,2,0.005036021419209125,0,0,0,0
9433,2,0.002300159696266232,0,0,0,0
9434,2,0.0013932967216004353,0,0,0,0
9435,2,0.0009649043215801677,0,0,0,0
9436,2,0.001470111865180668,0,0,0,0
9437,2,0.0017305369585018787,0,0,0,0
9438,2,0.0022607552718060123,0,0,0,0
9439,1,0.0019879738569213083,0,0,0,0
9440,2,0.0007660721596828889,0,0,0,0
9441,2,0.0036431343983445216,0,0,0,0
9442,2,0.0011739181676815238,0,0,0,0
9443,2,0.002680976976075963,0,0,0,0
9444,2,0.0012783774320755334,0,0,0,0
9445,2,0.0009684781456147696,0,0,0,0
9446,2,0.001581348417216173,0,0,0,0
9447,2,0.000798623629882171,0,0,0,0
9448,2,0.002287836324566088,175,0,0,0
9449,2,0.0030610335771355003,0,0,0,0
9450,2,0.001675078137637056,0,0,0,0
9451,1,0.0012117346164975409,0,0,0,0
9452,1,0.0007763015922044364,0,0,0,0
9453,2,0.0002211205290712551,0,0,0,0
9454,1,0.001371155740556848,0,0,0,0
9455,2,0.005775549300176495,0,0,0,0
9456,2,0.0038382469847387784,0,0,0,0
9457,2,0.004060855295289131,0,0,0,0
9458,2,0.005388579826727904,77,0,0,0
9459,2,0.0024563974623236636,0,0,0,0
9460,2,0.007029144108051836,0,0,0,0
9461,1,0.00405541449617321,0,0,0,0
9462,2,0.001477605512734172,0,0,0,0
9463,2,0.004759752701018564,0,0,0,0
9464,2,0.002890780928728514,0,0,0,0
9465,2,0.0029622143036728567,0,0,0,0
9466,2,0.002474254547598856,0,0,0,0
9467,1,0.0025738678109458687,0,0,0,0
9468,1,0.0004151560123419874,0,0,0,0
9469,1,0.0017231233779409242,0,0,0,0
9470,1,0.0010957099807334502,0,0,0,0
9471,2,0.0005502928180900619,0,0,0,0
9472,2,0.0010556592633119602,0,0,0,0
9473,2,0.003351281048051505,0,0,0,0
9474,1,0.0012471410149155076,0,0,0,0
9475,2,0.0022653604994705063,0,0,0,0
9476,2,0.0009403868045381909,0,0,0,0
9477,1,0.001423348241144768,0,0,0,0
9478,2,0.000989865236513407,0,0,0,0
9479,2,0.0019486204763461492,0,0,0,0
9480,2,0.0026372332753620124,0,0,0,0
9481,2,0.0025939292834587895,0,0,0,0
9482,2,0.0001801852462125716,0,0,0,0
9483,2,0.002402565168682191,0,0,0,0
9484,2,0.0019851641210246215,0,0,0,0
9485,1,0.000265975918144003,0,0,0,0
9486,2,0.0014941678763455849,0,0,0,0
9487,2,0.0008045567965765256,0,0,0,0
9488,1,0.0009122596164600921,0,0,0,0
9489,2,0.005064168830372794,0,0,0,0
9490,2,0.0009588974891379389,0,0,0,0
9491,1,0.001196178011446743,0,0,0,0
9492,2,0.001817631011429245,0,0,0,0
9493,2,0.0008983313345282353,0,0,0,0
9494,2,0.0017878869327296813,0,0,0,0
9495,2,0.003168547793883641,0,0,0,0
9496,2,0.0009498411668601524,0,0,0,0
9497,2,0.001988293813211844,0,0,0,0
9498,2,0.00241075178718859,0,0,0,0
9499,2,0.00040746902076092183,0,0,0,0
9500,2,0.0016959724121781582,0,0,0,0
9501,2,0.0015985219484472833,0,0,0,0
9502,2,0.0026063192571087338,0,0,0,0
9503,2,0.003652041917301229,0,0,0,0
9504,2,0.0016928262447563189,0,0,0,0
9505,1,0.0035962349483790526,0,0,0,0
9506,2,0.002693057506148122,0,0,0,0
9507,2,0.002598161909697174,0,0,0,0
9508,2,0.0048403167910797,0,0,0,0
9509,2,0.005435315782238689,598,0,0,0
9510,1,0.0032763164272585524,0,0,0,0
9511,2,0.0014190425122409193,0,0,0,0
9512,2,0.0012907274692669321,13,0,0,0
9513,2,0.002558457540989078,0,0,0,0
9514,2,0.004049267992258103,0,0,0,0
9515,2,0.0014708213116108669,0,0,0,0
9516,2,0.002994628650655191,0,0,0,0
9517,2,0.00032099244165422657,0,0,0,0
9518,2,0.0023385440229005557,0,0,0,0
9519,2,0.0022376033165971906,0,0,0,0
9520,2,0.0008865932737473693,0,0,0,0
9521,2,0.0023337659308829937,0,0,0,0
9522,2,0.001401027803697267,0,0,0,0
9523,2,0.001082276326935015,0,0,0,0
9524,2,0.00052283006405198,0,0,0,0
9525,2,0.0015977921320334946,0,0,0,0
9526,2,0.010694878622664722,202,0,0,0
9527,1,0.00030720965788558744,0,0,0,0
9528,2,0.0029280100177053203,0,0,0,0
9529,2,0.005385614061897401,183,0,0,0
9530,2,0.002292932310908861,0,0,0,0
9531,2,0.0008029507482367742,0,0,0,0
9532,2,0.0008385361046840624,0,0,0,0
9533,1,0.0005230441125536049,0,0,0,0
9534,2,0.00075468222094951,0,0,0,0
9535,2,0.005325951142265225,0,0,0,0
9536,2,0.001247617654053668,0,0,0,0
9537,1,0.00047327141665628466,0,0,0,0
9538,1,0.007724079850740428,0,0,0,0
9539,2,0.0030909638696934466,0,0,0,0
9540,2,0.00668255809096966,0,0,0,0
9541,2,0.0006551477721554165,0,0,0,0
9542,2,0.005006541424546345,0,0,0,0
9543,2,0.005161819068029873,0,0,0,0
9544,2,0.0009517930843026908,0,0,0,0
9545,2,0.005866432639858383,0,0,0,0
9546,2,0.0027556244072890227,0,0,0,0
9547,2,0.0032853828150340163,0,0,0,0
9548,1,0.0004069652641588216,0,0,0,0
9549,2,0.001610654084491487,0,0,0,0
9550,2,0.003175902619435245,0,0,0,0
9551,2,0.001700309739789292,0,0,0,0
9552,2,0.001993124798359581,0,0,0,0
9553,2,0.0024322657012229806,0,0,0,0
9554,2,0.005758022298911061,0,0,0,0
9555,2,0.00012935757811964108,214,0,0,0
9556,2,0.0003383580440677665,0,0,0,0
9557,2,0.002720306997523686,0,0,0,0
9558,2,0.002620815155762225,0,0,0,0
9559,1,0.00019151557219402741,0,0,0,0
9560,1,0.0004037837299852348,0,0,0,0
9561,1,0.002993279742795025,0,0,0,0
9562,1,0.0020032191107735462,0,0,0,0
9563,2,0.0018242213991617403,0,0,0,0
9564,2,0.004521719228598279,0,0,0,0
9565,2,0.0013888393616271354,0,0,0,0
9566,2,0.0023102264563099745,0,0,0,0
9567,2,0.0022457889922450664,0,0,0,0
9568,2,0.00201099156016608,0,0,0,0
9569,1,0.00130708890248453,0,0,0,0
9570,2,0.005828503156914023,0,0,0,0
9571,2,0.0011921642339611366,0,0,0,0
9572,2,0.0023112572426669956,0,0,0,0
9573,2,0.0014725375197307176,0,0,0,0
9574,2,0.001356791236844957,0,0,0,0
9575,2,0.0014022667739950342,0,0,0,0
9576,2,0.001181826965664682,0,0,0,0
9577,2,0.0009983659495959047,0,0,0,0
9578,2,0.0014100908726322457,0,0,0,0
9579,2,0.0007441152348380635,0,0,0,0
9580,2,0.0013682727832008657,0,0,0,0
9581,2,0.0017993751877185377,0,0,0,0
9582,2,0.0020825352626617525,0,0,0,0
9583,2,0.0017500873845606962,0,0,0,0
9584,2,0.0027683413403638605,0,0,0,0
9585,2,0.0007951216672257534,0,0,0,0
9586,2,0.0017087106668344965,0,0,0,0
9587,1,0.002367467581076726,0,0,0,0
9588,1,0.001258815427614484,0,0,0,0
9589,2,0.0006664894930811701,0,0,0,0
9590,2,0.00028329360700690275,0,0,0,0
9591,2,0.001456105698900613,0,0,0,0
9592,2,0.0016336668740423344,0,0,0,0
9593,2,0.0027279077645544422,0,0,0,0
9594,2,0.0009898684968939844,0,0,0,0
9595,2,0.0021380027339664835,0,0,0,0
9596,2,0.0036713653586220546,0,0,0,0
9597,2,0.0015118281347885514,0,0,0,0
9598,2,0.0026078439062110262,0,0,0,0
9599,2,0.0047967648901850145,0,0,0,0
9600,2,0.0015675849399896385,0,0,0,0
9601,2,0.0056097892752222395,0,0,0,0
9602,2,0.001043860548072672,0,0,0,0
9603,2,0.000639112264297906,0,0,0,0
9604,2,0.0028256416226668615,0,0,0,0
9605,2,0.0019421198556143393,0,0,0,0
9606,2,0.0008836024251651625,0,0,0,0
9607,1,0.0024001200293837285,0,0,0,0
9608,2,0.0004249150631850988,0,0,0,0
9609,2,0.0024222143495176308,0,0,0,0
9610,2,0.0026694880878068324,539,0,0,0
9611,2,0.00021295927577672942,0,0,0,0
9612,1,0.00019304339458724583,0,0,0,0
9613,2,0.0011732188383820196,0,0,0,0
9614,2,0.0035796683007037226,0,0,0,0
9615,2,0.005052866142257527,0,0,0,0
9616,1,0.00036396219352965255,0,0,0,0
9617,2,0.0018337724159632944,0,0,0,0
9618,2,0.0012285335970536383,12,0,0,0
9619,2,0.0029776364869090804,0,0,0,0
9620,2,0.0015877385805833932,0,0,0,0
9621,2,0.0011974440442776015,0,0,0,0
9622,2,0.0006747070657971292,0,0,0,0
9623,2,0.0017635982996939208,0,0,0,0
9624,2,0.004640050447177082,0,0,0,0
9625,2,0.000650591622750363,0,0,0,0
9626,2,0.0017249855481566076,0,0,0,0
9627,2,0.0015573968685697324,0,0,0,0
9628,2,0.004477546966318893,0,0,0,0
9629,2,0.0026944986861313063,0,0,0,0
9630,1,0.0017338923648649715,0,0,0,0
9631,2,0.0013457689373464856,0,0,0,0
9632,2,0.0009321802789635765,0,0,0,0
9633,1,0.005214307853670854,0,0,0,0
9634,2,0.0017187813580391805,0,0,0,0
9635,1,0.0007335447221135546,0,0,0,0
9636,1,0.0003323652695343383,0,0,0,0
9637,2,0.0028938105642968503,0,0,0,0
9638,2,0.00022833950630725907,0,0,0,0
9639,2,0.001633668592316283,0,0,0,0
9640,2,0.0015547488978780648,0,0,0,0
9641,1,0.007011695195885688,0,0,0,0
9642,2,0.004477117323864882,0,0,0,0
9643,1,0.006401443074003521,0,0,0,0
9644,2,0.0010165578814123927,0,0,0,0
9645,2,0.00018985806283291546,0,0,0,0
9646,2,0.0012922896293357034,7,0,0,0
9647,2,0.0014055615755492364,0,0,0,0
9648,1,6.275702530288734e-05,0,0,0,0
9649,2,0.0035562262779959275,0,0,0,0
9650,1,0.0008063771539293327,0,0,0,0
9651,2,0.0015064969124128315,0,0,0,0
9652,2,0.0052143343363729305,0,0,0,0
9653,2,0.0013912672248806626,0,0,0,0
9654,2,0.0030576973940900296,0,0,0,0
9655,2,0.0018191822114984207,0,0,0,0
9656,2,0.001143495281181177,0,0,0,0
9657,2,0.0005728876621305209,0,0,0,0
9658,2,0.0019206239204165906,0,0,0,0
9659,2,0.0037921021148242012,0,0,0,0
9660,2,0.005444923668996628,0,0,0,0
9661,2,0.0019235087171383793,0,0,0,0
9662,2,0.0015971299571545467,0,0,0,0
9663,2,0.004558808856238384,0,0,0,0
9664,2,0.005002624662745016,0,0,0,0
9665,2,0.0034242456094772766,0,0,0,0
9666,2,0.004667295713119396,0,0,0,0
9667,2,0.0038184858035116274,0,0,0,0
9668,2,0.0017319188510344131,0,0,0,0
9669,1,0.0030994478743992106,0,0,0,0
9670,2,0.005270176228186889,0,0,0,0
9671,2,0.001953310161853741,0,0,0,0
9672,2,0.003792950238602546,0,0,0,0
9673,2,0.0016124088853338443,0,0,0,0
9674,2,0.00031566348387189046,0,0,0,0
9675,2,0.0051497892147719425,0,0,0,0
9676,2,0.0033441099883951436,0,0,0,0
9677,2,0.0033483587912141034,0,0,0,0
9678,2,0.005537713479783902,0,0,0,0
9679,2,0.0014364500720153114,0,0,0,0
9680,2,0.0005880076114903855,0,0,0,0
9681,2,0.0010156081273695276,0,0,0,0
9682,2,0.0021842267311275626,0,0,0,0
9683,2,0.004028308518180517,0,0,0,0
9684,2,0.0038948221070586164,0,0,0,0
9685,2,0.004459427316699489,0,0,0,0
9686,2,0.006067150534367823,0,0,0,0
9687,2,0.0012270513291138517,0,0,0,0
9688,2,0.0015394499378138006,0,0,0,0
9689,2,0.0011967815537936135,0,0,0,0
9690,2,0.0014369853022427577,0,0,0,0
9691,2,0.000793351426930811,0,0,0,0
9692,2,0.0009334791828204544,0,0,0,0
9693,2,0.0013401994366302316,0,0,0,0
9694,2,0.004319735569463416,0,0,0,0
9695,1,0.000388072729790514,0,0,0,0
9696,2,0.0011038991651316078,0,0,0,0
9697,2,0.0023894179925800503,0,0,0,0
9698,2,0.001329948115933397,0,0,0,0
9699,1,0.00012774310049093105,0,0,0,0
9700,2,0.004038592685574904,0,0,0,0
9701,2,0.0035881328486251727,0,0,0,0
9702,2,0.003266857384800067,0,0,0,0
9703,2,0.002945420808957466,0,0,0,0
9704,2,0.001715494240583786,0,0,0,0
9705,1,0.0008892665793276371,0,0,0,0
9706,2,0.002315453511751569,0,0,0,0
9707,1,0.002028997826008605,0,0,0,0
9708,2,0.003680506790522203,0,0,0,0
9709,2,0.003672448647947478,0,0,0,0
9710,2,0.0030653121559515257,0,0,0,0
9711,2,0.002691629729233721,0,0,0,0
9712,1,0.0046199046342979555,0,0,0,0
9713,2,0.003626472757816941,0,0,0,0
9714,2,0.001571227333893355,0,0,0,0
9715,2,0.0026222764411856377,71,0,0,0
9716,2,0.0019321865962040217,0,0,0,0
9717,2,0.000987017573884461,0,0,0,0
9718,2,0.0013060840342744272,0,0,0,0
9719,1,0.0032343833804497368,0,0,0,0
9720,2,0.001658268426222128,0,0,0,0
9721,2,0.004564912858765374,0,0,0,0
9722,2,0.003547683564651445,0,0,0,0
9723,2,0.0013333021510382405,7,0,0,0
9724,1,0.00032392636860621764,0,0,0,0
9725,2,0.004972914737819541,0,0,0,0
9726,2,0.0021906791787257586,0,0,0,0
9727,2,0.003422012014749107,0,0,0,0
9728,2,0.0011236778830032996,0,0,0,0
9729,2,0.002626621014214369,0,0,0,0
9730,2,0.003218635597419007,0,0,0,0
9731,2,0.001588434128619125,0,0,0,0
9732,2,0.0022365088959126578,0,0,0,0
9733,2,0.003244567942838652,0,0,0,0
9734,2,0.0006356356656405697,0,0,0,0
9735,2,0.000714804633241404,0,0,0,0
9736,1,0.0007426561464806023,0,0,0,0
9737,2,0.001400958828539731,0,0,0,0
9738,2,0.005412528104960127,0,0,0,0
9739,2,0.0037966771370167114,0,0,0,0
9740,2,0.0018036925508016213,0,0,0,0
9741,2,0.0008733620491227129,0,0,0,0
9742,2,0.0008676687181970701,0,0,0,0
9743,2,0.0008469440697113815,0,0,0,0
9744,2,0.0025482346524414714,0,0,0,0
9745,2,0.0005776718722329919,0,0,0,0
9746,2,0.0009914728761598252,0,0,0,0
9747,2,0.0011129219727201926,0,0,0,0
9748,2,0.0010699880706799023,0,0,0,0
9749,2,0.002979210605130961,0,0,0,0
9750,2,0.0036994284787781164,0,0,0,0
9751,2,0.0010227581514340152,0,0,0,0
9752,1,0.0001592108724023831,0,0,0,0
9753,2,0.0004402754753989294,0,0,0,0
9754,2,0.009445614589523046,0,0,0,0
9755,2,0.0024248851964140967,0,0,0,0
9756,1,0.0008424785073441037,0,0,0,0
9757,2,0.0052543894326234,0,0,0,0
9758,2,0.0008635354548538165,0,0,0,0
9759,2,0.0012853776320988183,0,0,0,0
9760,2,0.004273498402127499,0,0,0,0
9761,2,0.003855962774199446,0,0,0,0
9762,2,0.0016923286353600212,0,0,0,0
9763,2,0.0026907742286654407,38,0,0,0
9764,2,0.00036281046712135145,7,0,0,0
9765,2,0.000828897188847483,0,0,0,0
9766,2,0.0033069676674684473,28,0,0,0
9767,2,0.0013236671043811616,0,0,0,0
9768,1,0.003746088868046494,0,0,0,0
9769,2,0.0029018560000115398,0,0,0,0
9770,2,0.0016913933590808894,0,0,0,0
9771,2,0.0025661188743671226,0,0,0,0
9772,2,0.003843110116578981,0,0,0,0
9773,1,0.0022259641340455585,0,0,0,0
9774,2,0.004312915997472653,0,0,0,0
9775,2,0.0006893092616574461,0,0,0,0
9776,1,0.0021046985706132367,0,0,0,0
9777,2,0.002381033695495553,0,0,0,0
9778,2,0.0009409874269672849,0,0,0,0
9779,2,0.0027254742595501117,0,0,0,0
9780,2,0.0041459726943379755,0,0,0,0
9781,2,0.0015891151042364971,0,0,0,0
9782,2,0.006715256829286569,101,0,0,0
9783,2,0.004274211738454035,0,0,0,0
9784,2,0.0020097061214266188,0,0,0,0
9785,2,0.0059533774855543625,0,0,0,0
9786,2,0.0034590712345609186,0,0,0,0
9787,2,0.00022256036027256721,0,0,0,0
9788,2,0.001205293255785516,0,0,0,0
9789,1,0.0021554725719830563,0,0,0,0
9790,2,0.0005278203794075218,0,0,0,0
9791,1,0.00024158426237325586,0,0,0,0
9792,2,0.001036686716337812,0,0,0,0
9793,2,0.0018028941539102367,0,0,0,0
9794,2,0.00428314559908407,0,0,0,0
9795,2,0.003198416383129155,0,0,0,0
9796,2,0.0006752305517720544,0,0,0,0
9797,2,0.001857057985594567,0,0,0,0
9798,2,0.0013765285489934095,0,0,0,0
9799,2,0.0007792720431041327,0,0,0,0
9800,2,0.0007609151843934356,0,0,0,0
9801,2,0.0002349669351464744,0,0,0,0
9802,2,0.0011762516532785546,0,0,0,0
9803,2,0.0008115641414302679,0,0,0,0
9804,2,0.003273494268502916,0,0,0,0
9805,2,0.0016095894776034477,0,0,0,0
9806,2,0.0005647729550947208,0,0,0,0
9807,2,0.004065186065405755,0,0,0,0
9808,2,0.0017747299779046519,0,0,0,0
9809,2,0.0014249975773373662,0,0,0,0
9810,1,0.0018505864727406042,0,0,0,0
9811,2,0.0023439115658810453,0,0,0,0
9812,2,0.0018822600500897205,0,0,0,0
9813,2,0.0021226687623128434,0,0,0,0
9814,2,0.0023446647878199805,0,0,0,0
9815,2,0.000798639337105437,0,0,0,0
9816,2,0.005295277357350262,0,0,0,0
9817,2,0.005719504182408838,0,0,0,0
9818,2,0.0031833819824100325,0,0,0,0
9819,2,0.0036954388033164217,0,0,0,0
9820,2,0.0014658040344900788,0,0,0,0
9821,2,0.0038297717961067825,267,0,0,0
9822,2,0.006646026920062728,0,0,0,0
9823,2,0.0015189350814315968,0,0,0,0
9824,2,0.0015807002930845525,0,0,0,0
9825,2,0.0023935711580693178,0,0,0,0
9826,2,0.001066267686504432,0,0,0,0
9827,2,0.002761273999677006,0,0,0,0
9828,1,0.0005445961181512362,0,0,0,0
9829,2,0.003722097895684149,0,0,0,0
9830,2,0.0017335513604588501,0,0,0,0
9831,2,0.00016031820989912112,0,0,0,0
9832,2,0.0007816019038514035,0,0,0,0
9833,2,0.001986331470569561,0,0,0,0
9834,2,0.002271936344068211,0,0,0,0
9835,1,3.226459666327618e-05,0,0,0,0
9836,2,0.0015634711437526082,0,0,0,0
9837,2,0.001911795489362817,0,0,0,0
9838,2,0.0019688240068377323,0,0,0,0
9839,2,0.0013555206989164608,0,0,0,0
9840,2,0.000760701948924329,0,0,0,0
9841,2,0.002916043743923106,0,0,0,0
9842,2,0.001151015876072152,0,0,0,0
9843,2,0.0008370340768660378,0,0,0,0
9844,1,0.0033399815276967666,0,0,0,0
9845,1,0.0015915833463856239,0,0,0,0
9846,2,0.0020307902660336207,0,0,0,0
9847,2,0.002758107932907391,0,0,0,0
9848,2,0.002413730941733346,0,0,0,0
9849,2,0.0022016747314813766,0,0,0,0
9850,2,0.002176360482058818,0,0,0,0
9851,2,0.0010384816831612595,0,0,0,0
9852,2,0.0019808546024919016,0,0,0,0
9853,2,0.0017254660195638021,0,0,0,0
9854,2,0.0035340459908040937,0,0,0,0
9855,2,0.0015953331090228008,0,0,0,0
9856,2,0.0031124487295419497,0,0,0,0
9857,2,0.007461288600843647,0,0,0,0
9858,2,0.0007138193829042472,0,0,0,0
9859,2,0.0020666661918812747,0,0,0,0
9860,2,0.0016199009526633873,0,0,0,0
9861,2,0.0022198799398887924,0,0,0,0
9862,2,0.0029640622132884485,0,0,0,0
9863,2,0.00115673900471637,0,0,0,0
9864,2,0.0006671974378610173,0,0,0,0
9865,2,0.0037365735861511705,0,0,0,0
9866,1,0.0009082930028938885,0,0,0,0
9867,2,0.0010809080708514365,0,0,0,0
9868,1,0.0005477101701013285,0,0,0,0
9869,1,0.0010679589581479877,0,0,0,0
9870,1,0.005659801427910563,0,0,0,0
9871,2,0.0004903009176532342,20,0,0,0
9872,2,0.001516722077856845,0,0,0,0
9873,2,0.0025731472683575315,0,0,0,0
9874,2,0.0031536001237631997,0,0,0,0
9875,2,0.0007014281650180177,0,0,0,0
9876,1,0.0002595393256706463,0,0,0,0
9877,1,0.0008852736739437478,0,0,0,0
9878,2,0.0016109056584430635,0,0,0,0
9879,2,0.0022057959507895022,0,0,0,0
9880,2,0.0032222290794700964,0,0,0,0
9881,2,0.0016829580955622994,0,0,0,0
9882,2,0.002915682765513487,0,0,0,0
9883,2,0.0035047697243637066,0,0,0,0
9884,2,0.0012508123351429134,0,0,0,0
9885,1,0.0008455357785945253,0,0,0,0
9886,2,0.0045511630916760795,0,0,0,0
9887,2,0.00040017185787857477,0,0,0,0
9888,2,0.0012225564941873547,0,0,0,0
9889,2,0.0012606616049861145,0,0,0,0
9890,2,0.002721744557859343,0,0,0,0
9891,2,0.0010565033065864247,0,0,0,0
9892,1,0.0004573095857393895,0,0,0,0
9893,2,0.0027823262175637777,0,0,0,0
9894,2,0.004136579729812687,0,0,0,0
9895,2,0.0032394934234630966,0,0,0,0
9896,2,0.0018784718194250149,0,0,0,0
9897,2,0.0044464416910050715,0,0,0,0
9898,2,0.0037529591659415922,0,0,0,0
9899,2,0.0020007967524145894,0,0,0,0
9900,1,0.00021232275329552655,0,0,0,0
9901,1,0.0027427417934937134,0,0,0,0
9902,2,0.0011372404933334332,0,0,0,0
9903,2,0.006994097364584355,0,0,0,0
9904,2,0.003619536372062942,0,0,0,0
9905,2,0.0015061702955987142,0,0,0,0
9906,2,0.0005643757602084618,0,0,0,0
9907,2,0.0023002063261332996,0,0,0,0
9908,2,0.004005976982898,0,0,0,0
9909,2,0.0028184147631380315,0,0,0,0
9910,2,0.0024833790961578494,0,0,0,0
9911,1,3.3310294184359223e-06,22,0,0,0
9912,2,0.004970651842646872,0,0,0,0
9913,1,0.0017134255639333973,0,0,0,0
9914,2,0.00014320525305358667,0,0,0,0
9915,2,0.0057692627870598945,0,0,0,0
9916,2,0.0029812328279068866,0,0,0,0
9917,2,0.004215651357729528,0,0,0,0
9918,2,0.0017046372306130785,0,0,0,0
9919,2,0.0024264499079114646,0,0,0,0
9920,2,0.003055385778850017,0,0,0,0
9921,2,0.003087075412349975,0,0,0,0
9922,2,0.0041788071599629505,0,0,0,0
9923,2,0.0018693731393265604,0,0,0,0
9924,2,0.00545113374010261,0,0,0,0
9925,2,0.0011755209464265552,0,0,0,0
9926,1,0.0007366254288946557,0,0,0,0
9927,2,0.0010208145425599803,0,0,0,0
9928,1,0.0014713789075492991,0,0,0,0
9929,2,0.0035993054571483575,0,0,0,0
9930,1,0.0010158849710966977,0,0,0,0
9931,2,0.0056419826179909364,0,0,0,0
9932,2,0.005726312061121906,0,0,0,0
9933,2,0.001436649690651678,0,0,0,0
9934,2,0.0020937980033775986,0,0,0,0
9935,2,0.0020232912713756663,0,0,0,0
9936,2,0.004885621389251075,0,0,0,0
9937,1,0.00046170684856517883,0,0,0,0
9938,2,0.004318660459329193,0,0,0,0
9939,2,0.004346199544006952,0,0,0,0
9940,2,0.005495349386611334,0,0,0,0
9941,2,0.00342893344671544,0,0,0,0
9942,2,0.004494433095640935,0,0,0,0
9943,2,0.0035819506481602702,0,0,0,0
9944,2,0.0009267500934021138,0,0,0,0
9945,2,0.0016773106025290432,0,0,0,0
9946,2,0.004232053637162369,0,0,0,0
9947,2,0.002103583625301358,0,0,0,0
9948,2,0.0012626490112279546,0,0,0,0
9949,2,0.003453219782474405,0,0,0,0
9950,2,0.004094807684499181,0,0,0,0
9951,2,0.00022346698413131102,0,0,0,0
9952,2,0.0013620634843246378,0,0,0,0
9953,2,0.00116386227302418,0,0,0,0
9954,1,4.6422477581104306e-05,0,0,0,0
9955,2,0.0023900446540901137,0,0,0,0
9956,2,0.0008658824144609024,29,0,0,0
9957,2,0.005660910582482947,0,0,0,0
9958,2,0.0038853643635517257,0,0,0,0
9959,1,0.0009935023726257719,0,0,0,0
9960,2,0.0019952181872663543,74,0,0,0
9961,2,0.00504096839487573,0,0,0,0
9962,2,0.0037797154258991154,0,0,0,0
9963,2,0.0013208298762507032,0,0,0,0
9964,2,0.0027226052625602907,0,0,0,0
9965,2,0.004814687191312375,0,0,0,0
9966,2,0.001954720116221862,0,0,0,0
9967,2,0.0004473260174682956,0,0,0,0
9968,1,0.00021499495578547971,0,0,0,0
9969,2,0.0036585754902036917,0,0,0,0
9970,2,0.009152211488679257,309,0,0,0
9971,2,0.0001661907543592063,0,0,0,0
9972,2,0.0024256406121189716,0,0,0,0
9973,2,0.0019947833002941914,0,0,0,0
9974,2,0.0015476197081452075,0,0,0,0
9975,2,0.0024325243130648047,0,0,0,0
9976,2,0.0014278493614083806,0,0,0,0
9977,2,0.001284469274330257,0,0,0,0
9978,2,0.002480805436355256,0,0,0,0
9979,2,0.0013353274290146997,0,0,0,0
9980,2,0.0008872159233892342,0,0,0,0
9981,1,0.0017165590509960495,0,0,0,0
9982,1,0.001035333666484853,0,0,0,0
9983,2,0.002030762877659783,0,0,0,0
9984,2,0.0009042006967890083,0,0,0,0
9985,2,0.0017384095443744084,0,0,0,0
9986,2,0.0004867001683769511,0,0,0,0
9987,2,0.0011330089232189488,0,0,0,0
9988,1,0.000737434449035189,0,0,0,0
9989,2,0.001057625432340526,0,0,0,0
9990,2,0.0024704289062664826,0,0,0,0
9991,2,0.0003557572162909533,0,0,0,0
9992,2,0.007650721939782694,0,0,0,0
9993,2,0.004202058234234562,0,0,0,0
9994,2,0.0029080067910691077,0,0,0,0
9995,2,0.002856731884215878,0,0,0,0
9996,1,4.314164213812023e-05,22,0,0,0
9997,2,0.0014600549210804826,0,0,0,0
9998,2,0.0017196810218317764,18,0,0,0
9999,2,0.001992038900878116,0,0,0,0
