replicate,terminal_k,terminal_risk,CG23,Anytime,Finite horizon,Summable CG23
0,2,0.00019896513861395671,0,0,0,0
1,2,0.0003793085071570857,0,0,0,0
2,2,0.00026058027734972603,0,0,0,0
3,2,0.0001299250228879189,0,0,0,0
4,1,0.0005940750550836289,3650,0,0,0
5,2,0.0001290575450547753,0,0,0,0
6,1,0.00025823428886627913,0,0,0,0
7,1,7.384014187043333e-05,0,0,0,0
8,1,2.0321672311913905e-05,0,0,0,0
9,2,0.0002814730475047735,0,0,0,0
10,2,0.00024374791047496798,148,0,0,0
11,2,0.00019747097502628401,0,0,0,0
12,2,0.0004616232610146963,0,0,0,0
13,2,0.00015822523611333736,0,0,0,0
14,2,0.0004095098203194576,0,0,0,0
15,1,0.00037760181446872064,0,0,0,0
16,2,1.010156829174126e-05,0,0,0,0
17,2,0.0005336867020575464,262,0,0,0
18,2,0.00039564820427093585,0,0,0,0
19,1,1.9598458468825934e-05,0,0,0,0
20,2,0.0002899083603706255,437,0,0,0
21,2,0.0001048521548622669,0,0,0,0
22,2,0.00034929617341507676,0,0,0,0
23,2,0.00038741287912348187,0,0,0,0
24,2,0.00019653759460344023,0,0,0,0
25,2,0.00020491572747587358,0,0,0,0
26,1,8.545356618690524e-05,0,0,0,0
27,2,0.00017659672175725604,0,0,0,0
28,2,7.686582811007809e-05,0,0,0,0
29,1,0.00010277398213585363,0,0,0,0
30,2,0.00016540451432127924,0,0,0,0
31,2,0.0007955934911873201,0,0,0,0
32,2,0.00019473466458001158,0,0,0,0
33,2,0.00019629075916869306,0,0,0,0
34,2,0.00018399220234097732,0,0,0,0
35,2,6.156819675343999e-05,69,0,0,0
36,2,0.0003271517725754881,0,0,0,0
37,2,0.0002714462192911815,17,0,0,0
38,2,5.2749786283468727e-05,0,0,0,0
39,2,0.000246391120965185,0,0,0,0
40,2,0.00011130147496581395,0,0,0,0
41,2,7.471193671836581e-05,0,0,0,0
42,2,0.0001832327473176252,0,0,0,0
43,2,0.00029876611309985777,0,0,0,0
44,2,0.00012204645483016103,0,0,0,0
45,1,0.00043816343560741785,0,0,0,0
46,2,0.0006384311405688831,0,0,0,0
47,2,0.00013178452012773263,0,0,0,0
48,2,0.0001988759147342264,0,0,0,0
49,2,0.00024485410761995014,0,0,0,0
50,2,6.632260557469315e-05,0,0,0,0
51,2,6.112671648164265e-05,0,0,0,0
52,2,0.00014735419557537917,0,0,0,0
53,1,0.0001282013563987071,0,0,0,0
54,2,0.0001257557116675153,0,0,0,0
55,2,0.00031968339471571657,0,0,0,0
56,2,0.00047322470724733395,0,0,0,0
57,2,7.61860204127383e-05,0,0,0,0
58,2,0.0001802058685449354,0,0,0,0
59,2,0.0002788397319878546,0,0,0,0
60,2,0.0006026660921809437,0,0,0,0
61,2,0.00018156440686269425,0,0,0,0
62,2,0.000390145419816463,0,0,0,0
63,2,0.00033214862706811997,0,0,0,0
64,2,7.118328692150495e-05,0,0,0,0
65,2,0.00041884557645961696,0,0,0,0
66,2,0.0009405140432756803,0,0,0,0
67,2,0.00024108388581994196,0,0,0,0
68,2,0.00025235538857902237,0,0,0,0
69,2,0.00021207760178068943,0,0,0,0
70,2,0.00014896274364591228,0,0,0,0
71,2,0.0002223208772201912,0,0,0,0
72,2,0.0001303166223023513,0,0,0,0
73,2,0.00027587130442234634,0,0,0,0
74,1,2.8506107195959887e-05,0,0,0,0
75,2,0.00038958237412984833,2819,0,0,0
76,2,0.00027175467524456564,0,0,0,0
77,2,0.00036078080425828437,0,0,0,0
78,2,0.00017716358139379328,0,0,0,0
79,2,0.00021985365043145143,0,0,0,0
80,2,7.45291869569718e-06,0,0,0,0
81,2,0.0003345323063056135,0,0,0,0
82,2,0.0002882571082709989,0,0,0,0
83,1,0.0003192707000006586,0,0,0,0
84,2,0.0002992363772516458,0,0,0,0
85,2,5.593479797836534e-05,0,0,0,0
86,2,0.0002441740570909632,0,0,0,0
87,2,0.00025201870298018157,0,0,0,0
88,2,0.0004653456994990982,0,0,0,0
89,1,0.00033964262488158075,0,0,0,0
90,2,0.0003302868587891087,0,0,0,0
91,2,0.00031949930817832503,0,0,0,0
92,2,0.00019186611116906685,0,0,0,0
93,2,0.00025957208394850127,0,0,0,0
94,2,0.00010634171594856725,0,0,0,0
95,2,0.0002758109713335746,0,0,0,0
96,2,0.00014639484622426565,0,0,0,0
97,2,8.287001006340205e-05,0,0,0,0
98,2,0.00026851392133024594,0,0,0,0
99,2,0.00016017043142117356,0,0,0,0
100,2,0.00020432156203552845,0,0,0,0
101,1,0.00016571211885382502,0,0,0,0
102,2,6.287953245646557e-05,0,0,0,0
103,2,0.00012912761965873246,21,0,0,0
104,2,0.000506887243371326,0,0,0,0
105,2,0.0001259982926642275,0,0,0,0
106,1,0.00017724184457247995,0,0,0,0
107,2,0.00018578170919445415,0,0,0,0
108,2,0.0002683554738299601,0,0,0,0
109,2,0.00022117735760866737,529,0,0,0
110,2,0.000672145892173394,868,0,0,0
111,1,3.9399401106957144e-05,0,0,0,0
112,2,0.0002871630920570461,0,0,0,0
113,2,0.0005396311232376158,0,0,0,0
114,2,0.00047847308531993047,2541,0,0,0
115,1,0.0001482921688825966,0,0,0,0
116,2,0.0002734875969333298,0,0,0,0
117,2,0.000249987064877845,0,0,0,0
118,2,0.00037648293052224653,0,0,0,0
119,2,7.546914247245163e-05,0,0,0,0
120,2,0.00026116755639286464,0,0,0,0
121,2,5.8950965946473676e-05,0,0,0,0
122,1,6.821903911625955e-05,0,0,0,0
123,2,8.87575034949965e-05,0,0,0,0
124,2,0.0005401401062486766,0,0,0,0
125,2,0.00013950315066575035,0,0,0,0
126,2,0.0002604207998127213,0,0,0,0
127,2,0.00011902507325433257,0,0,0,0
128,2,0.0001405718739492137,0,0,0,0
129,2,0.00035540276328235697,0,0,0,0
130,2,0.0001553065228296456,0,0,0,0
131,2,9.244181948927091e-05,0,0,0,0
132,2,0.00024683546022234693,0,0,0,0
133,2,0.00018366206733839286,0,0,0,0
134,2,0.00018044664338307556,0,0,0,0
135,2,0.00023542620016731174,0,0,0,0
136,2,0.0001986290397812104,0,0,0,0
137,2,0.0003973696828633851,0,0,0,0
138,1,0.0001916855177451512,0,0,0,0
139,2,0.00047509640368320334,0,0,0,0
140,2,0.00012845256387714006,0,0,0,0
141,2,0.000229204816639332,0,0,0,0
142,2,0.0004984187283224425,0,0,0,0
143,2,0.00017691405124881492,0,0,0,0
144,2,3.942928791057988e-05,0,0,0,0
145,2,0.00015330829131605483,30,0,0,0
146,2,5.0758460339247235e-05,0,0,0,0
147,2,9.007694299679406e-05,0,0,0,0
148,1,4.9358902711147956e-05,0,0,0,0
149,2,0.00013585205994500951,0,0,0,0
150,1,3.0373449918323797e-05,0,0,0,0
151,2,5.643252996264176e-05,42,0,0,0
152,2,0.00017177303991115471,0,0,0,0
153,2,0.00017740968574951342,0,0,0,0
154,2,0.00020230826022026762,0,0,0,0
155,1,4.186547374607639e-05,0,0,0,0
156,2,0.0002830460706478098,0,0,0,0
157,2,0.0005710973520190391,0,0,0,0
158,2,0.0003200704792628348,0,0,0,0
159,2,0.00021312029801305422,0,0,0,0
160,2,0.0003249850348949012,0,0,0,0
161,2,0.0006224898533120949,0,0,0,0
162,2,0.00022143672106587415,0,0,0,0
163,1,0.00019848415451005635,0,0,0,0
164,2,3.4469456115369796e-05,0,0,0,0
165,2,0.00014523153603824166,0,0,0,0
166,2,0.00024298328294650049,0,0,0,0
167,2,0.0001645345030140289,0,0,0,0
168,2,5.6115533226524154e-05,0,0,0,0
169,1,0.00011523078388323504,0,0,0,0
170,1,0.0001130998660241388,0,0,0,0
171,2,0.00025555539712416377,0,0,0,0
172,2,0.0002300651735665135,0,0,0,0
173,2,0.00015068483500456289,0,0,0,0
174,2,0.00032650567998505415,0,0,0,0
175,2,0.00037810573544458457,0,0,0,0
176,1,5.005608129901963e-05,0,0,0,0
177,2,0.000297727860694288,0,0,0,0
178,2,0.0001848623796598824,0,0,0,0
179,1,4.688808530600418e-05,0,0,0,0
180,2,0.0002691757037327408,0,0,0,0
181,2,0.00027600403897401406,0,0,0,0
182,2,0.00019457775083270935,0,0,0,0
183,2,0.000609936086219339,0,0,0,0
184,2,0.00026029567355900145,0,0,0,0
185,2,0.0005710321574470476,0,0,0,0
186,2,0.00026124151181830416,0,0,0,0
187,2,0.00016407773650635723,0,0,0,0
188,2,0.00015862767167010405,0,0,0,0
189,2,0.0006071161702363138,0,0,0,0
190,2,0.0004527987057250201,0,0,0,0
191,2,0.00026981515248548395,0,0,0,0
192,1,0.00017277263319886112,0,0,0,0
193,1,8.32352575534033e-05,0,0,0,0
194,2,0.00022839311267435346,0,0,0,0
195,2,1.1785288114535866e-06,0,0,0,0
196,2,0.00017089622775352494,0,0,0,0
197,2,0.00019936576251934607,0,0,0,0
198,1,5.129241618362922e-05,35,0,0,0
199,2,9.502338400726312e-05,0,0,0,0
200,2,0.0003203500189308807,0,0,0,0
201,2,0.0003707473223554465,0,0,0,0
202,2,0.00013301568713748813,0,0,0,0
203,2,0.00010229689186475509,0,0,0,0
204,2,0.00014240903140282457,0,0,0,0
205,2,0.0002923656937515974,0,0,0,0
206,2,8.571945258184991e-05,0,0,0,0
207,1,0.0001968933944717776,0,0,0,0
208,1,3.059331866047019e-05,0,0,0,0
209,1,0.000281661649147355,0,0,0,0
210,2,5.421646663038015e-05,0,0,0,0
211,1,6.415767749610678e-05,0,0,0,0
212,2,0.00011708978645176096,0,0,0,0
213,2,0.00025399122500488773,0,0,0,0
214,2,6.80316889226996e-05,0,0,0,0
215,2,0.0001588652644553101,0,0,0,0
216,2,8.408405612584163e-05,0,0,0,0
217,2,4.667173191428427e-05,0,0,0,0
218,2,0.0002258793107768907,0,0,0,0
219,2,0.00036790577218617847,317,0,0,0
220,2,9.912116475543113e-05,0,0,0,0
221,2,0.0001957203211523538,0,0,0,0
222,2,5.89931664642668e-05,0,0,0,0
223,2,1.8339951039580494e-05,0,0,0,0
224,2,0.00020778255554857036,0,0,0,0
225,2,0.00012167470781003591,0,0,0,0
226,2,3.998233951501852e-05,0,0,0,0
227,2,0.00033229745464022207,0,0,0,0
228,2,0.0001053819980644214,7,0,0,0
229,2,0.00033053075553977814,0,0,0,0
230,2,0.0007050813240973899,0,0,0,0
231,1,1.821966153970309e-05,0,0,0,0
232,2,0.0002629416950090167,0,0,0,0
233,2,0.0002429540172158123,0,0,0,0
234,2,0.0001731594846634596,0,0,0,0
235,1,2.1778254837040004e-05,0,0,0,0
236,2,0.0003091115177420458,0,0,0,0
237,2,5.241175819630528e-05,0,0,0,0
238,1,5.9997795672522134e-05,4082,0,0,0
239,2,0.0002632910976489464,0,0,0,0
240,2,0.0003510392383828884,0,0,0,0
241,2,0.00031172076138807783,0,0,0,0
242,2,0.00024243851588513023,0,0,0,0
243,2,0.00014762204943528437,0,0,0,0
244,1,0.0001397261974671964,0,0,0,0
245,2,0.00010643861184042467,0,0,0,0
246,2,0.0004049073158934578,0,0,0,0
247,1,2.7499153220908155e-05,0,0,0,0
248,2,0.00025818937659565167,0,0,0,0
249,2,0.0001208137184180738,0,0,0,0
250,2,8.886583440272195e-05,0,0,0,0
251,2,0.00037427019305006926,5235,0,0,0
252,2,8.906699351774311e-05,0,0,0,0
253,2,0.00020905092309372864,0,0,0,0
254,2,9.362912826029994e-05,0,0,0,0
255,1,8.234283110817332e-05,0,0,0,0
256,2,0.0003870308616083064,0,0,0,0
257,2,0.0002984505684144821,0,0,0,0
258,2,0.000359615291654991,0,0,0,0
259,1,0.00015153940806082148,0,0,0,0
260,2,0.00013311365080024564,1007,0,0,0
261,2,0.000284040324753581,0,0,0,0
262,2,9.627987835144812e-05,0,0,0,0
263,2,8.874798132083744e-05,3860,0,0,0
264,2,3.7997167391755644e-05,0,0,0,0
265,2,0.00027864856207961825,0,0,0,0
266,2,0.0005971120207905778,0,0,0,0
267,2,0.00022835560212118282,0,0,0,0
268,2,4.759842167126452e-05,0,0,0,0
269,2,5.821931042398624e-05,0,0,0,0
270,2,0.00043029714137261934,0,0,0,0
271,2,0.0001041566907304274,0,0,0,0
272,2,0.0003598206794728571,0,0,0,0
273,2,0.0005430208384875846,0,0,0,0
274,2,0.00014945551894526667,0,0,0,0
275,2,0.00011893256670807392,0,0,0,0
276,2,3.7179797191030844e-05,43,0,0,0
277,1,3.234473407616331e-05,0,0,0,0
278,2,0.0011964127080251984,7395,0,0,0
279,2,0.00019116915399593212,0,0,0,0
280,2,0.000658050266610502,0,0,0,0
281,2,0.0005970092093910776,0,0,0,0
282,2,0.0002372519314309534,0,0,0,0
283,2,0.00038481458669164983,0,0,0,0
284,2,0.000623273703138236,0,0,0,0
285,2,0.00021616334826820321,0,0,0,0
286,2,0.0004028833332821931,0,0,0,0
287,1,6.195740897477528e-06,0,0,0,0
288,2,0.00024325793773992757,0,0,0,0
289,2,0.0005156922935713832,0,0,0,0
290,2,0.0001634400769152893,0,0,0,0
291,2,0.00014571308722717238,0,0,0,0
292,2,0.00014325832338873127,0,0,0,0
293,2,0.00013262322328233282,0,0,0,0
294,2,0.0006838863839586635,0,0,0,0
295,2,0.0006490257924841675,0,0,0,0
296,1,2.281324026344326e-05,0,0,0,0
297,2,0.0007256597992917099,0,0,0,0
298,2,0.00011883572206264981,0,0,0,0
299,2,5.720209483084228e-05,0,0,0,0
300,2,0.0003470071299565765,134,0,0,0
301,2,0.00021849370045661198,0,0,0,0
302,2,0.00012294169519844704,0,0,0,0
303,2,8.273709787104562e-05,0,0,0,0
304,2,0.0003276360788518957,0,0,0,0
305,1,5.745484303906428e-05,0,0,0,0
306,2,9.280242441663642e-05,0,0,0,0
307,2,0.0004035279247968042,0,0,0,0
308,1,0.000502951854107863,0,0,0,0
309,2,0.0001650593455156282,0,0,0,0
310,2,0.00038304159765688886,0,0,0,0
311,1,9.385810849834274e-05,302,0,0,0
312,2,0.0004973699208529347,0,0,0,0
313,2,0.00017105327869962564,38,0,0,0
314,2,0.00023490652043444942,0,0,0,0
315,2,0.0003753869830443609,0,0,0,0
316,1,0.00045647282655058603,1689,0,0,0
317,2,0.000224796037205648,0,0,0,0
318,2,0.0007701504189659909,0,0,0,0
319,2,0.00018686476585765127,0,0,0,0
320,2,5.735427989847261e-05,0,0,0,0
321,2,0.00036800115019771295,0,0,0,0
322,1,0.0003326818846822895,0,0,0,0
323,2,0.00024518282234083094,0,0,0,0
324,2,0.0005573327569942041,0,0,0,0
325,2,0.0003740916377276066,0,0,0,0
326,2,0.00013728587794669704,0,0,0,0
327,2,0.00038726032788672705,0,0,0,0
328,1,0.00012385148930814044,0,0,0,0
329,2,0.00019620208273090001,0,0,0,0
330,1,2.1981429554888758e-05,0,0,0,0
331,1,5.396312770816705e-05,0,0,0,0
332,2,0.00012739708051895865,0,0,0,0
333,2,6.59609765514952e-05,0,0,0,0
334,2,0.00041657739103963915,0,0,0,0
335,2,0.0001677468474685922,0,0,0,0
336,2,0.00041374074649608034,0,0,0,0
337,2,0.0003017438648025576,0,0,0,0
338,1,2.126886384558746e-05,0,0,0,0
339,2,0.000294412258442875,0,0,0,0
340,2,0.00034541194917989067,0,0,0,0
341,2,0.00019038536281197466,0,0,0,0
342,1,0.0001986788451009901,0,0,0,0
343,1,0.00024962617103013225,0,0,0,0
344,2,0.00020211358379162132,0,0,0,0
345,2,9.294738145820113e-05,0,0,0,0
346,1,2.8699287813499063e-06,0,0,0,0
347,1,2.063401493838885e-05,0,0,0,0
348,2,0.0004418240058220932,0,0,0,0
349,2,5.471363256303987e-05,0,0,0,0
350,2,0.000700879585445989,5383,0,0,0
351,2,0.0003193438475468167,0,0,0,0
352,2,0.00016040682408908263,0,0,0,0
353,2,0.00013796965929604207,0,0,0,0
354,2,0.00017503502902604132,0,0,0,0
355,2,0.0002243089314202152,0,0,0,0
356,1,0.00034353676210697326,0,0,0,0
357,1,0.00016199349623620095,0,0,0,0
358,2,0.0001796341863555746,0,0,0,0
359,2,0.00024135011605211246,0,0,0,0
360,2,0.00033759672776904795,0,0,0,0
361,2,0.00015367918167212148,0,0,0,0
362,2,0.0003374827880395531,0,0,0,0
363,2,0.00029287348850531186,0,0,0,0
364,2,0.00032569349552899425,0,0,0,0
365,2,0.00039725264640053137,0,0,0,0
366,1,0.00011828987628414552,0,0,0,0
367,2,0.0002368549685180652,0,0,0,0
368,2,0.00012532870583625293,0,0,0,0
369,2,7.489418149272942e-05,0,0,0,0
370,2,0.0005754568811350687,0,0,0,0
371,2,0.00024669580701413836,0,0,0,0
372,2,0.00020963886580478247,0,0,0,0
373,2,4.769000399351523e-05,0,0,0,0
374,2,0.0001621452427057493,0,0,0,0
375,1,2.3907924031926963e-05,0,0,0,0
376,1,0.00011937125067427205,2230,0,0,0
377,2,7.628338726817251e-05,0,0,0,0
378,2,0.0002969828873897963,0,0,0,0
379,2,0.0005404605364487008,7,0,0,0
380,2,3.924399113407268e-05,0,0,0,0
381,2,0.00042599813129809715,0,0,0,0
382,2,0.00022305406056609233,0,0,0,0
383,2,0.00013432193702244322,0,0,0,0
384,2,6.954539795444469e-05,0,0,0,0
385,2,9.931080990031027e-05,0,0,0,0
386,1,0.0008429770940440917,0,0,0,0
387,2,0.0002468395496570293,0,0,0,0
388,2,0.00019517626899871377,0,0,0,0
389,2,0.00021244657703553752,0,0,0,0
390,1,2.5985501488247138e-05,0,0,0,0
391,2,0.00020811087237173004,0,0,0,0
392,1,7.956756232821114e-05,0,0,0,0
393,2,0.00030172349706266923,0,0,0,0
394,2,0.0003281455310803156,0,0,0,0
395,2,0.00017186087988711632,0,0,0,0
396,2,0.00025003012637213903,0,0,0,0
397,2,0.00024333599539905584,0,0,0,0
398,1,0.0001892866792114456,0,0,0,0
399,2,0.00026497757653672717,0,0,0,0
400,2,0.00021042841255092764,0,0,0,0
401,2,0.0001869024138365883,0,0,0,0
402,2,0.0003074766100972527,0,0,0,0
403,2,0.00011132109430270829,0,0,0,0
404,2,0.00016249778792848174,7,0,0,0
405,2,0.00012304868605130708,0,0,0,0
406,1,4.308406460052532e-05,0,0,0,0
407,2,9.619229965233145e-05,0,0,0,0
408,2,0.0005728826210358342,0,0,0,0
409,2,6.365480380591599e-05,0,0,0,0
410,2,0.00015802597313632625,0,0,0,0
411,1,0.00021334349749348752,0,0,0,0
412,2,0.00020527036327769668,0,0,0,0
413,1,0.0005081612322424246,0,0,0,0
414,2,0.00040552527788855,0,0,0,0
415,2,0.0007206147322796645,0,0,0,0
416,2,0.00013853907491602688,0,0,0,0
417,1,0.00014830680388913553,0,0,0,0
418,2,0.0002836709951799907,0,0,0,0
419,1,3.9819496637727856e-05,0,0,0,0
420,2,0.00031367256550384327,0,0,0,0
421,2,4.052895788257795e-05,0,0,0,0
422,1,0.0002722865393754639,0,0,0,0
423,2,0.0009901704930409133,0,0,0,0
424,1,6.629946408220642e-05,0,0,0,0
425,2,0.00042512772497295387,0,0,0,0
426,1,1.5995419610910333e-06,0,0,0,0
427,2,0.00019671780141554589,0,0,0,0
428,1,2.4809110624054685e-05,0,0,0,0
429,2,0.00032981239462708304,0,0,0,0
430,2,0.00031053401606053176,0,0,0,0
431,2,8.399819134645504e-05,0,0,0,0
432,2,0.00021611097965750327,0,0,0,0
433,2,0.0007622853704354427,0,0,0,0
434,2,0.0004384408788241446,0,0,0,0
435,2,0.00031104644025263387,0,0,0,0
436,1,0.0002123041399256548,0,0,0,0
437,2,0.00010700264384976504,0,0,0,0
438,2,0.00017248355013246302,0,0,0,0
439,2,0.00010597581147313028,0,0,0,0
440,2,0.0004147966565075766,0,0,0,0
441,2,0.0004060500811174458,0,0,0,0
442,2,0.0003344093748677099,0,0,0,0
443,2,0.0006006983374340751,0,0,0,0
444,1,5.768519649555148e-05,7,0,0,0
445,2,7.128201424270187e-05,0,0,0,0
446,1,0.00015128313804481556,0,0,0,0
447,2,0.00016917289339401657,0,0,0,0
448,2,0.0001797430954253599,0,0,0,0
449,2,0.00021782539073996282,0,0,0,0
450,2,0.00015570633219992225,0,0,0,0
451,2,0.00011530988647462948,0,0,0,0
452,2,8.185020446187551e-05,0,0,0,0
453,2,0.00020757950908405226,0,0,0,0
454,1,0.00011505953208243704,0,0,0,0
455,2,6.903512292582113e-05,0,0,0,0
456,2,0.00019201923179105885,0,0,0,0
457,2,0.0007025561659167103,0,0,0,0
458,2,0.0007455036232822178,2986,0,0,0
459,2,9.783336932545242e-05,0,0,0,0
460,2,0.0002695627594749163,0,0,0,0
461,2,0.00019443457105504787,0,0,0,0
462,2,0.00021887329376797486,0,0,0,0
463,1,5.536628595660498e-05,0,0,0,0
464,2,4.1775230696429264e-05,0,0,0,0
465,2,0.00022284172066878543,0,0,0,0
466,2,0.0005387978504478565,0,0,0,0
467,2,0.00010519139632434258,0,0,0,0
468,1,2.2524689676678194e-05,0,0,0,0
469,2,0.0001546682932556202,0,0,0,0
470,2,0.0002585399177843351,0,0,0,0
471,2,0.00014777133999498244,0,0,0,0
472,2,0.0002676515680000496,0,0,0,0
473,2,0.0002848619443410946,0,0,0,0
474,2,0.0003684297447100373,0,0,0,0
475,2,0.00045133631253504135,0,0,0,0
476,1,0.00026704882789352016,0,0,0,0
477,2,0.0001364830485791726,0,0,0,0
478,1,3.485790827314127e-05,0,0,0,0
479,2,0.0002112365400686508,0,0,0,0
480,2,0.0005117473841221015,0,0,0,0
481,2,0.0004152609716049996,0,0,0,0
482,2,0.0001471577146228713,0,0,0,0
483,1,1.3594865812782359e-05,25,0,0,0
484,2,0.0007070603526343973,0,0,0,0
485,2,0.0005140423698283368,0,0,0,0
486,2,7.887370543935427e-05,0,0,0,0
487,2,0.0004115775222568283,0,0,0,0
488,2,0.0003239762565668103,0,0,0,0
489,2,0.00012612412653564115,0,0,0,0
490,2,0.00015324299196486368,0,0,0,0
491,1,0.0002255303883816251,0,0,0,0
492,2,0.00027294045735982796,0,0,0,0
493,2,0.0006365165671201615,0,0,0,0
494,2,2.2256058746076503e-05,69,0,0,0
495,2,0.00032191367415591366,0,0,0,0
496,2,8.485633678006749e-05,0,0,0,0
497,1,0.00010576830067509305,0,0,0,0
498,2,0.0003354680166589315,0,0,0,0
499,2,0.0001478028058492647,0,0,0,0
500,2,0.00020909769177172895,0,0,0,0
501,2,0.00021057552111989133,0,0,0,0
502,2,0.0002898752981056026,72,0,0,0
503,2,0.0002752574177582274,0,0,0,0
504,2,9.559435558151922e-05,0,0,0,0
505,2,8.424707226123283e-05,0,0,0,0
506,1,4.9862221748541964e-05,0,0,0,0
507,2,0.0005143313071412257,0,0,0,0
508,2,0.00019895257543900655,0,0,0,0
509,2,0.0005753177101056991,0,0,0,0
510,1,5.5419378055472784e-05,0,0,0,0
511,2,0.0002465898241509728,0,0,0,0
512,2,0.00037284228931599154,0,0,0,0
513,2,0.0002510232952919288,0,0,0,0
514,2,0.0002932534852778329,0,0,0,0
515,2,0.0005206518711257191,0,0,0,0
516,2,0.00018917542461401095,0,0,0,0
517,2,0.00039162759515492054,0,0,0,0
518,2,0.00028063114116061384,0,0,0,0
519,2,0.00020003370408608093,0,0,0,0
520,2,0.00016722499635058352,0,0,0,0
521,2,3.7924059864292585e-05,0,0,0,0
522,1,0.00010346276942966655,0,0,0,0
523,2,0.00012695832227386876,0,0,0,0
524,2,0.0007810187929960401,0,0,0,0
525,1,2.25567574349286e-05,0,0,0,0
526,1,5.636428025911048e-05,4735,0,0,0
527,2,0.00012324788572157334,0,0,0,0
528,2,0.0006477462306368104,0,0,0,0
529,2,0.0007862253305694505,0,0,0,0
530,2,0.0004928082178851287,0,0,0,0
531,2,0.00018461098323041954,0,0,0,0
532,2,1.3711773377232644e-05,0,0,0,0
533,1,4.54787421887349e-05,0,0,0,0
534,2,0.00012467701652109687,0,0,0,0
535,1,5.312655703347582e-06,14,0,0,0
536,2,0.0005706940305669823,0,0,0,0
537,2,0.0004526163781606241,0,0,0,0
538,1,6.629269123215093e-05,0,0,0,0
539,1,5.213665865642906e-05,0,0,0,0
540,2,8.631550591345278e-05,0,0,0,0
541,2,0.0001559061756425604,0,0,0,0
542,2,0.00015371837051574976,0,0,0,0
543,2,0.000409685957985147,0,0,0,0
544,2,0.00011226237235969363,0,0,0,0
545,2,0.00017414271306431356,0,0,0,0
546,2,0.00015243231010768948,0,0,0,0
547,2,0.0002857155043350211,0,0,0,0
548,2,0.0007110391943538336,0,0,0,0
549,2,0.0002337076824554728,0,0,0,0
550,2,0.0005144754993149593,0,0,0,0
551,1,1.7347879526326337e-05,0,0,0,0
552,2,0.0001808399435107215,0,0,0,0
553,2,1.0666580751215266e-05,0,0,0,0
554,2,0.0003805757112887594,0,0,0,0
555,2,0.0002639035526732128,0,0,0,0
556,2,5.1758677887919404e-05,0,0,0,0
557,1,0.0002340343878659127,0,0,0,0
558,2,0.00032880817523259475,0,0,0,0
559,2,0.0001131137551139277,0,0,0,0
560,2,0.00020197889173753002,0,0,0,0
561,2,0.0003239717341284066,0,0,0,0
562,2,0.0001907161937137485,0,0,0,0
563,2,0.00031322557695877826,0,0,0,0
564,2,2.2448627719280857e-05,0,0,0,0
565,1,0.00042232632523497176,0,0,0,0
566,2,0.00010004087774760034,0,0,0,0
567,2,8.519723354385607e-05,0,0,0,0
568,2,0.00033339916923637075,0,0,0,0
569,2,0.0004599386111043203,0,0,0,0
570,2,9.530150219217447e-05,0,0,0,0
571,2,0.00015471450440893367,0,0,0,0
572,2,9.860893898528875e-05,0,0,0,0
573,2,0.00015734227096522399,0,0,0,0
574,2,0.0001629584177835421,0,0,0,0
575,2,0.000361464915342006,0,0,0,0
576,2,0.0001136189949679213,0,0,0,0
577,2,0.0002913124052848304,0,0,0,0
578,2,0.00013549914981203853,7,0,0,0
579,2,0.0004432243023097744,0,0,0,0
580,2,0.00025465944132528704,0,0,0,0
581,2,0.00011509359179863889,0,0,0,0
582,2,0.00011802269067455546,0,0,0,0
583,2,0.0003148750341389949,0,0,0,0
584,2,0.000259798427579309,0,0,0,0
585,2,0.00020181654586966713,0,0,0,0
586,2,0.0003822335194368514,0,0,0,0
587,1,0.00015994977248202688,0,0,0,0
588,2,0.00019278580557325568,0,0,0,0
589,2,0.0003782455776922854,0,0,0,0
590,2,0.00012452095223323414,0,0,0,0
591,1,0.0001517856499181554,0,0,0,0
592,2,0.00016811906265968665,15,0,0,0
593,2,8.227525052562929e-05,0,0,0,0
594,2,0.0002354520281883225,0,0,0,0
595,2,0.00024447208719219436,0,0,0,0
596,2,0.0006618346379737872,0,0,0,0
597,2,0.00013944250523220897,0,0,0,0
598,2,0.00023914685531599116,0,0,0,0
599,2,6.018357874774834e-05,0,0,0,0
600,2,0.00020579127862148627,0,0,0,0
601,1,0.00014864619839801479,79,0,0,0
602,2,0.0001738770680443946,0,0,0,0
603,2,0.00014058382808003505,14,0,0,0
604,2,0.00023454038440391307,0,0,0,0
605,1,0.00010272958145724636,0,0,0,0
606,2,0.00044707303953079555,0,0,0,0
607,2,8.535192409150093e-05,0,0,0,0
608,2,0.00013192252099267899,0,0,0,0
609,2,7.130338140766148e-05,0,0,0,0
610,2,0.0003994278669718892,0,0,0,0
611,1,8.715983646885738e-05,0,0,0,0
612,2,0.0001695819152517603,0,0,0,0
613,2,0.000264589346052922,0,0,0,0
614,2,0.0006030978480836751,0,0,0,0
615,2,0.00011806329745957657,0,0,0,0
616,2,0.0003448785719732555,7,0,0,0
617,2,0.00023570308562145684,0,0,0,0
618,2,0.00038831282973345033,0,0,0,0
619,2,0.00024971343539819296,0,0,0,0
620,1,1.0082591676126745e-05,0,0,0,0
621,2,7.007055083509199e-05,0,0,0,0
622,2,0.0003219652473176593,0,0,0,0
623,2,0.00015162554254609246,7,0,0,0
624,2,9.591289555954185e-05,0,0,0,0
625,1,0.00047575389201500167,0,0,0,0
626,1,1.5357158128583838e-05,0,0,0,0
627,2,0.0006047844586045581,0,0,0,0
628,2,5.4162711932093127e-05,0,0,0,0
629,2,0.00034105016743277383,0,0,0,0
630,2,0.0006027577963208194,0,0,0,0
631,2,4.827460850741761e-05,0,0,0,0
632,2,7.340962426231061e-05,0,0,0,0
633,2,4.938187120547668e-05,0,0,0,0
634,2,0.0003152722979860751,0,0,0,0
635,2,0.0003918008420779606,0,0,0,0
636,2,0.00010796761828620448,0,0,0,0
637,2,7.707438969776263e-05,0,0,0,0
638,2,0.00011584068891935212,0,0,0,0
639,1,4.1328754493594576e-05,0,0,0,0
640,2,0.00029300452338114433,0,0,0,0
641,2,0.00010128672807284601,0,0,0,0
642,2,0.0001469079254662356,0,0,0,0
643,2,8.567888124971299e-05,0,0,0,0
644,2,0.00042582246603412694,0,0,0,0
645,1,7.399345417535289e-05,1733,0,0,0
646,2,0.00014525230050307214,0,0,0,0
647,1,7.381791012082438e-05,0,0,0,0
648,2,6.229347133347428e-05,0,0,0,0
649,2,0.00019964402830434215,0,0,0,0
650,2,0.00031791938790945293,0,0,0,0
651,2,0.00010489192315501475,0,0,0,0
652,2,5.4777343071790595e-05,0,0,0,0
653,2,0.00020898278970947156,0,0,0,0
654,2,0.0004291855687121813,0,0,0,0
655,2,0.00036554617219733545,0,0,0,0
656,2,0.00020958556203242628,0,0,0,0
657,2,0.0003584785447715809,0,0,0,0
658,2,0.0001612747420444423,0,0,0,0
659,2,0.00014486492217345042,0,0,0,0
660,2,0.0006493664223151147,0,0,0,0
661,2,0.0002394422880125845,0,0,0,0
662,2,0.00033498199802181936,0,0,0,0
663,2,0.00010756592162612938,0,0,0,0
664,2,0.0001636095547116673,0,0,0,0
665,2,0.00035819723968405373,0,0,0,0
666,1,0.00011610286772964501,0,0,0,0
667,2,0.00010572046817127471,0,0,0,0
668,1,7.583931192163245e-05,0,0,0,0
669,2,0.00027339723254257925,0,0,0,0
670,2,0.00015955206552639795,0,0,0,0
671,2,0.00038726941527349044,0,0,0,0
672,1,0.00012535731666667293,0,0,0,0
673,2,0.00010099114017066027,0,0,0,0
674,2,0.0004019895820581977,0,0,0,0
675,1,6.84143116302622e-05,0,0,0,0
676,2,6.697403919760079e-05,0,0,0,0
677,2,2.5445754053969518e-05,0,0,0,0
678,2,0.0006125842588540185,0,0,0,0
679,2,0.0002843786101587296,0,0,0,0
680,2,0.0002599774163091079,0,0,0,0
681,2,0.0006720011189371304,5509,0,0,0
682,2,0.0004711423380335418,0,0,0,0
683,2,0.0001088404276475545,0,0,0,0
684,2,0.0004947150358784497,0,0,0,0
685,1,2.0407461543227024e-05,0,0,0,0
686,2,0.0002651935725369688,0,0,0,0
687,2,0.0001132746274406954,0,0,0,0
688,2,0.00023191851339528913,0,0,0,0
689,1,0.0006502256957066061,0,0,0,0
690,2,6.459114611224191e-05,0,0,0,0
691,2,0.0003048551079851752,0,0,0,0
692,1,0.0004202215832746929,0,0,0,0
693,2,0.00019912074173387306,0,0,0,0
694,2,0.0005834654273806052,0,0,0,0
695,1,0.00010130664462291692,0,0,0,0
696,2,8.283622516857922e-05,0,0,0,0
697,2,0.0008375655981162826,5278,0,0,0
698,2,0.00011943291046849333,0,0,0,0
699,2,0.00022161475178683043,0,0,0,0
700,2,7.949621874867857e-05,0,0,0,0
701,2,0.0004059456252977796,0,0,0,0
702,2,0.0002543988340356999,29,0,0,0
703,2,0.00041295609655172866,0,0,0,0
704,2,0.000366188175757434,0,0,0,0
705,2,0.000453252106252761,610,0,0,0
706,2,3.2232453919680136e-05,0,0,0,0
707,2,0.00020675413579225688,0,0,0,0
708,2,9.319322068825653e-05,0,0,0,0
709,2,0.00022503436450049425,0,0,0,0
710,1,8.173850529146921e-05,0,0,0,0
711,2,0.00023440850897998104,0,0,0,0
712,2,0.00027931351829279757,0,0,0,0
713,2,0.00021302997971870427,0,0,0,0
714,2,8.933173697040956e-05,0,0,0,0
715,2,0.00027995386553525945,0,0,0,0
716,2,0.000377403128880273,0,0,0,0
717,2,0.00023164297914104223,0,0,0,0
718,2,0.00028089582848928176,0,0,0,0
719,2,0.000150228950965159,0,0,0,0
720,2,0.00030889957341983474,0,0,0,0
721,2,0.00016055981027047336,0,0,0,0
722,2,0.0002467760017584878,0,0,0,0
723,2,0.00016576497404554184,0,0,0,0
724,2,0.0001953904733063349,0,0,0,0
725,2,6.715032344846242e-05,0,0,0,0
726,2,0.0001982578330924161,0,0,0,0
727,2,0.00016240554793544887,0,0,0,0
728,2,0.00013158533445927146,0,0,0,0
729,2,0.0006142965658926859,0,0,0,0
730,2,0.00026480565674517946,0,0,0,0
731,2,0.0001779482881902002,0,0,0,0
732,2,0.00010570635166212036,0,0,0,0
733,1,0.0004006409217912455,0,0,0,0
734,2,0.0004204088451395558,0,0,0,0
735,2,0.0001470381023151072,0,0,0,0
736,2,0.00018867286292715185,0,0,0,0
737,2,4.4734460368358854e-05,0,0,0,0
738,2,0.0004431417172877026,0,0,0,0
739,2,0.00010696758875269028,0,0,0,0
740,2,9.638663200856444e-05,0,0,0,0
741,2,0.00018379684774781359,0,0,0,0
742,2,0.0004503523224498249,0,0,0,0
743,2,8.597720924982058e-05,0,0,0,0
744,2,8.042575361690747e-05,0,0,0,0
745,1,0.0001872838992330069,0,0,0,0
746,2,0.0001452027588995297,0,0,0,0
747,2,0.0002509293487112831,0,0,0,0
748,2,9.25529842337908e-05,0,0,0,0
749,2,0.00035250420070397683,0,0,0,0
750,2,0.00013263835775364358,768,0,0,0
751,2,0.0003883273853112999,0,0,0,0
752,2,0.00031575470206139205,0,0,0,0
753,2,5.626359528352383e-05,0,0,0,0
754,2,0.00045264884994079314,0,0,0,0
755,2,0.00028384273768288,0,0,0,0
756,2,0.0001955405728206195,0,0,0,0
757,2,0.0003186997870693845,0,0,0,0
758,2,0.00021426629472928507,0,0,0,0
759,1,0.00017538314929736856,0,0,0,0
760,1,0.0001225666985025703,0,0,0,0
761,2,0.0004359354652411162,0,0,0,0
762,2,0.000308915597970285,0,0,0,0
763,2,9.36827483487048e-05,0,0,0,0
764,2,0.00027791952794501264,0,0,0,0
765,2,0.0005396125661492494,0,0,0,0
766,2,0.00034924051729272467,0,0,0,0
767,2,0.0006815791677164331,0,0,0,0
768,2,0.0001970241233046836,0,0,0,0
769,1,8.725102088015199e-05,7,0,0,0
770,2,6.697459170253778e-05,0,0,0,0
771,2,0.00017246434140399795,0,0,0,0
772,1,3.467354819031428e-05,0,0,0,0
773,2,0.00022331614748016284,0,0,0,0
774,2,0.00014148540346793786,0,0,0,0
775,2,0.0005976860366707151,0,0,0,0
776,2,0.0002114483439450452,0,0,0,0
777,2,0.00010135391649410691,0,0,0,0
778,2,6.205860766690741e-05,0,0,0,0
779,2,0.00030450930675498015,0,0,0,0
780,2,0.0001475986593326253,0,0,0,0
781,2,7.109881331980929e-05,0,0,0,0
782,2,0.0003510342883495869,0,0,0,0
783,1,0.00012446603982533143,0,0,0,0
784,2,0.00022802485488186155,0,0,0,0
785,2,0.0004944110729925077,0,0,0,0
786,2,0.0007104587410854627,0,0,0,0
787,2,0.00018966192371213118,0,0,0,0
788,2,0.0004947514875479709,0,0,0,0
789,1,1.656918368261147e-05,0,0,0,0
790,2,6.727655162626508e-05,0,0,0,0
791,2,0.00031800728999265167,0,0,0,0
792,2,0.00011363530083587732,0,0,0,0
793,2,0.000147772336697898,0,0,0,0
794,2,0.00035205971631246306,0,0,0,0
795,2,0.00018492908401365757,7,0,0,0
796,2,0.00025038767003216064,2059,0,0,0
797,2,0.00012576797925530333,0,0,0,0
798,2,0.00025753282100335,0,0,0,0
799,2,0.00053456691539027,12,0,0,0
800,2,0.0002035360007325551,0,0,0,0
801,1,0.00018846369619069284,0,0,0,0
802,2,0.00016252387192735823,0,0,0,0
803,2,0.000210307083423558,0,0,0,0
804,2,0.00019822204866708817,0,0,0,0
805,2,0.0001526569873803227,0,0,0,0
806,2,9.203137623685817e-05,0,0,0,0
807,2,0.00031519030567847653,0,0,0,0
808,2,0.0002734059184885688,0,0,0,0
809,2,0.00024125455330899876,0,0,0,0
810,2,0.00021865362748263575,0,0,0,0
811,2,0.00011386057391641557,0,0,0,0
812,2,6.626168564881819e-05,0,0,0,0
813,2,0.00030838265741123613,0,0,0,0
814,2,5.5367000357194506e-05,0,0,0,0
815,2,0.00027512890402078664,0,0,0,0
816,2,8.857955625153152e-05,0,0,0,0
817,2,0.0001362650145927163,118,0,0,0
818,2,0.00030305283391327323,0,0,0,0
819,2,0.0004303341889101275,0,0,0,0
820,2,0.0005739455139946507,0,0,0,0
821,2,0.0001450556592232139,43,0,0,0
822,2,0.0002467547946774068,0,0,0,0
823,2,0.00036604201422043306,0,0,0,0
824,2,0.0002163026503747186,0,0,0,0
825,2,6.309424838467032e-05,44,0,0,0
826,2,0.00033928222160646207,0,0,0,0
827,2,0.00036781477267698874,0,0,0,0
828,2,8.469544952773917e-05,0,0,0,0
829,2,0.00030660160831992063,0,0,0,0
830,2,0.000354051977219736,0,0,0,0
831,2,0.00029507885410015415,0,0,0,0
832,2,9.796282183666882e-05,0,0,0,0
833,2,0.0001578501557861447,0,0,0,0
834,2,0.00020111692344857124,0,0,0,0
835,2,0.0001314945982689264,0,0,0,0
836,2,0.00021044279388286518,0,0,0,0
837,2,0.00012755183817811212,0,0,0,0
838,2,0.00010380944488269756,0,0,0,0
839,2,0.0007044428468364003,0,0,0,0
840,2,0.00012639433201152203,0,0,0,0
841,2,0.00026419907016889365,0,0,0,0
842,1,0.00010949835124877448,0,0,0,0
843,2,9.970670603187211e-05,0,0,0,0
844,2,0.00021377162931818513,0,0,0,0
845,2,0.0004180161638147622,0,0,0,0
846,2,0.0002985600700909583,0,0,0,0
847,2,0.00022895839296673825,7,0,0,0
848,1,2.4943645164226565e-06,0,0,0,0
849,1,4.51944551524123e-05,0,0,0,0
850,2,9.03225700431897e-05,0,0,0,0
851,2,4.323990342521043e-05,0,0,0,0
852,2,0.0004927370871522958,0,0,0,0
853,2,0.00015203191465697083,0,0,0,0
854,2,0.0002946996916937631,0,0,0,0
855,2,0.0003056690459999137,0,0,0,0
856,2,6.370339650657696e-05,0,0,0,0
857,2,0.000277496947215222,0,0,0,0
858,1,1.9631389414537653e-06,0,0,0,0
859,2,0.0005139275412799216,0,0,0,0
860,2,0.0003522488843806778,0,0,0,0
861,1,2.183138594086891e-05,0,0,0,0
862,2,0.00024485296574489475,0,0,0,0
863,2,0.0003555784619743166,6911,0,0,0
864,2,3.2710400258626716e-05,0,0,0,0
865,2,9.054600186592703e-05,0,0,0,0
866,1,5.128006145972755e-06,0,0,0,0
867,1,8.388838279945817e-05,0,0,0,0
868,2,0.00017906816770661823,0,0,0,0
869,2,0.00011772200971104346,0,0,0,0
870,1,6.777198759283566e-05,0,0,0,0
871,2,0.00026580633660577857,0,0,0,0
872,2,0.0002881666067912232,0,0,0,0
873,2,8.475531966450529e-05,0,0,0,0
874,2,0.0003173658282002325,0,0,0,0
875,2,0.0004006361811634902,345,0,0,0
876,2,0.00021664633507933434,0,0,0,0
877,2,0.00045251447719162313,0,0,0,0
878,2,0.00010594977595061803,0,0,0,0
879,1,0.00010241805663761943,0,0,0,0
880,2,0.0007107427763884851,0,0,0,0
881,2,0.0001543987288142784,0,0,0,0
882,2,0.0007257481884058036,48,0,0,0
883,2,0.0006747866833225984,0,0,0,0
884,2,0.00048064727811681144,7,0,0,0
885,2,0.00031552122720179127,0,0,0,0
886,2,0.00032066260543020693,0,0,0,0
887,2,0.0003073945967281851,0,0,0,0
888,2,0.0004164080982051845,0,0,0,0
889,2,0.0002541823495147416,0,0,0,0
890,1,3.45966972687208e-05,0,0,0,0
891,2,0.00011575224610683673,0,0,0,0
892,2,6.952386366639687e-05,0,0,0,0
893,2,5.337750839378156e-05,0,0,0,0
894,2,0.0004109109302496553,0,0,0,0
895,2,0.0004969075974761789,0,0,0,0
896,2,0.0003945418999120901,0,0,0,0
897,1,3.0365887271195966e-05,0,0,0,0
898,2,0.00044738982320248114,0,0,0,0
899,1,0.0002667682177492584,0,0,0,0
900,2,0.0001461248681435837,0,0,0,0
901,2,0.0003120804726009835,0,0,0,0
902,2,0.0002010879563466368,0,0,0,0
903,2,0.0005105357649014039,0,0,0,0
904,2,7.571364090522506e-05,0,0,0,0
905,2,0.00010346454619594551,0,0,0,0
906,2,0.0001722224646033338,0,0,0,0
907,2,0.00012472824816089483,0,0,0,0
908,2,0.0003368268091288672,0,0,0,0
909,2,0.000121047524675008,0,0,0,0
910,2,0.0003078597380061451,0,0,0,0
911,2,0.00022028911043698232,0,0,0,0
912,2,0.0002030743607679953,0,0,0,0
913,1,1.9241324530262748e-06,0,0,0,0
914,2,0.00030985767336347525,0,0,0,0
915,2,0.00011574373938843867,0,0,0,0
916,1,0.00014393877740777585,0,0,0,0
917,1,1.529688429147906e-05,0,0,0,0
918,2,8.390176933050389e-05,0,0,0,0
919,1,7.036823246921471e-05,0,0,0,0
920,2,0.0005663762147216063,0,0,0,0
921,2,0.00045744681885788663,0,0,0,0
922,2,9.99977312305513e-05,0,0,0,0
923,2,9.969166103328465e-05,0,0,0,0
924,2,4.8213583551309665e-05,753,0,0,0
925,2,0.00023942323085427632,0,0,0,0
926,2,0.0002954268412400444,0,0,0,0
927,2,0.0003638700399898985,0,0,0,0
928,2,6.26848872055189e-05,0,0,0,0
929,2,2.664005898184871e-05,0,0,0,0
930,1,0.0003056197157547717,0,0,0,0
931,2,0.0003296305524077681,0,0,0,0
932,2,3.4667177011141685e-05,0,0,0,0
933,2,0.0003273846055570055,0,0,0,0
934,2,0.0002670090124813832,0,0,0,0
935,1,0.00013913986644438421,0,0,0,0
936,2,0.00021063184162545216,0,0,0,0
937,2,0.0003389991816407331,0,0,0,0
938,2,4.579185666499586e-05,0,0,0,0
939,2,0.0009122305309332742,0,0,0,0
940,1,1.073430786973707e-05,0,0,0,0
941,1,0.0002905578961158717,0,0,0,0
942,2,0.00021405138202844172,0,0,0,0
943,2,0.0005741992901119142,0,0,0,0
944,2,0.0003095684144259269,0,0,0,0
945,2,0.0004136279628176476,0,0,0,0
946,2,0.0005924105838654232,0,0,0,0
947,2,0.0002066646968597793,0,0,0,0
948,2,9.430211216650943e-05,0,0,0,0
949,2,0.0001533366596458846,0,0,0,0
950,1,1.2508101622813713e-05,0,0,0,0
951,1,3.2492644109668197e-05,0,0,0,0
952,2,0.00021120683038190028,0,0,0,0
953,2,0.0006027189524456421,0,0,0,0
954,1,2.098288788892018e-05,0,0,0,0
955,2,6.338422359258466e-05,0,0,0,0
956,2,0.00027194138115660464,0,0,0,0
957,1,3.321348470666111e-05,0,0,0,0
958,1,0.00011416068960511717,7,0,0,0
959,2,3.679478535295737e-05,0,0,0,0
960,2,0.00011826568050518408,206,0,0,0
961,2,0.00026967761969386573,0,0,0,0
962,2,0.0003096611475091648,0,0,0,0
963,2,0.00011013536393133949,422,0,0,0
964,2,8.802479252456553e-05,131,0,0,0
965,1,8.788303999599451e-05,32,0,0,0
966,1,0.00021311681540359998,0,0,0,0
967,2,0.00016271392585592436,0,0,0,0
968,2,0.00040736675692381924,0,0,0,0
969,2,0.0002606084153758753,0,0,0,0
970,2,0.00035411099777300363,0,0,0,0
971,2,0.00010566734951284899,0,0,0,0
972,2,0.00010424553851275348,0,0,0,0
973,1,3.263640112985582e-05,0,0,0,0
974,1,3.129403514406868e-05,0,0,0,0
975,2,0.0001994289646999363,0,0,0,0
976,2,0.00010312759017416617,0,0,0,0
977,2,0.0004810811715988512,0,0,0,0
978,2,0.0003197853011298019,4082,0,0,0
979,2,7.248401394815148e-05,0,0,0,0
980,2,0.00011904525117342612,0,0,0,0
981,2,0.0002989018279729892,0,0,0,0
982,2,0.00024813083760085624,0,0,0,0
983,2,0.00012637134570217765,0,0,0,0
984,2,0.0001481963145407584,0,0,0,0
985,1,1.6754599070782397e-05,0,0,0,0
986,2,0.00018043017352118283,0,0,0,0
987,1,0.00023476651097504035,0,0,0,0
988,2,0.0001601930046929053,0,0,0,0
989,1,0.00025398605849768634,0,0,0,0
990,2,0.00023014275274864035,0,0,0,0
991,2,0.0002016296055774452,0,0,0,0
992,2,0.00016791064450875023,0,0,0,0
993,2,0.00046775672930146893,0,0,0,0
994,2,0.0002529647890215276,0,0,0,0
995,2,0.00037994218911438895,0,0,0,0
996,2,9.447648112220495e-05,0,0,0,0
997,2,0.0008551460664709208,0,0,0,0
998,2,0.00033564252426501897,0,0,0,0
999,2,0.0004476454103191145,0,0,0,0
1000,2,0.0003142815134763325,0,0,0,0
1001,2,0.00022820757846679513,0,0,0,0
1002,2,0.0002507445805244044,0,0,0,0
1003,1,5.555725175868766e-05,0,0,0,0
1004,2,0.00031569787397225815,0,0,0,0
1005,2,0.00010485563846949238,0,0,0,0
1006,2,0.0002447289763675058,0,0,0,0
1007,2,0.0001743964567130486,0,0,0,0
1008,2,0.0001508612790858369,0,0,0,0
1009,2,8.11105687171099e-05,0,0,0,0
1010,2,0.00022700509114084572,0,0,0,0
1011,2,0.00026804608376709014,0,0,0,0
1012,2,4.6921568474758884e-05,0,0,0,0
1013,2,0.00023071629735412337,0,0,0,0
1014,2,8.505139992173201e-05,0,0,0,0
1015,2,0.0002050903120490652,0,0,0,0
1016,2,3.90399345548631e-05,0,0,0,0
1017,2,0.0003037121204187537,0,0,0,0
1018,2,0.00017153396134439412,0,0,0,0
1019,2,0.0001697241512881688,0,0,0,0
1020,2,0.00028512783277567246,0,0,0,0
1021,2,0.0003278115504498215,0,0,0,0
1022,2,0.00022464903315338392,0,0,0,0
1023,1,6.134682040492273e-05,87,0,0,0
1024,1,7.535450437728675e-05,0,0,0,0
1025,2,0.00010110298423514924,0,0,0,0
1026,2,0.0004768995981293847,0,0,0,0
1027,2,0.0003216309666965693,0,0,0,0
1028,2,0.00038581192054944517,0,0,0,0
1029,1,5.2970852924726075e-05,0,0,0,0
1030,2,0.0002124094628133872,0,0,0,0
1031,2,0.0007519480153702034,0,0,0,0
1032,2,0.0003496088893729115,0,0,0,0
1033,1,4.954171885056671e-05,0,0,0,0
1034,2,3.5698533747627994e-05,0,0,0,0
1035,2,0.00015949754312775922,0,0,0,0
1036,1,8.957032415019471e-06,0,0,0,0
1037,2,0.0002167996617676246,0,0,0,0
1038,2,0.00023876669563708438,0,0,0,0
1039,2,2.440670733324061e-05,0,0,0,0
1040,2,0.00011734854739430626,0,0,0,0
1041,2,0.0002252690161116837,0,0,0,0
1042,2,0.00026084143837487394,0,0,0,0
1043,1,0.00014199609578493806,18,0,0,0
1044,2,7.804957143221144e-05,0,0,0,0
1045,2,0.00014645709469694672,0,0,0,0
1046,2,5.470395211403577e-05,0,0,0,0
1047,1,0.0002298202159152118,0,0,0,0
1048,2,0.0006456939454625062,0,0,0,0
1049,2,0.0003879107428889662,0,0,0,0
1050,2,0.00016637104077024936,0,0,0,0
1051,2,0.0007543467516324538,0,0,0,0
1052,2,0.00010453532243050562,0,0,0,0
1053,2,0.0004918983716050777,0,0,0,0
1054,2,9.770845785817308e-05,0,0,0,0
1055,2,0.00014675245965087118,0,0,0,0
1056,1,5.60999218652567e-05,0,0,0,0
1057,2,8.952490169611637e-05,0,0,0,0
1058,2,0.0001194607452628374,0,0,0,0
1059,2,9.227492990488526e-05,0,0,0,0
1060,2,9.432277708620697e-05,0,0,0,0
1061,1,7.919380455340979e-05,0,0,0,0
1062,2,4.995494544593776e-05,0,0,0,0
1063,2,8.447921480449913e-05,0,0,0,0
1064,1,4.533766706612849e-06,0,0,0,0
1065,2,0.0005640754203545455,0,0,0,0
1066,2,0.00010264645072443871,0,0,0,0
1067,1,7.175991955490843e-05,0,0,0,0
1068,2,0.0002307793632490057,0,0,0,0
1069,2,0.000535448712798278,0,0,0,0
1070,2,0.0001138347083516104,0,0,0,0
1071,2,0.00028822013376307137,0,0,0,0
1072,2,0.0003321053269564689,0,0,0,0
1073,2,0.00017709822259186965,0,0,0,0
1074,1,2.574337678771404e-05,0,0,0,0
1075,2,0.00020329813992328393,1186,0,0,0
1076,2,0.000255350385660661,0,0,0,0
1077,2,0.0001599221965559817,0,0,0,0
1078,2,7.100429879416239e-05,0,0,0,0
1079,2,0.00013406609872734126,0,0,0,0
1080,2,0.0001389954401613765,0,0,0,0
1081,2,0.0001377837520477882,0,0,0,0
1082,2,0.00012870238388662023,0,0,0,0
1083,2,6.977784595765409e-05,0,0,0,0
1084,1,7.006354330463351e-05,0,0,0,0
1085,2,9.751546741920803e-05,0,0,0,0
1086,2,0.00019846692831557028,0,0,0,0
1087,2,0.0005428985897352213,0,0,0,0
1088,2,0.0005116413661104527,0,0,0,0
1089,2,0.0009815775965649344,0,0,0,0
1090,2,0.00021434744145153018,0,0,0,0
1091,2,0.00010555999541866444,0,0,0,0
1092,1,6.06936765678158e-05,0,0,0,0
1093,2,0.00018252155636697874,0,0,0,0
1094,1,0.00013067645164527018,0,0,0,0
1095,1,0.0001120469490989217,0,0,0,0
1096,2,0.00014246783512142654,0,0,0,0
1097,2,0.00030001340409187657,0,0,0,0
1098,2,0.00018422316656375957,0,0,0,0
1099,2,9.373950984409632e-05,0,0,0,0
1100,2,6.27781636011114e-05,0,0,0,0
1101,2,0.0001099473898984534,0,0,0,0
1102,2,0.00017187138385399512,0,0,0,0
1103,2,0.0006346908773550658,0,0,0,0
1104,2,0.00014493181493521994,7,0,0,0
1105,2,0.0003155892337926806,0,0,0,0
1106,2,0.0002162596870780057,0,0,0,0
1107,2,0.00014026041433935876,171,0,0,0
1108,2,8.198934633192298e-05,0,0,0,0
1109,2,8.092773604874446e-05,0,0,0,0
1110,2,0.00013261553412234451,0,0,0,0
1111,2,0.0001603367281493462,0,0,0,0
1112,2,0.00016088884233954963,0,0,0,0
1113,2,0.00022223242400901637,0,0,0,0
1114,2,0.00018925318346996298,0,0,0,0
1115,2,0.00018814568826979434,0,0,0,0
1116,2,0.00011518436648663238,0,0,0,0
1117,1,0.00022923171390323862,0,0,0,0
1118,1,0.00024960245991316785,0,0,0,0
1119,1,5.385938968128762e-05,0,0,0,0
1120,2,0.00024270226988364288,0,0,0,0
1121,2,0.0003515497179275896,0,0,0,0
1122,1,9.75182394994136e-05,0,0,0,0
1123,2,0.00035145206281065314,0,0,0,0
1124,2,0.0003220899140365908,0,0,0,0
1125,2,0.0002160728548159645,0,0,0,0
1126,2,5.349126584583274e-05,0,0,0,0
1127,2,0.00028612964020717355,0,0,0,0
1128,2,0.00018327033282027034,0,0,0,0
1129,2,0.0002257288142475362,0,0,0,0
1130,2,9.812503290297063e-05,0,0,0,0
1131,2,0.0002662009638987292,0,0,0,0
1132,2,0.00024837538639652665,0,0,0,0
1133,2,0.0004942172358571911,7,0,0,0
1134,1,1.6376196544883106e-06,0,0,0,0
1135,2,0.0006003909018278122,0,0,0,0
1136,2,0.0002778672214353496,0,0,0,0
1137,2,0.0003462817486992994,0,0,0,0
1138,2,0.0003859753171895775,0,0,0,0
1139,2,0.0002942151060835755,0,0,0,0
1140,2,0.0001346909228861356,0,0,0,0
1141,2,0.00014788098990244013,0,0,0,0
1142,1,0.00014361451078313665,0,0,0,0
1143,2,5.629844049621797e-05,0,0,0,0
1144,2,8.641692317318745e-05,0,0,0,0
1145,2,0.00031082548740371107,0,0,0,0
1146,2,0.000366954727817471,0,0,0,0
1147,2,0.00011151789968452378,0,0,0,0
1148,2,0.0008783903585771834,0,0,0,0
1149,2,7.305782280123425e-05,22,0,0,0
1150,1,0.00021589941358957004,0,0,0,0
1151,2,0.000266256647293164,0,0,0,0
1152,2,0.00011420765099732098,0,0,0,0
1153,2,0.0001368087112368782,0,0,0,0
1154,2,0.0002799784208647452,0,0,0,0
1155,2,0.000437782636275721,0,0,0,0
1156,2,0.00045521104989856094,0,0,0,0
1157,2,0.00016189107036209262,0,0,0,0
1158,2,0.0004099623152293455,0,0,0,0
1159,2,0.00035092241147597253,0,0,0,0
1160,1,0.00011322054092084485,0,0,0,0
1161,2,0.00014584905435996852,0,0,0,0
1162,2,0.00014268445206644183,0,0,0,0
1163,2,0.0001241284460721926,0,0,0,0
1164,2,0.00023425272867785388,0,0,0,0
1165,2,0.00015282995308815223,0,0,0,0
1166,2,0.0003904818445486384,2293,0,0,0
1167,2,0.000643345177255233,0,0,0,0
1168,2,0.00010394066768142196,0,0,0,0
1169,2,0.00019071674195507782,0,0,0,0
1170,2,0.00027709906491229727,0,0,0,0
1171,2,0.0001083252588051534,0,0,0,0
1172,2,0.00011376054287795066,383,0,0,0
1173,2,0.00037034068401694214,0,0,0,0
1174,2,0.0004620895059562848,0,0,0,0
1175,2,0.00033513176907155434,0,0,0,0
1176,2,0.00018107194456811244,0,0,0,0
1177,2,0.0005201938200270103,7,0,0,0
1178,2,0.0002924640379150699,0,0,0,0
1179,1,0.00022251314533054513,0,0,0,0
1180,2,0.00022981905290189657,0,0,0,0
1181,2,0.00047594432827319005,0,0,0,0
1182,2,0.0003092291578796431,0,0,0,0
1183,2,0.000231999447646353,0,0,0,0
1184,1,0.00011000653145118303,0,0,0,0
1185,2,0.00015534524507014447,0,0,0,0
1186,2,0.00033862994267169235,0,0,0,0
1187,2,0.0005061962624266854,0,0,0,0
1188,2,0.0002099650689032893,0,0,0,0
1189,1,0.00021456048077074315,0,0,0,0
1190,2,0.00014858158912032222,0,0,0,0
1191,2,0.0003532464825034634,0,0,0,0
1192,2,0.00018482356243023422,0,0,0,0
1193,2,0.0003360365271192083,731,0,0,0
1194,2,4.1849542454659376e-05,0,0,0,0
1195,2,0.0003266345107282002,0,0,0,0
1196,2,0.00025492466621564115,0,0,0,0
1197,2,0.00018257991230753918,0,0,0,0
1198,2,0.00020671794504209157,0,0,0,0
1199,2,0.0001375558174907656,0,0,0,0
1200,2,0.0003483155806147635,0,0,0,0
1201,1,0.00021084232440041133,0,0,0,0
1202,1,0.0001071677028398393,0,0,0,0
1203,2,0.00014929796844193087,848,0,0,0
1204,2,0.00013332428983195953,0,0,0,0
1205,1,0.0001913945173350289,0,0,0,0
1206,2,0.0003144376226726555,0,0,0,0
1207,2,0.00010831829385185436,0,0,0,0
1208,2,8.136054285795331e-05,0,0,0,0
1209,1,8.193120951664442e-05,0,0,0,0
1210,1,0.00012803814508190756,0,0,0,0
1211,2,0.0005757845798240838,0,0,0,0
1212,2,0.00014681880539552203,0,0,0,0
1213,2,0.0005333884823279155,0,0,0,0
1214,2,0.00021367984526204228,0,0,0,0
1215,2,0.00020926050746569594,0,0,0,0
1216,2,0.0003090253920901754,0,0,0,0
1217,1,0.00022578849260966716,0,0,0,0
1218,2,0.0001229725434812084,0,0,0,0
1219,2,0.00011879909559929972,0,0,0,0
1220,2,0.00023294913154972685,0,0,0,0
1221,2,0.0004911289418336855,0,0,0,0
1222,2,0.0002221441756692041,0,0,0,0
1223,1,3.6355015959285905e-06,0,0,0,0
1224,2,0.0005800356394373858,0,0,0,0
1225,2,0.0001473755587075832,0,0,0,0
1226,2,0.00011227725823700937,0,0,0,0
1227,2,0.00024198352227691662,17,0,0,0
1228,1,0.0006355766493584936,0,0,0,0
1229,2,0.00010560568673739726,0,0,0,0
1230,2,4.4771401656833155e-05,0,0,0,0
1231,2,0.00019882800855036304,0,0,0,0
1232,2,6.674581193638215e-05,0,0,0,0
1233,2,0.0003412191534431604,0,0,0,0
1234,2,0.0003521231507349695,0,0,0,0
1235,2,0.00027860769280412293,0,0,0,0
1236,2,0.00024029498802072605,0,0,0,0
1237,2,0.0004091174726532085,0,0,0,0
1238,2,0.0002404760487267564,0,0,0,0
1239,2,0.00016994197376473804,0,0,0,0
1240,2,0.00014509098910077482,0,0,0,0
1241,2,0.00011348709262249182,0,0,0,0
1242,2,0.0006147042993247037,0,0,0,0
1243,2,8.725548438088958e-05,0,0,0,0
1244,2,0.00020123254655142556,0,0,0,0
1245,2,0.0001710487106319527,0,0,0,0
1246,1,0.0001576939768232504,0,0,0,0
1247,2,0.00021609191969293302,0,0,0,0
1248,2,0.0004957199192069406,308,0,0,0
1249,2,0.0003689690536302716,0,0,0,0
1250,2,0.00014170237926631123,0,0,0,0
1251,2,0.00018939413189581101,0,0,0,0
1252,2,0.0003342735242139193,0,0,0,0
1253,1,4.525252286604008e-05,0,0,0,0
1254,1,0.0001719191127406334,0,0,0,0
1255,2,0.00013369775767020905,0,0,0,0
1256,2,0.00014304912675495098,0,0,0,0
1257,2,0.0005794188529843438,0,0,0,0
1258,2,0.00045961133904418846,0,0,0,0
1259,2,8.435715283622979e-05,0,0,0,0
1260,2,4.355870385186218e-05,0,0,0,0
1261,2,2.1775245665534696e-05,0,0,0,0
1262,2,0.000160461512702209,0,0,0,0
1263,2,0.0004600531052920245,0,0,0,0
1264,2,0.0001658913492338544,0,0,0,0
1265,2,6.871063742230625e-05,0,0,0,0
1266,2,5.964606296021117e-05,0,0,0,0
1267,1,3.9986676630643204e-05,0,0,0,0
1268,2,2.1671356523469153e-05,0,0,0,0
1269,2,0.0002878617689439271,0,0,0,0
1270,2,0.00017098474361478946,0,0,0,0
1271,1,6.98610265910124e-05,0,0,0,0
1272,2,0.0002889068262944902,7,0,0,0
1273,2,0.00014842048178156765,0,0,0,0
1274,2,0.00020812627462404905,0,0,0,0
1275,2,0.00011776947787327045,0,0,0,0
1276,1,1.8003286795444496e-05,0,0,0,0
1277,2,8.594964122500368e-05,0,0,0,0
1278,2,0.0003758319465834714,0,0,0,0
1279,2,0.0006684300798786622,0,0,0,0
1280,2,0.0005978130018705596,0,0,0,0
1281,2,0.00015405209192570168,0,0,0,0
1282,2,0.00030657628487178504,0,0,0,0
1283,2,7.143477862333317e-06,0,0,0,0
1284,2,0.0001799057260203652,0,0,0,0
1285,2,0.0002031610087293659,0,0,0,0
1286,2,7.894044107729246e-05,0,0,0,0
1287,2,0.0002953450251771724,0,0,0,0
1288,2,0.0001651189114781305,0,0,0,0
1289,2,0.00019043671023621198,0,0,0,0
1290,2,0.0002820662717973209,0,0,0,0
1291,2,0.000322240305592448,0,0,0,0
1292,2,0.00020301450602712852,0,0,0,0
1293,2,5.3340908008605494e-05,0,0,0,0
1294,2,3.452031223887582e-05,0,0,0,0
1295,1,1.0816344938357696e-05,0,0,0,0
1296,2,0.0002341437437851816,0,0,0,0
1297,2,0.00010685692058479662,0,0,0,0
1298,2,0.0003426688271290167,0,0,0,0
1299,1,4.551633156925712e-05,0,0,0,0
1300,2,5.9602055473512966e-05,0,0,0,0
1301,2,0.00037243507615908957,0,0,0,0
1302,2,0.0003150089147702882,0,0,0,0
1303,2,0.00044777706514829947,0,0,0,0
1304,2,0.00034492385554164395,0,0,0,0
1305,2,7.373121573666927e-05,0,0,0,0
1306,1,9.557066788539905e-06,7,0,0,0
1307,1,2.695071643165434e-05,0,0,0,0
1308,2,0.0002512269144950741,0,0,0,0
1309,2,0.00042415990373362083,0,0,0,0
1310,2,0.00015744258993525596,0,0,0,0
1311,2,0.0004383885514033285,0,0,0,0
1312,2,6.930565687340311e-05,0,0,0,0
1313,2,0.0001654408097651919,0,0,0,0
1314,2,0.00022188385169489292,0,0,0,0
1315,2,0.001487230940436484,5889,0,0,0
1316,2,0.0003474745787090263,0,0,0,0
1317,2,0.0004386667431158975,0,0,0,0
1318,2,0.0002780771148374247,0,0,0,0
1319,2,0.00012661045932987113,0,0,0,0
1320,2,0.00018904682465378683,0,0,0,0
1321,2,0.00024175863536992024,0,0,0,0
1322,2,0.00023508942920702475,0,0,0,0
1323,2,0.00043463292460526844,0,0,0,0
1324,2,5.910414617635951e-05,0,0,0,0
1325,2,0.00031351431281171445,0,0,0,0
1326,2,0.0005799296109086365,0,0,0,0
1327,2,0.00020017717216523195,0,0,0,0
1328,2,0.000159745760315974,0,0,0,0
1329,2,0.00031015385738977243,0,0,0,0
1330,2,0.0001771682739543463,0,0,0,0
1331,2,0.0003794510493458532,0,0,0,0
1332,2,0.00021799170129815904,0,0,0,0
1333,2,0.00041013685629968005,0,0,0,0
1334,1,3.227670741525134e-05,0,0,0,0
1335,2,3.201723138958461e-05,0,0,0,0
1336,2,0.000275342709386679,0,0,0,0
1337,2,0.0004966503707498391,0,0,0,0
1338,2,0.0001218648608353746,0,0,0,0
1339,2,0.00010053245671847454,0,0,0,0
1340,2,0.0005150243467879582,0,0,0,0
1341,2,0.00012117677302682644,0,0,0,0
1342,2,0.0003043228213781601,0,0,0,0
1343,2,0.000326710588097417,843,0,0,0
1344,2,0.0004488550629200793,0,0,0,0
1345,2,6.516295579239222e-05,0,0,0,0
1346,2,0.0003893633803139501,0,0,0,0
1347,2,5.078875012138839e-05,0,0,0,0
1348,2,0.0004429441511518826,0,0,0,0
1349,2,0.000562149622088156,0,0,0,0
1350,2,4.440046103478651e-05,7,0,0,0
1351,1,9.011039339106238e-05,0,0,0,0
1352,2,0.00014820437911818742,0,0,0,0
1353,1,2.7544061995407074e-05,0,0,0,0
1354,2,2.2449860720073975e-05,0,0,0,0
1355,2,0.00018750932350387344,0,0,0,0
1356,2,0.0003564041047949644,0,0,0,0
1357,2,0.00031291282703866513,0,0,0,0
1358,2,0.0003525250104191046,0,0,0,0
1359,2,0.0005074630570571888,0,0,0,0
1360,2,0.00019128956404666975,12,0,0,0
1361,2,0.0005270854235957435,277,0,0,0
1362,2,0.00026394956760726,0,0,0,0
1363,2,0.00011822504137471385,0,0,0,0
1364,2,0.00039779049837518945,0,0,0,0
1365,2,0.00036953784980723773,0,0,0,0
1366,2,0.000135582006872736,0,0,0,0
1367,2,0.0001879618355717305,0,0,0,0
1368,1,0.00010185233619750946,0,0,0,0
1369,2,0.00044618995746898506,0,0,0,0
1370,2,0.00017813197983103,135,0,0,0
1371,2,0.00027614311577118747,0,0,0,0
1372,2,0.00037029593240712165,0,0,0,0
1373,2,0.0005974594720593257,0,0,0,0
1374,2,9.80421354799725e-05,0,0,0,0
1375,2,0.00010907723316983617,0,0,0,0
1376,2,0.0007603060270521847,0,0,0,0
1377,1,0.00016684594183836342,0,0,0,0
1378,2,0.00017988761783525303,0,0,0,0
1379,2,0.0001113300366818798,0,0,0,0
1380,2,0.0001024946528734996,0,0,0,0
1381,1,0.00016797364659918137,0,0,0,0
1382,2,0.00015108098208057018,0,0,0,0
1383,1,0.0002262705328838756,0,0,0,0
1384,2,6.172142093681981e-05,0,0,0,0
1385,2,0.0005964396505507976,0,0,0,0
1386,2,5.428131644011416e-05,0,0,0,0
1387,1,0.0003576367573086101,59,0,0,0
1388,1,0.00031061661131612033,0,0,0,0
1389,2,0.0001866799020403566,0,0,0,0
1390,2,0.00016396080564721446,0,0,0,0
1391,2,0.00037479987407311064,0,0,0,0
1392,2,0.0005219457210150569,0,0,0,0
1393,2,6.281299234901896e-05,0,0,0,0
1394,2,0.00020099440233597394,0,0,0,0
1395,2,0.0006078350498481127,0,0,0,0
1396,2,7.271455351059772e-05,0,0,0,0
1397,2,0.0002808074762131928,0,0,0,0
1398,2,0.00026891723266507197,0,0,0,0
1399,2,0.00015663689200389459,0,0,0,0
1400,1,6.194045801030325e-05,0,0,0,0
1401,2,2.9181012722875038e-05,0,0,0,0
1402,2,0.0007057712836508039,0,0,0,0
1403,2,0.00010388113504709077,0,0,0,0
1404,2,2.7524680868962257e-05,0,0,0,0
1405,2,2.0259485531062092e-05,0,0,0,0
1406,2,6.990667833637041e-05,0,0,0,0
1407,2,0.00022907094587234914,0,0,0,0
1408,2,0.00018504643488127063,0,0,0,0
1409,2,4.852312695639927e-05,0,0,0,0
1410,2,0.00037329520744488304,0,0,0,0
1411,2,0.0001265154759276766,0,0,0,0
1412,2,0.0002203528268616594,0,0,0,0
1413,2,0.00019338194186547503,0,0,0,0
1414,2,0.0003566049036482034,0,0,0,0
1415,1,0.0001115945909916229,0,0,0,0
1416,2,0.0004467111694100248,0,0,0,0
1417,2,0.00029953485836359896,0,0,0,0
1418,1,0.0002172971108003143,0,0,0,0
1419,2,0.0003766788196327187,0,0,0,0
1420,2,0.00010421898019160607,0,0,0,0
1421,2,0.0002997687296901193,0,0,0,0
1422,2,7.111548404504985e-05,0,0,0,0
1423,2,0.00016698175048796297,0,0,0,0
1424,2,0.00035046288084065894,0,0,0,0
1425,2,0.00019175503266258463,0,0,0,0
1426,2,0.00014336293687341849,0,0,0,0
1427,2,0.00020469498540283962,0,0,0,0
1428,1,0.00010284868824542016,0,0,0,0
1429,2,0.0006082610865276642,0,0,0,0
1430,2,7.90604003519324e-05,0,0,0,0
1431,2,8.691630329595234e-05,0,0,0,0
1432,2,9.694670576600649e-05,0,0,0,0
1433,2,0.00023008312650323615,0,0,0,0
1434,2,0.00011047383241172719,632,0,0,0
1435,2,0.0005369680355005275,0,0,0,0
1436,2,0.0001305022240942607,0,0,0,0
1437,2,0.0005227266936167897,0,0,0,0
1438,2,0.0005355354320636615,0,0,0,0
1439,2,0.00015642024494218808,0,0,0,0
1440,1,0.00014453159132327611,0,0,0,0
1441,2,0.0006162196002371378,0,0,0,0
1442,2,8.55718112443165e-05,0,0,0,0
1443,2,7.743541294400608e-05,0,0,0,0
1444,2,8.741623724914405e-05,0,0,0,0
1445,2,0.0002565310691732457,0,0,0,0
1446,1,1.5460474723549605e-05,0,0,0,0
1447,2,0.00016384952254177088,0,0,0,0
1448,2,7.8173117434879e-05,0,0,0,0
1449,2,8.679846346707948e-05,0,0,0,0
1450,2,4.007481157639701e-05,0,0,0,0
1451,2,4.177491205578165e-05,0,0,0,0
1452,2,0.00031589649102760597,0,0,0,0
1453,2,0.0007316682691495483,0,0,0,0
1454,2,0.0005404553485216532,0,0,0,0
1455,2,0.00014646804821580564,0,0,0,0
1456,2,0.000236188781668018,0,0,0,0
1457,2,0.00021277757833967767,0,0,0,0
1458,2,0.00015768411445771515,0,0,0,0
1459,1,1.12604102117269e-05,0,0,0,0
1460,2,0.00020698210657653252,0,0,0,0
1461,2,4.0266532378504234e-05,7,0,0,0
1462,2,3.5659911132320205e-05,0,0,0,0
1463,2,0.0002052960154093637,0,0,0,0
1464,1,0.00021992960861070047,0,0,0,0
1465,2,0.00017460175175970064,0,0,0,0
1466,1,6.3218089469605915e-06,0,0,0,0
1467,2,0.0004656132463542779,0,0,0,0
1468,2,0.0002642142238676261,0,0,0,0
1469,1,3.270881285197954e-05,0,0,0,0
1470,2,1.2083637602845571e-05,0,0,0,0
1471,2,0.00020935031281247996,0,0,0,0
1472,2,0.00016618644618197038,0,0,0,0
1473,1,4.829755325322765e-05,0,0,0,0
1474,1,2.6558717175471927e-06,45,0,0,0
1475,2,6.505956129317409e-05,7,0,0,0
1476,2,0.0002530566463595403,0,0,0,0
1477,2,3.723611597602203e-05,0,0,0,0
1478,2,0.0006278451069110898,0,0,0,0
1479,1,5.3893561259146886e-05,0,0,0,0
1480,1,1.7759154951418972e-05,0,0,0,0
1481,1,0.00023541754741145785,0,0,0,0
1482,2,4.65450412092646e-05,0,0,0,0
1483,1,0.00010334558518764676,0,0,0,0
1484,2,0.0003108961616879601,0,0,0,0
1485,2,0.00043633808242811515,109,0,0,0
1486,2,0.0003209888825981212,2323,0,0,0
1487,2,0.00038221088119024015,0,0,0,0
1488,2,8.363279684447036e-05,0,0,0,0
1489,2,0.00018814551551642387,0,0,0,0
1490,2,6.751779799465875e-05,0,0,0,0
1491,1,0.0001400265652845842,0,0,0,0
1492,2,0.00014622027010772405,1303,0,0,0
1493,2,0.0005145263361075037,0,0,0,0
1494,2,0.00019355102726020294,0,0,0,0
1495,2,0.0003337785594802661,0,0,0,0
1496,2,0.00015268357902118658,0,0,0,0
1497,2,0.00020597468812698494,0,0,0,0
1498,2,0.00010906561009963696,0,0,0,0
1499,2,0.00018678632304828833,0,0,0,0
1500,1,0.0006879375453990144,0,0,0,0
1501,1,7.762499861645839e-05,37,0,0,0
1502,2,0.00012036588641327551,0,0,0,0
1503,2,0.00028585257489352576,0,0,0,0
1504,2,0.0002430300202528252,0,0,0,0
1505,2,0.00026362091464763313,0,0,0,0
1506,2,4.4575192960989254e-05,0,0,0,0
1507,2,0.00011595952855829004,0,0,0,0
1508,2,0.0005278188780512769,0,0,0,0
1509,2,0.00021385356346011528,0,0,0,0
1510,1,0.00014956949068176869,0,0,0,0
1511,2,0.00019998723272231868,0,0,0,0
1512,2,0.00010426208192515782,0,0,0,0
1513,1,6.63281690236965e-07,0,0,0,0
1514,2,0.0002668770804703917,0,0,0,0
1515,1,0.0005838575068769855,2250,0,0,0
1516,2,0.0002808512940045324,6520,0,0,0
1517,2,0.0005809289731450112,1138,0,0,0
1518,2,0.00028569519730395126,0,0,0,0
1519,2,0.00012733054027424176,117,0,0,0
1520,2,5.61399317399572e-06,0,0,0,0
1521,2,0.0002756184649992396,214,0,0,0
1522,2,9.001217360670049e-05,0,0,0,0
1523,2,0.0004948837853115715,0,0,0,0
1524,2,0.0002469933921612788,0,0,0,0
1525,2,0.00010785800244837048,0,0,0,0
1526,1,0.00018007763556595477,0,0,0,0
1527,2,3.225786891374166e-05,0,0,0,0
1528,2,4.7044463092650915e-05,0,0,0,0
1529,2,4.349606818982438e-05,0,0,0,0
1530,2,0.00033698241907472717,0,0,0,0
1531,1,0.00027656727131677793,0,0,0,0
1532,1,0.0002563656092095967,0,0,0,0
1533,2,0.0004274540251032116,0,0,0,0
1534,1,1.6007052760127994e-05,0,0,0,0
1535,2,0.00023224405172845688,0,0,0,0
1536,2,0.0002920276635993973,0,0,0,0
1537,2,0.00018235648485315646,0,0,0,0
1538,2,0.0002630870178777521,0,0,0,0
1539,2,0.0003373774316053525,0,0,0,0
1540,2,0.00017497586659496277,0,0,0,0
1541,2,0.000319162538383257,0,0,0,0
1542,2,0.0002843162050163266,0,0,0,0
1543,2,0.0002599025729941956,0,0,0,0
1544,2,0.00021683439971682678,0,0,0,0
1545,2,0.00011106978514117543,0,0,0,0
1546,2,0.00027992102652853087,0,0,0,0
1547,2,0.00017373787313281413,137,0,0,0
1548,1,4.287874820637677e-05,14,0,0,0
1549,2,8.632968336281262e-05,0,0,0,0
1550,2,0.00013378309766354452,0,0,0,0
1551,2,0.0002228898793789974,0,0,0,0
1552,2,9.314585778478128e-05,0,0,0,0
1553,2,0.0001142512075272152,0,0,0,0
1554,2,2.6187064572272336e-05,0,0,0,0
1555,2,0.00011324982585372014,0,0,0,0
1556,1,0.00030539352734024823,0,0,0,0
1557,1,0.00025294012540418254,366,0,0,0
1558,2,0.00038632794593794495,0,0,0,0
1559,2,0.0002713975659569609,0,0,0,0
1560,2,0.0007274489648048526,0,0,0,0
1561,2,0.0003490050073196316,0,0,0,0
1562,2,0.0008246914882462478,0,0,0,0
1563,1,6.0671536468174445e-05,0,0,0,0
1564,1,9.272377275755444e-05,0,0,0,0
1565,2,0.0002399703475194576,0,0,0,0
1566,2,0.00020182441167296733,0,0,0,0
1567,2,0.000299774417060571,0,0,0,0
1568,2,0.0009822478538599729,0,0,0,0
1569,1,2.497028080543607e-06,61,0,0,0
1570,2,0.00023087341984052257,0,0,0,0
1571,1,1.2662080795756634e-05,0,0,0,0
1572,1,0.00010113226144206282,7,0,0,0
1573,2,3.083421193235394e-05,207,0,0,0
1574,1,9.83271641511824e-05,0,0,0,0
1575,2,0.0004415383767384123,0,0,0,0
1576,2,0.00030249992810350645,0,0,0,0
1577,1,0.00030642724393520755,0,0,0,0
1578,2,0.00028759788752995795,0,0,0,0
1579,2,0.0003598537943651553,0,0,0,0
1580,2,0.00013213892841183286,0,0,0,0
1581,2,0.00019632187933737552,0,0,0,0
1582,2,0.00039185400522410464,0,0,0,0
1583,2,0.00011564297756019105,0,0,0,0
1584,2,0.0002925110226775856,0,0,0,0
1585,2,0.0004436534447229194,7,0,0,0
1586,2,0.0007517417613081956,0,0,0,0
1587,2,0.0011140956400267216,4575,0,0,0
1588,2,0.0004089113935646741,0,0,0,0
1589,2,5.306703589787055e-05,0,0,0,0
1590,1,0.00012523787696803107,0,0,0,0
1591,2,5.09546737152947e-05,0,0,0,0
1592,2,9.106928891187327e-05,0,0,0,0
1593,2,0.00016774611254913378,0,0,0,0
1594,2,3.991197030887878e-05,0,0,0,0
1595,2,8.027758957040183e-05,0,0,0,0
1596,2,0.00011983683461945667,7,0,0,0
1597,2,0.0003848417250920358,0,0,0,0
1598,2,0.0001826039855344373,0,0,0,0
1599,2,0.00011493102231065095,0,0,0,0
1600,2,0.0002685467169115583,0,0,0,0
1601,2,5.242041402904605e-05,0,0,0,0
1602,1,4.826105955746761e-06,0,0,0,0
1603,2,0.00024121741308569082,0,0,0,0
1604,1,0.0001177881011931352,189,0,0,0
1605,2,0.00029910815905237145,0,0,0,0
1606,2,0.0003941138750475848,0,0,0,0
1607,1,0.00011925844993598456,0,0,0,0
1608,2,0.0006001618434736441,0,0,0,0
1609,2,0.0002626778075223779,0,0,0,0
1610,2,0.00023568434643950052,0,0,0,0
1611,2,0.00028795006749289054,0,0,0,0
1612,2,0.0004974300990893969,0,0,0,0
1613,2,0.0001757161361906818,0,0,0,0
1614,2,6.298836834397682e-05,0,0,0,0
1615,2,0.0002322622352317291,0,0,0,0
1616,2,0.00014652363529629858,291,0,0,0
1617,2,6.887638572229358e-05,0,0,0,0
1618,2,6.995250761084847e-05,0,0,0,0
1619,2,0.0002111080761519518,0,0,0,0
1620,2,5.9256273230161285e-05,0,0,0,0
1621,2,0.00032062629930012273,0,0,0,0
1622,2,0.0002442729086352736,0,0,0,0
1623,2,0.00019426747255648648,0,0,0,0
1624,2,0.00017293870309748765,0,0,0,0
1625,1,9.932943482298369e-05,0,0,0,0
1626,1,2.8279841980757595e-05,0,0,0,0
1627,1,0.00041824743959286125,0,0,0,0
1628,2,0.0006210845417498006,0,0,0,0
1629,2,0.000367443003617475,0,0,0,0
1630,2,0.0002837415013892191,0,0,0,0
1631,1,4.7606315047888146e-05,0,0,0,0
1632,2,6.319479365545119e-05,0,0,0,0
1633,2,0.00025753664978955045,0,0,0,0
1634,1,0.00024672069414451565,0,0,0,0
1635,2,0.00018884998014944332,0,0,0,0
1636,2,0.00029433962626016023,0,0,0,0
1637,2,0.0001283766789871696,0,0,0,0
1638,2,0.00025445609978766394,0,0,0,0
1639,2,8.563806834555633e-05,0,0,0,0
1640,1,4.35707323344977e-06,0,0,0,0
1641,2,0.0003402760860446613,0,0,0,0
1642,2,8.658825064619837e-05,0,0,0,0
1643,2,0.00010050126281055497,0,0,0,0
1644,1,8.721790221023362e-05,0,0,0,0
1645,2,0.00011186385934214845,0,0,0,0
1646,2,0.00012104352192594277,0,0,0,0
1647,2,0.00011642894129298508,0,0,0,0
1648,1,7.821777591687045e-05,0,0,0,0
1649,2,0.0002477422784323838,0,0,0,0
1650,2,0.0002833147942862164,0,0,0,0
1651,2,5.722659426394588e-05,0,0,0,0
1652,2,5.1617478390340624e-05,0,0,0,0
1653,2,6.097487315138104e-05,0,0,0,0
1654,2,0.00022917213933228424,36,0,0,0
1655,2,0.0003291638739401657,0,0,0,0
1656,2,6.224832086823544e-05,0,0,0,0
1657,2,7.625579357832872e-05,0,0,0,0
1658,2,0.000986338151238088,0,0,0,0
1659,1,0.000266357684614047,0,0,0,0
1660,2,0.00020012712812816333,0,0,0,0
1661,2,0.00021496927154493624,0,0,0,0
1662,2,0.00028505300903785365,0,0,0,0
1663,2,0.0003081750837818586,2434,0,0,0
1664,2,0.00027971076748153114,0,0,0,0
1665,2,0.0003885469194004681,0,0,0,0
1666,2,0.0002811003758389283,0,0,0,0
1667,2,0.00016225599164057758,0,0,0,0
1668,2,0.00023860272869962143,0,0,0,0
1669,2,0.00012917223978493677,18,0,0,0
1670,2,0.0001919108913421616,0,0,0,0
1671,2,0.00028115315240258775,0,0,0,0
1672,2,0.00045617119156172466,0,0,0,0
1673,2,0.0003302019611655466,0,0,0,0
1674,2,0.000149931220730378,0,0,0,0
1675,2,0.00036413535880174837,0,0,0,0
1676,2,0.00023794856734038374,0,0,0,0
1677,2,0.0001839037136676117,0,0,0,0
1678,2,0.0005045107087086496,0,0,0,0
1679,2,0.00035928708477341183,0,0,0,0
1680,2,0.00011495149075732888,0,0,0,0
1681,2,8.056507130979102e-05,7,0,0,0
1682,2,0.00042649197166994284,0,0,0,0
1683,1,0.00010010347563353073,0,0,0,0
1684,1,0.0002734827463885707,0,0,0,0
1685,1,4.0768543661711224e-05,0,0,0,0
1686,2,0.0002803036085832296,0,0,0,0
1687,2,3.826284949417972e-05,0,0,0,0
1688,2,0.00021656167997414263,0,0,0,0
1689,2,0.0002469539596632478,82,0,0,0
1690,2,0.00018357721667453105,0,0,0,0
1691,1,0.00016012609982258742,0,0,0,0
1692,2,0.00014223445422850242,0,0,0,0
1693,2,7.526854735274444e-05,0,0,0,0
1694,2,0.00018149767723856652,0,0,0,0
1695,2,0.0002967848022779845,1554,0,0,0
1696,2,0.0006821677708603804,0,0,0,0
1697,2,0.00020574530407570956,0,0,0,0
1698,2,0.00013040447333861609,0,0,0,0
1699,2,5.655369022563576e-05,0,0,0,0
1700,2,0.0003987439578538947,0,0,0,0
1701,2,0.00028180862049914055,0,0,0,0
1702,2,6.95452361678224e-05,0,0,0,0
1703,2,0.00019086853856623164,0,0,0,0
1704,2,0.0003788868998474145,0,0,0,0
1705,2,0.00017384810476453398,0,0,0,0
1706,2,0.0012729558153794533,4450,0,0,0
1707,2,2.360030554214488e-05,2743,0,0,0
1708,2,0.00014012381384756654,0,0,0,0
1709,2,0.00028923155144041886,0,0,0,0
1710,2,0.0001269166517907188,0,0,0,0
1711,1,8.975339742473409e-05,0,0,0,0
1712,2,0.00010656757531349739,0,0,0,0
1713,2,0.00027562298507615086,0,0,0,0
1714,2,3.854566758050785e-05,0,0,0,0
1715,2,0.00022311236980455528,0,0,0,0
1716,2,0.0003342876385559422,0,0,0,0
1717,2,0.0002469110202944978,0,0,0,0
1718,2,0.00026228362433889773,0,0,0,0
1719,1,9.955812120785193e-05,0,0,0,0
1720,1,1.667463908831716e-05,0,0,0,0
1721,1,3.3166687139783584e-05,0,0,0,0
1722,2,0.00015450428392423156,0,0,0,0
1723,2,0.0007203512627287398,0,0,0,0
1724,2,0.0003865242414478461,0,0,0,0
1725,1,7.068253250001932e-05,0,0,0,0
1726,2,0.000184397767093977,0,0,0,0
1727,1,0.00024171242220412026,0,0,0,0
1728,2,9.491381923379146e-05,0,0,0,0
1729,2,0.00015303197317064856,0,0,0,0
1730,2,0.0006069175418624699,0,0,0,0
1731,2,4.312786566916159e-05,0,0,0,0
1732,2,0.0002831962738730787,0,0,0,0
1733,1,0.00012151822317969731,0,0,0,0
1734,1,0.00015056929719056678,0,0,0,0
1735,2,0.00021244437083068503,0,0,0,0
1736,1,6.503719326621722e-06,0,0,0,0
1737,2,0.0001305342215556123,0,0,0,0
1738,2,0.00035149822819870337,0,0,0,0
1739,2,0.00025819867613148,0,0,0,0
1740,2,6.974115771092179e-05,0,0,0,0
1741,2,5.5576578437379386e-05,0,0,0,0
1742,2,0.00032277801303417256,0,0,0,0
1743,2,0.00017786386736207897,0,0,0,0
1744,2,0.00011557990018851223,0,0,0,0
1745,1,0.00012417278870743918,0,0,0,0
1746,2,5.232489391799264e-05,0,0,0,0
1747,2,0.0004195174405207016,0,0,0,0
1748,2,7.429336641704714e-05,0,0,0,0
1749,1,8.746913838338953e-05,0,0,0,0
1750,2,0.0003658822795133405,0,0,0,0
1751,1,0.00013775232981986192,0,0,0,0
1752,2,0.0001884251869297812,7,0,0,0
1753,2,0.0001807821067928415,1174,0,0,0
1754,2,0.0002930932845894567,0,0,0,0
1755,2,0.00016668849022428162,0,0,0,0
1756,1,0.00018211151168899276,0,0,0,0
1757,2,0.0001838848173281632,0,0,0,0
1758,2,0.0002945173566194495,0,0,0,0
1759,2,0.0006581682585989582,0,0,0,0
1760,2,0.0001267495541741492,0,0,0,0
1761,2,6.320291220946475e-05,0,0,0,0
1762,2,0.0003073497885505178,0,0,0,0
1763,2,0.00022704443201212277,0,0,0,0
1764,1,2.9860729550749987e-05,0,0,0,0
1765,1,0.0002637149174231488,0,0,0,0
1766,2,0.00013807784294269114,0,0,0,0
1767,2,1.9805204624576927e-05,0,0,0,0
1768,2,0.0001070384507901922,0,0,0,0
1769,2,0.00020656430898361708,0,0,0,0
1770,2,0.00011031690934180427,0,0,0,0
1771,2,0.00027648314344069146,0,0,0,0
1772,2,0.0002467562716093866,0,0,0,0
1773,1,3.5401391811558636e-05,0,0,0,0
1774,1,0.0001448500869343216,0,0,0,0
1775,2,0.0002803099695540301,0,0,0,0
1776,2,0.00037979700202641687,0,0,0,0
1777,2,0.0001539501069946039,0,0,0,0
1778,2,0.00016004433847582614,0,0,0,0
1779,2,0.0002828708487951751,0,0,0,0
1780,2,0.00042313501925843837,0,0,0,0
1781,2,6.829864062074947e-05,0,0,0,0
1782,2,0.0002589569320040199,0,0,0,0
1783,2,0.00028079712738918666,0,0,0,0
1784,2,8.519857313423745e-05,0,0,0,0
1785,2,4.1954678003407715e-05,0,0,0,0
1786,2,0.0003426152308856184,0,0,0,0
1787,2,0.0004809163551072862,0,0,0,0
1788,1,2.028737300752228e-05,0,0,0,0
1789,2,0.00036446484602356284,462,0,0,0
1790,2,0.0003398928942619419,0,0,0,0
1791,2,7.425344125186587e-05,0,0,0,0
1792,2,0.0002839679662109263,0,0,0,0
1793,2,0.00018770525198793392,446,0,0,0
1794,2,0.0005290545404217302,0,0,0,0
1795,2,0.00021488094454906646,0,0,0,0
1796,2,0.00020060840363428798,0,0,0,0
1797,2,0.0004955390595986741,0,0,0,0
1798,2,9.450742147683383e-05,0,0,0,0
1799,2,0.0002283678901007406,0,0,0,0
1800,2,0.00021126276523549708,0,0,0,0
1801,2,0.0002374172130358324,0,0,0,0
1802,2,0.00011682113589262795,0,0,0,0
1803,2,0.0002560553242827646,359,0,0,0
1804,2,3.111572389450408e-05,0,0,0,0
1805,1,3.100262107584319e-05,0,0,0,0
1806,2,0.0001815780888151236,0,0,0,0
1807,2,0.00023620458792579909,0,0,0,0
1808,2,0.0001974745079912518,0,0,0,0
1809,1,0.00012459563501295245,0,0,0,0
1810,2,0.0006401272745749874,0,0,0,0
1811,1,5.7666534307767145e-05,0,0,0,0
1812,2,0.00024191335768544695,0,0,0,0
1813,2,7.451164723714977e-05,0,0,0,0
1814,2,0.00029032190644227656,0,0,0,0
1815,2,5.6825543909568676e-05,0,0,0,0
1816,1,5.901014997714552e-05,0,0,0,0
1817,2,0.00013374236693185942,0,0,0,0
1818,2,0.0001606068973492213,0,0,0,0
1819,2,0.00013020041322399752,2110,0,0,0
1820,1,4.847564931937089e-05,0,0,0,0
1821,2,0.00010862508357008016,0,0,0,0
1822,2,0.00031461196207710593,0,0,0,0
1823,2,0.00021178372048942008,0,0,0,0
1824,2,0.00020047892581164946,0,0,0,0
1825,2,6.936515292351135e-05,0,0,0,0
1826,2,4.237597738014254e-05,0,0,0,0
1827,2,1.2843236446169502e-05,0,0,0,0
1828,2,0.00032213644127925006,0,0,0,0
1829,2,0.0002553029771958709,0,0,0,0
1830,2,4.9553948889590706e-05,0,0,0,0
1831,2,0.0005140796167272721,0,0,0,0
1832,2,0.00019084827417228007,0,0,0,0
1833,2,0.0002569441114575712,0,0,0,0
1834,2,3.617039532660739e-05,0,0,0,0
1835,2,0.0003274683351409915,0,0,0,0
1836,2,0.0007394916366026072,0,0,0,0
1837,2,0.00018716779365921695,0,0,0,0
1838,2,8.483752929002614e-05,0,0,0,0
1839,1,0.00044532028975575696,0,0,0,0
1840,2,0.0002817339778570284,0,0,0,0
1841,2,0.00016891716488586905,0,0,0,0
1842,2,0.00024286242253944318,0,0,0,0
1843,2,4.440877233729708e-05,0,0,0,0
1844,1,4.0920579930960765e-05,0,0,0,0
1845,2,0.0005035168667284828,0,0,0,0
1846,2,0.000362922662972006,0,0,0,0
1847,2,0.00014459095319622014,0,0,0,0
1848,2,0.0003341229180613805,0,0,0,0
1849,2,0.00033901940698547194,0,0,0,0
1850,2,0.0002269344559492518,0,0,0,0
1851,1,7.129279608124416e-06,0,0,0,0
1852,2,0.00037457365864532844,0,0,0,0
1853,1,7.490065621639157e-07,0,0,0,0
1854,2,0.00021479163756512457,0,0,0,0
1855,2,0.00041863288182688994,1420,0,0,0
1856,2,0.00015132330872856745,0,0,0,0
1857,2,0.00017197775100072894,0,0,0,0
1858,2,0.00023919867726915497,716,0,0,0
1859,2,0.0002394194368130547,0,0,0,0
1860,1,0.0002585384113394299,0,0,0,0
1861,2,0.00040776185545956183,0,0,0,0
1862,2,0.0001976804599267444,0,0,0,0
1863,2,0.00011033107890101728,0,0,0,0
1864,2,8.962679595251725e-05,0,0,0,0
1865,2,0.00019990080836857966,0,0,0,0
1866,2,0.00026271510549072874,0,0,0,0
1867,2,0.0005853386340829204,0,0,0,0
1868,2,0.0006634278270911451,0,0,0,0
1869,2,7.595181078915075e-05,0,0,0,0
1870,2,0.00018131182758334246,0,0,0,0
1871,2,0.0005473615524494614,0,0,0,0
1872,2,0.00011000956363793298,0,0,0,0
1873,2,0.0002324872828063037,0,0,0,0
1874,2,0.00021770256608991785,0,0,0,0
1875,1,1.2511152621377925e-05,0,0,0,0
1876,2,0.0002571400495707768,0,0,0,0
1877,2,0.00020900108745772523,0,0,0,0
1878,2,0.00025428652048341944,0,0,0,0
1879,2,0.0003312160176191365,0,0,0,0
1880,2,0.00022774579229209563,0,0,0,0
1881,2,3.269961126784836e-05,0,0,0,0
1882,2,7.29792459803231e-05,0,0,0,0
1883,2,0.00021463064610833372,0,0,0,0
1884,2,8.668786329259788e-05,0,0,0,0
1885,2,0.00013366223585154345,0,0,0,0
1886,1,0.00011034245383932483,0,0,0,0
1887,2,0.00044641525064083006,0,0,0,0
1888,2,3.625794840061659e-05,0,0,0,0
1889,2,7.038444646332112e-05,0,0,0,0
1890,2,0.0002816205572585711,0,0,0,0
1891,2,0.0001599502027156555,0,0,0,0
1892,1,6.33913438755209e-05,0,0,0,0
1893,2,0.00025293182522177304,0,0,0,0
1894,2,3.250298016626995e-05,0,0,0,0
1895,2,0.000218343878794846,0,0,0,0
1896,2,0.0004039534073396064,0,0,0,0
1897,2,0.00015755998156264596,0,0,0,0
1898,2,0.0004364505068229125,0,0,0,0
1899,2,0.00010028639029195125,0,0,0,0
1900,2,0.00028605626868327834,0,0,0,0
1901,2,0.00021949325234846525,0,0,0,0
1902,2,5.764938058031526e-05,0,0,0,0
1903,2,0.0003239528409994504,0,0,0,0
1904,2,0.0002562598574639392,0,0,0,0
1905,2,0.00015987642482004753,0,0,0,0
1906,2,0.0006766589199616425,0,0,0,0
1907,2,0.00030995433756250863,0,0,0,0
1908,2,0.00025253961850614314,0,0,0,0
1909,1,0.00029431236486651306,0,0,0,0
1910,2,0.00026043042911081917,0,0,0,0
1911,2,0.00017271201204384096,0,0,0,0
1912,2,8.251508556572748e-05,0,0,0,0
1913,2,0.00044105734940268356,0,0,0,0
1914,1,0.00016772255762244478,0,0,0,0
1915,2,0.00013165816582998794,0,0,0,0
1916,2,0.0001589546411301589,0,0,0,0
1917,2,0.00011444217312336643,0,0,0,0
1918,2,0.00029385566788176897,0,0,0,0
1919,2,8.79080676066886e-05,0,0,0,0
1920,2,0.00016986836805611257,0,0,0,0
1921,2,0.0002091001160481484,0,0,0,0
1922,2,1.7045594414481443e-05,0,0,0,0
1923,2,8.553996658062658e-05,0,0,0,0
1924,2,0.00032656811163272,0,0,0,0
1925,2,6.449887442604026e-05,0,0,0,0
1926,2,0.00016310615268022628,0,0,0,0
1927,2,7.509968180407582e-05,0,0,0,0
1928,2,5.527405075448298e-05,0,0,0,0
1929,2,0.0003256134247034884,0,0,0,0
1930,1,0.00016484269555054544,0,0,0,0
1931,2,0.0004040758045271725,0,0,0,0
1932,2,9.210296732076183e-05,0,0,0,0
1933,2,0.0002680760735545413,0,0,0,0
1934,2,5.906556424690599e-05,0,0,0,0
1935,2,0.00015209503796663937,0,0,0,0
1936,2,0.0001852074394240625,0,0,0,0
1937,2,2.6900578669378782e-05,0,0,0,0
1938,2,0.00018634591566228466,0,0,0,0
1939,2,0.00030554200617481577,0,0,0,0
1940,1,0.00019649109385498132,0,0,0,0
1941,2,0.00040895838794950684,0,0,0,0
1942,2,0.00020333664874443023,0,0,0,0
1943,2,0.00026976301280116124,0,0,0,0
1944,2,0.00036306218246838945,0,0,0,0
1945,2,0.00015478002061845533,0,0,0,0
1946,1,7.81179272279607e-06,0,0,0,0
1947,2,0.00010043304527194321,0,0,0,0
1948,2,0.00013370773423166066,12,0,0,0
1949,1,7.774849610151863e-05,0,0,0,0
1950,1,0.00015618853431885807,7,0,0,0
1951,1,3.13690782595928e-05,0,0,0,0
1952,2,0.00032158617648803573,0,0,0,0
1953,1,0.00016108137439586648,0,0,0,0
1954,2,0.0003235687016268207,0,0,0,0
1955,2,0.0001331346474412451,0,0,0,0
1956,2,0.0005080265864113155,0,0,0,0
1957,1,0.00017834322775014516,0,0,0,0
1958,1,0.0003342435250919346,0,0,0,0
1959,2,2.4036643453381033e-05,0,0,0,0
1960,2,8.598770079293533e-05,0,0,0,0
1961,2,0.00017872514288133436,0,0,0,0
1962,2,0.00031908382006894977,0,0,0,0
1963,2,0.00011070320079163503,0,0,0,0
1964,2,6.065387042369844e-05,0,0,0,0
1965,1,7.884369551288327e-05,0,0,0,0
1966,2,0.00010548131200946343,0,0,0,0
1967,2,0.00012639151446741081,0,0,0,0
1968,2,0.0001480177364518727,0,0,0,0
1969,2,0.00012325119239182044,0,0,0,0
1970,2,0.00016108206443373848,0,0,0,0
1971,2,0.0004817344989601271,0,0,0,0
1972,2,0.00014926615507758104,0,0,0,0
1973,2,0.0001342497224417147,0,0,0,0
1974,2,0.00044861108526685837,0,0,0,0
1975,2,0.000495192922739506,0,0,0,0
1976,2,0.0001688697794330799,0,0,0,0
1977,1,0.00031037778859587927,0,0,0,0
1978,2,0.00026072931675030065,0,0,0,0
1979,2,0.00039281301290166405,0,0,0,0
1980,2,0.0002290596939746151,0,0,0,0
1981,2,0.0001689540718959768,1139,0,0,0
1982,2,0.00030323179408531025,0,0,0,0
1983,2,0.0005012422755009013,0,0,0,0
1984,2,0.00028540458655409653,0,0,0,0
1985,2,7.035549591166013e-05,0,0,0,0
1986,2,0.00040042154059330345,0,0,0,0
1987,2,9.7122977875413e-06,0,0,0,0
1988,2,0.000149965579391234,15,0,0,0
1989,2,0.00023528472811931573,0,0,0,0
1990,2,0.0003887962018852014,0,0,0,0
1991,2,0.0003145223417887757,0,0,0,0
1992,2,8.289587209508743e-05,0,0,0,0
1993,1,0.0002838892713188801,0,0,0,0
1994,1,8.381458176011494e-05,0,0,0,0
1995,2,0.00021748262982404024,0,0,0,0
1996,2,0.0004843651729177457,0,0,0,0
1997,2,4.794580470930346e-05,0,0,0,0
1998,1,0.00010769937132332743,0,0,0,0
1999,2,0.00018612935792045184,0,0,0,0
2000,2,0.00018703306496533766,0,0,0,0
2001,2,0.00019027224487472852,0,0,0,0
2002,2,0.00013152393731525892,0,0,0,0
2003,2,0.00012158170655302597,0,0,0,0
2004,2,0.0004101932391607506,0,0,0,0
2005,1,6.710977861495117e-05,0,0,0,0
2006,2,0.00034255038107371984,0,0,0,0
2007,2,0.00016493183847655457,0,0,0,0
2008,2,0.00034161777533562335,0,0,0,0
2009,1,0.00018028431448374957,0,0,0,0
2010,2,0.0002365376157795955,0,0,0,0
2011,2,6.835052963302321e-05,0,0,0,0
2012,2,0.00030919187377052143,0,0,0,0
2013,2,9.718274079853321e-05,0,0,0,0
2014,2,5.0783947451679366e-05,0,0,0,0
2015,2,0.00038656115173721936,0,0,0,0
2016,1,0.00014418805734953892,0,0,0,0
2017,2,0.0004470179157085992,0,0,0,0
2018,2,0.0002587866787066059,0,0,0,0
2019,2,0.00034012376892862803,0,0,0,0
2020,2,9.245912816832993e-05,7,0,0,0
2021,2,0.0003197809604342247,0,0,0,0
2022,2,9.295091668641755e-05,0,0,0,0
2023,1,8.211538670578425e-06,0,0,0,0
2024,2,0.000539673391070402,0,0,0,0
2025,2,0.000114512563977726,0,0,0,0
2026,2,0.0005292066708227013,0,0,0,0
2027,2,0.00037663136225402354,0,0,0,0
2028,2,0.0002774317733535731,0,0,0,0
2029,2,0.0005631453512976623,0,0,0,0
2030,1,6.344839722993125e-06,0,0,0,0
2031,1,0.00012178346783542547,0,0,0,0
2032,2,9.162523488275367e-05,0,0,0,0
2033,2,0.0001894937085497995,0,0,0,0
2034,2,0.0005527887681058591,0,0,0,0
2035,2,0.0001885777422549561,0,0,0,0
2036,2,0.0003576896209920861,0,0,0,0
2037,2,0.00019196439053927958,0,0,0,0
2038,2,0.0002270418427447826,0,0,0,0
2039,2,0.00014277549238455561,0,0,0,0
2040,2,0.00019946397876030345,0,0,0,0
2041,2,0.00012884865581389024,0,0,0,0
2042,1,0.00021649417898888737,0,0,0,0
2043,2,0.00015117809216294006,0,0,0,0
2044,2,5.6795513871573244e-05,0,0,0,0
2045,2,0.0003028112277110429,0,0,0,0
2046,2,0.00010251846422044168,0,0,0,0
2047,2,0.00017441251908225028,0,0,0,0
2048,1,7.047624534381004e-05,0,0,0,0
2049,2,0.00015318266520661998,0,0,0,0
2050,2,0.00023473622544141818,0,0,0,0
2051,2,0.0001416391625027579,0,0,0,0
2052,2,8.226338500237461e-05,0,0,0,0
2053,2,0.00040378234837571255,0,0,0,0
2054,2,0.0009112059780198516,0,0,0,0
2055,1,5.146070905367518e-05,0,0,0,0
2056,2,0.000124154593548469,0,0,0,0
2057,2,0.0001486481347409401,0,0,0,0
2058,2,0.0006545515293900589,0,0,0,0
2059,2,3.971032117695819e-05,0,0,0,0
2060,2,0.0001849339507323639,0,0,0,0
2061,2,8.609949424547853e-05,0,0,0,0
2062,2,0.00017877524846115158,0,0,0,0
2063,2,0.00021997116901371696,0,0,0,0
2064,2,0.00023825952293779745,0,0,0,0
2065,1,6.36018345843895e-05,0,0,0,0
2066,2,0.00015246650109900767,0,0,0,0
2067,2,0.0002087067521286189,0,0,0,0
2068,1,7.789572813281221e-05,0,0,0,0
2069,1,5.2247303132434e-05,0,0,0,0
2070,2,0.0001787010725470971,0,0,0,0
2071,2,0.00019953668587889962,0,0,0,0
2072,2,2.5987480278861552e-05,0,0,0,0
2073,1,1.3003966163043395e-05,0,0,0,0
2074,2,0.00022896589552811754,0,0,0,0
2075,1,7.111496804186067e-05,0,0,0,0
2076,2,0.00027833129773746553,0,0,0,0
2077,2,0.0002441329105879219,0,0,0,0
2078,2,0.00013507857481220154,0,0,0,0
2079,1,7.56483810385204e-05,0,0,0,0
2080,2,0.0002979722519922888,0,0,0,0
2081,2,5.353097464906145e-05,0,0,0,0
2082,2,0.0010737814086624281,0,0,0,0
2083,2,4.759881768806463e-05,0,0,0,0
2084,2,9.956311986949012e-05,0,0,0,0
2085,2,0.00028547052279416616,0,0,0,0
2086,2,0.0001122094750737442,0,0,0,0
2087,2,0.00014684426399674732,0,0,0,0
2088,2,0.00010959253055796913,0,0,0,0
2089,2,0.00019113363565886638,0,0,0,0
2090,2,0.00018895459274307667,0,0,0,0
2091,2,0.00026896486487381266,0,0,0,0
2092,2,0.0008226264770210375,0,0,0,0
2093,2,0.0001360575467155577,0,0,0,0
2094,1,0.00017445924515117046,0,0,0,0
2095,2,0.0003519812162317039,0,0,0,0
2096,2,0.0004131505577092927,0,0,0,0
2097,2,0.0004070855647663287,0,0,0,0
2098,2,0.00017861549573068553,0,0,0,0
2099,2,0.00012922264748269297,0,0,0,0
2100,2,0.0002321694172320166,0,0,0,0
2101,2,0.0003474185689353878,0,0,0,0
2102,2,4.685951252056836e-05,0,0,0,0
2103,2,0.00024893136798554913,0,0,0,0
2104,2,0.00021812049650217518,0,0,0,0
2105,2,0.000292999195574504,0,0,0,0
2106,2,0.0001146592390555373,0,0,0,0
2107,2,0.0003577871875892982,0,0,0,0
2108,2,0.00010144320737303091,524,0,0,0
2109,2,0.00020420599328215344,0,0,0,0
2110,2,0.00023372616348223078,0,0,0,0
2111,2,0.0005836707253386512,0,0,0,0
2112,2,0.00032229070215025464,0,0,0,0
2113,1,0.00033799631362332644,0,0,0,0
2114,2,0.00015083336095433718,0,0,0,0
2115,1,8.955896683804634e-05,0,0,0,0
2116,1,1.4550218738679725e-05,0,0,0,0
2117,2,0.00041132852642650214,0,0,0,0
2118,2,0.00015965766059104696,0,0,0,0
2119,2,0.0002471341515637898,0,0,0,0
2120,2,0.000175447822288715,0,0,0,0
2121,2,8.205545140475364e-05,0,0,0,0
2122,2,0.000489105842907377,0,0,0,0
2123,2,5.464111536171694e-05,0,0,0,0
2124,2,0.00020530634793409672,0,0,0,0
2125,2,0.0006134625379462896,4836,0,0,0
2126,2,0.0001204829766366538,0,0,0,0
2127,2,0.00023505219175349126,0,0,0,0
2128,2,0.00035870095746429084,0,0,0,0
2129,2,0.00013722987517715424,0,0,0,0
2130,2,0.0003010345684363559,0,0,0,0
2131,1,0.00042447161027780973,0,0,0,0
2132,2,0.00023215220762866685,0,0,0,0
2133,2,0.0005095495302261324,0,0,0,0
2134,2,0.00017831622317980754,0,0,0,0
2135,1,2.062407205715444e-05,0,0,0,0
2136,2,8.719961408841303e-05,0,0,0,0
2137,2,0.00019823382707240852,0,0,0,0
2138,2,0.00015893635854683096,0,0,0,0
2139,1,0.00030467831168709227,0,0,0,0
2140,2,0.0001357038308448883,0,0,0,0
2141,2,0.0001837361136436419,0,0,0,0
2142,2,0.0003948258351492835,190,0,0,0
2143,2,0.0002751322154279146,0,0,0,0
2144,2,0.0003853254807371513,0,0,0,0
2145,2,0.00028001704758767466,0,0,0,0
2146,2,0.0002140252597989004,0,0,0,0
2147,1,2.24892875710538e-05,0,0,0,0
2148,2,0.0002823950548650466,0,0,0,0
2149,2,7.249802119223686e-05,0,0,0,0
2150,1,0.00014425019540566085,0,0,0,0
2151,2,2.7003170548684515e-05,0,0,0,0
2152,2,0.0002408605275168415,0,0,0,0
2153,2,0.0004001921233625605,0,0,0,0
2154,2,0.0006413990883699059,0,0,0,0
2155,1,0.00020777348999380954,0,0,0,0
2156,2,4.664018854952787e-05,0,0,0,0
2157,2,0.00011955245483284444,0,0,0,0
2158,2,0.00011859454453413116,0,0,0,0
2159,2,0.00016437864251627902,0,0,0,0
2160,2,0.00047978167011520603,0,0,0,0
2161,2,0.00025573622879413506,0,0,0,0
2162,2,0.00035615824002983203,0,0,0,0
2163,1,0.00015070517901113017,0,0,0,0
2164,2,7.860221666462181e-06,0,0,0,0
2165,2,0.0001242726178149548,0,0,0,0
2166,2,0.00015849507724432642,0,0,0,0
2167,2,3.5697319580289065e-05,0,0,0,0
2168,1,9.272563510412571e-05,0,0,0,0
2169,2,0.00023930022454719783,0,0,0,0
2170,2,6.0389920549955817e-05,0,0,0,0
2171,2,5.4440930248325e-05,0,0,0,0
2172,2,8.88735345742733e-05,0,0,0,0
2173,2,0.00017845549205961086,0,0,0,0
2174,2,9.92344632727507e-05,0,0,0,0
2175,2,0.0002351364989341809,0,0,0,0
2176,2,0.0003807578779438771,0,0,0,0
2177,2,0.00028573082152986724,0,0,0,0
2178,1,2.8888542872438546e-05,0,0,0,0
2179,2,4.133612927426482e-05,0,0,0,0
2180,2,0.0002097942359809875,0,0,0,0
2181,2,0.0002939567550285811,1120,0,0,0
2182,2,0.0003580403828487545,0,0,0,0
2183,2,0.00041060566618983835,0,0,0,0
2184,2,0.00027321781129745394,0,0,0,0
2185,2,0.00017208659658675323,0,0,0,0
2186,2,0.0003299767716406078,0,0,0,0
2187,2,0.00032624651777245,0,0,0,0
2188,2,0.0003411992494403083,0,0,0,0
2189,2,0.0006857929686219366,0,0,0,0
2190,2,0.00031160534753785695,0,0,0,0
2191,2,0.00024121744386147625,0,0,0,0
2192,2,0.00027217147511403344,0,0,0,0
2193,1,0.0004515965263909042,0,0,0,0
2194,2,0.00012199402758321566,0,0,0,0
2195,2,0.0003970603831064712,0,0,0,0
2196,2,4.6447938536743085e-05,0,0,0,0
2197,2,0.0004480794780470031,0,0,0,0
2198,2,0.0005582243523245379,0,0,0,0
2199,2,0.0002597009143274107,7,0,0,0
2200,1,0.0003220866133984644,0,0,0,0
2201,1,6.606398172064291e-05,0,0,0,0
2202,1,0.00015140693480025284,324,0,0,0
2203,2,0.0005087372680839421,0,0,0,0
2204,2,0.0003032645661650497,0,0,0,0
2205,2,0.00042476974696007514,0,0,0,0
2206,2,0.00040490018475883185,0,0,0,0
2207,2,9.683080193993681e-05,0,0,0,0
2208,2,1.9270170327255213e-05,0,0,0,0
2209,2,0.0003947662392545622,0,0,0,0
2210,2,0.0005092648954351756,0,0,0,0
2211,2,0.00043908522252149914,0,0,0,0
2212,1,0.00018286128554184552,0,0,0,0
2213,1,9.97220379375488e-05,0,0,0,0
2214,2,0.0002598941683427317,0,0,0,0
2215,2,0.0002142850503723252,0,0,0,0
2216,2,0.0003503842822409122,0,0,0,0
2217,2,0.0001651217917082294,0,0,0,0
2218,1,2.7191935783906975e-05,0,0,0,0
2219,2,0.0002830732305717255,0,0,0,0
2220,2,0.0003736827154928216,0,0,0,0
2221,2,0.0002379671637962929,0,0,0,0
2222,2,0.00043731761147264265,0,0,0,0
2223,2,7.60542129205951e-05,0,0,0,0
2224,2,2.797135496637148e-05,0,0,0,0
2225,2,0.0002695982682533993,0,0,0,0
2226,2,8.233450700100833e-05,419,0,0,0
2227,1,7.869754158674776e-05,0,0,0,0
2228,2,0.000378572464367869,0,0,0,0
2229,2,0.00013572907310986103,0,0,0,0
2230,2,0.0004445489052211592,0,0,0,0
2231,2,0.00031319634527645485,0,0,0,0
2232,2,0.00017122518692898935,0,0,0,0
2233,2,8.359110514088991e-05,0,0,0,0
2234,2,0.0002028354099564836,0,0,0,0
2235,2,8.883522994804274e-05,0,0,0,0
2236,2,0.00045306443951111856,15,0,0,0
2237,1,0.00027572184591533256,0,0,0,0
2238,2,0.0003202748568897346,0,0,0,0
2239,2,0.00018352562664600416,0,0,0,0
2240,1,2.9755472593342988e-05,0,0,0,0
2241,2,0.00019113939404433278,0,0,0,0
2242,2,0.0002588885338050383,0,0,0,0
2243,1,0.00012966181191883502,0,0,0,0
2244,2,2.52288483304935e-05,0,0,0,0
2245,1,9.67857679356457e-05,101,0,0,0
2246,2,0.0004253062464386044,0,0,0,0
2247,2,0.0002809403232702836,0,0,0,0
2248,2,0.000531364948722601,0,0,0,0
2249,2,0.0001022138582425898,0,0,0,0
2250,2,0.0001549132849608874,0,0,0,0
2251,1,1.0206531967093097e-05,0,0,0,0
2252,2,0.00012501676281129512,0,0,0,0
2253,2,0.00015520602124455472,0,0,0,0
2254,2,0.0002055957727782058,0,0,0,0
2255,2,8.986593426942893e-05,0,0,0,0
2256,2,0.00023228374784660803,0,0,0,0
2257,2,0.0004909394660285425,0,0,0,0
2258,2,0.00028692273862990307,0,0,0,0
2259,1,4.3738729937683546e-05,0,0,0,0
2260,2,0.000514492791703913,0,0,0,0
2261,1,0.0003333170396543944,7,0,0,0
2262,2,0.000168892105661692,0,0,0,0
2263,2,0.0002540453501187973,0,0,0,0
2264,2,0.00010152839043791515,0,0,0,0
2265,2,0.0007978346903147341,4914,0,0,0
2266,2,0.00020422117582664264,0,0,0,0
2267,2,0.0001557685467742105,0,0,0,0
2268,2,9.55919889922052e-05,0,0,0,0
2269,1,0.00020460534627782256,0,0,0,0
2270,2,0.0006844726361789011,0,0,0,0
2271,2,0.0005947285786169013,0,0,0,0
2272,2,0.0001990663707218246,0,0,0,0
2273,2,3.768736610827692e-05,0,0,0,0
2274,2,0.00031562584201215763,0,0,0,0
2275,2,0.00012652759336456083,0,0,0,0
2276,2,0.00033426666310336573,0,0,0,0
2277,2,0.000157795710315358,0,0,0,0
2278,2,0.0004693938089872842,0,0,0,0
2279,1,0.00012250003302741912,0,0,0,0
2280,2,3.540959792576139e-05,0,0,0,0
2281,1,4.0440527826417027e-05,0,0,0,0
2282,2,2.647541528292524e-05,0,0,0,0
2283,2,0.0003348185517479764,0,0,0,0
2284,2,0.00024697465595039915,0,0,0,0
2285,2,0.00012208748961695746,0,0,0,0
2286,2,0.0009494416146535961,0,0,0,0
2287,2,0.0002332446298562883,0,0,0,0
2288,2,0.00010485351048334277,0,0,0,0
2289,2,0.00017102560904305999,0,0,0,0
2290,2,6.823146962852276e-05,0,0,0,0
2291,2,0.0005476965613705688,0,0,0,0
2292,2,0.0005755959046716231,0,0,0,0
2293,2,8.822203236275445e-05,0,0,0,0
2294,2,0.0005897034287400227,0,0,0,0
2295,2,0.0001594024997629207,0,0,0,0
2296,2,2.7716171367690302e-05,0,0,0,0
2297,2,0.00042829478643356905,0,0,0,0
2298,2,0.00023476561779963088,0,0,0,0
2299,1,1.912464113809112e-05,0,0,0,0
2300,2,0.0003696010366164533,0,0,0,0
2301,1,7.559937865337655e-06,0,0,0,0
2302,2,0.0002336689618812217,0,0,0,0
2303,2,0.00012652449172080728,0,0,0,0
2304,1,2.4779123292950925e-06,0,0,0,0
2305,2,0.000161488744421253,0,0,0,0
2306,2,0.00036314470893133804,0,0,0,0
2307,2,0.00020113596320989213,0,0,0,0
2308,2,0.0002865870003702672,0,0,0,0
2309,2,0.0003715948847210216,0,0,0,0
2310,2,0.0001876265411200688,0,0,0,0
2311,2,0.0001498428343460963,0,0,0,0
2312,2,0.0003369212160036618,0,0,0,0
2313,2,0.00020201832782354223,0,0,0,0
2314,2,7.673295079439692e-05,0,0,0,0
2315,2,0.00012418584771540633,0,0,0,0
2316,2,0.00017478750280739276,0,0,0,0
2317,2,0.0004048829391441345,0,0,0,0
2318,2,0.00010547250202310502,0,0,0,0
2319,2,0.0005999565208328151,12,0,0,0
2320,2,0.00025930276374380875,0,0,0,0
2321,2,0.0002126293030616636,0,0,0,0
2322,2,0.00035153275438613943,0,0,0,0
2323,2,2.2176179785911574e-05,0,0,0,0
2324,2,0.000416002677452631,0,0,0,0
2325,1,7.387660958735647e-05,0,0,0,0
2326,2,0.0002703829060252697,0,0,0,0
2327,2,0.00014410145644390372,0,0,0,0
2328,2,0.00040319077288293294,0,0,0,0
2329,1,1.2088188014734113e-06,0,0,0,0
2330,2,0.0003909213701409832,0,0,0,0
2331,2,7.237300616233438e-05,0,0,0,0
2332,2,0.00034320011593085215,0,0,0,0
2333,2,0.00029860443619375717,0,0,0,0
2334,1,0.00021419131207911876,0,0,0,0
2335,2,4.959595285244441e-05,0,0,0,0
2336,2,5.039780186085888e-05,0,0,0,0
2337,2,0.0003199327000059325,0,0,0,0
2338,2,8.667887965634226e-05,0,0,0,0
2339,2,0.00022710984407030787,0,0,0,0
2340,1,4.401851922574518e-05,0,0,0,0
2341,1,0.0002717898252961459,0,0,0,0
2342,2,0.0005258176529651072,0,0,0,0
2343,2,0.00014627527209018463,0,0,0,0
2344,2,0.00015675060599001217,0,0,0,0
2345,2,0.00024110131942402474,0,0,0,0
2346,2,0.00031108297759668716,0,0,0,0
2347,2,0.0004461876354492413,0,0,0,0
2348,2,5.000140243001946e-05,0,0,0,0
2349,2,0.0005801136583398556,0,0,0,0
2350,2,0.0002835617876409022,0,0,0,0
2351,2,0.00016003549106356684,0,0,0,0
2352,2,0.00013777251736052777,0,0,0,0
2353,2,0.00018597813248441125,0,0,0,0
2354,1,0.00016755550924654752,0,0,0,0
2355,1,0.00014412377970684733,0,0,0,0
2356,2,3.610334931262193e-05,34,0,0,0
2357,2,0.0001595670262659706,0,0,0,0
2358,2,0.00039339677059849264,0,0,0,0
2359,2,0.0003964115111841986,0,0,0,0
2360,2,0.00015984414524351147,0,0,0,0
2361,2,0.000531120415603222,0,0,0,0
2362,1,0.00013622884597758658,0,0,0,0
2363,2,0.0001344523123371476,0,0,0,0
2364,2,0.00011011871874198995,0,0,0,0
2365,1,1.3956846107324374e-05,0,0,0,0
2366,2,0.00019754337016079747,0,0,0,0
2367,2,0.00025220638199211366,0,0,0,0
2368,2,0.0001389911613709734,0,0,0,0
2369,2,0.00010133792309090911,0,0,0,0
2370,2,2.9043603202086116e-05,0,0,0,0
2371,2,0.00020029349461493694,0,0,0,0
2372,2,5.739146859522137e-05,0,0,0,0
2373,1,0.00012731029371105081,0,0,0,0
2374,2,8.000409213339583e-05,0,0,0,0
2375,2,0.00034339911901667524,0,0,0,0
2376,2,0.00022458049963818303,0,0,0,0
2377,2,5.85257181408322e-05,0,0,0,0
2378,1,1.1437480381196114e-05,0,0,0,0
2379,2,9.62576053980562e-05,0,0,0,0
2380,2,0.00022508087726229943,0,0,0,0
2381,1,0.00024690734309962633,0,0,0,0
2382,2,0.0002444852502614612,0,0,0,0
2383,1,2.260987562233878e-05,0,0,0,0
2384,2,0.000368977482890498,0,0,0,0
2385,2,0.00039539603590410343,0,0,0,0
2386,2,6.79571115038042e-05,0,0,0,0
2387,2,3.944277781144498e-05,0,0,0,0
2388,2,0.0001610048275154868,0,0,0,0
2389,2,0.0009127596243465884,0,0,0,0
2390,2,0.0003858159525485446,28,0,0,0
2391,2,0.00013992486219649365,0,0,0,0
2392,2,0.0002739410365912929,0,0,0,0
2393,1,2.4511298537675293e-05,279,0,0,0
2394,2,0.00026915210742948077,0,0,0,0
2395,2,0.00015335691447646043,286,0,0,0
2396,2,0.00020180183350140178,0,0,0,0
2397,2,3.0763716933082024e-05,0,0,0,0
2398,2,0.00011448052066934603,0,0,0,0
2399,2,0.0001759254993957051,0,0,0,0
2400,2,0.00013679087219808735,0,0,0,0
2401,2,0.0003134473639370405,0,0,0,0
2402,2,0.00022900739524230756,0,0,0,0
2403,2,0.00011483953667249804,0,0,0,0
2404,1,2.0771532313080698e-05,0,0,0,0
2405,2,0.00015650810900230049,0,0,0,0
2406,2,0.0008076321531606417,5677,0,0,0
2407,2,9.424682875522369e-05,0,0,0,0
2408,2,0.00016792939968703494,0,0,0,0
2409,2,0.000341573532661118,0,0,0,0
2410,2,0.000349807294972183,0,0,0,0
2411,2,0.00031199620808531134,0,0,0,0
2412,1,0.0004245546766371167,0,0,0,0
2413,2,8.803368071303935e-05,0,0,0,0
2414,1,0.0008045947166595136,0,0,0,0
2415,2,0.00020499541164501327,0,0,0,0
2416,2,0.00022599317985898043,0,0,0,0
2417,2,0.0003034092947557916,0,0,0,0
2418,2,0.0002055915245675833,0,0,0,0
2419,2,0.00023062613065913902,0,0,0,0
2420,2,0.00037364872000430555,0,0,0,0
2421,1,0.00011660323651586925,0,0,0,0
2422,1,0.00015959773113494977,0,0,0,0
2423,2,0.00042213072738021644,0,0,0,0
2424,2,0.00010603147415888516,0,0,0,0
2425,1,9.013965658033433e-05,0,0,0,0
2426,2,0.00037523803074433006,0,0,0,0
2427,2,0.00027804036556498905,0,0,0,0
2428,2,0.000517228454284263,0,0,0,0
2429,2,0.0003381995185878968,0,0,0,0
2430,2,0.00011246506371764802,0,0,0,0
2431,2,0.00053580023209259,5596,0,0,0
2432,2,0.00035275098559065123,0,0,0,0
2433,2,9.948488819114009e-05,0,0,0,0
2434,2,7.271071135821399e-05,0,0,0,0
2435,2,0.00038216958261035565,0,0,0,0
2436,2,0.00028229166122142136,0,0,0,0
2437,2,0.00012501661765871506,0,0,0,0
2438,2,0.000315486001736669,0,0,0,0
2439,2,0.00011404765445329036,0,0,0,0
2440,2,0.0003343559478038556,3780,0,0,0
2441,2,0.0006416435191261931,0,0,0,0
2442,2,3.427910431300726e-05,0,0,0,0
2443,2,0.00018216408631469504,0,0,0,0
2444,2,0.00033895164931339015,0,0,0,0
2445,2,8.723142344979501e-05,0,0,0,0
2446,2,8.46454252650846e-05,0,0,0,0
2447,2,0.00011798312204654382,0,0,0,0
2448,2,0.000603778281897981,0,0,0,0
2449,2,0.00011513190285844845,0,0,0,0
2450,2,0.0004132999924639525,0,0,0,0
2451,2,0.0002636983818444175,0,0,0,0
2452,2,0.00020271214297452587,0,0,0,0
2453,2,0.00028198680979731863,0,0,0,0
2454,2,0.0003825241521505187,0,0,0,0
2455,2,0.00043125952666151163,0,0,0,0
2456,2,0.0001414189818427588,0,0,0,0
2457,2,0.0001492509717520732,0,0,0,0
2458,2,0.00017213145123211302,0,0,0,0
2459,2,0.0004866796342353167,0,0,0,0
2460,1,1.8008744389671835e-05,0,0,0,0
2461,2,0.00025772739050180154,0,0,0,0
2462,2,0.00016915731099742797,0,0,0,0
2463,2,0.0008287810126622144,0,0,0,0
2464,1,3.665437797691262e-05,0,0,0,0
2465,2,0.00028557281103624223,0,0,0,0
2466,2,0.0004241433900655856,945,0,0,0
2467,2,0.00023081028129195514,0,0,0,0
2468,2,0.0003156936569470879,0,0,0,0
2469,2,0.00013509456578883963,0,0,0,0
2470,1,8.108855755138742e-06,0,0,0,0
2471,2,0.00038949201545436524,0,0,0,0
2472,2,4.6808991443802974e-05,0,0,0,0
2473,2,9.967742806548122e-05,14,0,0,0
2474,2,0.00035128094418693684,0,0,0,0
2475,2,7.774849985650421e-05,0,0,0,0
2476,2,0.0003312964236059792,0,0,0,0
2477,2,0.0003505931388979485,0,0,0,0
2478,2,0.00037634426284209046,0,0,0,0
2479,2,0.0001238402016728105,0,0,0,0
2480,2,0.00025490879652740803,0,0,0,0
2481,2,0.00019945633631868773,0,0,0,0
2482,2,9.514574919352843e-05,0,0,0,0
2483,1,7.43968192461504e-05,0,0,0,0
2484,2,0.00028231558375926456,0,0,0,0
2485,2,1.7243922855698792e-05,0,0,0,0
2486,2,0.0008429691817505795,0,0,0,0
2487,2,0.0002833989575933002,0,0,0,0
2488,2,0.00013866421279622334,0,0,0,0
2489,2,0.00015802480641093766,0,0,0,0
2490,2,0.0001255587135984632,0,0,0,0
2491,2,0.0003504991905392213,0,0,0,0
2492,1,8.520437596539342e-06,0,0,0,0
2493,2,0.0001782198994592727,0,0,0,0
2494,1,3.831139955414431e-05,0,0,0,0
2495,2,0.00024268060087617624,7,0,0,0
2496,2,0.00012494028679812586,0,0,0,0
2497,2,0.00025964152987324155,0,0,0,0
2498,2,0.0001145501474274982,0,0,0,0
2499,1,3.8568593618730696e-05,0,0,0,0
2500,2,0.00026987293954035306,0,0,0,0
2501,2,9.651668831582405e-05,0,0,0,0
2502,2,9.900308633742554e-05,0,0,0,0
2503,2,3.486012096402825e-05,0,0,0,0
2504,2,0.0003801325351494198,0,0,0,0
2505,2,0.00023252678022026035,0,0,0,0
2506,2,9.868087128416606e-05,0,0,0,0
2507,1,0.0001043267420238545,0,0,0,0
2508,2,0.0001584163183978507,0,0,0,0
2509,2,5.559082997217405e-05,0,0,0,0
2510,2,8.528357985127794e-05,0,0,0,0
2511,2,0.0002522598292368619,0,0,0,0
2512,2,0.00027963154770660985,0,0,0,0
2513,2,0.00044265783854479984,0,0,0,0
2514,2,0.00036723259963761224,0,0,0,0
2515,2,0.0001773751477335598,0,0,0,0
2516,2,4.098843690028626e-05,0,0,0,0
2517,2,0.00012547574218907235,103,0,0,0
2518,2,9.005552516651499e-05,0,0,0,0
2519,2,0.0003554710465232976,0,0,0,0
2520,2,0.0002477974662138089,2712,0,0,0
2521,2,5.209439520264186e-05,0,0,0,0
2522,2,0.00016878880998320552,0,0,0,0
2523,1,0.00032850162996994327,0,0,0,0
2524,2,0.00037596339940910653,0,0,0,0
2525,2,0.00033093085506211286,0,0,0,0
2526,2,0.00047529476216338077,0,0,0,0
2527,2,0.00031313797685207217,0,0,0,0
2528,2,0.000199648202730463,0,0,0,0
2529,2,0.0003799883052988039,0,0,0,0
2530,2,0.00036406455738050236,0,0,0,0
2531,2,0.0002387464879257288,0,0,0,0
2532,1,0.00010309992417763643,0,0,0,0
2533,2,0.00030226097434691787,0,0,0,0
2534,2,0.0010508384480586038,0,0,0,0
2535,2,0.00026289131197945644,0,0,0,0
2536,2,0.00014383589239954384,0,0,0,0
2537,2,0.0003269579247328152,7,0,0,0
2538,2,0.00011539996450854569,0,0,0,0
2539,2,0.00021823762952590548,0,0,0,0
2540,2,4.0392709005463256e-05,0,0,0,0
2541,2,0.0004896547952001021,0,0,0,0
2542,2,8.871352722267213e-05,0,0,0,0
2543,2,0.00020966941516915765,0,0,0,0
2544,2,0.0006115286597006602,0,0,0,0
2545,2,0.0003962699694257359,0,0,0,0
2546,2,0.0001344798520953669,0,0,0,0
2547,2,4.3719492406661174e-05,0,0,0,0
2548,1,2.4253581976696374e-05,0,0,0,0
2549,1,9.089337205283381e-05,0,0,0,0
2550,2,0.0001041112648878735,0,0,0,0
2551,2,0.00019073610266885361,0,0,0,0
2552,2,8.125363910791052e-05,0,0,0,0
2553,2,0.00016418241730026492,0,0,0,0
2554,1,1.4818215503405763e-05,0,0,0,0
2555,1,4.3792587312129265e-05,0,0,0,0
2556,2,0.00019525506739191925,0,0,0,0
2557,2,0.0009038235291886149,0,0,0,0
2558,2,2.7020497957902264e-05,0,0,0,0
2559,2,0.00025384883090170496,0,0,0,0
2560,2,0.0001930352979698145,0,0,0,0
2561,1,6.849330555720136e-05,6071,0,0,0
2562,2,0.00034284335027806156,0,0,0,0
2563,2,0.0004925224186464738,0,0,0,0
2564,2,0.00048486078958410225,0,0,0,0
2565,2,0.00019503515054391168,0,0,0,0
2566,1,0.00012207983806641616,0,0,0,0
2567,2,3.215298363959912e-05,0,0,0,0
2568,2,0.00021252014497770454,0,0,0,0
2569,2,0.00012375163822820137,52,0,0,0
2570,2,3.418775748328326e-05,0,0,0,0
2571,2,0.00028567574787562947,0,0,0,0
2572,2,7.840848836566349e-05,0,0,0,0
2573,2,0.00020787269826170858,0,0,0,0
2574,2,0.000252332862871492,0,0,0,0
2575,2,6.237679859803927e-05,0,0,0,0
2576,2,0.0002750260632572098,0,0,0,0
2577,2,0.0005187021358560459,0,0,0,0
2578,2,0.0003475899051977874,0,0,0,0
2579,2,0.00015431671279121772,0,0,0,0
2580,2,0.0002315463116773651,0,0,0,0
2581,2,0.00030394367261155243,0,0,0,0
2582,2,2.01609623604614e-05,0,0,0,0
2583,2,0.0003772507211325892,0,0,0,0
2584,2,0.0010698937572791232,0,0,0,0
2585,1,0.00010153418331366201,0,0,0,0
2586,2,0.0003005351354242671,0,0,0,0
2587,1,2.0283798248387345e-05,0,0,0,0
2588,2,0.00018665076126005614,0,0,0,0
2589,2,1.4864000365555371e-05,0,0,0,0
2590,2,0.00023744023415804848,0,0,0,0
2591,2,4.0886159200859175e-05,0,0,0,0
2592,2,0.00028320701669271974,0,0,0,0
2593,2,0.0006293186581391415,0,0,0,0
2594,1,0.0004992760416548713,0,0,0,0
2595,1,8.189609826185666e-05,0,0,0,0
2596,1,4.790755737405098e-05,0,0,0,0
2597,2,0.00013879676054301298,0,0,0,0
2598,2,5.603660437150298e-05,0,0,0,0
2599,2,4.1338214180542764e-05,0,0,0,0
2600,2,0.0001390710029228346,0,0,0,0
2601,2,0.000285764484782857,0,0,0,0
2602,2,0.0002096101661412651,0,0,0,0
2603,2,0.0004687433200718256,0,0,0,0
2604,2,2.4754023179102217e-05,0,0,0,0
2605,2,0.00019531251477598982,128,0,0,0
2606,2,4.7388910328451855e-05,0,0,0,0
2607,2,0.00018427641091155344,0,0,0,0
2608,2,0.00021677179918759513,0,0,0,0
2609,2,0.000510804479995121,0,0,0,0
2610,1,0.00011418915031889694,0,0,0,0
2611,2,0.00043721749920044465,0,0,0,0
2612,2,0.00016044345220758957,0,0,0,0
2613,1,1.6293516917126265e-05,0,0,0,0
2614,2,0.00010933142485961903,0,0,0,0
2615,2,0.0004072200666854381,0,0,0,0
2616,2,0.0001369610363835785,0,0,0,0
2617,2,0.00011983289017233786,0,0,0,0
2618,2,0.0005022636016760479,0,0,0,0
2619,1,8.625727114780546e-05,7,0,0,0
2620,2,4.600853179165498e-05,0,0,0,0
2621,2,0.00018819004106065615,0,0,0,0
2622,2,0.00023632309883424033,0,0,0,0
2623,2,0.00010302089558611421,0,0,0,0
2624,2,0.0003864384961384139,0,0,0,0
2625,2,0.00032681644856237226,0,0,0,0
2626,2,0.0003610732543039354,0,0,0,0
2627,2,0.0005503100308847859,0,0,0,0
2628,2,0.0001714319366825393,0,0,0,0
2629,2,0.0002911781936676879,0,0,0,0
2630,2,0.000185546520268548,0,0,0,0
2631,2,0.0009529166606712503,0,0,0,0
2632,1,0.00014246267562375748,0,0,0,0
2633,2,0.00011972304139291139,0,0,0,0
2634,2,8.153842198115636e-05,85,0,0,0
2635,2,0.00017499282376596701,0,0,0,0
2636,2,0.00042780081223080734,0,0,0,0
2637,2,0.00040824692383215386,0,0,0,0
2638,2,0.00012801610588652305,0,0,0,0
2639,2,0.0010072222300718824,2637,0,0,0
2640,2,0.0002961556194631595,0,0,0,0
2641,2,0.00022826911562675404,0,0,0,0
2642,2,0.0003519640416441724,0,0,0,0
2643,2,6.635571193747727e-05,0,0,0,0
2644,2,0.00024509164464412905,0,0,0,0
2645,2,0.00017254897060648097,0,0,0,0
2646,2,0.00021821437159034744,0,0,0,0
2647,2,0.00010960802499501804,0,0,0,0
2648,2,0.00014822759764793826,0,0,0,0
2649,2,0.00042490034952254017,0,0,0,0
2650,1,4.8720418449729085e-05,0,0,0,0
2651,2,0.0005024203644413214,0,0,0,0
2652,2,0.00014252642287884793,0,0,0,0
2653,2,0.0004329475359517699,0,0,0,0
2654,1,0.00015854839980672443,0,0,0,0
2655,2,0.00021027015606389854,0,0,0,0
2656,2,6.053530488914692e-05,0,0,0,0
2657,2,0.00010369303194710955,36,0,0,0
2658,2,0.0002858362595143261,27,0,0,0
2659,1,8.173915045085166e-05,0,0,0,0
2660,2,0.0005204100034992955,7,0,0,0
2661,1,0.0002734784374372105,0,0,0,0
2662,2,0.00020280394836327687,0,0,0,0
2663,1,6.601808751250003e-05,0,0,0,0
2664,1,0.00011532042766729771,0,0,0,0
2665,2,0.0008355312332370974,0,0,0,0
2666,2,6.19473825670018e-05,0,0,0,0
2667,1,4.489594129999175e-05,0,0,0,0
2668,2,0.00036642925271227,0,0,0,0
2669,1,4.6939562623518825e-05,0,0,0,0
2670,2,0.00013083413511182695,0,0,0,0
2671,2,8.753674525814187e-05,0,0,0,0
2672,2,0.0003096339431643886,0,0,0,0
2673,2,3.069560436252625e-05,0,0,0,0
2674,2,5.4645090641389986e-05,0,0,0,0
2675,2,0.00023034586761640455,0,0,0,0
2676,2,2.6326979676835083e-05,0,0,0,0
2677,2,0.0002697223471742725,0,0,0,0
2678,2,0.0006392123841582858,0,0,0,0
2679,2,6.211895310800855e-05,0,0,0,0
2680,2,0.00048101253556646884,5190,0,0,0
2681,2,0.00015828347273626295,0,0,0,0
2682,2,0.0005074627045837774,0,0,0,0
2683,2,0.0003370670841688421,0,0,0,0
2684,2,0.00043259458438140607,0,0,0,0
2685,2,0.00026441014437160866,0,0,0,0
2686,2,0.0002004831423868312,0,0,0,0
2687,2,0.0002905902643760127,0,0,0,0
2688,2,0.00021181823865145527,0,0,0,0
2689,1,0.000311651777347707,2681,0,0,0
2690,2,6.943463395555342e-05,0,0,0,0
2691,2,0.00013816391034111538,0,0,0,0
2692,2,0.00015901252817744543,0,0,0,0
2693,2,0.00026460925398322276,0,0,0,0
2694,2,0.00010080712515207955,646,0,0,0
2695,1,4.529311367664958e-05,0,0,0,0
2696,1,4.4643167685576266e-05,0,0,0,0
2697,2,0.00017169798413958507,0,0,0,0
2698,2,7.86900260958536e-05,7,0,0,0
2699,2,0.0002970354669247605,140,0,0,0
2700,2,5.9695969282117626e-05,0,0,0,0
2701,2,0.0003216507757247581,0,0,0,0
2702,2,0.00014038659462196467,0,0,0,0
2703,2,0.000274781042457216,0,0,0,0
2704,2,5.8357549910860064e-05,0,0,0,0
2705,2,0.00022014701566264763,0,0,0,0
2706,1,3.7576152996501916e-05,0,0,0,0
2707,2,0.0006324781205816104,0,0,0,0
2708,2,0.0001808119604237853,7,0,0,0
2709,2,0.00011275074198645515,0,0,0,0
2710,2,0.0006237970415088783,0,0,0,0
2711,1,7.316667127331216e-05,0,0,0,0
2712,2,0.0002565239049107447,0,0,0,0
2713,1,2.7762737464418887e-05,0,0,0,0
2714,2,7.980387119196256e-05,0,0,0,0
2715,1,5.283079968454952e-05,0,0,0,0
2716,2,0.0004046695310577587,0,0,0,0
2717,2,9.733554946897377e-05,0,0,0,0
2718,2,0.00036783889575486915,0,0,0,0
2719,2,7.404285030197284e-05,0,0,0,0
2720,2,0.00034275727864029867,0,0,0,0
2721,2,0.00016761957163207494,28,0,0,0
2722,2,0.0001786402339998708,0,0,0,0
2723,2,1.8391874052589607e-05,0,0,0,0
2724,2,0.0005760638499873522,0,0,0,0
2725,2,0.00017548558372797992,0,0,0,0
2726,2,0.0003894667031743183,0,0,0,0
2727,2,0.00020673192915942042,0,0,0,0
2728,2,0.00032813606518367197,0,0,0,0
2729,2,0.000462172649030151,0,0,0,0
2730,2,0.00013242017519933834,0,0,0,0
2731,2,0.00018967444223071792,0,0,0,0
2732,2,0.00033306241627742374,0,0,0,0
2733,1,0.00021604787675136435,0,0,0,0
2734,2,0.00016240709248578457,0,0,0,0
2735,2,5.606020999277694e-05,0,0,0,0
2736,2,0.00024397050150326896,0,0,0,0
2737,2,0.00042095302755239006,0,0,0,0
2738,2,0.00029307970282907187,0,0,0,0
2739,2,0.0002567128154955428,0,0,0,0
2740,2,0.0002508148542033305,7,0,0,0
2741,2,1.679097087452308e-05,0,0,0,0
2742,2,0.00041474910597889104,3028,0,0,0
2743,2,0.0001402340838990365,0,0,0,0
2744,2,0.00017358692662745601,0,0,0,0
2745,1,1.5405142034253126e-05,0,0,0,0
2746,2,0.0004526107363030454,0,0,0,0
2747,2,0.00012542175839365676,0,0,0,0
2748,2,9.110908444877924e-05,0,0,0,0
2749,2,8.698261484664597e-05,0,0,0,0
2750,2,0.00012883767971458236,0,0,0,0
2751,2,0.0004115243684101087,0,0,0,0
2752,2,0.0003548186186205285,0,0,0,0
2753,2,0.00029047654449840347,0,0,0,0
2754,2,0.0003055600909300279,0,0,0,0
2755,2,0.0007478289830521111,0,0,0,0
2756,2,0.00017548062899066643,0,0,0,0
2757,2,0.0001339386403998067,7,0,0,0
2758,2,0.0002113470202438129,0,0,0,0
2759,2,0.0003814987076727575,0,0,0,0
2760,2,0.00013495631202675764,0,0,0,0
2761,2,0.00021207357479352255,0,0,0,0
2762,2,0.0006479782096497452,0,0,0,0
2763,2,0.0003064709841549231,0,0,0,0
2764,2,0.0002403131188211407,0,0,0,0
2765,2,0.00038049901129996397,0,0,0,0
2766,2,0.00021792602540368335,0,0,0,0
2767,2,0.00029688965136590414,0,0,0,0
2768,2,7.400141875382675e-05,0,0,0,0
2769,2,0.0001840486055185603,0,0,0,0
2770,2,0.00024329900881964853,0,0,0,0
2771,2,2.0500060041593337e-05,0,0,0,0
2772,2,0.00037383074229723634,0,0,0,0
2773,2,0.0009148652575485374,0,0,0,0
2774,2,0.00020096259071565982,0,0,0,0
2775,2,0.00028523239990298953,0,0,0,0
2776,2,0.000179708027800126,0,0,0,0
2777,1,1.024329324872505e-05,0,0,0,0
2778,2,0.00043856348328881266,0,0,0,0
2779,2,0.00011818131597529768,0,0,0,0
2780,2,0.00034154977402478287,0,0,0,0
2781,2,3.5687048264636705e-05,0,0,0,0
2782,2,0.00039704445088371805,0,0,0,0
2783,2,0.00038095723069690013,0,0,0,0
2784,1,6.954999589385722e-06,0,0,0,0
2785,2,0.0003918876792775955,0,0,0,0
2786,2,0.0006569768819368554,0,0,0,0
2787,2,0.00047402229206045795,0,0,0,0
2788,2,5.870663309215902e-05,0,0,0,0
2789,2,0.0006601340966288234,0,0,0,0
2790,2,0.0001300075027939964,0,0,0,0
2791,2,0.0002881038333994473,0,0,0,0
2792,2,0.00011996944920350152,0,0,0,0
2793,2,4.9010602027313275e-05,0,0,0,0
2794,2,0.0005507492503814947,929,0,0,0
2795,1,3.216975666691718e-05,0,0,0,0
2796,1,0.0002474265162280783,0,0,0,0
2797,2,0.0006411734464524866,0,0,0,0
2798,2,0.00038439368395841217,0,0,0,0
2799,2,6.560829990986044e-05,0,0,0,0
2800,2,0.0001667350778650148,25,0,0,0
2801,2,0.0001381341790168147,0,0,0,0
2802,2,0.00020804862537205602,0,0,0,0
2803,2,0.00014265425057854802,0,0,0,0
2804,2,0.00019611222769308278,0,0,0,0
2805,2,0.0002509127966658705,0,0,0,0
2806,1,0.00013680770891323467,0,0,0,0
2807,2,0.0002510650128530717,0,0,0,0
2808,1,0.000348404447027867,73,0,0,0
2809,2,0.0003182313129935076,0,0,0,0
2810,2,0.00016657596070187208,0,0,0,0
2811,2,0.00025541831486354966,0,0,0,0
2812,2,0.0002695866109871903,0,0,0,0
2813,2,0.00013955463443761224,0,0,0,0
2814,2,7.366115421610362e-05,0,0,0,0
2815,1,3.344055600969107e-05,0,0,0,0
2816,2,0.0005246602198405012,0,0,0,0
2817,1,0.0002515227380798783,0,0,0,0
2818,2,7.88238527148206e-05,0,0,0,0
2819,2,0.00021331404625636065,0,0,0,0
2820,2,3.075538231392035e-05,0,0,0,0
2821,2,0.0003198798893308871,0,0,0,0
2822,2,0.0005604572729650996,0,0,0,0
2823,2,0.00037945812524839276,0,0,0,0
2824,2,0.00012783726234786525,0,0,0,0
2825,2,0.00014241075600296928,0,0,0,0
2826,2,0.0008297473994634599,0,0,0,0
2827,1,0.0005193677650417112,0,0,0,0
2828,2,0.00019603416184319007,0,0,0,0
2829,2,0.00042985375988192795,0,0,0,0
2830,2,0.0005129253670692716,0,0,0,0
2831,2,0.00025610573503693606,0,0,0,0
2832,2,5.753671943233043e-05,0,0,0,0
2833,2,6.48030416302644e-05,0,0,0,0
2834,2,7.701935142537825e-05,0,0,0,0
2835,1,4.2962804494855586e-05,0,0,0,0
2836,2,8.0079564756019e-05,7,0,0,0
2837,2,0.00034338085705633525,0,0,0,0
2838,1,9.738032858313468e-05,350,0,0,0
2839,1,0.00020795581334525796,0,0,0,0
2840,2,0.0002016105472842154,0,0,0,0
2841,2,0.00023628661350142227,0,0,0,0
2842,2,0.00019617235064182107,0,0,0,0
2843,1,0.00037666565033240445,0,0,0,0
2844,2,0.0005009621452666576,0,0,0,0
2845,2,0.00023152664775059607,0,0,0,0
2846,2,0.00010840748432116719,0,0,0,0
2847,2,0.0006627548613647701,0,0,0,0
2848,2,0.0004869238398368818,0,0,0,0
2849,2,3.789468396027725e-05,0,0,0,0
2850,1,0.00019921358263213097,7,0,0,0
2851,2,0.0006729288843720275,0,0,0,0
2852,2,0.00027358298937021956,0,0,0,0
2853,2,0.00018857308749368624,0,0,0,0
2854,2,0.00016141373884794561,0,0,0,0
2855,2,0.0002859350539151377,0,0,0,0
2856,1,9.180578095474475e-05,0,0,0,0
2857,2,0.00023814388903901722,0,0,0,0
2858,2,0.0004462628343680008,0,0,0,0
2859,2,0.00022995874282564268,0,0,0,0
2860,2,0.0002795375265546444,0,0,0,0
2861,2,8.525039373781903e-05,0,0,0,0
2862,2,0.0004220115336220546,0,0,0,0
2863,2,0.00038100736942454975,0,0,0,0
2864,2,0.00026389549632071396,0,0,0,0
2865,2,0.00021693102369666392,0,0,0,0
2866,2,0.00030668677005535517,7,0,0,0
2867,1,0.00012680177033162765,0,0,0,0
2868,2,0.00017216597059241588,0,0,0,0
2869,2,0.000981005777990653,0,0,0,0
2870,2,6.199814256506121e-05,0,0,0,0
2871,2,0.00019632271929196399,0,0,0,0
2872,2,1.339390193112966e-05,0,0,0,0
2873,2,0.0001489851290002597,0,0,0,0
2874,2,0.0001991169335821963,0,0,0,0
2875,2,0.0006214927789389981,0,0,0,0
2876,2,0.0002741378065910578,0,0,0,0
2877,2,0.0004244976693401152,151,0,0,0
2878,2,0.00013852971618546917,0,0,0,0
2879,1,0.00014963226464615486,0,0,0,0
2880,2,0.00012476926705091927,0,0,0,0
2881,2,0.00024113559702661143,0,0,0,0
2882,2,0.00038695945234688194,0,0,0,0
2883,2,0.00030149292507136477,0,0,0,0
2884,2,0.00022060135856190468,0,0,0,0
2885,1,5.434217037964274e-05,0,0,0,0
2886,2,0.00010988682559705509,0,0,0,0
2887,1,9.16912395153398e-05,0,0,0,0
2888,2,0.00018512484583365203,0,0,0,0
2889,1,7.296036561991505e-05,0,0,0,0
2890,1,2.8978639841686073e-05,0,0,0,0
2891,2,0.00015623084200529447,0,0,0,0
2892,2,0.00018973836057026798,0,0,0,0
2893,1,8.92778746120315e-05,0,0,0,0
2894,2,0.0002955549435669567,0,0,0,0
2895,1,0.00038111313471123585,0,0,0,0
2896,2,2.8749940661367466e-05,0,0,0,0
2897,2,8.746537888136675e-05,0,0,0,0
2898,2,0.00022313513626977298,0,0,0,0
2899,2,0.00028398504290794537,0,0,0,0
2900,2,0.0004468135718416719,0,0,0,0
2901,2,9.134737028654667e-05,0,0,0,0
2902,1,2.9263152627155385e-05,0,0,0,0
2903,2,0.00030785967018842077,0,0,0,0
2904,2,0.00013603696825392563,0,0,0,0
2905,2,0.00013512227446379698,0,0,0,0
2906,2,0.00017850809578101793,0,0,0,0
2907,2,0.00011675630451872041,0,0,0,0
2908,1,0.00035703741548635,0,0,0,0
2909,2,0.0005887942049922712,0,0,0,0
2910,1,0.0001454074443719384,0,0,0,0
2911,2,0.00015475293294385563,0,0,0,0
2912,2,0.0004680926822481545,0,0,0,0
2913,2,0.0005631221090573245,0,0,0,0
2914,2,9.684774982040356e-05,0,0,0,0
2915,2,0.00027792022983500706,0,0,0,0
2916,2,0.00026873949285424064,0,0,0,0
2917,2,0.00030080730056524153,0,0,0,0
2918,2,0.00019507832099996086,31,0,0,0
2919,2,0.0004381033892955298,0,0,0,0
2920,2,0.0001971558836625052,0,0,0,0
2921,2,0.00011772809748556278,0,0,0,0
2922,2,0.0005797197972826158,0,0,0,0
2923,2,0.00012017389967566428,0,0,0,0
2924,2,0.00024402667614878144,0,0,0,0
2925,2,0.00017346867782120257,0,0,0,0
2926,2,0.000159114838916768,0,0,0,0
2927,1,4.682862814245394e-05,0,0,0,0
2928,2,0.00021425279457547755,0,0,0,0
2929,2,0.00014525366934012104,0,0,0,0
2930,2,2.0999397772978825e-05,0,0,0,0
2931,1,1.8003485289738174e-05,0,0,0,0
2932,2,7.662041679187163e-05,0,0,0,0
2933,2,0.00012762676109443556,0,0,0,0
2934,2,0.0001779088817134135,0,0,0,0
2935,2,0.0003389023083357315,0,0,0,0
2936,2,0.00020727720491010192,0,0,0,0
2937,2,0.00023559669071248788,0,0,0,0
2938,2,0.0003362883733532151,0,0,0,0
2939,2,0.00012606550910365406,0,0,0,0
2940,1,0.00014441972503843192,0,0,0,0
2941,1,0.0003172103005184665,0,0,0,0
2942,2,9.494172570336937e-05,0,0,0,0
2943,1,0.0003655153359355121,0,0,0,0
2944,2,0.00029271424407562767,0,0,0,0
2945,2,0.00012327522337205756,0,0,0,0
2946,1,3.994364495652779e-05,0,0,0,0
2947,2,0.0003851850091783256,0,0,0,0
2948,2,0.0004649811425963167,0,0,0,0
2949,2,0.0005299867136760661,0,0,0,0
2950,1,6.694281541352103e-05,0,0,0,0
2951,2,0.00026602525309573797,0,0,0,0
2952,2,0.00048407939850965594,2297,0,0,0
2953,1,0.0003117837151360562,0,0,0,0
2954,2,7.398937416359231e-05,0,0,0,0
2955,2,0.0002824997897384241,0,0,0,0
2956,1,4.248796521233085e-05,0,0,0,0
2957,1,2.3179889870801577e-05,0,0,0,0
2958,2,0.00048518242459417104,4693,0,0,0
2959,2,0.00010965709500378714,186,0,0,0
2960,1,9.508482133994423e-05,0,0,0,0
2961,2,0.0003448355052976359,0,0,0,0
2962,2,6.0119566491194104e-06,0,0,0,0
2963,2,2.2201497026167673e-05,0,0,0,0
2964,2,0.00017302800910500555,0,0,0,0
2965,2,0.00011943671394368821,0,0,0,0
2966,1,9.40275459458475e-05,0,0,0,0
2967,2,0.00046102775178681767,57,0,0,0
2968,2,0.00015618083524605267,0,0,0,0
2969,2,0.00023930757018713068,0,0,0,0
2970,2,0.0005095740811521654,0,0,0,0
2971,2,0.00036507520787264235,0,0,0,0
2972,2,0.00027833129215389763,0,0,0,0
2973,1,8.574585375632627e-05,0,0,0,0
2974,2,0.00033057050627387794,0,0,0,0
2975,2,0.00020762905540954146,0,0,0,0
2976,2,0.00036443323725256736,0,0,0,0
2977,2,0.0001134138990274884,0,0,0,0
2978,1,7.492108075932057e-06,0,0,0,0
2979,2,0.0003615923890044682,0,0,0,0
2980,2,0.00026478771399721226,0,0,0,0
2981,2,0.0002660289382502031,14,0,0,0
2982,2,0.00018776342355146498,0,0,0,0
2983,2,0.00023120771668578926,7,0,0,0
2984,2,0.000192182362665831,0,0,0,0
2985,2,0.00021839681584264964,0,0,0,0
2986,2,0.00016511491960208492,0,0,0,0
2987,1,1.141367652759906e-05,0,0,0,0
2988,1,6.929528314233917e-05,0,0,0,0
2989,1,6.012543538986527e-06,0,0,0,0
2990,2,0.00020380728886225735,0,0,0,0
2991,2,0.0001373533944762949,0,0,0,0
2992,2,4.240568122090578e-06,0,0,0,0
2993,2,0.0003071313267397346,0,0,0,0
2994,2,0.0001912186198727331,0,0,0,0
2995,2,0.00013845047442552846,0,0,0,0
2996,1,1.7006582797094786e-05,0,0,0,0
2997,2,0.00014067351786282563,0,0,0,0
2998,2,7.637022964640987e-05,0,0,0,0
2999,2,0.0005298118691942124,0,0,0,0
3000,2,0.00020980469364136926,0,0,0,0
3001,2,0.0003508413208852671,0,0,0,0
3002,2,0.00040090552304998295,0,0,0,0
3003,2,0.00026276732676635704,0,0,0,0
3004,2,0.00011510933955665918,0,0,0,0
3005,2,0.00023393164240205619,0,0,0,0
3006,2,0.0001549434176284691,0,0,0,0
3007,2,0.00011957427824551597,0,0,0,0
3008,2,0.00011035863466777922,105,0,0,0
3009,2,0.00023622902793417154,0,0,0,0
3010,2,4.339775999606676e-05,0,0,0,0
3011,2,0.00014109816298190896,0,0,0,0
3012,1,7.708859067626019e-05,0,0,0,0
3013,2,0.00022380801630868553,0,0,0,0
3014,2,0.0006893175529239373,5236,0,0,0
3015,2,0.0003365645062753215,0,0,0,0
3016,2,5.968962426099263e-05,0,0,0,0
3017,2,8.013341173631894e-05,0,0,0,0
3018,2,0.00040065167923029036,0,0,0,0
3019,2,6.666130456375568e-05,0,0,0,0
3020,1,2.73874393253304e-06,0,0,0,0
3021,2,1.602893003188023e-05,0,0,0,0
3022,2,0.00034710467928695166,0,0,0,0
3023,2,0.00023875625725592193,7,0,0,0
3024,2,0.00035273154407630046,0,0,0,0
3025,1,0.0002259558017781683,0,0,0,0
3026,2,8.558408114563462e-05,0,0,0,0
3027,2,0.0003220132936370333,0,0,0,0
3028,2,0.0006221059827318204,556,0,0,0
3029,2,4.4081190621624056e-05,0,0,0,0
3030,2,0.00040474985625734187,0,0,0,0
3031,2,0.00011983248055412758,0,0,0,0
3032,2,0.0003578468866343175,0,0,0,0
3033,2,0.00017304563913494864,0,0,0,0
3034,2,0.00014137445257094485,0,0,0,0
3035,2,0.00012486000311557878,0,0,0,0
3036,2,0.00010418517557315869,0,0,0,0
3037,2,0.00020266920930999652,0,0,0,0
3038,2,0.00012499715687875067,0,0,0,0
3039,2,0.00023003596796138126,0,0,0,0
3040,2,0.00014003686892480696,0,0,0,0
3041,2,0.00023483533735691847,0,0,0,0
3042,2,0.00022197783805089283,0,0,0,0
3043,2,0.00035440963463710765,0,0,0,0
3044,2,3.967096745684448e-05,0,0,0,0
3045,2,0.00040544481838085086,0,0,0,0
3046,2,9.79352999453164e-05,0,0,0,0
3047,2,0.00010707121913595415,0,0,0,0
3048,1,6.449060363606582e-06,0,0,0,0
3049,2,0.0004271246410205159,0,0,0,0
3050,2,0.00014106536940636545,0,0,0,0
3051,1,5.7044528867249844e-05,0,0,0,0
3052,2,0.00043498763007934104,0,0,0,0
3053,2,0.00032742205814105204,0,0,0,0
3054,2,0.0003812276993300705,0,0,0,0
3055,2,0.00018139556192935086,0,0,0,0
3056,2,0.0001262396496960614,0,0,0,0
3057,2,0.00013781599370217323,0,0,0,0
3058,2,0.00018925806736906333,0,0,0,0
3059,2,0.00029410105514541195,0,0,0,0
3060,2,6.967667164637624e-05,0,0,0,0
3061,2,5.7902356091427526e-05,0,0,0,0
3062,2,0.00015206222517829583,0,0,0,0
3063,2,0.0008068986182397822,0,0,0,0
3064,2,0.0002029999354845073,0,0,0,0
3065,2,0.0004972485386311174,0,0,0,0
3066,2,0.0002787506620126537,0,0,0,0
3067,1,0.00016040467022579498,0,0,0,0
3068,2,9.992039177984173e-05,0,0,0,0
3069,1,0.0006979999061800386,432,0,0,0
3070,2,0.0002470755532844909,0,0,0,0
3071,2,9.658520389563414e-05,0,0,0,0
3072,2,2.2953963688742408e-05,0,0,0,0
3073,2,0.0007160655000297911,0,0,0,0
3074,2,0.00015741321301150524,0,0,0,0
3075,2,0.00011866004616239356,0,0,0,0
3076,2,0.0002386144988192876,0,0,0,0
3077,2,0.0002134236642350156,0,0,0,0
3078,2,0.00026354294610348204,0,0,0,0
3079,2,0.00017855470319757557,0,0,0,0
3080,2,0.00041435114084107007,0,0,0,0
3081,2,0.0004451507575296916,0,0,0,0
3082,2,0.0002446096158214856,0,0,0,0
3083,2,0.0003388963471925735,0,0,0,0
3084,2,0.00025641192568147246,0,0,0,0
3085,2,0.0004205391547941321,0,0,0,0
3086,2,0.00013323400386438554,7,0,0,0
3087,2,0.00016559783858980905,0,0,0,0
3088,2,5.9908037010882094e-05,0,0,0,0
3089,2,0.0002454853211164989,0,0,0,0
3090,2,5.625787176907838e-05,0,0,0,0
3091,2,0.0006980387875358252,0,0,0,0
3092,2,0.0006882355083378734,0,0,0,0
3093,2,0.0003816618743762163,0,0,0,0
3094,2,2.2574643350897307e-05,0,0,0,0
3095,2,0.0003113632159942279,0,0,0,0
3096,2,0.00012477256371906025,0,0,0,0
3097,2,0.0002574705901445997,0,0,0,0
3098,2,0.0001197646126303833,0,0,0,0
3099,2,0.0002501887554370614,0,0,0,0
3100,2,0.0005221532580730725,0,0,0,0
3101,2,0.0003576940719924581,0,0,0,0
3102,2,0.00018769878600093521,0,0,0,0
3103,2,0.0001875725546761662,0,0,0,0
3104,2,0.0006436806376175731,0,0,0,0
3105,2,0.0002331238480084457,0,0,0,0
3106,1,8.773305569954665e-05,0,0,0,0
3107,2,9.366704376926223e-05,0,0,0,0
3108,2,0.0001756108450352204,0,0,0,0
3109,2,0.00019014498654457425,0,0,0,0
3110,2,0.00010837249461680312,0,0,0,0
3111,2,0.000687886893311794,0,0,0,0
3112,2,9.906562534964487e-05,0,0,0,0
3113,2,0.0005637814673125625,0,0,0,0
3114,2,0.00021172273979822912,0,0,0,0
3115,2,0.00036052066704149,0,0,0,0
3116,2,0.00030156154804928976,0,0,0,0
3117,1,5.2533917203947944e-05,0,0,0,0
3118,1,8.568024477994171e-05,0,0,0,0
3119,1,4.167153818296864e-05,7,0,0,0
3120,2,0.0002530607779920647,0,0,0,0
3121,2,0.00032510651974150236,0,0,0,0
3122,2,0.00021797914309705052,0,0,0,0
3123,1,0.00011320595994692562,0,0,0,0
3124,2,3.819624000103167e-05,0,0,0,0
3125,1,7.747574595297785e-05,0,0,0,0
3126,2,0.00025118260896579714,0,0,0,0
3127,2,0.00025510598369862634,0,0,0,0
3128,2,0.00039817199471175064,0,0,0,0
3129,2,0.00010195015220024554,0,0,0,0
3130,2,0.00030477841831250254,0,0,0,0
3131,2,9.934834386285244e-05,0,0,0,0
3132,2,0.0001674599932434045,0,0,0,0
3133,2,0.0002018956288495027,0,0,0,0
3134,2,0.0002022149548638426,0,0,0,0
3135,2,0.0005099561061223812,0,0,0,0
3136,2,0.00023675979835896915,1363,0,0,0
3137,2,0.000139372969792988,0,0,0,0
3138,2,0.00020501435985185895,0,0,0,0
3139,1,8.370643363259271e-05,0,0,0,0
3140,2,0.0004659780459874132,0,0,0,0
3141,1,0.00010013206061220034,0,0,0,0
3142,2,0.00027081387220924196,0,0,0,0
3143,2,5.536401300807911e-05,7,0,0,0
3144,1,6.374662693526618e-05,0,0,0,0
3145,2,0.00012195221518392722,0,0,0,0
3146,2,0.00010808064469075966,0,0,0,0
3147,2,0.0003211973500210149,0,0,0,0
3148,2,0.00038664045780901384,0,0,0,0
3149,1,7.150026272141941e-05,0,0,0,0
3150,1,1.2344577363184337e-05,0,0,0,0
3151,1,6.2969849868806385e-06,0,0,0,0
3152,1,0.0002411062046637352,0,0,0,0
3153,2,0.00034641274422279455,0,0,0,0
3154,2,9.113294286973229e-05,0,0,0,0
3155,2,0.00039987853844785824,0,0,0,0
3156,2,0.00020821217588791604,0,0,0,0
3157,2,0.000276312341430797,0,0,0,0
3158,2,0.00019608731755202348,0,0,0,0
3159,2,6.055457787475418e-05,0,0,0,0
3160,2,0.0006837786726789021,0,0,0,0
3161,1,0.00019702788689836376,0,0,0,0
3162,1,6.679837290318291e-05,0,0,0,0
3163,1,5.263838924801958e-05,0,0,0,0
3164,2,0.0003149421373482988,0,0,0,0
3165,2,0.0002545915955952009,0,0,0,0
3166,2,0.0006511420647485731,0,0,0,0
3167,2,0.0003237931934632115,0,0,0,0
3168,2,0.0003108843832667338,0,0,0,0
3169,2,7.601920888993362e-05,0,0,0,0
3170,2,0.0005987706089802095,0,0,0,0
3171,2,0.00041206502565503233,0,0,0,0
3172,2,0.00043982635386428573,15,0,0,0
3173,2,0.00010490668456401451,7,0,0,0
3174,2,0.00016897762555937977,0,0,0,0
3175,1,0.00018507862052044918,0,0,0,0
3176,2,4.636185221731419e-05,0,0,0,0
3177,2,0.0004409677380484746,0,0,0,0
3178,2,0.0005887521338902084,0,0,0,0
3179,2,0.00011368303780936933,0,0,0,0
3180,2,6.32396149531227e-05,0,0,0,0
3181,2,7.574607681122524e-05,0,0,0,0
3182,1,0.00010801344198820085,0,0,0,0
3183,1,0.00010334907214018944,0,0,0,0
3184,2,8.424102030460737e-05,0,0,0,0
3185,2,6.919663293271394e-05,0,0,0,0
3186,2,0.0003353513964891427,0,0,0,0
3187,2,0.00022947666331568888,0,0,0,0
3188,1,3.718955475027665e-05,0,0,0,0
3189,2,0.0002135177091904069,0,0,0,0
3190,2,0.0004514460148755017,0,0,0,0
3191,2,4.649917052944379e-05,0,0,0,0
3192,2,0.00031503105037432435,0,0,0,0
3193,2,0.00019965622339819536,0,0,0,0
3194,2,0.00016707330751214328,0,0,0,0
3195,1,1.8287417148545147e-05,0,0,0,0
3196,2,0.00015732687818275097,0,0,0,0
3197,2,0.00011313937981467053,0,0,0,0
3198,2,0.0008349883953333851,5198,0,0,0
3199,2,0.00012207884695389655,0,0,0,0
3200,1,0.00021039607769154881,7,0,0,0
3201,2,0.000646924093636232,0,0,0,0
3202,2,0.00010683208203585548,0,0,0,0
3203,2,8.806117312276865e-05,0,0,0,0
3204,2,0.00027287489050457973,105,0,0,0
3205,2,3.0637355900377106e-05,0,0,0,0
3206,2,0.00019037358125203316,0,0,0,0
3207,2,0.00018566690629190832,0,0,0,0
3208,2,0.00024228378300725906,1064,0,0,0
3209,2,6.54105573064605e-05,0,0,0,0
3210,2,1.9198020162968004e-05,0,0,0,0
3211,1,1.1708365154744318e-05,7,0,0,0
3212,2,0.000259128064031171,0,0,0,0
3213,2,0.0006114208616852416,0,0,0,0
3214,2,0.0003020029447720696,0,0,0,0
3215,2,0.0005789166680523708,0,0,0,0
3216,2,7.687843812225357e-05,0,0,0,0
3217,1,4.607854904037299e-05,0,0,0,0
3218,2,0.00016154314131188775,0,0,0,0
3219,2,8.663974846720768e-05,0,0,0,0
3220,1,0.00011788845175009501,0,0,0,0
3221,2,0.00011027511342001043,0,0,0,0
3222,2,4.5046657627978076e-05,0,0,0,0
3223,2,0.0001544292117813215,0,0,0,0
3224,2,0.0007759990550377349,0,0,0,0
3225,2,0.00024105007517812667,0,0,0,0
3226,1,0.00016714618779474226,0,0,0,0
3227,2,0.00035659683813911794,0,0,0,0
3228,2,0.0002722724911156868,0,0,0,0
3229,2,0.0004194243170894612,0,0,0,0
3230,2,7.152603487370277e-05,0,0,0,0
3231,2,0.00017895431463669975,0,0,0,0
3232,2,0.0006415244522870308,0,0,0,0
3233,2,0.0005292609831728548,1444,0,0,0
3234,2,0.00026529144625026685,0,0,0,0
3235,2,0.00010213193263843587,0,0,0,0
3236,2,0.0008961579466198573,0,0,0,0
3237,2,0.0003014046013753993,0,0,0,0
3238,2,0.00010981671220769605,0,0,0,0
3239,2,0.0007458278321823423,0,0,0,0
3240,2,4.547652262697421e-05,0,0,0,0
3241,2,0.00011598010176805486,0,0,0,0
3242,1,0.00012001018416019066,0,0,0,0
3243,2,0.00024561336453339814,0,0,0,0
3244,2,1.4446508958460238e-05,0,0,0,0
3245,2,0.00010278616368929831,0,0,0,0
3246,2,0.00012475044877721358,0,0,0,0
3247,2,0.0002784296752030178,0,0,0,0
3248,2,0.00010361134103678133,0,0,0,0
3249,1,1.9472240891524907e-06,7,0,0,0
3250,1,9.59765982323193e-05,0,0,0,0
3251,2,2.8064600008628625e-05,0,0,0,0
3252,2,0.00024398283416743658,0,0,0,0
3253,2,0.0002148434033659836,1318,0,0,0
3254,2,0.00028667257302401113,0,0,0,0
3255,2,8.783094640495026e-05,0,0,0,0
3256,2,0.00028802938234803293,0,0,0,0
3257,2,0.00024137834672181187,0,0,0,0
3258,2,0.0003298615425184291,0,0,0,0
3259,2,0.00011977990047537374,0,0,0,0
3260,2,0.00014709550380755378,0,0,0,0
3261,1,1.6609705297011783e-05,0,0,0,0
3262,2,0.00012833464606644464,0,0,0,0
3263,2,0.0005699560812541402,0,0,0,0
3264,2,0.00015072057709896404,0,0,0,0
3265,2,3.871083011304282e-05,0,0,0,0
3266,2,0.0001348219679183658,0,0,0,0
3267,2,1.9970942644968932e-05,0,0,0,0
3268,2,0.0005779519215018239,0,0,0,0
3269,2,0.0002667657746221773,0,0,0,0
3270,1,5.547188330493641e-07,0,0,0,0
3271,2,0.0002596291383450118,0,0,0,0
3272,2,0.00011611908279973338,0,0,0,0
3273,2,0.00045107339658397076,0,0,0,0
3274,2,0.00019522653011778032,0,0,0,0
3275,2,0.00014349683475660838,0,0,0,0
3276,2,2.737396613226613e-05,0,0,0,0
3277,2,0.00043429607563030104,0,0,0,0
3278,1,0.00020192847465762026,0,0,0,0
3279,2,3.0239726501938294e-06,0,0,0,0
3280,2,0.00041941955994972686,0,0,0,0
3281,2,0.00020499306463425676,0,0,0,0
3282,2,0.00021287950266316036,0,0,0,0
3283,2,9.987305360740363e-05,0,0,0,0
3284,2,0.0006679493658064227,0,0,0,0
3285,2,0.0001245247278513894,0,0,0,0
3286,2,0.00019432951275299905,0,0,0,0
3287,1,0.0002877889432540126,0,0,0,0
3288,2,8.368382900008697e-05,0,0,0,0
3289,2,0.00029592371465873716,0,0,0,0
3290,2,0.00018231290269798124,818,0,0,0
3291,1,0.0009103720882108235,7525,0,0,0
3292,2,0.0004045994796283358,0,0,0,0
3293,2,6.614337153786046e-05,0,0,0,0
3294,2,0.00023019393695328924,0,0,0,0
3295,2,0.00025016857928820843,0,0,0,0
3296,2,0.0004337618909161875,0,0,0,0
3297,2,6.191836559462468e-05,0,0,0,0
3298,2,0.00029924381398694966,0,0,0,0
3299,2,6.382617411603833e-05,0,0,0,0
3300,2,0.0005822918391015455,0,0,0,0
3301,2,0.0002741297507102529,0,0,0,0
3302,2,5.5042921949940395e-05,0,0,0,0
3303,2,0.0004896092727789863,0,0,0,0
3304,2,1.812517371741113e-05,0,0,0,0
3305,1,0.0002720708059355772,0,0,0,0
3306,2,0.00020880312625121445,0,0,0,0
3307,1,1.2987349748538077e-05,0,0,0,0
3308,1,2.0872767583055737e-05,0,0,0,0
3309,2,0.0003837747263745357,0,0,0,0
3310,2,0.0001567187730820026,91,0,0,0
3311,2,9.723619944880737e-05,0,0,0,0
3312,2,0.00020641671481840627,0,0,0,0
3313,2,0.00012071987937725444,419,0,0,0
3314,2,9.535217071971204e-05,0,0,0,0
3315,2,0.0001821383500978709,0,0,0,0
3316,2,0.0003590666497074699,0,0,0,0
3317,2,0.0003857952577993745,0,0,0,0
3318,2,0.00018973351584877635,0,0,0,0
3319,2,0.00023687676228320573,0,0,0,0
3320,2,0.0002579929423099775,0,0,0,0
3321,1,3.6067349899989515e-05,0,0,0,0
3322,2,0.00031115825333546905,0,0,0,0
3323,2,7.066090112275686e-05,0,0,0,0
3324,2,0.0005719087500235143,0,0,0,0
3325,1,0.0001807860853561643,0,0,0,0
3326,2,0.00027396735049966305,0,0,0,0
3327,2,0.00021315162803756173,0,0,0,0
3328,2,0.00032549910001232983,0,0,0,0
3329,2,0.00024621989978738907,0,0,0,0
3330,1,0.0003526880208257047,0,0,0,0
3331,2,0.000680775447054712,273,0,0,0
3332,2,0.00010639798059601355,0,0,0,0
3333,2,0.0004278015408955851,0,0,0,0
3334,2,0.0003332213027151532,0,0,0,0
3335,2,8.24927531961853e-05,0,0,0,0
3336,2,0.0001215144209202947,0,0,0,0
3337,2,0.00027574185801635293,0,0,0,0
3338,1,0.00010786061305791569,0,0,0,0
3339,2,0.00036202627760955963,0,0,0,0
3340,2,0.0008033719072617396,0,0,0,0
3341,2,0.0003321891890361628,0,0,0,0
3342,2,0.0001140185399601876,0,0,0,0
3343,2,0.0002910253275388389,0,0,0,0
3344,1,5.698065754945563e-05,0,0,0,0
3345,2,3.829635624858693e-05,0,0,0,0
3346,2,0.0003025253250799923,0,0,0,0
3347,1,3.931056953367011e-05,0,0,0,0
3348,2,0.0001718299818997413,0,0,0,0
3349,2,0.0006469130219217452,0,0,0,0
3350,2,0.00013791709993562023,0,0,0,0
3351,2,0.000299661776065939,0,0,0,0
3352,2,0.00028105890973770785,0,0,0,0
3353,1,0.00012977105076562203,0,0,0,0
3354,1,1.8665792585547413e-05,0,0,0,0
3355,2,0.0001194848075663571,0,0,0,0
3356,2,0.00020738654748539155,0,0,0,0
3357,2,9.52603580840956e-05,0,0,0,0
3358,2,0.00018335640778223032,0,0,0,0
3359,2,2.2969929688492474e-05,0,0,0,0
3360,2,0.00018713014073633484,0,0,0,0
3361,2,0.00012609473477631305,0,0,0,0
3362,2,2.6063167744280662e-05,0,0,0,0
3363,1,9.463994027007816e-05,0,0,0,0
3364,2,2.1071402635171513e-05,0,0,0,0
3365,2,0.00015780088112688797,47,0,0,0
3366,1,0.00017577402933476665,0,0,0,0
3367,2,0.0002079803030163889,0,0,0,0
3368,1,0.0005771811786194019,0,0,0,0
3369,2,4.1171917382237005e-05,0,0,0,0
3370,2,0.0003053881810598072,0,0,0,0
3371,2,0.00011449523445496183,0,0,0,0
3372,2,0.0001838036024395886,0,0,0,0
3373,1,0.0002145033054838734,0,0,0,0
3374,1,7.612142818615717e-05,0,0,0,0
3375,2,0.00010960443324284205,0,0,0,0
3376,1,0.0001517647084023751,0,0,0,0
3377,2,0.0002090574484774314,0,0,0,0
3378,2,0.00010207661687553709,0,0,0,0
3379,2,0.0002479358927977758,0,0,0,0
3380,2,0.00011245517224146447,0,0,0,0
3381,2,0.00023770849621274268,0,0,0,0
3382,2,0.00023127851946257,0,0,0,0
3383,2,0.00026483240538321094,0,0,0,0
3384,2,0.00020630549188189472,0,0,0,0
3385,2,6.978963844338782e-05,0,0,0,0
3386,2,0.00029192166395452715,1201,0,0,0
3387,2,0.0006405307199812242,0,0,0,0
3388,1,8.154293386643702e-05,0,0,0,0
3389,2,0.00018321668360967819,0,0,0,0
3390,2,0.00010960051000856521,0,0,0,0
3391,2,6.629895274805099e-05,0,0,0,0
3392,1,7.672943433234764e-05,0,0,0,0
3393,2,0.00025940764528531636,0,0,0,0
3394,2,2.7388169494299126e-05,0,0,0,0
3395,2,9.175148053405833e-05,0,0,0,0
3396,2,6.0847393055011683e-05,0,0,0,0
3397,2,6.372164532673929e-05,0,0,0,0
3398,2,0.00011644514450755588,0,0,0,0
3399,1,4.3852658792701e-06,0,0,0,0
3400,2,0.00046018523264656954,0,0,0,0
3401,2,0.00023577985766383804,0,0,0,0
3402,1,0.00011745940286350166,0,0,0,0
3403,2,0.000630846527690785,0,0,0,0
3404,1,0.000191949294819948,0,0,0,0
3405,1,2.4713990669518908e-05,0,0,0,0
3406,2,2.290362485321189e-05,0,0,0,0
3407,2,0.0004905158906982524,0,0,0,0
3408,2,0.00044810861795356604,0,0,0,0
3409,2,0.00044495978609763743,0,0,0,0
3410,2,0.00012259607675753145,0,0,0,0
3411,2,0.00014543210353463583,0,0,0,0
3412,1,5.0549014840075634e-05,0,0,0,0
3413,1,0.00017305053072076812,0,0,0,0
3414,1,0.00019446925702110973,0,0,0,0
3415,2,0.00030219558641692544,0,0,0,0
3416,2,0.00033807215128888796,0,0,0,0
3417,2,0.0002583322403564039,0,0,0,0
3418,2,0.00031508736133942016,0,0,0,0
3419,1,0.00012707535834579828,0,0,0,0
3420,2,0.00028353944600935605,0,0,0,0
3421,2,0.0004666136975675839,0,0,0,0
3422,2,0.0006938114373011819,0,0,0,0
3423,2,0.0001271177380572806,0,0,0,0
3424,2,0.00015614225301174394,0,0,0,0
3425,2,0.0008028775892039577,0,0,0,0
3426,2,0.00029924692677766706,0,0,0,0
3427,2,0.0002659193723989115,0,0,0,0
3428,1,0.00010222455916378536,0,0,0,0
3429,2,0.00013096363345584916,0,0,0,0
3430,2,0.0003086405451563951,0,0,0,0
3431,2,0.00018350154882304363,0,0,0,0
3432,2,0.0004345620851290138,0,0,0,0
3433,2,0.00026288220089036655,0,0,0,0
3434,2,0.00022892481878978278,0,0,0,0
3435,2,8.018029255105678e-05,13,0,0,0
3436,2,0.00022144180572399982,0,0,0,0
3437,1,1.3759301322749389e-05,0,0,0,0
3438,1,3.62197988499638e-05,0,0,0,0
3439,2,0.00015437226136880865,0,0,0,0
3440,2,0.00027014815486920915,549,0,0,0
3441,2,0.0004505043083039476,0,0,0,0
3442,2,0.0007621193759992782,0,0,0,0
3443,2,0.00036390733006226047,0,0,0,0
3444,2,0.00035512949423532203,0,0,0,0
3445,2,0.00048075627735645474,0,0,0,0
3446,1,0.00013770623339076188,0,0,0,0
3447,2,0.00014906189514761847,0,0,0,0
3448,1,2.525442912668913e-05,0,0,0,0
3449,2,0.0008653861354985194,0,0,0,0
3450,2,0.0002196641296022185,0,0,0,0
3451,2,0.0005102178388151235,172,0,0,0
3452,2,7.928808733216006e-05,0,0,0,0
3453,2,0.0004624646444298134,0,0,0,0
3454,2,0.00010833058140348399,0,0,0,0
3455,2,0.00030993919339635916,0,0,0,0
3456,2,0.0003885300948344181,0,0,0,0
3457,2,0.000475214709436184,0,0,0,0
3458,2,9.057458415588888e-05,0,0,0,0
3459,2,0.00013143565100000244,0,0,0,0
3460,1,0.0001438039526759152,0,0,0,0
3461,1,0.00012781218790649154,0,0,0,0
3462,2,0.0004874096320734409,0,0,0,0
3463,2,0.0007604632594234161,0,0,0,0
3464,2,0.0005822105622370642,0,0,0,0
3465,1,0.00010480470057295682,0,0,0,0
3466,2,0.0003409275566912716,0,0,0,0
3467,2,0.0006269894545926517,0,0,0,0
3468,2,0.00030130216574518877,0,0,0,0
3469,2,0.0002178766433514675,0,0,0,0
3470,2,0.00038057438554065686,0,0,0,0
3471,2,0.00010998430685427555,0,0,0,0
3472,2,0.0006876715206183265,0,0,0,0
3473,2,0.00012539562179329655,0,0,0,0
3474,2,0.0004768115220675699,0,0,0,0
3475,2,0.0001506383464094578,0,0,0,0
3476,2,0.0006279964826990843,0,0,0,0
3477,2,0.000112194183968742,0,0,0,0
3478,2,0.0002998267098558526,0,0,0,0
3479,1,0.0001388054148129087,0,0,0,0
3480,1,6.085293194876349e-06,0,0,0,0
3481,2,0.00031389322530757385,0,0,0,0
3482,2,0.00018271110367113622,0,0,0,0
3483,2,7.951807372212042e-05,0,0,0,0
3484,2,0.0001142522448497361,0,0,0,0
3485,2,0.0002720500521658982,0,0,0,0
3486,2,0.0001970485136095562,0,0,0,0
3487,2,0.00013472687053208053,0,0,0,0
3488,2,0.0002930988202581371,0,0,0,0
3489,2,0.0004438340603376881,0,0,0,0
3490,2,0.00022647995564364942,0,0,0,0
3491,2,0.00021294745083766644,0,0,0,0
3492,2,7.813155693744766e-05,0,0,0,0
3493,2,0.0004708213132728175,0,0,0,0
3494,1,0.00010362841857599107,0,0,0,0
3495,2,0.00016628565115978124,0,0,0,0
3496,1,9.644254342988057e-05,0,0,0,0
3497,2,0.00018133626063541588,0,0,0,0
3498,2,0.0004180265289749901,0,0,0,0
3499,2,0.0002077227467601178,0,0,0,0
3500,2,0.0003267708768251657,0,0,0,0
3501,2,0.00038433702626437154,0,0,0,0
3502,2,0.00033895017499416973,0,0,0,0
3503,2,0.0002226969882396883,0,0,0,0
3504,2,0.0002019703101853754,0,0,0,0
3505,1,0.0001695920991951428,0,0,0,0
3506,1,7.2023814914368206e-06,0,0,0,0
3507,2,0.00014481637140349168,0,0,0,0
3508,2,6.901552422185236e-05,0,0,0,0
3509,2,0.0001686952116703504,0,0,0,0
3510,2,0.00036590512886686756,7,0,0,0
3511,2,0.00030215338792169216,0,0,0,0
3512,2,0.00014538461817951347,0,0,0,0
3513,2,0.00040751170482523496,0,0,0,0
3514,2,0.00015974709435809863,416,0,0,0
3515,2,0.0006181073458931994,0,0,0,0
3516,2,0.00010511137876338248,0,0,0,0
3517,2,0.00014218254656707312,0,0,0,0
3518,1,0.00014149822762677327,0,0,0,0
3519,2,0.00014430574260208958,0,0,0,0
3520,2,0.00018918616030527482,0,0,0,0
3521,2,0.00035274042658206805,0,0,0,0
3522,2,8.917899156891951e-05,0,0,0,0
3523,2,0.0003614055846081753,0,0,0,0
3524,2,3.986610899441422e-05,200,0,0,0
3525,2,0.00011096381438956205,0,0,0,0
3526,2,8.19236197102995e-05,0,0,0,0
3527,2,0.0005019485237674132,0,0,0,0
3528,2,0.0005038372126471936,0,0,0,0
3529,2,0.0005050019017521358,0,0,0,0
3530,2,0.0002202930310874718,7,0,0,0
3531,2,0.000353125433690043,0,0,0,0
3532,1,0.00011526821590053239,0,0,0,0
3533,2,0.0009285250590567322,117,0,0,0
3534,2,0.00021418227705157102,0,0,0,0
3535,2,0.00041764331819051065,0,0,0,0
3536,2,0.00047523112372394505,0,0,0,0
3537,1,0.0004532261766262962,7,0,0,0
3538,1,0.0002367825884809443,0,0,0,0
3539,1,0.00013556280334361015,0,0,0,0
3540,2,0.0002105204145671508,0,0,0,0
3541,2,0.0005923389140631319,0,0,0,0
3542,2,0.00034330257525577544,0,0,0,0
3543,2,0.0005614905013739537,0,0,0,0
3544,1,2.328799936022298e-06,0,0,0,0
3545,2,0.0006798880177790552,0,0,0,0
3546,2,0.0003080686943331827,0,0,0,0
3547,2,3.703277911526259e-05,0,0,0,0
3548,1,8.742844181389554e-05,0,0,0,0
3549,2,0.0008319631930243218,0,0,0,0
3550,2,0.00019267120810382847,0,0,0,0
3551,2,0.000206754047585306,0,0,0,0
3552,2,0.00019110050852283998,697,0,0,0
3553,2,0.00014576915036746096,0,0,0,0
3554,2,0.0002889133007306482,0,0,0,0
3555,2,0.00036027016922682883,0,0,0,0
3556,2,0.00019970732489838863,0,0,0,0
3557,2,0.0005392662745848031,0,0,0,0
3558,2,6.67587676608009e-05,0,0,0,0
3559,2,0.00045199805754299755,0,0,0,0
3560,2,0.00036410585932192713,0,0,0,0
3561,1,9.396293058595625e-05,0,0,0,0
3562,2,0.00016821303701906344,0,0,0,0
3563,2,0.0003511452823565564,0,0,0,0
3564,2,0.00016369262411747236,0,0,0,0
3565,1,3.3586271301510597e-06,0,0,0,0
3566,2,0.00033924915991915156,0,0,0,0
3567,2,0.000425018583071149,0,0,0,0
3568,2,0.00016110075386824145,0,0,0,0
3569,2,0.00024566354996588405,0,0,0,0
3570,2,9.891761402776332e-05,0,0,0,0
3571,2,0.00030151755554626357,0,0,0,0
3572,2,5.288361576953697e-05,0,0,0,0
3573,2,0.0001287941671149417,0,0,0,0
3574,2,7.100610401002651e-05,0,0,0,0
3575,2,0.00012399166850335296,0,0,0,0
3576,2,0.00023988529586781667,7,0,0,0
3577,2,0.0001404663348559439,0,0,0,0
3578,2,0.00012440174351565204,0,0,0,0
3579,2,0.00025704837437785495,0,0,0,0
3580,2,0.000304349061109473,0,0,0,0
3581,2,0.0001230599278761487,0,0,0,0
3582,1,0.0002507754334891663,0,0,0,0
3583,2,0.0004718078587017577,0,0,0,0
3584,2,9.391769353626118e-05,0,0,0,0
3585,2,4.9382489192006343e-05,0,0,0,0
3586,2,0.00012417793361283694,0,0,0,0
3587,2,0.00019694339149712426,0,0,0,0
3588,2,0.00021052910702697942,0,0,0,0
3589,2,0.00024994036308831374,0,0,0,0
3590,2,0.0001322681537613245,0,0,0,0
3591,1,0.00018833260973391823,0,0,0,0
3592,2,0.0002180909612793214,0,0,0,0
3593,2,0.0002321906237271751,0,0,0,0
3594,1,0.0002935797129202416,0,0,0,0
3595,2,0.0001403163758796489,0,0,0,0
3596,2,0.000518226288802706,0,0,0,0
3597,2,0.0005168578850389848,0,0,0,0
3598,2,4.502998397426546e-05,0,0,0,0
3599,2,0.00021770444935819517,0,0,0,0
3600,1,0.00020286127284031464,0,0,0,0
3601,2,0.00013465754957228972,0,0,0,0
3602,2,6.691215690250836e-05,0,0,0,0
3603,1,0.00025206544731076763,0,0,0,0
3604,2,0.00015876681117482538,0,0,0,0
3605,2,4.231006086942431e-05,0,0,0,0
3606,2,0.000105343734518751,3759,0,0,0
3607,2,0.00015721357059093183,0,0,0,0
3608,2,5.867047695543232e-05,0,0,0,0
3609,1,0.00012781977568681368,0,0,0,0
3610,2,0.00017059591728315045,0,0,0,0
3611,2,0.00025021170003928107,0,0,0,0
3612,1,0.0003735132972769509,0,0,0,0
3613,2,5.808268545961639e-05,0,0,0,0
3614,2,0.0001680161796231966,0,0,0,0
3615,2,0.000373317869789052,0,0,0,0
3616,1,7.652643179349684e-05,0,0,0,0
3617,2,0.0004475780358046688,0,0,0,0
3618,2,0.0004897671367406769,0,0,0,0
3619,2,0.00043516095174716104,0,0,0,0
3620,2,8.266983087783358e-05,0,0,0,0
3621,2,0.00025246049110917994,0,0,0,0
3622,1,2.6390116809661254e-05,0,0,0,0
3623,2,0.00010930248314883514,0,0,0,0
3624,2,0.00019108907310018752,0,0,0,0
3625,2,0.0003651450781348971,0,0,0,0
3626,1,0.00011926670072176411,0,0,0,0
3627,2,0.00042530155743349503,0,0,0,0
3628,2,4.202508773595749e-05,0,0,0,0
3629,2,0.00012135083136937033,0,0,0,0
3630,1,3.0057623027231426e-05,0,0,0,0
3631,2,0.00027067130295549706,0,0,0,0
3632,2,6.0585876121290706e-05,0,0,0,0
3633,2,9.580116412615682e-05,0,0,0,0
3634,2,0.00021585022417979326,0,0,0,0
3635,2,0.00023230482915429496,0,0,0,0
3636,2,0.00023498848811042534,0,0,0,0
3637,2,7.6143285527126e-05,0,0,0,0
3638,1,7.334649921719513e-06,0,0,0,0
3639,2,0.00032003327479768954,0,0,0,0
3640,2,0.00012542043441752073,468,0,0,0
3641,2,0.00011705571800850832,0,0,0,0
3642,2,0.0006594138434393778,0,0,0,0
3643,2,0.0002152639792815332,0,0,0,0
3644,2,0.00035632461468101695,0,0,0,0
3645,1,1.841698242135501e-05,7,0,0,0
3646,1,0.00011463740573788802,0,0,0,0
3647,2,0.00011726342188995212,0,0,0,0
3648,2,0.00017493788786228454,0,0,0,0
3649,2,0.00025223844183618955,0,0,0,0
3650,2,0.00011942582809706526,0,0,0,0
3651,1,0.0005389448572675565,0,0,0,0
3652,2,0.0006613501288028011,0,0,0,0
3653,2,0.00014135269654907439,0,0,0,0
3654,1,0.00011942762041714166,0,0,0,0
3655,2,0.0003213079259956388,0,0,0,0
3656,2,0.00014570659298676373,0,0,0,0
3657,2,1.9721867110876414e-05,0,0,0,0
3658,2,0.0007806684147647292,166,0,0,0
3659,2,0.00038253660736405185,0,0,0,0
3660,2,0.0004742587323042872,0,0,0,0
3661,1,0.00016244217350505047,0,0,0,0
3662,1,5.860386487422938e-05,0,0,0,0
3663,2,0.0005867733940496694,0,0,0,0
3664,2,0.0003428185623447453,0,0,0,0
3665,2,0.00020661986794021618,0,0,0,0
3666,2,0.00010140878692678279,0,0,0,0
3667,2,0.00015674691345505414,0,0,0,0
3668,2,0.0002906969256914034,0,0,0,0
3669,2,0.0002241265547060072,0,0,0,0
3670,2,5.8414670521942325e-06,0,0,0,0
3671,1,6.617106195637715e-05,7,0,0,0
3672,2,0.00042330084281065714,0,0,0,0
3673,1,3.0318080141800284e-05,0,0,0,0
3674,2,9.511568991590026e-05,0,0,0,0
3675,2,0.00014792995503185068,0,0,0,0
3676,2,0.00010905927269438643,0,0,0,0
3677,2,6.799379203988118e-05,16,0,0,0
3678,1,8.253682048292323e-05,0,0,0,0
3679,2,0.00011312158807107331,0,0,0,0
3680,2,0.00014080067305159252,0,0,0,0
3681,1,0.00021193101137263414,0,0,0,0
3682,2,0.0003404440110162539,0,0,0,0
3683,2,0.0002335453295878685,0,0,0,0
3684,2,0.00043636619167126056,0,0,0,0
3685,2,5.453148200069108e-05,0,0,0,0
3686,2,0.0003950699446148758,0,0,0,0
3687,2,0.0003996194049532522,0,0,0,0
3688,2,0.00022764287635154628,0,0,0,0
3689,2,0.0005320030725651095,0,0,0,0
3690,1,5.934914502841666e-05,0,0,0,0
3691,1,0.0002398603366321444,0,0,0,0
3692,2,0.00019493526764935114,0,0,0,0
3693,1,0.00047386369039969644,5073,0,0,0
3694,2,6.764608290487799e-05,0,0,0,0
3695,2,3.236625678507208e-05,0,0,0,0
3696,2,0.0002014664494847207,0,0,0,0
3697,2,0.00011713513023603563,0,0,0,0
3698,2,0.0006267405851015933,0,0,0,0
3699,2,9.021296745386e-05,0,0,0,0
3700,2,6.421196204784633e-05,0,0,0,0
3701,2,4.832637511877063e-05,0,0,0,0
3702,2,0.00032174509586057617,0,0,0,0
3703,2,8.91729830220536e-05,0,0,0,0
3704,2,7.406098780242157e-05,0,0,0,0
3705,2,0.00025727162041129726,0,0,0,0
3706,2,0.0001914262541547141,0,0,0,0
3707,2,0.00013247286302851978,0,0,0,0
3708,2,0.00026708392909219705,0,0,0,0
3709,2,0.0002935979638962142,0,0,0,0
3710,1,1.1262853348722024e-05,0,0,0,0
3711,2,0.00010683315434145667,0,0,0,0
3712,2,0.0005282774548805101,0,0,0,0
3713,2,0.00029119012947148744,0,0,0,0
3714,2,0.00027249834257159504,0,0,0,0
3715,1,0.00012335299699663756,0,0,0,0
3716,1,1.3321082304256374e-05,1407,0,0,0
3717,2,7.15231509080724e-05,0,0,0,0
3718,1,0.00021890739941323847,0,0,0,0
3719,1,2.988011885465647e-05,0,0,0,0
3720,2,0.00015167921006142363,0,0,0,0
3721,2,3.3782606279214545e-05,0,0,0,0
3722,2,0.00013294892369577514,0,0,0,0
3723,2,0.00035400620297863225,0,0,0,0
3724,2,0.00040781530339415286,0,0,0,0
3725,2,0.00024368049462749144,0,0,0,0
3726,2,0.00013896570985899625,0,0,0,0
3727,2,0.0002893120331620743,0,0,0,0
3728,2,0.00021471293417233916,0,0,0,0
3729,1,0.0004627877793260639,0,0,0,0
3730,2,5.19845119449598e-05,0,0,0,0
3731,2,7.726260170154851e-05,0,0,0,0
3732,2,0.00021157307532707035,0,0,0,0
3733,2,0.0004446110657500235,0,0,0,0
3734,2,0.00011986347258623222,0,0,0,0
3735,2,0.00023914690030168715,0,0,0,0
3736,2,0.00021073035710389556,0,0,0,0
3737,2,0.0004501102481716033,0,0,0,0
3738,1,1.7431386894714565e-05,0,0,0,0
3739,2,0.00014851911350915843,0,0,0,0
3740,2,0.00020528073191351042,0,0,0,0
3741,2,0.00014989650458154007,0,0,0,0
3742,1,0.0002973947177649657,0,0,0,0
3743,2,0.00024009867278824317,0,0,0,0
3744,2,0.00030163529464681977,0,0,0,0
3745,2,0.00010859274476585591,0,0,0,0
3746,2,6.605576044372313e-05,0,0,0,0
3747,2,0.0005093130372786347,5986,0,0,0
3748,2,0.00010502722438803612,0,0,0,0
3749,2,0.0003188525134455096,0,0,0,0
3750,2,0.0003004564074794833,0,0,0,0
3751,2,0.00013780284669182987,0,0,0,0
3752,2,7.004489486336113e-05,0,0,0,0
3753,2,0.0004613461199635695,0,0,0,0
3754,2,0.00025582197415927114,0,0,0,0
3755,2,5.938073719405799e-05,0,0,0,0
3756,1,0.0004416774301564358,0,0,0,0
3757,1,0.0001636851061005189,0,0,0,0
3758,1,0.00021399860837212155,0,0,0,0
3759,1,0.0004009621745420492,0,0,0,0
3760,1,0.0003694907974964614,0,0,0,0
3761,2,0.000878884458297068,0,0,0,0
3762,2,0.0005128538283801345,0,0,0,0
3763,2,6.85453925328102e-05,0,0,0,0
3764,2,0.0005732304607538439,0,0,0,0
3765,2,0.00010919098955661137,0,0,0,0
3766,2,0.00035171375661292636,0,0,0,0
3767,2,9.066526712349767e-05,0,0,0,0
3768,2,0.00010292428756987542,0,0,0,0
3769,2,0.00048425653286128214,0,0,0,0
3770,1,6.52632810361582e-05,0,0,0,0
3771,2,0.00013909979945438236,7,0,0,0
3772,2,0.0003582532198192643,0,0,0,0
3773,1,0.00015478329625133528,0,0,0,0
3774,2,0.0001635956294280717,0,0,0,0
3775,2,0.00016562417938928312,326,0,0,0
3776,2,2.8134909184414507e-05,7,0,0,0
3777,2,4.285430197289363e-05,0,0,0,0
3778,2,0.00023283802700259831,0,0,0,0
3779,2,3.3093504119028006e-05,7,0,0,0
3780,2,0.0002084573469901676,0,0,0,0
3781,2,3.0522257277484964e-05,0,0,0,0
3782,2,0.00015547312097436916,0,0,0,0
3783,2,0.0005041382503465683,0,0,0,0
3784,2,0.0002366378779551535,0,0,0,0
3785,2,1.5482473847720452e-05,0,0,0,0
3786,2,0.0006678792546298289,0,0,0,0
3787,2,0.00022900344965962976,0,0,0,0
3788,2,0.00013923971499943616,0,0,0,0
3789,2,1.1488804530732976e-05,0,0,0,0
3790,1,5.463635507501942e-05,0,0,0,0
3791,2,0.000759857896470058,0,0,0,0
3792,2,0.0004731905487255917,0,0,0,0
3793,2,2.203488231538305e-05,0,0,0,0
3794,1,0.0002950671362000117,0,0,0,0
3795,2,0.000444983219590654,0,0,0,0
3796,2,0.0003210033064542073,0,0,0,0
3797,2,5.35974332884694e-05,0,0,0,0
3798,2,5.2267636840037064e-05,0,0,0,0
3799,1,1.5675194615217714e-05,0,0,0,0
3800,2,0.0002714837707395267,0,0,0,0
3801,2,0.0002849906880392587,0,0,0,0
3802,2,0.0004162018399735327,0,0,0,0
3803,2,0.00029390133735066536,0,0,0,0
3804,2,0.0001607411666729028,0,0,0,0
3805,2,0.0002561809390590627,0,0,0,0
3806,2,0.00012739256977583314,7,0,0,0
3807,2,0.0006613410111900686,0,0,0,0
3808,2,0.00024673705297397646,0,0,0,0
3809,2,0.0005787432830889537,0,0,0,0
3810,2,0.00021966318003058597,0,0,0,0
3811,2,0.0001434420597069862,642,0,0,0
3812,1,4.586459666692407e-06,92,0,0,0
3813,1,0.00023005276551972596,0,0,0,0
3814,1,1.6586866448757472e-05,0,0,0,0
3815,2,6.602649078265819e-05,0,0,0,0
3816,2,7.157486961477536e-05,0,0,0,0
3817,2,0.00012333969863890552,0,0,0,0
3818,1,0.0001077644308693033,0,0,0,0
3819,2,0.000236285587352313,0,0,0,0
3820,2,0.00023512355596221984,0,0,0,0
3821,2,4.7275859166260235e-05,0,0,0,0
3822,2,0.00048703330409851487,0,0,0,0
3823,2,0.00031889185892156714,0,0,0,0
3824,2,0.0002260579498922434,0,0,0,0
3825,1,7.900089121724622e-05,0,0,0,0
3826,2,0.00039053795609408844,0,0,0,0
3827,2,0.00016308685560079242,0,0,0,0
3828,1,5.922745338940422e-06,0,0,0,0
3829,2,8.063487784753287e-05,0,0,0,0
3830,2,4.307096621486636e-05,0,0,0,0
3831,2,1.5781307810528294e-05,2681,0,0,0
3832,2,5.0700620398165315e-05,7,0,0,0
3833,2,0.00040128049662033373,0,0,0,0
3834,2,0.00022712707164156078,0,0,0,0
3835,1,0.00015174748161894685,0,0,0,0
3836,2,0.0005264087396392519,0,0,0,0
3837,2,0.0003551434074915554,0,0,0,0
3838,2,9.894137369230261e-05,0,0,0,0
3839,2,4.635347555570648e-05,0,0,0,0
3840,2,0.00033517160983430555,0,0,0,0
3841,2,4.7370828035686346e-05,0,0,0,0
3842,2,0.00011718752989001892,0,0,0,0
3843,2,0.0002083242185568727,0,0,0,0
3844,2,0.0004372899051562906,0,0,0,0
3845,2,0.00014157215090435877,0,0,0,0
3846,2,0.00023171977712490457,0,0,0,0
3847,2,0.00023923018445833923,0,0,0,0
3848,2,0.00021316702841748064,0,0,0,0
3849,2,0.00016666329730284123,0,0,0,0
3850,2,0.00016592778566956945,0,0,0,0
3851,2,0.00030126334635483963,0,0,0,0
3852,2,0.00022157619194928098,0,0,0,0
3853,2,0.00019370937009886884,0,0,0,0
3854,2,0.00013265155291613967,0,0,0,0
3855,2,0.00011607454792745486,7,0,0,0
3856,2,9.859931016610258e-05,0,0,0,0
3857,2,0.0003098631491081295,0,0,0,0
3858,2,0.0003541869479315311,0,0,0,0
3859,2,0.0001081358882195778,0,0,0,0
3860,2,0.0004947097428111023,7,0,0,0
3861,2,0.00016530648888133024,0,0,0,0
3862,1,0.00032077028302599474,0,0,0,0
3863,2,0.0001870804098220664,0,0,0,0
3864,2,0.0005380651116212883,0,0,0,0
3865,2,0.00028483839251075446,0,0,0,0
3866,2,0.0001076112197869958,0,0,0,0
3867,2,0.00020209608301250401,0,0,0,0
3868,2,0.00014695002014204907,26,0,0,0
3869,1,0.00010076358471548123,0,0,0,0
3870,2,0.0001424240557811503,0,0,0,0
3871,2,0.00015110845023673839,0,0,0,0
3872,2,0.00037512284722757903,0,0,0,0
3873,1,7.553182522579469e-05,0,0,0,0
3874,2,0.0002689570947103029,0,0,0,0
3875,2,0.0001463627830597412,0,0,0,0
3876,2,0.00022988958749434445,7,0,0,0
3877,1,0.00014301672676753384,0,0,0,0
3878,2,0.00010825787443366078,0,0,0,0
3879,1,0.000448983138336574,0,0,0,0
3880,2,9.282812376269427e-05,0,0,0,0
3881,2,0.00029533803374246306,0,0,0,0
3882,2,0.00018225022274927054,7,0,0,0
3883,1,0.00016768342903200482,0,0,0,0
3884,2,0.00011524916181939983,0,0,0,0
3885,2,0.00012102075977064172,0,0,0,0
3886,2,6.971451873858769e-05,0,0,0,0
3887,1,7.739877461205018e-05,0,0,0,0
3888,2,0.00012531911131215961,0,0,0,0
3889,1,0.00010463900931146107,0,0,0,0
3890,2,0.00012069400258970745,0,0,0,0
3891,1,0.0002379668506681918,0,0,0,0
3892,2,0.00027996894931912094,0,0,0,0
3893,2,0.00016706314823515186,0,0,0,0
3894,2,0.00013167071671770755,0,0,0,0
3895,2,0.0002956665390274246,0,0,0,0
3896,2,0.00033393850757831975,0,0,0,0
3897,2,0.0001839428043099324,0,0,0,0
3898,2,0.0001887188681561624,0,0,0,0
3899,2,1.8043597439675517e-05,0,0,0,0
3900,2,9.560915803887917e-05,0,0,0,0
3901,1,0.00030857416066701283,0,0,0,0
3902,1,1.2144458310748503e-05,0,0,0,0
3903,2,0.0004974917454265999,0,0,0,0
3904,2,0.0003530994651411775,0,0,0,0
3905,2,0.0005984977728248003,0,0,0,0
3906,2,0.000250486195412346,0,0,0,0
3907,1,6.427961796475928e-05,67,0,0,0
3908,2,0.00014911726714282025,0,0,0,0
3909,1,0.0003919835623271013,0,0,0,0
3910,2,0.00046648608694038746,2426,0,0,0
3911,2,0.0005877612152712039,0,0,0,0
3912,2,0.000185509414147201,0,0,0,0
3913,2,0.00040696901918591124,0,0,0,0
3914,2,0.0003953151283469396,0,0,0,0
3915,1,0.00010018055302547904,0,0,0,0
3916,2,0.0005330486925397321,0,0,0,0
3917,2,9.916747777212957e-05,0,0,0,0
3918,2,0.0007980013027161173,0,0,0,0
3919,2,7.391856712692712e-05,0,0,0,0
3920,2,0.0004959444758984763,0,0,0,0
3921,2,0.0002118603801476715,149,0,0,0
3922,2,0.00018404713104211703,0,0,0,0
3923,2,3.211041549299938e-05,0,0,0,0
3924,1,0.0003779970718181662,0,0,0,0
3925,2,7.209219879451786e-05,0,0,0,0
3926,2,0.00012062231522159134,0,0,0,0
3927,2,2.781660624607227e-05,0,0,0,0
3928,2,0.0001603927061368147,0,0,0,0
3929,2,0.000449806817367744,0,0,0,0
3930,2,0.00017800214661980597,5304,0,0,0
3931,2,0.0006237439564239335,0,0,0,0
3932,2,6.19939371774506e-05,0,0,0,0
3933,2,0.00033042326326351466,0,0,0,0
3934,2,0.00029050968822298516,0,0,0,0
3935,2,0.0003007717906953803,0,0,0,0
3936,2,0.000247503368007221,0,0,0,0
3937,2,0.00012217069975928126,358,0,0,0
3938,2,0.00013978020330946293,0,0,0,0
3939,2,0.00018231543399576503,0,0,0,0
3940,2,0.0002355739075270911,0,0,0,0
3941,2,0.00029197674661759137,0,0,0,0
3942,2,0.00015555451978730575,0,0,0,0
3943,2,8.795692403791828e-05,0,0,0,0
3944,2,5.649364163822806e-05,0,0,0,0
3945,2,0.0003152574740762367,0,0,0,0
3946,2,7.104997080990847e-05,0,0,0,0
3947,2,0.00017713263906575012,0,0,0,0
3948,2,2.755129238570552e-05,0,0,0,0
3949,2,0.0008709041410132982,0,0,0,0
3950,2,5.403989733471976e-05,0,0,0,0
3951,2,0.00011802813638943158,0,0,0,0
3952,2,0.00018347758340272823,0,0,0,0
3953,2,0.00012139689712586679,0,0,0,0
3954,2,0.00046428489665010174,0,0,0,0
3955,2,9.696994742298555e-05,0,0,0,0
3956,2,0.0005420096137213225,0,0,0,0
3957,2,0.00028077548873920886,0,0,0,0
3958,2,0.00018624048732278852,0,0,0,0
3959,2,8.11048707326866e-05,0,0,0,0
3960,2,0.0007880231196863757,0,0,0,0
3961,2,6.637913386089804e-05,0,0,0,0
3962,2,0.00036739927942685576,0,0,0,0
3963,2,0.00022330169494145908,0,0,0,0
3964,2,0.00042329470263725985,0,0,0,0
3965,2,0.00011922216567728442,0,0,0,0
3966,2,0.000139300856746233,0,0,0,0
3967,1,1.3845824404544577e-05,0,0,0,0
3968,2,0.00038682003824530255,0,0,0,0
3969,2,0.00036305348554662754,0,0,0,0
3970,1,0.0002782669359249566,0,0,0,0
3971,1,6.4077006564028e-05,0,0,0,0
3972,2,0.0002040934886638436,0,0,0,0
3973,1,4.950962454701725e-05,0,0,0,0
3974,2,0.00021334631437149658,0,0,0,0
3975,2,0.0006771138955230544,0,0,0,0
3976,1,3.554045134578562e-06,0,0,0,0
3977,2,0.00015205608164087513,0,0,0,0
3978,2,0.0001892405674035086,0,0,0,0
3979,2,5.278352838451836e-05,0,0,0,0
3980,2,0.00018303633466038233,0,0,0,0
3981,2,0.0002866537310093201,0,0,0,0
3982,2,0.0004896094869392535,0,0,0,0
3983,2,0.00029390610994259135,0,0,0,0
3984,1,0.00019035835297383073,0,0,0,0
3985,2,0.00015396240655982438,0,0,0,0
3986,2,0.00021306428782943653,0,0,0,0
3987,2,2.5215431691703443e-05,0,0,0,0
3988,1,7.894208495586494e-05,0,0,0,0
3989,2,0.00015668309294465836,0,0,0,0
3990,2,0.0005573541805585026,0,0,0,0
3991,2,0.0001749388980226665,0,0,0,0
3992,2,0.0002476444219037741,0,0,0,0
3993,2,0.0004885997615146231,0,0,0,0
3994,2,4.630990941378949e-05,0,0,0,0
3995,1,1.678107058350242e-06,0,0,0,0
3996,2,0.00024947077779548,0,0,0,0
3997,2,0.0002679473229870007,7,0,0,0
3998,2,0.00010679888731165376,0,0,0,0
3999,2,0.00016937267560263448,0,0,0,0
4000,2,0.0005762120640602519,0,0,0,0
4001,2,6.111042341390623e-05,0,0,0,0
4002,2,0.0007369290424121301,0,0,0,0
4003,2,1.3408088469569762e-05,0,0,0,0
4004,2,0.00017433014486351218,0,0,0,0
4005,2,0.00017980685660657527,0,0,0,0
4006,2,0.00012697596539826907,0,0,0,0
4007,2,0.00010469168743490539,0,0,0,0
4008,2,0.00018461197985595738,0,0,0,0
4009,2,0.0001787407493459754,0,0,0,0
4010,2,6.930771684795974e-05,0,0,0,0
4011,2,0.0004098748675137391,0,0,0,0
4012,2,6.570811356104463e-05,0,0,0,0
4013,1,0.00014580969958178557,0,0,0,0
4014,2,0.00023195088701559246,0,0,0,0
4015,2,0.00035546986415409206,0,0,0,0
4016,1,6.930771902052628e-05,65,0,0,0
4017,1,0.00021662064869420092,0,0,0,0
4018,1,1.1693380434988399e-05,0,0,0,0
4019,2,0.00030055993423477433,0,0,0,0
4020,1,0.00025627350090484625,0,0,0,0
4021,2,7.130667391255892e-05,0,0,0,0
4022,2,0.00032290257987044736,0,0,0,0
4023,2,0.00018536808893244313,0,0,0,0
4024,2,0.00016451573569655455,0,0,0,0
4025,2,9.225500465710797e-05,0,0,0,0
4026,2,0.00014285068285832712,0,0,0,0
4027,2,0.0004890450116348113,0,0,0,0
4028,2,0.00044002658107854275,0,0,0,0
4029,2,0.00019432610004214382,0,0,0,0
4030,2,0.000264176860005449,0,0,0,0
4031,2,8.473916620865544e-05,333,0,0,0
4032,1,0.00010011733177060858,0,0,0,0
4033,2,7.201865190912003e-05,0,0,0,0
4034,2,0.00019841656065773807,0,0,0,0
4035,2,0.0005243702102609556,0,0,0,0
4036,2,0.00022360827423670827,0,0,0,0
4037,2,0.0003681111675569911,0,0,0,0
4038,2,0.0002767875106766052,0,0,0,0
4039,2,0.00021412774936589122,0,0,0,0
4040,2,0.0007008025993427771,0,0,0,0
4041,1,7.762104809169715e-05,0,0,0,0
4042,1,8.825418851648565e-05,0,0,0,0
4043,2,0.0005513417108938171,0,0,0,0
4044,2,0.00038002629397127717,0,0,0,0
4045,2,0.00045609399876548115,0,0,0,0
4046,2,0.00019337268327562174,0,0,0,0
4047,1,8.738366364321556e-05,0,0,0,0
4048,2,0.00032523933438358203,2664,0,0,0
4049,1,1.5601503396360453e-05,0,0,0,0
4050,2,0.00020610065815446105,0,0,0,0
4051,2,0.000286914304831713,0,0,0,0
4052,2,0.000801959849576031,0,0,0,0
4053,2,0.00013786579329184292,0,0,0,0
4054,2,9.771585182163474e-05,0,0,0,0
4055,2,8.870554827532466e-05,0,0,0,0
4056,2,0.00044145914744360176,0,0,0,0
4057,2,0.00016467195067346903,0,0,0,0
4058,2,0.00024668153369891157,7,0,0,0
4059,2,0.00017392082047391249,0,0,0,0
4060,1,0.0003595590777154893,0,0,0,0
4061,2,0.0005205396437916593,0,0,0,0
4062,2,0.0002332558034667829,0,0,0,0
4063,2,0.00036606202673092775,0,0,0,0
4064,2,3.856793347146865e-05,0,0,0,0
4065,1,0.00011805696420759721,0,0,0,0
4066,2,0.00014745776890830327,0,0,0,0
4067,2,0.00019753577916653745,616,0,0,0
4068,2,3.388412176114654e-05,0,0,0,0
4069,2,0.00010524378732814323,0,0,0,0
4070,2,0.000402333679136337,0,0,0,0
4071,2,0.0003818661394490159,0,0,0,0
4072,1,9.651448238519973e-05,0,0,0,0
4073,1,2.2571712352675746e-05,0,0,0,0
4074,2,0.00026264286252500427,0,0,0,0
4075,2,0.00023356579317132688,0,0,0,0
4076,2,0.00032711220020516577,2938,0,0,0
4077,2,0.00016498979336298364,0,0,0,0
4078,2,0.0006666048725556626,0,0,0,0
4079,2,0.0003040704178812911,0,0,0,0
4080,2,6.507842975822875e-05,0,0,0,0
4081,2,0.00012930163042625546,0,0,0,0
4082,2,0.0001253525296074008,444,0,0,0
4083,2,0.00028552035454346234,0,0,0,0
4084,2,2.502622899578494e-05,0,0,0,0
4085,2,0.00038604943074217133,0,0,0,0
4086,2,0.00017736907548101505,0,0,0,0
4087,2,0.00031317200603625853,0,0,0,0
4088,2,0.0005727416156585986,0,0,0,0
4089,2,0.0002582982490632477,0,0,0,0
4090,2,5.7893779320549014e-05,0,0,0,0
4091,1,6.107645076297181e-05,0,0,0,0
4092,2,0.00013007192820671938,0,0,0,0
4093,1,9.196430913390515e-05,0,0,0,0
4094,2,0.00018114699357931843,0,0,0,0
4095,2,0.000469675775635262,0,0,0,0
4096,2,0.0001278208054866286,0,0,0,0
4097,2,0.00021025860460223617,0,0,0,0
4098,2,0.0007064090401496024,0,0,0,0
4099,2,7.91572363510265e-05,0,0,0,0
4100,2,6.809020895989902e-05,0,0,0,0
4101,2,0.0003557675570083755,7,0,0,0
4102,2,5.1227216049913924e-05,0,0,0,0
4103,2,6.53139544903024e-05,783,0,0,0
4104,2,0.0003478100952600331,0,0,0,0
4105,1,1.1285454352021614e-05,0,0,0,0
4106,2,0.0004622914291449055,0,0,0,0
4107,2,0.00041053844144910097,0,0,0,0
4108,2,0.00034163974999816863,0,0,0,0
4109,1,4.5414706732171994e-05,0,0,0,0
4110,2,0.000299302152304044,0,0,0,0
4111,1,0.00029413414115498894,0,0,0,0
4112,2,0.00018215356372670667,0,0,0,0
4113,2,0.00041406776530305634,0,0,0,0
4114,2,0.0001247486940076082,0,0,0,0
4115,2,0.0003152080229167678,0,0,0,0
4116,2,1.6853526163448704e-05,0,0,0,0
4117,2,0.00018035834815197964,25,0,0,0
4118,2,0.0002231559218659879,0,0,0,0
4119,2,0.00010983359059855692,0,0,0,0
4120,2,0.00038011570590429426,1432,0,0,0
4121,2,0.00042245297521405526,445,0,0,0
4122,2,0.00025699244812781317,152,0,0,0
4123,2,9.498447446075005e-05,0,0,0,0
4124,2,0.00032931584627115363,0,0,0,0
4125,2,0.00030502755737319255,0,0,0,0
4126,2,0.0008077933503264075,0,0,0,0
4127,1,5.782031995863936e-06,0,0,0,0
4128,2,0.00012091801653242568,0,0,0,0
4129,2,0.0003068627341313681,0,0,0,0
4130,2,0.00011590919392576946,0,0,0,0
4131,2,0.000121432742389624,0,0,0,0
4132,2,0.0002163303157720072,0,0,0,0
4133,1,0.00011169303005162993,0,0,0,0
4134,1,0.00020111033756559104,0,0,0,0
4135,2,3.7803972635418756e-05,0,0,0,0
4136,2,0.0002384986822198291,7,0,0,0
4137,2,0.0005541195650480622,0,0,0,0
4138,2,0.0009442154858903767,0,0,0,0
4139,2,2.0309523730317237e-05,0,0,0,0
4140,1,8.861648931580294e-05,0,0,0,0
4141,2,7.732126493886971e-05,0,0,0,0
4142,2,0.00020378470079180857,0,0,0,0
4143,2,6.299500480938643e-05,0,0,0,0
4144,2,0.0003810553267063843,0,0,0,0
4145,2,1.8865905475378518e-05,0,0,0,0
4146,1,9.149069686566757e-05,0,0,0,0
4147,2,0.0002358639659780965,0,0,0,0
4148,1,2.8662105649205738e-05,0,0,0,0
4149,2,0.00018069867510444717,0,0,0,0
4150,2,5.4773538417289905e-05,0,0,0,0
4151,2,0.00010725585769504503,0,0,0,0
4152,2,8.840519183129596e-05,0,0,0,0
4153,1,0.00026039820398820324,0,0,0,0
4154,2,3.3025220157732786e-05,0,0,0,0
4155,2,0.00023927098550482795,0,0,0,0
4156,2,0.000149072055640074,0,0,0,0
4157,2,0.0001350104139878068,0,0,0,0
4158,2,0.0004948596775800221,0,0,0,0
4159,2,8.330207730668075e-05,0,0,0,0
4160,2,0.00022368100407302522,0,0,0,0
4161,2,0.0001992067895434693,0,0,0,0
4162,2,0.00012470739326414192,0,0,0,0
4163,2,0.0003089594035199284,0,0,0,0
4164,2,0.0002214087698167573,0,0,0,0
4165,2,0.0006120047932358463,0,0,0,0
4166,2,0.0001573643062199044,0,0,0,0
4167,2,1.22193830204725e-05,0,0,0,0
4168,1,0.00013710190567534867,0,0,0,0
4169,1,7.926348798678244e-06,0,0,0,0
4170,1,3.645270421436638e-05,0,0,0,0
4171,2,0.0004203472278989822,0,0,0,0
4172,2,6.241757297508477e-05,0,0,0,0
4173,2,0.000281001213442699,0,0,0,0
4174,2,0.0001186259961821157,0,0,0,0
4175,2,0.00018827300727102016,16,0,0,0
4176,2,0.00010706958002331824,0,0,0,0
4177,2,0.00021939264052068874,0,0,0,0
4178,2,0.00028990948359563395,0,0,0,0
4179,2,0.00030905602321666594,0,0,0,0
4180,2,0.0002330244371064392,0,0,0,0
4181,2,0.0005242709301396533,0,0,0,0
4182,2,0.0002764964656994842,7,0,0,0
4183,1,0.00010846829470646868,0,0,0,0
4184,2,0.0001652559103217501,0,0,0,0
4185,1,8.653910991163675e-05,0,0,0,0
4186,2,0.00017086715394888747,0,0,0,0
4187,2,3.22200542272032e-05,0,0,0,0
4188,2,0.00019434963588680157,0,0,0,0
4189,2,0.0002176219599991968,0,0,0,0
4190,2,0.00015677384524487257,0,0,0,0
4191,2,7.909365346542275e-05,0,0,0,0
4192,1,0.0002509808981134586,0,0,0,0
4193,2,0.0007097812050672163,0,0,0,0
4194,2,5.38507940338786e-05,0,0,0,0
4195,1,4.568761527497218e-05,0,0,0,0
4196,2,0.00034575811450706154,0,0,0,0
4197,2,0.00019020020597135728,0,0,0,0
4198,2,0.0004294692477245301,0,0,0,0
4199,2,8.678762741294249e-05,0,0,0,0
4200,2,4.5026804787899326e-05,0,0,0,0
4201,1,6.973469719699035e-05,0,0,0,0
4202,2,0.0004213718448671069,0,0,0,0
4203,2,0.00048602865347036284,0,0,0,0
4204,1,0.00041062091041575526,0,0,0,0
4205,2,6.4094379823136e-05,0,0,0,0
4206,2,0.000501040211474694,3774,0,0,0
4207,1,5.292337268836729e-05,0,0,0,0
4208,2,0.00013644893058981653,7,0,0,0
4209,2,0.00016602962556707082,0,0,0,0
4210,2,0.0005529969612899217,0,0,0,0
4211,2,0.00011089993886366208,0,0,0,0
4212,2,0.00045997408785500884,0,0,0,0
4213,1,0.00010257939939385478,0,0,0,0
4214,2,0.00021562098851118155,0,0,0,0
4215,2,0.00045846526565660725,0,0,0,0
4216,2,7.319215128732051e-05,0,0,0,0
4217,2,4.297967008919486e-05,0,0,0,0
4218,2,0.00012918806269609587,0,0,0,0
4219,2,0.0008812716886842433,0,0,0,0
4220,2,0.0005318090595741132,0,0,0,0
4221,2,4.033545775066629e-05,0,0,0,0
4222,1,0.00010455724653295954,0,0,0,0
4223,2,0.0004200222247621397,0,0,0,0
4224,1,9.763912061787225e-05,0,0,0,0
4225,2,0.00020561725589094738,0,0,0,0
4226,1,0.00016069669228046496,0,0,0,0
4227,2,0.000400079559806613,0,0,0,0
4228,2,0.00015244178505452883,0,0,0,0
4229,2,0.0001609312481408349,0,0,0,0
4230,1,4.4812670006012396e-06,0,0,0,0
4231,2,0.000280749234302595,0,0,0,0
4232,2,3.51180087551917e-05,0,0,0,0
4233,2,0.0001766657069922438,0,0,0,0
4234,2,0.00016585879927436394,0,0,0,0
4235,2,9.680191371758698e-05,0,0,0,0
4236,2,0.00040130852567992864,0,0,0,0
4237,2,2.0143412545172286e-05,0,0,0,0
4238,2,0.00013630450424887412,0,0,0,0
4239,2,0.00012662384343836125,2326,0,0,0
4240,2,0.00011643017199294032,0,0,0,0
4241,2,7.309594894731159e-05,0,0,0,0
4242,2,4.965254432272191e-05,0,0,0,0
4243,1,0.0008397125709830794,0,0,0,0
4244,2,9.160067311144724e-05,0,0,0,0
4245,1,0.00020709766071488328,0,0,0,0
4246,2,0.0003011300264197573,0,0,0,0
4247,2,0.00015797398386188275,0,0,0,0
4248,2,0.0001410463372117072,0,0,0,0
4249,2,0.0002652130471662231,0,0,0,0
4250,2,5.3817731884786564e-05,0,0,0,0
4251,2,1.3399181988361292e-05,0,0,0,0
4252,2,0.00022545719696584907,0,0,0,0
4253,2,6.172116031214794e-05,0,0,0,0
4254,2,3.186010179656257e-05,0,0,0,0
4255,1,0.0001305088173870025,0,0,0,0
4256,2,0.00031445867909213603,0,0,0,0
4257,2,1.7221995502299898e-05,0,0,0,0
4258,2,0.0001212790438272644,0,0,0,0
4259,2,9.161368783478774e-05,0,0,0,0
4260,2,0.00019573259338980352,0,0,0,0
4261,2,0.00030635283327002847,0,0,0,0
4262,1,5.3553658791540573e-05,0,0,0,0
4263,2,0.00015684086313622948,7,0,0,0
4264,1,7.161430700998339e-05,0,0,0,0
4265,2,0.0006694163394584689,0,0,0,0
4266,2,0.0006369848184483399,0,0,0,0
4267,2,0.00023079621125920825,0,0,0,0
4268,1,8.948367502863317e-05,0,0,0,0
4269,2,7.401867489522773e-06,0,0,0,0
4270,2,0.0003215624977038676,0,0,0,0
4271,2,5.360344712064888e-05,0,0,0,0
4272,2,0.0002544863013414596,0,0,0,0
4273,2,0.00036784047214790544,0,0,0,0
4274,2,0.00010355469874888375,0,0,0,0
4275,2,5.116459370373212e-05,0,0,0,0
4276,2,0.00019826408629542534,0,0,0,0
4277,2,0.00012304515869246445,0,0,0,0
4278,2,0.0001608266686900075,0,0,0,0
4279,2,0.0002041842603001359,0,0,0,0
4280,1,0.0002311946972328125,718,0,0,0
4281,1,7.904887973612865e-05,0,0,0,0
4282,2,0.0001137160472596978,0,0,0,0
4283,2,0.0002697840961490951,0,0,0,0
4284,2,0.0003571495334311919,7,0,0,0
4285,2,9.266861394175163e-05,0,0,0,0
4286,2,0.00020705764651070163,0,0,0,0
4287,1,6.151751392670442e-05,0,0,0,0
4288,2,0.00042367961279775996,0,0,0,0
4289,1,7.492056736440868e-05,0,0,0,0
4290,2,0.00028584790840392266,0,0,0,0
4291,2,0.0003652184994196147,0,0,0,0
4292,2,0.0002432291210671292,0,0,0,0
4293,2,0.00039572628699279086,0,0,0,0
4294,2,0.0004141786580968403,0,0,0,0
4295,2,0.0002574730927700901,7,0,0,0
4296,2,0.0005426780509115616,0,0,0,0
4297,1,7.525054114730946e-05,0,0,0,0
4298,1,0.00012637483490384263,0,0,0,0
4299,2,0.0002885693606095567,4424,0,0,0
4300,2,0.00043061335922461473,0,0,0,0
4301,2,0.00035185155393499437,0,0,0,0
4302,2,3.599422918553656e-05,0,0,0,0
4303,1,0.00012589947786309519,0,0,0,0
4304,2,9.540028521186183e-05,0,0,0,0
4305,2,8.462746783008263e-05,0,0,0,0
4306,2,0.00014161870241671066,28,0,0,0
4307,1,0.0001282199894664829,0,0,0,0
4308,2,0.0002939511284678801,0,0,0,0
4309,2,0.0006249222793498953,498,0,0,0
4310,2,5.603745610348666e-05,0,0,0,0
4311,1,1.8913872149272683e-05,0,0,0,0
4312,2,0.00014148290098093413,0,0,0,0
4313,2,0.00017576248970399466,0,0,0,0
4314,2,0.00010477076972069216,0,0,0,0
4315,2,0.00024947779234942046,0,0,0,0
4316,2,0.0007628032518993986,0,0,0,0
4317,2,0.00014292711333228921,0,0,0,0
4318,2,0.0003635048329852772,0,0,0,0
4319,1,2.3993471864842984e-05,0,0,0,0
4320,2,0.00010147339870630974,0,0,0,0
4321,2,0.0001381502249383332,0,0,0,0
4322,2,9.052184959439941e-05,0,0,0,0
4323,2,0.0005770724419211091,0,0,0,0
4324,2,0.0003963737818413277,0,0,0,0
4325,2,0.00048180055250650317,0,0,0,0
4326,2,0.0002093263647978037,0,0,0,0
4327,2,8.990502412185825e-05,0,0,0,0
4328,2,0.0003075836969934676,0,0,0,0
4329,2,0.00039888874279635076,0,0,0,0
4330,1,9.175328084608928e-06,0,0,0,0
4331,2,0.00022609572716506048,0,0,0,0
4332,2,0.0002361412542352868,0,0,0,0
4333,2,0.0005195318752944758,0,0,0,0
4334,2,0.00012728988440630445,33,0,0,0
4335,2,0.0001919715153544526,0,0,0,0
4336,1,6.464655837494144e-05,0,0,0,0
4337,2,0.0005439791914536991,0,0,0,0
4338,2,0.00017648959173065926,7,0,0,0
4339,2,0.00041176786987894335,0,0,0,0
4340,2,0.00012330066175160332,0,0,0,0
4341,2,0.000718880666055781,0,0,0,0
4342,2,0.0004387568059463032,0,0,0,0
4343,2,0.0006422968101001313,0,0,0,0
4344,1,0.00012350179460858345,0,0,0,0
4345,2,0.0002656380474201985,0,0,0,0
4346,2,0.00016833765544141722,0,0,0,0
4347,2,0.00017241698106725716,0,0,0,0
4348,2,0.00041886860809147743,0,0,0,0
4349,2,0.00016953519292634667,0,0,0,0
4350,1,0.0001720566943683277,0,0,0,0
4351,1,0.00010183473709139275,0,0,0,0
4352,2,0.0004034126012298338,0,0,0,0
4353,2,0.00035142531834789795,0,0,0,0
4354,2,0.0002906589859787229,0,0,0,0
4355,2,0.00020585030111799392,0,0,0,0
4356,2,4.3062721782490915e-05,0,0,0,0
4357,2,0.00037244916902013834,0,0,0,0
4358,2,0.00014512019733214912,0,0,0,0
4359,2,0.000291164192361818,0,0,0,0
4360,2,3.782278242130154e-05,0,0,0,0
4361,1,1.2210318044953627e-05,0,0,0,0
4362,2,0.0003413947734974106,0,0,0,0
4363,2,0.0001672397898870019,0,0,0,0
4364,2,7.248390848459158e-05,0,0,0,0
4365,2,0.0004915373744194332,0,0,0,0
4366,2,0.0005151836994770123,0,0,0,0
4367,2,4.384018335786223e-05,0,0,0,0
4368,1,4.806645882077386e-05,0,0,0,0
4369,2,0.00045121342987712826,0,0,0,0
4370,2,2.0214790419651002e-05,0,0,0,0
4371,2,8.015135410351094e-05,0,0,0,0
4372,2,7.826222260674957e-05,0,0,0,0
4373,1,0.00019045842638974433,0,0,0,0
4374,2,7.187042260449197e-05,0,0,0,0
4375,2,0.00036432769635659826,0,0,0,0
4376,2,0.0004445187594075467,0,0,0,0
4377,2,0.0002503231186662507,0,0,0,0
4378,1,0.0004141745496803678,0,0,0,0
4379,2,0.0003131454351924927,0,0,0,0
4380,2,0.00015657912042119968,0,0,0,0
4381,2,0.00042991968202440984,0,0,0,0
4382,2,0.00028024663859177744,0,0,0,0
4383,2,0.00015524989120073017,0,0,0,0
4384,2,0.0001815253042360782,0,0,0,0
4385,2,0.0006631900230023873,0,0,0,0
4386,2,0.0001802252402789419,0,0,0,0
4387,1,0.0002496640851052355,0,0,0,0
4388,2,0.00047332666013416347,0,0,0,0
4389,2,0.00018590303121166857,0,0,0,0
4390,2,0.00023476961440110038,12,0,0,0
4391,2,0.0006281619735855721,0,0,0,0
4392,2,0.00013827755578390682,0,0,0,0
4393,2,0.0007273820242280785,0,0,0,0
4394,2,0.0006218207632895287,0,0,0,0
4395,2,0.0004950499948338824,0,0,0,0
4396,2,0.00015633499544087111,0,0,0,0
4397,2,0.00020764655984878934,0,0,0,0
4398,2,0.000590735909423751,0,0,0,0
4399,2,0.0005163244960933893,0,0,0,0
4400,2,0.0002701212024058799,0,0,0,0
4401,2,0.00023502692816067172,0,0,0,0
4402,1,0.00016234489760549409,0,0,0,0
4403,2,1.5413022263490747e-05,0,0,0,0
4404,1,3.960234765568146e-05,7,0,0,0
4405,2,2.9487123936043195e-05,0,0,0,0
4406,2,7.264795514141442e-05,0,0,0,0
4407,2,0.0005799790260830698,0,0,0,0
4408,2,9.540186874506985e-05,0,0,0,0
4409,2,5.1212174444361446e-05,0,0,0,0
4410,1,1.5270174116550062e-06,0,0,0,0
4411,1,0.0001327356279900141,0,0,0,0
4412,2,9.389150226247998e-05,0,0,0,0
4413,2,7.99326083295164e-05,0,0,0,0
4414,2,0.0005382235667156438,0,0,0,0
4415,2,7.028117465417652e-05,0,0,0,0
4416,2,0.0005496665117015439,0,0,0,0
4417,2,0.00010355142499036966,0,0,0,0
4418,2,0.00022231095352370767,0,0,0,0
4419,2,0.00045825887726709725,0,0,0,0
4420,2,0.00018415052064915457,0,0,0,0
4421,2,0.0007089113605048363,0,0,0,0
4422,2,9.322293946039561e-05,0,0,0,0
4423,2,0.0002041835930274406,0,0,0,0
4424,2,0.00021287364998679633,0,0,0,0
4425,2,0.00018678992836512615,0,0,0,0
4426,2,2.9454348898709724e-05,0,0,0,0
4427,2,0.0002700093575478804,0,0,0,0
4428,1,1.0321650716462694e-05,0,0,0,0
4429,2,0.00021503635023906742,0,0,0,0
4430,2,0.00011194318376755144,0,0,0,0
4431,2,0.0003639363452144121,0,0,0,0
4432,2,0.00031561338789471056,0,0,0,0
4433,2,0.0005726066633393991,0,0,0,0
4434,2,0.00021168047771552288,0,0,0,0
4435,2,0.0002477727768122497,0,0,0,0
4436,2,0.00010440072714276794,0,0,0,0
4437,2,0.000563255190475944,0,0,0,0
4438,2,0.00013210176638874755,0,0,0,0
4439,2,0.00024784436001460954,0,0,0,0
4440,2,0.0001488244200326493,0,0,0,0
4441,2,1.0521961485424658e-05,0,0,0,0
4442,1,0.0005545858949205924,0,0,0,0
4443,2,0.00019689200578875218,0,0,0,0
4444,2,0.0004684255060748615,0,0,0,0
4445,2,0.00027658413729222687,0,0,0,0
4446,2,0.00040164331343681196,0,0,0,0
4447,2,0.0002015854119656778,0,0,0,0
4448,2,0.00018332073109995922,0,0,0,0
4449,2,0.0001242256183426955,0,0,0,0
4450,2,0.0001038242182093067,0,0,0,0
4451,2,0.00034144466155134056,0,0,0,0
4452,2,0.00017678680580950241,0,0,0,0
4453,2,0.00016820743079464293,0,0,0,0
4454,2,0.00026442745942932533,0,0,0,0
4455,2,8.668426519903481e-05,1774,0,0,0
4456,2,0.00011034548001960515,0,0,0,0
4457,2,0.00014734255354364849,0,0,0,0
4458,1,3.54455424075498e-05,50,0,0,0
4459,2,0.0005157583816756313,0,0,0,0
4460,2,6.38743074821991e-05,0,0,0,0
4461,2,0.0006996042453426061,0,0,0,0
4462,2,0.0001924520141113408,0,0,0,0
4463,2,1.8314235803556658e-05,0,0,0,0
4464,2,0.00016358639094050096,0,0,0,0
4465,2,0.00014171613985087774,0,0,0,0
4466,2,0.0004782561484780857,0,0,0,0
4467,1,6.732157494723393e-05,0,0,0,0
4468,2,0.00020226809349982767,0,0,0,0
4469,2,0.00019613335294114232,0,0,0,0
4470,2,4.712383246868965e-05,0,0,0,0
4471,2,0.00014366894722802346,0,0,0,0
4472,2,0.0008641977430615001,0,0,0,0
4473,2,0.0005927574655700781,0,0,0,0
4474,2,0.0004120716889882202,0,0,0,0
4475,2,0.0001763431820912499,0,0,0,0
4476,1,0.0002487558662720144,0,0,0,0
4477,2,0.00019119088408832424,0,0,0,0
4478,2,0.0004679536407575045,0,0,0,0
4479,2,0.00027269555928172905,0,0,0,0
4480,2,0.0001128282729059034,0,0,0,0
4481,1,1.283075267680394e-05,0,0,0,0
4482,1,0.00017667295300330174,0,0,0,0
4483,1,0.0003875342644726489,0,0,0,0
4484,1,3.1495463284247156e-05,0,0,0,0
4485,2,0.00017977512638951018,0,0,0,0
4486,2,0.00013282256523932583,0,0,0,0
4487,2,0.00021077728336856732,0,0,0,0
4488,2,0.0005044462664713698,0,0,0,0
4489,2,0.00026131368203912347,0,0,0,0
4490,2,0.0006985482503645889,0,0,0,0
4491,2,0.0001558484262457458,0,0,0,0
4492,2,0.00010773442806724639,0,0,0,0
4493,2,0.0002899565017001348,0,0,0,0
4494,2,0.00014295756794804456,0,0,0,0
4495,2,0.00048483296756318765,0,0,0,0
4496,2,0.00011405644962045059,0,0,0,0
4497,2,0.00010028015293603045,0,0,0,0
4498,2,0.00034710770245967206,0,0,0,0
4499,2,0.0002036321645471504,0,0,0,0
4500,2,0.00020077631465416612,0,0,0,0
4501,1,8.119705912833023e-05,0,0,0,0
4502,2,0.00011476367344345545,0,0,0,0
4503,2,8.539200349082814e-05,22,0,0,0
4504,2,0.00039018263501571215,0,0,0,0
4505,2,0.00011954547390723996,0,0,0,0
4506,1,4.92263691919812e-05,0,0,0,0
4507,2,0.0002301442346175636,7,0,0,0
4508,1,3.8870369420445656e-05,0,0,0,0
4509,2,0.00028655415335988735,0,0,0,0
4510,2,0.00017026159402363586,0,0,0,0
4511,1,0.0003014217185571152,0,0,0,0
4512,2,0.0007827468269742003,0,0,0,0
4513,2,0.00014209460471496647,0,0,0,0
4514,2,7.382609356422743e-05,0,0,0,0
4515,1,0.00022607990289703824,0,0,0,0
4516,2,0.00019873234739223878,0,0,0,0
4517,2,9.900270979198278e-06,0,0,0,0
4518,1,0.0002729467701188687,0,0,0,0
4519,1,8.60375060987733e-06,0,0,0,0
4520,2,0.0003216079155366142,151,0,0,0
4521,2,0.0005107081568829651,92,0,0,0
4522,2,6.861670805492031e-05,0,0,0,0
4523,2,0.0005547109087185001,0,0,0,0
4524,1,5.6788656313020836e-05,5340,0,0,0
4525,2,0.00013288015735850024,0,0,0,0
4526,2,0.00015946882825233668,0,0,0,0
4527,1,1.7098622466369754e-05,0,0,0,0
4528,2,0.00023091995355840935,0,0,0,0
4529,2,0.0002683022245880877,935,0,0,0
4530,2,3.4328587519533716e-05,0,0,0,0
4531,2,0.0001620396503841331,0,0,0,0
4532,2,0.0001472762615631697,0,0,0,0
4533,2,0.0004634326587735799,0,0,0,0
4534,2,0.0001847352858027643,0,0,0,0
4535,2,0.00011812764160123917,0,0,0,0
4536,2,2.9885256568632367e-05,0,0,0,0
4537,2,0.0010545659601144245,0,0,0,0
4538,2,0.00013269837884351528,0,0,0,0
4539,2,0.00012423141789550735,0,0,0,0
4540,2,0.00019226960869403093,0,0,0,0
4541,2,0.0001267013019456178,0,0,0,0
4542,2,0.0006147682101524461,0,0,0,0
4543,2,0.0007059460893282056,7,0,0,0
4544,1,0.000537480481136087,0,0,0,0
4545,2,9.154073189558516e-05,0,0,0,0
4546,2,9.490498165152074e-05,0,0,0,0
4547,2,0.00027513835063339273,0,0,0,0
4548,2,0.00013820640137341883,0,0,0,0
4549,2,0.00026504437123813375,70,0,0,0
4550,1,5.63781106802757e-05,3568,0,0,0
4551,2,0.00013708257743597326,0,0,0,0
4552,2,0.0004989156328539143,0,0,0,0
4553,2,5.227309911769428e-05,0,0,0,0
4554,2,0.00011716962429836432,0,0,0,0
4555,2,0.00020936847324185974,0,0,0,0
4556,2,0.00016224054118282204,0,0,0,0
4557,2,0.0001442628021257587,0,0,0,0
4558,2,0.00010286822022407001,0,0,0,0
4559,1,0.00015617448873657164,0,0,0,0
4560,2,0.00021739261026402078,0,0,0,0
4561,2,0.00024436939972762674,0,0,0,0
4562,1,6.184887012422274e-05,0,0,0,0
4563,2,0.0002947450836968433,0,0,0,0
4564,2,0.0003326951187614437,0,0,0,0
4565,1,0.0003248092641756112,0,0,0,0
4566,2,3.824064339566382e-05,0,0,0,0
4567,2,0.00013024096211762567,0,0,0,0
4568,2,0.000324167318039992,0,0,0,0
4569,1,0.0002054325088038243,0,0,0,0
4570,2,2.937974985502584e-05,0,0,0,0
4571,2,0.0002754145770119113,0,0,0,0
4572,2,9.853388994835118e-05,26,0,0,0
4573,2,0.00025572862390060494,0,0,0,0
4574,2,0.0004702382594627248,0,0,0,0
4575,2,1.5908955391742394e-05,0,0,0,0
4576,2,0.00028361105885414467,0,0,0,0
4577,2,0.0002847591230231861,0,0,0,0
4578,2,7.833551884787942e-05,0,0,0,0
4579,2,0.0002831248816204908,0,0,0,0
4580,2,9.203797341057242e-05,0,0,0,0
4581,2,9.05764313356081e-05,0,0,0,0
4582,2,0.0003943813749477371,0,0,0,0
4583,2,0.00010749141361263879,0,0,0,0
4584,2,0.0005673292616602381,70,0,0,0
4585,2,0.0001144120066342411,0,0,0,0
4586,2,0.0001391253612956585,104,0,0,0
4587,2,8.520299293182037e-05,0,0,0,0
4588,2,0.00038078218495137943,0,0,0,0
4589,2,0.00038752229047415195,0,0,0,0
4590,2,0.00022377587302276707,0,0,0,0
4591,2,0.00021868413405982286,0,0,0,0
4592,2,0.00026229644487348795,0,0,0,0
4593,2,0.00016566195251953815,0,0,0,0
4594,2,0.00015021426793699312,0,0,0,0
4595,2,7.450873694497972e-05,0,0,0,0
4596,2,0.00021908472956721012,0,0,0,0
4597,2,0.00015101416105090112,0,0,0,0
4598,2,0.00011074342570959478,0,0,0,0
4599,2,0.00015913439743939009,0,0,0,0
4600,2,0.00024756122868527014,0,0,0,0
4601,2,8.012902375958451e-05,0,0,0,0
4602,1,4.126420626796648e-05,0,0,0,0
4603,2,0.00016872948437519526,0,0,0,0
4604,2,0.00011095114935135312,0,0,0,0
4605,2,0.00015486136912404105,0,0,0,0
4606,2,0.00019396141797848053,0,0,0,0
4607,2,0.00016169990303268345,0,0,0,0
4608,2,7.899666260302923e-05,0,0,0,0
4609,2,0.00027036991361048486,0,0,0,0
4610,2,0.00017937501507259645,0,0,0,0
4611,2,0.00020684718406175552,0,0,0,0
4612,2,0.0002134677353946705,0,0,0,0
4613,1,0.00032546612726830647,101,0,0,0
4614,2,0.00014103312644188218,7,0,0,0
4615,1,0.0002275352244401448,0,0,0,0
4616,2,0.0003241743615660026,0,0,0,0
4617,2,0.0005520561561249863,0,0,0,0
4618,2,0.00021542634035403142,0,0,0,0
4619,2,0.0004217610431592014,0,0,0,0
4620,2,0.00017847104145380174,0,0,0,0
4621,2,0.00021392813142820225,0,0,0,0
4622,2,4.786715129373648e-05,0,0,0,0
4623,2,0.00027737508373396074,7,0,0,0
4624,2,0.00019565464763644707,0,0,0,0
4625,2,6.68183583274413e-05,0,0,0,0
4626,2,0.0001222443758901014,0,0,0,0
4627,2,7.641228504551257e-05,0,0,0,0
4628,2,0.0001981462678699832,0,0,0,0
4629,2,0.00047624430451193413,0,0,0,0
4630,2,0.00036764877322591617,0,0,0,0
4631,2,0.0010340151595680145,0,0,0,0
4632,2,0.00023650092970940387,0,0,0,0
4633,2,3.0962678426501276e-05,0,0,0,0
4634,2,0.00010443037374534937,0,0,0,0
4635,1,0.000305408682573592,0,0,0,0
4636,2,0.00015433773971918797,0,0,0,0
4637,2,0.00015967041616224612,0,0,0,0
4638,1,0.00010584981045329127,0,0,0,0
4639,2,0.0005553299409520081,17,0,0,0
4640,1,0.00014590692092031473,0,0,0,0
4641,2,0.00022305113181948102,0,0,0,0
4642,2,0.00023974178335661966,0,0,0,0
4643,2,0.00024647528173206266,0,0,0,0
4644,2,4.3627237760372745e-05,0,0,0,0
4645,1,6.635982802260786e-05,0,0,0,0
4646,2,0.00046417434208571927,0,0,0,0
4647,2,0.0006638561333631993,0,0,0,0
4648,2,0.00017233790060442044,0,0,0,0
4649,1,0.0004587226202322147,0,0,0,0
4650,2,0.0005369163884935026,0,0,0,0
4651,2,4.7521254174839455e-05,0,0,0,0
4652,2,0.0002881217092172669,0,0,0,0
4653,2,0.00016844124413397505,0,0,0,0
4654,2,0.00012843791285054162,0,0,0,0
4655,2,0.000213707721852169,0,0,0,0
4656,2,0.00024056194973946367,0,0,0,0
4657,2,4.481724461835183e-05,0,0,0,0
4658,2,0.00037435491409521795,0,0,0,0
4659,1,0.00023724022886211627,0,0,0,0
4660,2,5.676737125401248e-05,0,0,0,0
4661,2,0.00026943605663254974,0,0,0,0
4662,2,3.67387553010551e-05,0,0,0,0
4663,2,7.949903345177036e-05,0,0,0,0
4664,2,0.0006065507094642245,493,0,0,0
4665,2,0.00014232556651185636,0,0,0,0
4666,2,0.00015578190467664652,0,0,0,0
4667,1,9.268889717852078e-05,0,0,0,0
4668,2,0.00016181149308102427,0,0,0,0
4669,2,6.870723513782832e-05,0,0,0,0
4670,2,0.00031666996227138914,0,0,0,0
4671,1,6.088274889711753e-06,0,0,0,0
4672,2,0.00031888640481324195,0,0,0,0
4673,1,9.483882979611007e-05,0,0,0,0
4674,2,0.0003303780924031456,0,0,0,0
4675,2,0.0001232141881342749,0,0,0,0
4676,2,0.0002485447648846694,0,0,0,0
4677,2,0.00013336707560007772,0,0,0,0
4678,2,5.8249129486055515e-05,0,0,0,0
4679,1,0.00020493212475259252,0,0,0,0
4680,2,0.0002737199522455647,0,0,0,0
4681,2,0.00020277937924091817,0,0,0,0
4682,2,2.1150053048913314e-05,0,0,0,0
4683,1,7.109882229991138e-05,0,0,0,0
4684,2,0.00011570338075260506,0,0,0,0
4685,1,8.968691428035133e-05,0,0,0,0
4686,2,5.8590726324000544e-05,0,0,0,0
4687,2,7.573932861008518e-05,0,0,0,0
4688,2,9.745641468756189e-05,0,0,0,0
4689,2,0.00032347127363971194,0,0,0,0
4690,1,7.86960253720179e-05,0,0,0,0
4691,2,0.00016429905988978366,0,0,0,0
4692,2,0.00022647612803327916,0,0,0,0
4693,2,0.00014377659243616612,0,0,0,0
4694,2,0.0006239339383564636,0,0,0,0
4695,2,0.00021941119221949163,0,0,0,0
4696,2,0.00041241935231047113,49,0,0,0
4697,2,0.00018200162128669472,0,0,0,0
4698,2,7.623073373861179e-05,0,0,0,0
4699,2,0.0005357448072261979,7,0,0,0
4700,2,0.00038729001507453666,0,0,0,0
4701,2,0.0004487234540840784,0,0,0,0
4702,2,0.0001124219247687967,0,0,0,0
4703,2,0.000163480626334015,0,0,0,0
4704,1,4.458045047730329e-05,0,0,0,0
4705,2,0.00010894618062235755,186,0,0,0
4706,2,0.00020962371333708556,0,0,0,0
4707,2,0.000141964136684531,0,0,0,0
4708,2,0.0003537228113445318,0,0,0,0
4709,1,2.07510494779694e-05,0,0,0,0
4710,2,0.00024696887610584073,0,0,0,0
4711,2,0.0003498733844922953,0,0,0,0
4712,2,0.0004206840927959136,0,0,0,0
4713,1,4.826810573969732e-05,0,0,0,0
4714,2,0.00010013272533196727,0,0,0,0
4715,1,0.00047170428128336377,0,0,0,0
4716,2,0.0001389708042126169,0,0,0,0
4717,2,0.00013759155655423066,0,0,0,0
4718,1,0.00014721587250589324,0,0,0,0
4719,1,0.00010819956661722444,0,0,0,0
4720,2,0.00010999881788855934,0,0,0,0
4721,2,0.00011039980951190237,0,0,0,0
4722,2,0.00020473685916149625,0,0,0,0
4723,2,0.00021145828916721362,0,0,0,0
4724,1,0.00020509143471990302,0,0,0,0
4725,2,0.0003933483841867325,0,0,0,0
4726,2,0.0003000503227565748,7,0,0,0
4727,2,0.00017372254636472873,0,0,0,0
4728,2,0.0002753231746857268,0,0,0,0
4729,1,0.00012118644058023213,0,0,0,0
4730,2,0.00028602379090224826,109,0,0,0
4731,2,0.00040402427362344384,0,0,0,0
4732,1,2.9335381178240006e-05,0,0,0,0
4733,2,0.000184121542975577,0,0,0,0
4734,1,0.0005106478321637788,0,0,0,0
4735,2,0.00017509624546701945,0,0,0,0
4736,1,0.00010304045815472843,0,0,0,0
4737,2,3.118483356764778e-05,0,0,0,0
4738,2,0.00020151456354641336,0,0,0,0
4739,2,0.00013034027995658954,0,0,0,0
4740,2,0.0002628277556243123,0,0,0,0
4741,2,0.00042599510861033565,0,0,0,0
4742,2,0.00023168955763517223,0,0,0,0
4743,2,0.00024791744720933234,0,0,0,0
4744,2,5.2616307033952806e-05,24,0,0,0
4745,2,0.00026575428763334915,0,0,0,0
4746,2,0.0004388598963663018,0,0,0,0
4747,2,0.0001043091130671735,0,0,0,0
4748,1,0.0003211453108993155,0,0,0,0
4749,2,0.00024873869260056466,0,0,0,0
4750,2,0.0003329930819295802,0,0,0,0
4751,2,0.00028406059618313095,0,0,0,0
4752,2,0.00026518459563666414,0,0,0,0
4753,1,0.00036923140458609713,0,0,0,0
4754,2,0.0001844711763797902,0,0,0,0
4755,2,9.06746244900928e-05,0,0,0,0
4756,2,5.289899141733172e-05,0,0,0,0
4757,2,0.00010622221896149836,0,0,0,0
4758,2,0.00040583686529163746,0,0,0,0
4759,2,6.109228466590072e-05,0,0,0,0
4760,2,0.0002625687094986567,0,0,0,0
4761,2,0.0001504380580576037,23,0,0,0
4762,2,0.00029249495384853534,0,0,0,0
4763,2,8.680721914597944e-05,0,0,0,0
4764,2,8.081275154929587e-05,0,0,0,0
4765,2,9.500086215931691e-05,94,0,0,0
4766,2,0.00022301494971817154,0,0,0,0
4767,2,0.00027345675632082947,7,0,0,0
4768,1,3.3801734220438995e-05,0,0,0,0
4769,2,0.00032888327253588213,0,0,0,0
4770,2,9.94220366151236e-05,0,0,0,0
4771,2,3.927991548447397e-05,0,0,0,0
4772,2,6.612734324014252e-05,0,0,0,0
4773,2,0.0001425907565796046,0,0,0,0
4774,2,0.00015819759069145298,0,0,0,0
4775,2,0.0003232308543598973,0,0,0,0
4776,1,0.00027342375356694746,0,0,0,0
4777,2,0.0003163685805987709,0,0,0,0
4778,2,0.00028119645486955315,0,0,0,0
4779,1,0.00020524737187329933,0,0,0,0
4780,2,0.00038312968840814593,0,0,0,0
4781,2,0.00044003290313550603,0,0,0,0
4782,2,0.0004117000675290578,0,0,0,0
4783,2,0.0001697509701085565,0,0,0,0
4784,2,0.0004142040409813517,0,0,0,0
4785,2,0.00029196091673030524,1921,0,0,0
4786,1,6.456769179128095e-05,40,0,0,0
4787,2,0.00030725217904630094,7,0,0,0
4788,1,3.9264104537471414e-05,0,0,0,0
4789,2,0.0016060643347808553,4406,0,0,0
4790,2,0.0005027815774381714,0,0,0,0
4791,2,0.00024862299011115067,0,0,0,0
4792,2,0.00019545195868954875,0,0,0,0
4793,1,3.964786148775053e-05,0,0,0,0
4794,2,0.0001771073607072654,0,0,0,0
4795,2,0.0004095025486641079,0,0,0,0
4796,2,0.00029599900702204486,0,0,0,0
4797,2,0.0003819120584569722,0,0,0,0
4798,2,8.470940695988768e-05,0,0,0,0
4799,2,0.0003261973040335755,7,0,0,0
4800,2,0.0002603271483465373,0,0,0,0
4801,2,0.00011005104376093321,0,0,0,0
4802,2,0.00015133106429760982,0,0,0,0
4803,2,0.0005949387482979693,0,0,0,0
4804,1,1.3432987600967873e-05,0,0,0,0
4805,2,0.0004246445378249971,0,0,0,0
4806,2,0.0002773942267308456,0,0,0,0
4807,1,0.00014985731261528548,0,0,0,0
4808,2,0.00036802953673768866,0,0,0,0
4809,2,0.00015816958247609649,7,0,0,0
4810,2,0.00013278101722480644,0,0,0,0
4811,1,2.2428797647027675e-05,0,0,0,0
4812,1,2.5741488459275185e-06,0,0,0,0
4813,2,0.00072312121169906,132,0,0,0
4814,2,6.701980979654661e-05,0,0,0,0
4815,2,0.00018142912820909635,0,0,0,0
4816,2,0.000438578140058114,0,0,0,0
4817,2,0.0002492931619961543,0,0,0,0
4818,1,1.9703619324173486e-06,0,0,0,0
4819,2,0.00045947458531153315,174,0,0,0
4820,2,0.00016318044307367667,0,0,0,0
4821,2,0.0006427355207575033,0,0,0,0
4822,2,2.3805995776250048e-05,0,0,0,0
4823,2,0.00015780061620268045,0,0,0,0
4824,2,0.0002966216222043605,7,0,0,0
4825,2,8.898989156862323e-05,0,0,0,0
4826,2,7.982558971651323e-05,0,0,0,0
4827,2,0.0003339922788052726,0,0,0,0
4828,2,0.00034490895346338257,0,0,0,0
4829,2,0.00015007038648643216,0,0,0,0
4830,2,0.000653994700969994,0,0,0,0
4831,2,0.0005070420650964714,5843,0,0,0
4832,2,0.00015450353176028206,0,0,0,0
4833,2,0.0005202036983655751,0,0,0,0
4834,2,0.00021369348602436693,0,0,0,0
4835,2,0.00042826310437013023,0,0,0,0
4836,2,8.995021136261558e-05,0,0,0,0
4837,1,5.70599036276935e-05,0,0,0,0
4838,2,6.584736193382409e-05,0,0,0,0
4839,2,7.018703068179948e-05,0,0,0,0
4840,2,0.00029853995279509543,0,0,0,0
4841,2,0.00022962989922821917,0,0,0,0
4842,2,0.00024600503997476844,104,0,0,0
4843,2,0.00016214027802737238,0,0,0,0
4844,2,0.0001306261895710212,0,0,0,0
4845,2,0.00047894554679777805,0,0,0,0
4846,2,0.0009471072900689158,1733,0,0,0
4847,2,0.0002250465287853555,0,0,0,0
4848,2,0.00024114462001133594,972,0,0,0
4849,2,0.00042370715132975553,0,0,0,0
4850,1,7.29687838413133e-05,0,0,0,0
4851,1,3.227499359907703e-05,0,0,0,0
4852,2,0.00020186290922058077,0,0,0,0
4853,2,8.998592921398173e-05,0,0,0,0
4854,2,0.00023371231872164046,0,0,0,0
4855,2,0.0007772335906758766,0,0,0,0
4856,1,9.352086382039786e-06,0,0,0,0
4857,2,0.00012120248876931889,0,0,0,0
4858,1,0.00017482865227834592,0,0,0,0
4859,2,0.00011518226538186833,0,0,0,0
4860,1,5.2930884770855366e-05,0,0,0,0
4861,2,0.000424655334478347,17,0,0,0
4862,2,5.8813378770569936e-05,0,0,0,0
4863,2,0.00012848971912857832,0,0,0,0
4864,2,0.00028629268999314563,0,0,0,0
4865,2,0.00045159276936219175,0,0,0,0
4866,2,6.270944644210782e-05,0,0,0,0
4867,2,0.0001510007870661481,0,0,0,0
4868,2,6.0883872604838274e-05,0,0,0,0
4869,2,0.00013595060219848235,0,0,0,0
4870,2,0.00017085779862900137,0,0,0,0
4871,2,0.0003212607864038537,0,0,0,0
4872,1,0.00019079773850495671,0,0,0,0
4873,2,0.0002807272268775788,0,0,0,0
4874,1,8.420639156410608e-05,0,0,0,0
4875,2,8.730175938718605e-05,0,0,0,0
4876,2,0.0003808582824996948,650,0,0,0
4877,2,0.00031458914058968057,0,0,0,0
4878,2,0.00015719979153846824,0,0,0,0
4879,2,0.00030917350245791543,0,0,0,0
4880,2,0.00032245568734710125,0,0,0,0
4881,2,9.9173350357092e-05,0,0,0,0
4882,2,0.000285871206577003,0,0,0,0
4883,1,0.00034007767421289405,0,0,0,0
4884,1,3.4448265796233174e-05,0,0,0,0
4885,2,0.000653711623000322,0,0,0,0
4886,2,0.0006929575419292874,0,0,0,0
4887,2,0.00011230458002028053,0,0,0,0
4888,2,0.0005421122682064,326,0,0,0
4889,2,0.0004016725399267378,0,0,0,0
4890,1,3.676390332982914e-05,0,0,0,0
4891,2,4.5898633183666286e-05,0,0,0,0
4892,2,0.0002487594149133651,0,0,0,0
4893,2,5.2186338331280037e-05,0,0,0,0
4894,2,0.00027318449372210003,0,0,0,0
4895,2,0.00025217691695820756,0,0,0,0
4896,2,7.979574038691935e-05,0,0,0,0
4897,2,0.0002920577767712737,0,0,0,0
4898,2,9.286653000092924e-05,0,0,0,0
4899,2,0.0001905901715770521,0,0,0,0
4900,2,0.00017402820209072405,0,0,0,0
4901,2,0.0005176622340821685,0,0,0,0
4902,2,0.00018478680604127904,0,0,0,0
4903,2,0.0001333703979033727,0,0,0,0
4904,2,0.0003722030244167011,0,0,0,0
4905,2,6.406206812230506e-05,0,0,0,0
4906,2,0.000120371943037193,0,0,0,0
4907,2,0.0003260067944868627,1529,0,0,0
4908,2,0.00010268955218984099,0,0,0,0
4909,1,7.783990724899209e-05,0,0,0,0
4910,2,0.00020267874831316932,0,0,0,0
4911,2,0.0004915389669482691,0,0,0,0
4912,2,0.0003407607316953975,0,0,0,0
4913,2,0.00016974820518934458,0,0,0,0
4914,2,0.00025561609376390345,0,0,0,0
4915,2,3.953334904276008e-05,0,0,0,0
4916,2,0.00013107250099140508,0,0,0,0
4917,2,0.00018280371586758357,0,0,0,0
4918,2,0.00046217484746737274,0,0,0,0
4919,2,0.00021997004837877806,0,0,0,0
4920,2,0.0011675066327455268,7578,0,0,0
4921,1,0.00015892818377184355,195,0,0,0
4922,2,0.0001510691682247905,7,0,0,0
4923,2,0.0004009311583148088,0,0,0,0
4924,2,9.036633243023232e-05,0,0,0,0
4925,1,0.00012458502192106268,0,0,0,0
4926,1,0.00026254404868336135,0,0,0,0
4927,1,2.2754338760935762e-05,0,0,0,0
4928,2,0.0002421642382407161,0,0,0,0
4929,2,0.00014832148548044798,0,0,0,0
4930,2,0.000342459245224005,0,0,0,0
4931,2,0.0003023032511975137,0,0,0,0
4932,2,0.0003050894019909199,0,0,0,0
4933,2,0.00030605596677385667,0,0,0,0
4934,2,0.00045383342824715996,0,0,0,0
4935,1,0.00033764917692727945,0,0,0,0
4936,1,7.803878467237132e-05,0,0,0,0
4937,2,0.0006131558811487228,0,0,0,0
4938,2,0.0001379237344519288,0,0,0,0
4939,1,2.6111578015754283e-05,0,0,0,0
4940,2,0.0006340399519428164,0,0,0,0
4941,2,0.0005050799151903905,0,0,0,0
4942,2,0.00014323003277202242,0,0,0,0
4943,2,5.4719675136909116e-05,0,0,0,0
4944,2,0.00023874618218296405,0,0,0,0
4945,2,6.341574582264354e-05,0,0,0,0
4946,1,0.0001626152594725838,0,0,0,0
4947,2,0.000221363377625794,0,0,0,0
4948,2,0.0005356945669161912,0,0,0,0
4949,1,0.000298640734722079,41,0,0,0
4950,2,5.139406538006834e-05,0,0,0,0
4951,2,0.0003579917644540409,0,0,0,0
4952,2,3.672739709892252e-05,0,0,0,0
4953,2,0.00023608684748155319,0,0,0,0
4954,2,0.00021021668774246947,0,0,0,0
4955,2,0.0002791448583450707,0,0,0,0
4956,2,0.0005616033919505579,0,0,0,0
4957,2,0.00015116093230646622,0,0,0,0
4958,2,0.0001853236884764889,0,0,0,0
4959,2,0.00010181081866181332,0,0,0,0
4960,1,0.0001529868267876895,0,0,0,0
4961,1,1.9893795119756292e-05,0,0,0,0
4962,2,0.00018709270425883805,0,0,0,0
4963,2,0.0005036887334716315,0,0,0,0
4964,2,0.0001394959980217241,0,0,0,0
4965,2,0.00016516961928658648,0,0,0,0
4966,2,0.00026624294636918975,0,0,0,0
4967,2,4.5221044390233e-05,0,0,0,0
4968,2,0.00019462504751649183,0,0,0,0
4969,2,0.00011138657863992618,0,0,0,0
4970,2,0.0008529810719485136,0,0,0,0
4971,2,0.0002637244186821049,0,0,0,0
4972,2,0.00017805408129914173,0,0,0,0
4973,2,0.00019519159964547612,0,0,0,0
4974,2,0.00020755658913479153,0,0,0,0
4975,2,0.0003360590942392803,0,0,0,0
4976,2,0.0001328924582927791,0,0,0,0
4977,2,0.00019550017488108618,0,0,0,0
4978,1,0.0003677913682124309,0,0,0,0
4979,2,0.0001821157130444031,0,0,0,0
4980,2,0.00021623062961202905,0,0,0,0
4981,2,0.0004032790623004545,0,0,0,0
4982,2,0.00012147947608464026,0,0,0,0
4983,2,0.0005056641718725001,0,0,0,0
4984,2,0.00023665062860611663,0,0,0,0
4985,2,0.00029061167851830613,0,0,0,0
4986,2,0.00032019786469549856,0,0,0,0
4987,2,0.00030709674652013637,0,0,0,0
4988,1,7.245697951724248e-06,0,0,0,0
4989,2,0.00015945636379226846,0,0,0,0
4990,2,2.8947190843292906e-05,0,0,0,0
4991,2,0.0002448300277162631,0,0,0,0
4992,2,0.00019847773232929165,0,0,0,0
4993,2,0.0005089075773845124,0,0,0,0
4994,1,0.00022602719417359721,0,0,0,0
4995,2,0.0001956324588350812,0,0,0,0
4996,2,0.00020138767011077788,0,0,0,0
4997,2,0.00042126519967528573,0,0,0,0
4998,2,0.0003404288508213489,0,0,0,0
4999,2,0.00018807262207230782,0,0,0,0
5000,1,1.4931528864161052e-05,0,0,0,0
5001,2,0.000225026402525967,0,0,0,0
5002,2,7.518140876699634e-05,0,0,0,0
5003,2,6.426278919339754e-05,0,0,0,0
5004,2,0.00031464774394538775,0,0,0,0
5005,2,0.00022686292411838456,0,0,0,0
5006,2,0.000172243823836162,0,0,0,0
5007,2,0.00031993115455883185,0,0,0,0
5008,2,0.00018415782038918075,0,0,0,0
5009,2,0.00016361916197007995,0,0,0,0
5010,2,0.0001279199352015068,0,0,0,0
5011,2,0.00039043950165902136,0,0,0,0
5012,1,1.2707988899353229e-06,0,0,0,0
5013,2,0.0006379961413452084,0,0,0,0
5014,1,0.000158703081267777,0,0,0,0
5015,2,0.00015966832608786658,0,0,0,0
5016,2,0.00032755318843924556,0,0,0,0
5017,2,6.055016164257149e-05,0,0,0,0
5018,2,0.0001645370888976943,0,0,0,0
5019,1,1.5214065206367853e-05,0,0,0,0
5020,2,0.0002816124864630409,0,0,0,0
5021,2,0.0003915904317727445,0,0,0,0
5022,2,0.00010929873611873911,0,0,0,0
5023,2,0.00011624171559894398,0,0,0,0
5024,2,0.00033324756761559635,0,0,0,0
5025,2,0.0005301891603809867,0,0,0,0
5026,2,0.0007531008809856172,0,0,0,0
5027,2,6.775184434109397e-05,0,0,0,0
5028,2,0.0005156359560999549,0,0,0,0
5029,2,0.0004643912286845563,0,0,0,0
5030,2,0.00014556689922956572,0,0,0,0
5031,2,0.00041794871398991853,0,0,0,0
5032,2,0.00044282631961819764,0,0,0,0
5033,2,0.00023904928932388903,0,0,0,0
5034,2,0.0002652022255801422,3752,0,0,0
5035,1,7.528941570541451e-05,0,0,0,0
5036,1,7.433452521856133e-05,7,0,0,0
5037,2,0.0001795287711820445,0,0,0,0
5038,2,0.00017943299820535178,0,0,0,0
5039,2,0.0001179933924827949,0,0,0,0
5040,2,0.00041144923775703003,59,0,0,0
5041,2,0.0003264459660327025,0,0,0,0
5042,1,7.492626899515965e-05,0,0,0,0
5043,2,0.00023781702245074727,0,0,0,0
5044,1,0.0001843546211632544,0,0,0,0
5045,2,0.00023043548396330183,0,0,0,0
5046,2,0.00015062346965658707,0,0,0,0
5047,2,0.00024895172364554255,0,0,0,0
5048,2,3.105131198363013e-05,0,0,0,0
5049,2,0.0006195489769822003,0,0,0,0
5050,2,0.00027731127975818334,0,0,0,0
5051,2,0.0002648501960515078,0,0,0,0
5052,1,0.00011988574327416208,0,0,0,0
5053,2,2.312058002687456e-05,0,0,0,0
5054,1,0.00023470715851606804,0,0,0,0
5055,2,0.00026304462934843435,0,0,0,0
5056,1,3.409929487122494e-05,0,0,0,0
5057,2,0.00015179425526591387,0,0,0,0
5058,2,9.338967801251833e-05,0,0,0,0
5059,1,6.010653940685345e-05,0,0,0,0
5060,1,8.680517096321253e-05,0,0,0,0
5061,2,0.00024714538919430655,0,0,0,0
5062,2,0.00011005715941691427,0,0,0,0
5063,2,0.0002955908574128283,0,0,0,0
5064,2,4.03564822191117e-05,0,0,0,0
5065,2,0.00015273361786257298,0,0,0,0
5066,2,0.00021774790249498382,0,0,0,0
5067,2,9.529643507747096e-05,0,0,0,0
5068,2,5.644626750280223e-05,0,0,0,0
5069,2,0.0005954448598268385,0,0,0,0
5070,1,0.0005416801473674462,0,0,0,0
5071,2,0.00014630824519256625,0,0,0,0
5072,2,4.061414361688942e-05,0,0,0,0
5073,2,0.00034062650927235206,0,0,0,0
5074,2,0.0002034355014000637,0,0,0,0
5075,2,0.00024852373656894554,0,0,0,0
5076,2,3.0788500295139765e-05,0,0,0,0
5077,2,0.0002839020622867468,0,0,0,0
5078,2,0.0006750513982611441,0,0,0,0
5079,2,0.00011868040422415382,0,0,0,0
5080,2,0.00023796883835171915,0,0,0,0
5081,2,0.00012548221991893766,0,0,0,0
5082,2,0.00012905359683996762,0,0,0,0
5083,2,0.0003397580174927958,0,0,0,0
5084,2,0.00042000396358336426,0,0,0,0
5085,2,7.120428904847688e-05,0,0,0,0
5086,2,0.00018185103697063588,0,0,0,0
5087,2,0.00020519029488033608,0,0,0,0
5088,1,4.143664909914733e-05,0,0,0,0
5089,2,0.0001963183770370031,0,0,0,0
5090,2,0.00030537517337033283,0,0,0,0
5091,2,0.00018688113987804395,7,0,0,0
5092,2,0.0001686839159692884,0,0,0,0
5093,2,0.00035196980028543996,0,0,0,0
5094,2,0.00011724144237705147,0,0,0,0
5095,2,0.00029719456780362733,0,0,0,0
5096,2,0.0002828398978793093,0,0,0,0
5097,2,0.00011451325026577923,0,0,0,0
5098,2,0.0003890625397958521,0,0,0,0
5099,2,0.00010097474214162341,0,0,0,0
5100,2,0.00021643413697570513,0,0,0,0
5101,2,1.634526655418237e-05,0,0,0,0
5102,2,0.00018519587501837872,0,0,0,0
5103,2,0.00022928980801934813,0,0,0,0
5104,2,3.7826746595653e-05,0,0,0,0
5105,2,0.0001471413053171778,0,0,0,0
5106,2,0.00060710169463425,0,0,0,0
5107,2,0.0003286824265512307,0,0,0,0
5108,2,0.00022211685997712745,2985,0,0,0
5109,2,0.00021834158618163049,0,0,0,0
5110,2,0.0002750893980251697,0,0,0,0
5111,2,0.00023125721404103214,0,0,0,0
5112,2,0.00030725058595471835,0,0,0,0
5113,2,4.963648635644756e-05,0,0,0,0
5114,2,0.00019774644112134822,0,0,0,0
5115,1,3.7914652981015765e-05,0,0,0,0
5116,2,8.598055925426853e-05,454,0,0,0
5117,2,0.000271335233722009,19,0,0,0
5118,2,3.999524913611076e-05,0,0,0,0
5119,2,0.00019490774170161456,0,0,0,0
5120,1,1.8133033951515902e-05,0,0,0,0
5121,1,9.694412249898152e-05,0,0,0,0
5122,1,0.00013011628922371984,0,0,0,0
5123,2,6.221291444881179e-05,0,0,0,0
5124,1,1.3927889488502114e-06,0,0,0,0
5125,2,0.0005489579176227229,0,0,0,0
5126,2,0.00022872586970550902,0,0,0,0
5127,2,0.00015471278303542068,0,0,0,0
5128,2,5.032301105126902e-05,0,0,0,0
5129,2,0.00024200168223834784,0,0,0,0
5130,2,3.331880723690609e-05,0,0,0,0
5131,1,7.454789918056241e-05,0,0,0,0
5132,2,0.00038432442227454954,0,0,0,0
5133,2,0.0003149901967716591,0,0,0,0
5134,2,4.8305143276760606e-05,0,0,0,0
5135,2,0.000220046048019252,0,0,0,0
5136,2,0.00010526552914734615,0,0,0,0
5137,2,5.1146815149144197e-05,0,0,0,0
5138,1,3.651561869456983e-05,0,0,0,0
5139,2,7.87761741804617e-05,0,0,0,0
5140,2,0.00013776647318290643,0,0,0,0
5141,1,3.111107419536153e-05,0,0,0,0
5142,1,3.323021378141599e-05,0,0,0,0
5143,2,0.0003357226747957205,0,0,0,0
5144,2,6.670230088433691e-05,0,0,0,0
5145,2,0.00015905799244332754,0,0,0,0
5146,2,0.0005821618604507689,0,0,0,0
5147,1,9.813372426301362e-05,0,0,0,0
5148,1,0.0004177390216870019,0,0,0,0
5149,2,0.00010255916279647916,0,0,0,0
5150,2,0.00021106577300045312,0,0,0,0
5151,2,0.00037867140355672435,0,0,0,0
5152,2,0.0005873418789573226,0,0,0,0
5153,2,0.00012894292242415038,0,0,0,0
5154,2,7.907082812158274e-05,0,0,0,0
5155,2,0.00010463668755800515,0,0,0,0
5156,1,4.761860494089509e-05,0,0,0,0
5157,2,0.00016976884374514351,0,0,0,0
5158,2,0.00034835190933092566,0,0,0,0
5159,2,0.00026367442846515207,0,0,0,0
5160,2,0.0006097078084372605,0,0,0,0
5161,2,0.0003199506572008089,0,0,0,0
5162,2,5.1303033323681996e-05,0,0,0,0
5163,2,0.0002855088614603763,2760,0,0,0
5164,2,0.00039448135018614995,0,0,0,0
5165,2,0.00024279677075768018,0,0,0,0
5166,2,8.34282748491756e-05,0,0,0,0
5167,2,0.0001400939030466414,0,0,0,0
5168,2,0.0002992971828916828,0,0,0,0
5169,2,0.0001618793260123722,0,0,0,0
5170,2,3.5355121107904226e-05,0,0,0,0
5171,2,0.0006425348578082236,0,0,0,0
5172,2,0.00012747142076152652,0,0,0,0
5173,2,0.00022186329766666057,0,0,0,0
5174,2,0.00032805592517950836,0,0,0,0
5175,1,0.00021529316088817821,0,0,0,0
5176,2,0.0005678312314249544,0,0,0,0
5177,2,6.200592463767362e-05,0,0,0,0
5178,2,0.00016372770849429967,0,0,0,0
5179,2,6.077194553033957e-05,0,0,0,0
5180,2,0.00041019372450745354,0,0,0,0
5181,2,0.00034807110876395854,0,0,0,0
5182,2,0.000411726879662364,0,0,0,0
5183,1,0.00016855072519520334,0,0,0,0
5184,2,7.68180279195878e-05,0,0,0,0
5185,2,5.39438387203057e-05,0,0,0,0
5186,2,0.00045688861168553883,0,0,0,0
5187,2,0.00018487518300672353,0,0,0,0
5188,2,0.0004153080265186813,0,0,0,0
5189,2,0.00031860898865089076,0,0,0,0
5190,2,0.00025077075178346457,0,0,0,0
5191,2,0.0006623052063102658,0,0,0,0
5192,1,4.789605562155855e-05,0,0,0,0
5193,2,0.00018908854677499007,0,0,0,0
5194,2,0.000336885913002094,0,0,0,0
5195,2,0.0008827525373649123,0,0,0,0
5196,1,0.0001502217211875512,0,0,0,0
5197,1,2.661007853064128e-05,0,0,0,0
5198,2,0.00023726780543428734,0,0,0,0
5199,2,6.207207269737154e-05,0,0,0,0
5200,1,1.1825456683954856e-05,235,0,0,0
5201,2,0.00026991737052176604,0,0,0,0
5202,1,0.00015052150952689936,0,0,0,0
5203,2,0.0003762523484690428,0,0,0,0
5204,2,0.000155485607082826,0,0,0,0
5205,2,0.0002999255563319081,0,0,0,0
5206,2,0.0004513216309391064,0,0,0,0
5207,2,0.0005672512890283862,0,0,0,0
5208,2,0.00023713955900576012,0,0,0,0
5209,2,0.00039187666191518476,0,0,0,0
5210,2,0.0001525938237048022,0,0,0,0
5211,2,0.00015498704517591491,0,0,0,0
5212,2,0.00017527171582220347,0,0,0,0
5213,2,0.00023730063815574447,0,0,0,0
5214,2,4.6683706465722856e-05,0,0,0,0
5215,2,0.00012140385258831966,0,0,0,0
5216,2,5.288202898111958e-06,0,0,0,0
5217,2,8.401908835036156e-05,0,0,0,0
5218,2,0.0001560232828388804,0,0,0,0
5219,2,0.0005099862729371868,0,0,0,0
5220,2,5.711446630071644e-05,31,0,0,0
5221,2,0.0001343269441512544,0,0,0,0
5222,2,0.00011585907710776359,0,0,0,0
5223,2,0.0001158509241210114,0,0,0,0
5224,2,0.0002560554200107271,0,0,0,0
5225,2,0.0005009129573631353,0,0,0,0
5226,2,0.0002793417885265021,0,0,0,0
5227,2,0.00020154751220742182,0,0,0,0
5228,2,0.00030429138423073766,7,0,0,0
5229,2,0.0002765204869970432,0,0,0,0
5230,2,0.00024056931209132137,0,0,0,0
5231,2,0.00021719885698399995,0,0,0,0
5232,2,0.00029263484619579394,0,0,0,0
5233,1,9.427629723624206e-06,0,0,0,0
5234,1,3.523813813156926e-05,0,0,0,0
5235,2,0.00027287459197097445,0,0,0,0
5236,2,0.0003714206717340055,0,0,0,0
5237,1,0.00041808719396261006,0,0,0,0
5238,2,0.0002029715901414518,0,0,0,0
5239,2,0.00045890147011224856,0,0,0,0
5240,2,0.0002263189906235912,0,0,0,0
5241,2,0.00014179580388702743,0,0,0,0
5242,2,0.00016479913143391763,0,0,0,0
5243,2,0.00012371525140512262,0,0,0,0
5244,2,0.0001531201762366627,0,0,0,0
5245,2,0.0002674780142092024,0,0,0,0
5246,2,0.0003330286215173864,0,0,0,0
5247,2,8.301610857382935e-05,0,0,0,0
5248,2,7.822036279073436e-05,0,0,0,0
5249,2,0.0001724875652375856,0,0,0,0
5250,2,9.490260589290266e-05,0,0,0,0
5251,2,8.048657444689969e-05,0,0,0,0
5252,2,0.0002585854321657093,0,0,0,0
5253,2,0.0007174260736680464,0,0,0,0
5254,2,0.00019674592452642088,0,0,0,0
5255,2,6.175793358506503e-05,0,0,0,0
5256,1,3.820338284596773e-05,0,0,0,0
5257,2,0.0008180580118499362,0,0,0,0
5258,2,0.0005354670643618513,0,0,0,0
5259,2,0.000410733937965531,0,0,0,0
5260,2,0.00044273065333725367,0,0,0,0
5261,1,5.466609469915267e-05,0,0,0,0
5262,2,3.8628144327772346e-05,0,0,0,0
5263,2,0.00026321774117967666,0,0,0,0
5264,2,8.013435771921455e-05,0,0,0,0
5265,2,0.000198878408605991,0,0,0,0
5266,2,0.00020329248257311923,0,0,0,0
5267,2,0.00019634163648663138,0,0,0,0
5268,2,0.0001867484602756173,0,0,0,0
5269,2,2.278404945144317e-05,0,0,0,0
5270,2,0.0007688776148234036,0,0,0,0
5271,2,8.302313349915473e-05,0,0,0,0
5272,2,0.0004607843311030875,0,0,0,0
5273,2,0.00019714605414156424,0,0,0,0
5274,2,0.0001326429611960515,0,0,0,0
5275,2,0.00025898426562562796,0,0,0,0
5276,2,0.0001779660133273612,0,0,0,0
5277,2,0.0001267708536334344,0,0,0,0
5278,2,0.00024909688131079016,0,0,0,0
5279,2,0.0006447997997466778,0,0,0,0
5280,2,0.0004101712193667055,0,0,0,0
5281,2,0.00015607457575770602,0,0,0,0
5282,2,0.0003240390914965451,0,0,0,0
5283,2,0.00012158811089671624,0,0,0,0
5284,2,0.0001444209643793831,0,0,0,0
5285,2,0.00012531219403617196,0,0,0,0
5286,2,0.0002482889599685517,0,0,0,0
5287,2,0.0003076174536692592,0,0,0,0
5288,2,0.00015718287973980882,0,0,0,0
5289,2,3.193549334765624e-05,0,0,0,0
5290,2,0.00023289334581074408,0,0,0,0
5291,2,0.0001642582050585534,7,0,0,0
5292,2,0.00012435966257998623,0,0,0,0
5293,2,0.000274093548414286,0,0,0,0
5294,2,0.0007279367662337145,0,0,0,0
5295,2,0.0003415984726503987,0,0,0,0
5296,2,0.00044724810519708945,0,0,0,0
5297,2,0.00010929212169032798,0,0,0,0
5298,2,7.990353958768618e-05,0,0,0,0
5299,2,0.00027238058391419306,0,0,0,0
5300,2,0.00019246031051382197,0,0,0,0
5301,2,8.423856059044291e-05,0,0,0,0
5302,1,0.00011535565208274388,0,0,0,0
5303,2,0.00013068928860544062,0,0,0,0
5304,2,0.0002506459999288274,7,0,0,0
5305,2,0.000936272450836876,0,0,0,0
5306,2,8.367988974119435e-05,0,0,0,0
5307,2,0.00025801953868036405,0,0,0,0
5308,2,0.0007709415901043114,0,0,0,0
5309,2,0.0005323410315880631,0,0,0,0
5310,2,0.00014760556969072039,0,0,0,0
5311,2,0.00028083157756305705,0,0,0,0
5312,1,8.004736379527713e-05,0,0,0,0
5313,2,0.00038640690550262254,0,0,0,0
5314,2,0.00026729263345880074,0,0,0,0
5315,2,7.574577509396674e-05,0,0,0,0
5316,2,0.00024871825645022026,0,0,0,0
5317,2,0.00027651784465639604,13,0,0,0
5318,2,0.0002262921809603864,0,0,0,0
5319,2,0.0003197567744779836,0,0,0,0
5320,2,0.0002690127982794409,0,0,0,0
5321,1,0.00011545371812935986,0,0,0,0
5322,2,0.0004175879796695078,0,0,0,0
5323,2,0.000571844893754543,0,0,0,0
5324,2,0.00012628207295715304,0,0,0,0
5325,2,8.138404967927336e-05,0,0,0,0
5326,2,8.548100912689443e-05,0,0,0,0
5327,2,3.846624129338747e-05,0,0,0,0
5328,2,8.689045067710118e-05,0,0,0,0
5329,2,7.503505280416126e-05,0,0,0,0
5330,2,0.000380220952127823,0,0,0,0
5331,2,0.00016609784161190574,0,0,0,0
5332,2,0.0002711557422748573,0,0,0,0
5333,1,0.00015169048987693392,0,0,0,0
5334,1,8.162712052439604e-05,0,0,0,0
5335,2,0.00017433148797112635,0,0,0,0
5336,2,9.553828940956881e-05,0,0,0,0
5337,2,0.00010641160714846395,0,0,0,0
5338,2,2.645128733953926e-05,0,0,0,0
5339,2,0.00031969078621935207,0,0,0,0
5340,2,0.0001639486362798268,0,0,0,0
5341,2,0.00014114713020992078,0,0,0,0
5342,1,0.00018143463961383307,0,0,0,0
5343,2,6.68996482777343e-05,0,0,0,0
5344,2,0.0001836499380534849,0,0,0,0
5345,2,0.00018411493983656679,0,0,0,0
5346,2,3.888218189039802e-05,0,0,0,0
5347,2,0.00012388830095420047,0,0,0,0
5348,2,0.00014127381861763654,0,0,0,0
5349,2,0.00035233272447592333,0,0,0,0
5350,2,0.00024582235381408077,0,0,0,0
5351,2,0.00036503197382343116,0,0,0,0
5352,2,0.00011797537804478757,0,0,0,0
5353,2,0.0005329603499486686,0,0,0,0
5354,2,0.0003975209336949432,0,0,0,0
5355,2,0.0006402844937238579,0,0,0,0
5356,2,0.0003953107734058473,0,0,0,0
5357,2,0.0004027655183544555,0,0,0,0
5358,2,0.00020753989755466814,0,0,0,0
5359,2,0.00032811288347776797,0,0,0,0
5360,2,0.00038451074080858675,0,0,0,0
5361,2,5.8862776394470714e-05,7,0,0,0
5362,2,0.00021926935199808052,0,0,0,0
5363,2,4.3373199363742847e-05,0,0,0,0
5364,2,0.00029689908539720774,0,0,0,0
5365,1,0.00022649071924551434,0,0,0,0
5366,2,0.00013349961024187144,0,0,0,0
5367,2,3.2491728216774585e-05,0,0,0,0
5368,2,0.00025817193400550805,0,0,0,0
5369,2,0.0003109192469493271,0,0,0,0
5370,2,0.00010895334447247818,0,0,0,0
5371,1,5.8701974725749386e-05,0,0,0,0
5372,2,0.00029049499363597995,0,0,0,0
5373,2,0.00011194048257037074,0,0,0,0
5374,2,0.0006963063570085405,0,0,0,0
5375,2,4.616365645381887e-05,0,0,0,0
5376,2,0.00022307034030711055,0,0,0,0
5377,1,7.1433969644438085e-06,14,0,0,0
5378,2,0.0001770102167085206,0,0,0,0
5379,2,1.3540521473338768e-05,7,0,0,0
5380,2,0.00021338951507405597,0,0,0,0
5381,1,0.00012480649610858982,0,0,0,0
5382,2,0.00022907163185203214,0,0,0,0
5383,2,0.00015302352920770233,0,0,0,0
5384,2,8.876584841144377e-05,0,0,0,0
5385,2,0.00021723838927302267,0,0,0,0
5386,2,0.00031907396946232906,0,0,0,0
5387,2,0.00027661330004682814,0,0,0,0
5388,2,0.0006015758693344683,0,0,0,0
5389,2,0.00039606072136357597,0,0,0,0
5390,2,0.0012933482773302089,6840,0,0,0
5391,2,0.0001357145829115156,0,0,0,0
5392,2,0.0003879782266242465,0,0,0,0
5393,2,0.00012483364869920037,0,0,0,0
5394,2,0.00015594799629831637,0,0,0,0
5395,2,0.0003127132440304966,30,0,0,0
5396,1,6.255848381442496e-05,0,0,0,0
5397,2,0.0005995546960331742,67,0,0,0
5398,1,0.0006349415065144242,0,0,0,0
5399,2,0.000291888083744618,0,0,0,0
5400,2,1.1372283461146554e-05,643,0,0,0
5401,2,0.00037658326047878524,0,0,0,0
5402,1,5.868676756527677e-06,0,0,0,0
5403,2,0.0006276329907933254,234,0,0,0
5404,2,0.00026611688009906925,0,0,0,0
5405,1,2.17089172653746e-05,0,0,0,0
5406,1,9.440020156210426e-05,0,0,0,0
5407,2,0.0004596085213904554,0,0,0,0
5408,2,0.0004758018527257581,1441,0,0,0
5409,1,3.873440161857502e-05,0,0,0,0
5410,2,2.99099852873897e-05,0,0,0,0
5411,2,5.3003880310196104e-05,0,0,0,0
5412,2,0.00042485794293293486,0,0,0,0
5413,2,6.146757562772364e-05,0,0,0,0
5414,2,3.724276915743943e-05,0,0,0,0
5415,2,0.00032676207286307915,0,0,0,0
5416,2,1.8075337552189304e-05,0,0,0,0
5417,2,0.00021811746419496172,0,0,0,0
5418,2,0.0007068261970416089,0,0,0,0
5419,2,0.00021090345761366321,0,0,0,0
5420,2,0.0003315934219505655,0,0,0,0
5421,2,0.0004099811701811226,0,0,0,0
5422,2,0.00012602542205124968,0,0,0,0
5423,2,0.00019389385262030676,0,0,0,0
5424,2,2.2963865596318635e-05,0,0,0,0
5425,2,9.226119282949281e-05,0,0,0,0
5426,2,0.0001904158417516341,0,0,0,0
5427,2,0.00010446743210591751,0,0,0,0
5428,2,9.5184495490058e-05,52,0,0,0
5429,2,9.276472084080684e-05,0,0,0,0
5430,2,7.522003855028203e-05,0,0,0,0
5431,2,0.000152004688509628,0,0,0,0
5432,2,0.0003851864322734381,0,0,0,0
5433,2,0.00011317065358678673,0,0,0,0
5434,1,1.6491207274676167e-05,0,0,0,0
5435,2,0.00010090937831962491,0,0,0,0
5436,2,0.0003043089852406372,0,0,0,0
5437,2,0.00041193786818120414,0,0,0,0
5438,2,7.933581450123886e-05,0,0,0,0
5439,2,0.000210690114278815,7,0,0,0
5440,2,9.762114455489791e-05,0,0,0,0
5441,2,3.033305161122972e-05,0,0,0,0
5442,2,0.00014259022427499672,0,0,0,0
5443,2,0.0003058303159130679,25,0,0,0
5444,2,0.0002541620078436986,0,0,0,0
5445,2,0.00021875648931048353,0,0,0,0
5446,1,0.00011246319431043941,0,0,0,0
5447,2,0.00040282903283306624,0,0,0,0
5448,2,0.00025360516146781233,0,0,0,0
5449,2,0.0002903130938824061,0,0,0,0
5450,2,9.25399867774182e-05,0,0,0,0
5451,2,0.00010025441581715303,0,0,0,0
5452,2,0.0003537129866050941,0,0,0,0
5453,2,8.890218781851013e-05,0,0,0,0
5454,2,0.00010852751871316788,0,0,0,0
5455,2,0.00011015066074115873,504,0,0,0
5456,2,0.000465852216627711,3562,0,0,0
5457,2,0.00020707998504241232,0,0,0,0
5458,2,0.0002774860762802984,0,0,0,0
5459,2,0.0001623717496375872,0,0,0,0
5460,2,9.251262468240866e-05,0,0,0,0
5461,2,0.0006488137858190806,0,0,0,0
5462,2,0.00015565849739578036,0,0,0,0
5463,1,0.0001209612777676962,0,0,0,0
5464,2,0.0001015682803934931,0,0,0,0
5465,2,7.81620518572361e-05,0,0,0,0
5466,1,0.00011219962317734703,0,0,0,0
5467,2,0.0002606899677348032,0,0,0,0
5468,2,0.00012257155321738052,0,0,0,0
5469,2,4.050368835169279e-05,0,0,0,0
5470,2,8.114598292981229e-05,0,0,0,0
5471,2,0.00047008336425801036,0,0,0,0
5472,2,0.0008524379222974931,0,0,0,0
5473,2,0.00013105076936215822,0,0,0,0
5474,2,0.0003127966257834693,0,0,0,0
5475,2,0.0005523606855452873,0,0,0,0
5476,2,0.00013982191716076966,0,0,0,0
5477,2,0.00011513441716941979,0,0,0,0
5478,1,1.64196179444477e-06,0,0,0,0
5479,2,0.0007438471864470472,0,0,0,0
5480,2,0.00021980411812419704,39,0,0,0
5481,2,0.00015113985125553335,0,0,0,0
5482,2,0.00020499588123376532,0,0,0,0
5483,2,0.00016783449390981139,0,0,0,0
5484,2,0.0006590823300092772,0,0,0,0
5485,2,0.0003566409721375628,0,0,0,0
5486,2,0.00014445605679753927,0,0,0,0
5487,2,0.00048083931437153824,0,0,0,0
5488,2,0.00014782079570422848,0,0,0,0
5489,2,0.00035507054791253416,2744,0,0,0
5490,1,6.746209637160373e-05,0,0,0,0
5491,2,0.0002622511431040819,0,0,0,0
5492,2,0.00011201548165100327,0,0,0,0
5493,2,0.0005385104321116779,0,0,0,0
5494,2,0.0004742343999084489,0,0,0,0
5495,1,5.638975922693879e-05,0,0,0,0
5496,1,0.0007027221014585154,0,0,0,0
5497,1,2.6126759167690622e-05,0,0,0,0
5498,2,0.0006382406959063409,0,0,0,0
5499,2,0.0003432057226627415,0,0,0,0
5500,2,0.000130379163772816,0,0,0,0
5501,2,7.415215014297164e-05,0,0,0,0
5502,1,6.498625897595737e-05,0,0,0,0
5503,2,0.00013780958270336478,0,0,0,0
5504,2,0.000198814889588145,0,0,0,0
5505,2,5.1579219092827934e-05,0,0,0,0
5506,2,8.243268135160097e-05,0,0,0,0
5507,2,0.00014756880583271527,0,0,0,0
5508,2,7.459303161108754e-05,0,0,0,0
5509,2,0.0001489261461377262,0,0,0,0
5510,2,0.00014163329041845356,0,0,0,0
5511,1,7.242644505616243e-05,0,0,0,0
5512,2,0.00020106939033807665,0,0,0,0
5513,2,0.0003881612233323559,0,0,0,0
5514,2,0.00010268321463343365,0,0,0,0
5515,2,0.0002973782911673127,0,0,0,0
5516,2,0.00024576218159643327,0,0,0,0
5517,2,0.00035239775696572514,0,0,0,0
5518,2,0.00020340676772326546,0,0,0,0
5519,2,0.00045902642498595075,0,0,0,0
5520,2,3.302745728680135e-05,0,0,0,0
5521,2,0.00019118666837562187,0,0,0,0
5522,2,0.000515911864920942,0,0,0,0
5523,2,0.00014070571123961533,0,0,0,0
5524,2,0.0004357830913205972,0,0,0,0
5525,2,0.00032123449190916016,0,0,0,0
5526,2,0.00024378554046374114,0,0,0,0
5527,2,0.00019622718147786433,0,0,0,0
5528,1,0.00014584421216805597,0,0,0,0
5529,2,0.00022087857734596773,0,0,0,0
5530,2,0.00023302447275163493,0,0,0,0
5531,2,0.00019981795134332581,0,0,0,0
5532,2,0.00015942735293164744,0,0,0,0
5533,2,7.139756940183872e-05,0,0,0,0
5534,2,0.0009900317465366794,0,0,0,0
5535,2,0.00014000082999057525,0,0,0,0
5536,2,0.0003358332086859895,0,0,0,0
5537,2,0.00031607539641945415,0,0,0,0
5538,2,0.0003543446044519364,0,0,0,0
5539,2,0.00033412612846960964,0,0,0,0
5540,2,0.0002144995749676527,0,0,0,0
5541,2,1.786816662670289e-05,0,0,0,0
5542,2,0.0006908073510013326,0,0,0,0
5543,1,0.0002940507271496867,0,0,0,0
5544,2,4.218640000215876e-05,1956,0,0,0
5545,2,0.00029193388916534923,0,0,0,0
5546,2,0.0003557996765369862,0,0,0,0
5547,1,4.853256705188474e-06,0,0,0,0
5548,2,0.0001684743747383869,0,0,0,0
5549,2,0.000191011153010386,0,0,0,0
5550,2,0.00029869870631704095,138,0,0,0
5551,2,0.0002785203030199725,0,0,0,0
5552,2,0.00010149789550496431,0,0,0,0
5553,2,7.160881939832307e-05,0,0,0,0
5554,2,0.00027382286103595576,0,0,0,0
5555,2,3.7391648346600916e-05,0,0,0,0
5556,2,0.00031557815236664454,0,0,0,0
5557,2,0.00021314479822298464,0,0,0,0
5558,2,0.00016535477251463648,0,0,0,0
5559,2,0.00015733132670406994,0,0,0,0
5560,2,0.00013919677766472657,0,0,0,0
5561,2,0.00024037679392140723,0,0,0,0
5562,2,0.0002447371330003601,0,0,0,0
5563,1,0.0005463201458373195,0,0,0,0
5564,2,7.265373660649699e-05,0,0,0,0
5565,2,0.0003784117854420427,0,0,0,0
5566,2,9.635846433312036e-05,0,0,0,0
5567,2,0.00017168452098098623,0,0,0,0
5568,1,0.0002484957677646656,0,0,0,0
5569,1,0.0002302620099327421,2569,0,0,0
5570,2,0.0002517833473667149,0,0,0,0
5571,2,0.00012496203064513907,0,0,0,0
5572,1,0.00018239541702831901,0,0,0,0
5573,2,0.0003742230311626905,0,0,0,0
5574,2,0.0001195649197727252,0,0,0,0
5575,2,0.0005767921812143531,0,0,0,0
5576,2,0.000399685883667889,0,0,0,0
5577,2,7.505948959006388e-05,0,0,0,0
5578,2,0.00023576250144025264,0,0,0,0
5579,2,0.00010271767560287181,0,0,0,0
5580,2,7.06233821889745e-05,0,0,0,0
5581,2,0.00016113899617902055,0,0,0,0
5582,2,0.0005592711345143552,0,0,0,0
5583,2,0.00019318374448063516,0,0,0,0
5584,2,0.0002678822305399095,0,0,0,0
5585,2,0.0002826714279705167,0,0,0,0
5586,2,0.0004920680260565622,0,0,0,0
5587,1,0.0001284657480559913,0,0,0,0
5588,2,0.0003526524912435481,0,0,0,0
5589,2,0.0006555791619897267,0,0,0,0
5590,2,0.0005275838644299215,0,0,0,0
5591,2,0.00014893292150843597,0,0,0,0
5592,2,0.00022091192711931674,0,0,0,0
5593,2,0.0003008018086217225,0,0,0,0
5594,2,0.00023613358266682023,0,0,0,0
5595,1,6.944841147399571e-05,0,0,0,0
5596,2,0.00027507358067284393,0,0,0,0
5597,2,0.00038310822128894664,53,0,0,0
5598,2,0.00031459403690048225,0,0,0,0
5599,2,7.084899036880511e-05,0,0,0,0
5600,2,0.0006104757956513285,0,0,0,0
5601,2,6.676702200919136e-05,0,0,0,0
5602,2,0.0001733176107424711,0,0,0,0
5603,1,0.00025134827377043246,4036,0,0,0
5604,2,0.00044589209129835086,0,0,0,0
5605,2,0.0004671061921274005,0,0,0,0
5606,2,0.00012225429352438465,0,0,0,0
5607,1,0.0001280873629649028,0,0,0,0
5608,2,0.00033422905482569933,0,0,0,0
5609,2,0.00039271531457992767,0,0,0,0
5610,1,0.00036183603008208145,0,0,0,0
5611,2,9.293547333722384e-05,0,0,0,0
5612,2,0.00019742350171020798,0,0,0,0
5613,1,8.018061944728369e-06,0,0,0,0
5614,2,0.0006016811327175123,0,0,0,0
5615,1,0.00011292207086364941,0,0,0,0
5616,2,0.0001927178935797773,0,0,0,0
5617,2,0.00047852494832581986,0,0,0,0
5618,2,0.00022842538590832709,0,0,0,0
5619,2,0.00034977449849630176,0,0,0,0
5620,2,0.0001288450902946106,0,0,0,0
5621,2,5.642766531336111e-05,0,0,0,0
5622,2,0.00022946990800171786,0,0,0,0
5623,2,0.0003236401742395777,0,0,0,0
5624,2,8.888220036626791e-05,0,0,0,0
5625,2,5.643483856476279e-05,0,0,0,0
5626,1,4.014500610217769e-05,0,0,0,0
5627,2,0.0004528655563286541,0,0,0,0
5628,2,0.0003147378224720391,0,0,0,0
5629,2,0.00018325398414813804,0,0,0,0
5630,1,8.94725553226163e-05,0,0,0,0
5631,2,0.0001885494982161453,0,0,0,0
5632,2,0.0003750806141070574,0,0,0,0
5633,2,0.00010244630963620421,0,0,0,0
5634,2,0.00017287260977479188,0,0,0,0
5635,2,0.0002743197664656661,0,0,0,0
5636,2,0.000200666375587239,0,0,0,0
5637,2,0.00044054325321454254,0,0,0,0
5638,2,0.00017127398601964733,0,0,0,0
5639,2,0.00020593241744510009,0,0,0,0
5640,1,7.746255400856729e-05,44,0,0,0
5641,2,4.637779143590089e-05,0,0,0,0
5642,2,0.00022297800561508463,0,0,0,0
5643,1,9.150395086135265e-05,0,0,0,0
5644,1,7.876680844111632e-05,0,0,0,0
5645,2,0.00020235530923378377,0,0,0,0
5646,2,0.0003189832732660297,0,0,0,0
5647,2,8.743294482956527e-05,0,0,0,0
5648,2,0.0003769654474613007,0,0,0,0
5649,2,0.0002725011297799638,0,0,0,0
5650,2,0.0001774861220834866,0,0,0,0
5651,1,7.377548561535335e-05,0,0,0,0
5652,2,2.4275638863332564e-05,0,0,0,0
5653,2,0.00016549583074754464,0,0,0,0
5654,1,0.00024428698865021977,0,0,0,0
5655,2,0.0010485030346298182,2200,0,0,0
5656,1,9.009599351389265e-06,0,0,0,0
5657,2,0.00023997270493781258,0,0,0,0
5658,2,0.00025544932039318056,0,0,0,0
5659,2,0.00018194494235530167,0,0,0,0
5660,2,0.00026652115884151685,0,0,0,0
5661,1,8.278130947782975e-05,0,0,0,0
5662,2,0.0005574897588246206,0,0,0,0
5663,1,2.3113919507747125e-05,0,0,0,0
5664,2,0.0001720620860239438,0,0,0,0
5665,2,0.000126275768819621,0,0,0,0
5666,2,3.5697245558806105e-05,0,0,0,0
5667,2,0.0008366713680676493,0,0,0,0
5668,1,9.697771141540359e-06,0,0,0,0
5669,1,0.00019145534327894129,0,0,0,0
5670,2,0.0003523223736425955,0,0,0,0
5671,2,0.0010758461898167158,0,0,0,0
5672,2,0.00021304448416770798,0,0,0,0
5673,2,0.00020079659836789226,0,0,0,0
5674,2,0.0004409222815078885,0,0,0,0
5675,2,0.00022217969185191736,0,0,0,0
5676,2,0.0002715197496733674,0,0,0,0
5677,2,0.0004299027765699,0,0,0,0
5678,2,0.0006313579739678172,0,0,0,0
5679,2,0.00025762892387194827,0,0,0,0
5680,1,7.166500973743383e-05,0,0,0,0
5681,1,6.47515639271075e-05,0,0,0,0
5682,1,0.00015286450702039976,0,0,0,0
5683,2,0.0003280879556822542,0,0,0,0
5684,1,1.3649798797629882e-05,0,0,0,0
5685,1,4.336193723209293e-06,0,0,0,0
5686,2,0.00029441563500860686,0,0,0,0
5687,2,0.00022707753308279048,0,0,0,0
5688,2,0.0004877428404572785,0,0,0,0
5689,2,4.947568965522097e-05,0,0,0,0
5690,2,0.00018986550401458744,0,0,0,0
5691,2,0.00035078206653709225,0,0,0,0
5692,2,0.0004199306906267676,0,0,0,0
5693,2,0.00018861217638773369,0,0,0,0
5694,2,0.0005305085150989618,0,0,0,0
5695,2,0.0004827155501861902,0,0,0,0
5696,2,8.839521653264922e-05,0,0,0,0
5697,2,0.00017373705471921693,0,0,0,0
5698,1,8.482126461843653e-05,0,0,0,0
5699,2,0.00014545025055039227,0,0,0,0
5700,2,0.00030713634779123457,0,0,0,0
5701,2,0.00032896425573264394,0,0,0,0
5702,2,0.00010689961832514152,0,0,0,0
5703,2,6.568218781967947e-05,29,0,0,0
5704,2,0.0005667360984718225,0,0,0,0
5705,2,0.00019516012391701987,0,0,0,0
5706,2,0.00012313237705239443,0,0,0,0
5707,2,2.032849703848698e-05,0,0,0,0
5708,2,5.423420421276608e-05,0,0,0,0
5709,2,2.677979650780823e-05,0,0,0,0
5710,2,0.0005761858382976984,0,0,0,0
5711,2,0.0003342255358232782,0,0,0,0
5712,2,0.00016851195142935258,0,0,0,0
5713,2,0.00028634960336131217,0,0,0,0
5714,2,8.811886357883758e-05,0,0,0,0
5715,2,0.00014052654618652255,0,0,0,0
5716,2,0.0005944556377994398,0,0,0,0
5717,2,0.0003231540517083595,141,0,0,0
5718,2,0.00010367502223998957,0,0,0,0
5719,2,0.00038353651864773616,0,0,0,0
5720,2,6.91713528987569e-05,0,0,0,0
5721,2,9.214554690675658e-05,0,0,0,0
5722,2,0.00014915572739137163,0,0,0,0
5723,2,0.00021284845114010563,0,0,0,0
5724,2,0.0004057445730575648,0,0,0,0
5725,2,0.0003120810553692753,0,0,0,0
5726,2,7.531142733301e-05,0,0,0,0
5727,2,0.0005883434595445391,0,0,0,0
5728,2,0.0009667685373950201,0,0,0,0
5729,2,0.0001785717267360816,0,0,0,0
5730,2,2.0542851620308867e-05,0,0,0,0
5731,2,4.574286812345132e-05,0,0,0,0
5732,2,0.00017813421856592684,537,0,0,0
5733,2,0.0009282589227609505,0,0,0,0
5734,2,0.00034042944584031703,0,0,0,0
5735,2,4.8066195042324865e-05,0,0,0,0
5736,2,0.00015189812435925198,0,0,0,0
5737,1,0.0003865916589776436,271,0,0,0
5738,2,0.0001805805799176407,0,0,0,0
5739,2,0.00039047246735036983,0,0,0,0
5740,2,0.000570578622000562,0,0,0,0
5741,2,0.0003171755017046522,0,0,0,0
5742,2,0.00045686904705749494,0,0,0,0
5743,2,0.0004401928456731265,0,0,0,0
5744,2,0.0003218884408465404,0,0,0,0
5745,2,0.00011799264300967356,0,0,0,0
5746,2,0.0006648257762368125,4264,0,0,0
5747,2,0.00012758510455252134,0,0,0,0
5748,2,0.0001871049332640051,0,0,0,0
5749,1,9.309576877827916e-05,0,0,0,0
5750,2,0.00022117764551218686,0,0,0,0
5751,2,0.00020988482579352587,0,0,0,0
5752,2,0.00012156029569474993,0,0,0,0
5753,2,0.0003224882047253713,0,0,0,0
5754,2,0.0002961638128769042,1053,0,0,0
5755,2,0.0004696953968210115,0,0,0,0
5756,2,0.0004292916223388012,0,0,0,0
5757,2,0.0003156620224554326,0,0,0,0
5758,1,8.284909360011734e-05,0,0,0,0
5759,2,0.0002771866647298695,201,0,0,0
5760,2,9.648842907730652e-05,0,0,0,0
5761,1,7.383001641733151e-05,0,0,0,0
5762,2,6.815452046489453e-05,476,0,0,0
5763,2,1.5951624270075985e-05,0,0,0,0
5764,2,6.783284634144653e-05,685,0,0,0
5765,2,9.45316183510057e-05,0,0,0,0
5766,2,4.0218601120548697e-05,0,0,0,0
5767,2,0.00017040223439168553,0,0,0,0
5768,2,5.918044486468679e-05,0,0,0,0
5769,2,2.6210741269793023e-05,0,0,0,0
5770,2,0.00022202892538611036,0,0,0,0
5771,2,0.0002631712266690586,0,0,0,0
5772,2,0.0006159155305996106,0,0,0,0
5773,2,0.0003162303555829902,7,0,0,0
5774,2,0.00022520942580606153,0,0,0,0
5775,1,0.00021518911579099318,0,0,0,0
5776,2,0.0005268506888380519,0,0,0,0
5777,2,0.00019101245162513557,0,0,0,0
5778,2,0.0003862994069372066,0,0,0,0
5779,2,0.00012876562821260488,0,0,0,0
5780,2,0.00019553071612323343,0,0,0,0
5781,1,0.0001721994479148362,0,0,0,0
5782,2,0.00014734753681635272,0,0,0,0
5783,2,0.0002703094634825544,0,0,0,0
5784,2,0.00036788590379829416,0,0,0,0
5785,2,0.0003744975871368484,0,0,0,0
5786,2,0.0006201454904948562,0,0,0,0
5787,1,1.7036721416931555e-05,0,0,0,0
5788,2,7.184903146374915e-05,0,0,0,0
5789,2,0.00011075447087089905,0,0,0,0
5790,2,0.00015909472794768472,0,0,0,0
5791,2,0.00020810140404314538,0,0,0,0
5792,2,4.10582052300042e-05,0,0,0,0
5793,2,0.00030486170108836474,0,0,0,0
5794,2,0.0006575224602651827,0,0,0,0
5795,2,0.00017229915716051713,0,0,0,0
5796,2,3.056979550175141e-05,0,0,0,0
5797,2,0.00012757407811997957,0,0,0,0
5798,2,0.0002466023787374945,46,0,0,0
5799,2,4.767123803169553e-05,0,0,0,0
5800,2,0.000163974799589668,0,0,0,0
5801,2,0.000156738530058218,0,0,0,0
5802,2,0.00010588870260033227,0,0,0,0
5803,2,0.0002360951839641728,0,0,0,0
5804,2,0.000273483419048138,0,0,0,0
5805,2,0.00031127875223048646,0,0,0,0
5806,2,0.0005052248318135183,0,0,0,0
5807,1,0.0002884963068531159,0,0,0,0
5808,2,0.0003959761514758851,0,0,0,0
5809,2,0.00015854323944334184,0,0,0,0
5810,1,0.00012514211402139737,0,0,0,0
5811,1,0.00018601406137260898,7,0,0,0
5812,2,0.00010767633889083014,0,0,0,0
5813,2,0.0003636510648087881,0,0,0,0
5814,2,0.000250045287194156,0,0,0,0
5815,2,0.00023078599613353827,0,0,0,0
5816,2,0.00014483624895765882,0,0,0,0
5817,2,0.0001104332440382051,0,0,0,0
5818,2,0.0003029379576442699,0,0,0,0
5819,2,0.0006559065338892906,0,0,0,0
5820,2,0.00039609736809419985,0,0,0,0
5821,2,0.00031327036943920285,18,0,0,0
5822,2,0.00021168589541430325,0,0,0,0
5823,2,0.0005790067646693325,0,0,0,0
5824,2,0.0005577691724300501,0,0,0,0
5825,2,8.263975520887293e-05,0,0,0,0
5826,2,0.00015505190523933755,0,0,0,0
5827,2,0.0006168922029717072,0,0,0,0
5828,2,0.00010300822184461398,0,0,0,0
5829,2,3.0268338489777293e-05,0,0,0,0
5830,2,0.0002611544005848357,0,0,0,0
5831,1,1.682342724593331e-05,0,0,0,0
5832,1,0.00030813213823232215,0,0,0,0
5833,2,0.00039325597615048137,0,0,0,0
5834,2,9.067063484674767e-05,0,0,0,0
5835,2,0.00023259059363867234,603,0,0,0
5836,2,0.0002366569564226101,0,0,0,0
5837,2,0.0005361405267533906,0,0,0,0
5838,2,0.00031730570317812915,19,0,0,0
5839,2,0.00022407938911844747,0,0,0,0
5840,2,2.9403043991630444e-05,0,0,0,0
5841,2,0.0002839772154219139,0,0,0,0
5842,2,0.0002558605584421631,0,0,0,0
5843,2,0.0002256576784590886,0,0,0,0
5844,2,0.0005456435037834873,0,0,0,0
5845,2,0.00033122780671747225,0,0,0,0
5846,2,0.000127075666870037,0,0,0,0
5847,2,0.0003234816571215283,0,0,0,0
5848,1,0.00023262143514368743,0,0,0,0
5849,2,0.00020755402508548887,20,0,0,0
5850,2,0.00036886665501184134,0,0,0,0
5851,2,0.0003711877101271146,0,0,0,0
5852,2,0.00033818192128053836,0,0,0,0
5853,2,0.00029420747756939104,0,0,0,0
5854,2,0.00016072027499848738,0,0,0,0
5855,2,3.78639511446886e-05,0,0,0,0
5856,2,0.00020378708014976227,1606,0,0,0
5857,2,0.0006828460941387478,0,0,0,0
5858,1,0.00023704527700946573,0,0,0,0
5859,2,0.00034076622016518285,0,0,0,0
5860,2,0.0001637451673806305,0,0,0,0
5861,2,0.00014502165667239924,0,0,0,0
5862,2,0.00014869021961362458,0,0,0,0
5863,2,7.181789391029208e-05,0,0,0,0
5864,1,4.661822051334167e-05,0,0,0,0
5865,1,9.017953466158433e-05,0,0,0,0
5866,2,0.0003460069156673229,0,0,0,0
5867,2,0.0002164534867993532,0,0,0,0
5868,2,0.00019171439900859727,0,0,0,0
5869,2,7.400796628847579e-05,0,0,0,0
5870,2,6.878562683741453e-05,0,0,0,0
5871,2,0.00022757142433777155,0,0,0,0
5872,2,0.00015831145668921876,0,0,0,0
5873,2,0.0002363668542966506,0,0,0,0
5874,2,0.00019644195359068428,0,0,0,0
5875,2,0.00015742606098976077,7,0,0,0
5876,2,0.0009314770996407466,0,0,0,0
5877,2,0.00010310672685231797,0,0,0,0
5878,2,0.0003425717795113114,0,0,0,0
5879,2,6.795082158142526e-05,0,0,0,0
5880,2,9.540855037041968e-05,0,0,0,0
5881,2,5.645490562608832e-05,0,0,0,0
5882,2,4.238463725119541e-05,0,0,0,0
5883,2,4.441505705140572e-05,0,0,0,0
5884,1,6.719394265004441e-05,0,0,0,0
5885,2,4.8199543553181154e-05,0,0,0,0
5886,2,6.185586775227348e-05,0,0,0,0
5887,2,0.00019175972265862611,0,0,0,0
5888,2,0.00020574561231252457,0,0,0,0
5889,2,0.0001540534960014443,0,0,0,0
5890,2,0.00036417806675853977,0,0,0,0
5891,2,0.00021539074288890814,0,0,0,0
5892,2,0.0004207167927758325,3800,0,0,0
5893,2,0.00024262750535423487,0,0,0,0
5894,2,0.0001332048432978765,0,0,0,0
5895,2,0.0001758235822550287,0,0,0,0
5896,2,0.00013708881670235985,0,0,0,0
5897,1,0.00021276425361949533,0,0,0,0
5898,1,9.799095102223444e-05,0,0,0,0
5899,2,0.0001553716514516779,59,0,0,0
5900,2,7.632800885509228e-05,0,0,0,0
5901,2,0.0004501802860093076,0,0,0,0
5902,2,0.0002231058195020112,0,0,0,0
5903,2,0.0005886944352027473,0,0,0,0
5904,2,4.7884211225559576e-05,0,0,0,0
5905,2,6.941844885895714e-05,0,0,0,0
5906,2,0.0003510973692606693,0,0,0,0
5907,2,0.00021264968879690003,0,0,0,0
5908,2,4.179390922858241e-05,0,0,0,0
5909,2,0.00010352573588067779,0,0,0,0
5910,1,0.0001829355475389598,7,0,0,0
5911,2,0.0002408852389192629,0,0,0,0
5912,2,0.0004821132123983308,0,0,0,0
5913,1,1.32994245072045e-05,0,0,0,0
5914,2,0.0004982073185219762,0,0,0,0
5915,2,3.9151069617806174e-05,18,0,0,0
5916,2,0.0003573090084546213,410,0,0,0
5917,2,0.00015396261703092898,0,0,0,0
5918,2,1.0444014748534529e-05,0,0,0,0
5919,2,0.00016824539507947166,0,0,0,0
5920,2,5.1973797570727885e-05,0,0,0,0
5921,1,0.00021803198909459468,0,0,0,0
5922,2,0.0004998255335527984,0,0,0,0
5923,2,8.543471465528621e-05,0,0,0,0
5924,2,0.0011668611333954778,7582,0,0,0
5925,2,0.00047934667740396936,0,0,0,0
5926,2,0.00018132318051294208,41,0,0,0
5927,2,0.00022784602538153788,0,0,0,0
5928,2,0.0001426749773855164,0,0,0,0
5929,2,0.00011446424388991012,0,0,0,0
5930,2,5.980007717556844e-05,0,0,0,0
5931,2,0.00012968991031325988,0,0,0,0
5932,1,1.6482962830189838e-06,2337,0,0,0
5933,1,0.00018205101415207393,0,0,0,0
5934,1,3.986917754641476e-05,619,0,0,0
5935,2,0.00018459581686438653,0,0,0,0
5936,2,0.00039526526505777077,0,0,0,0
5937,2,0.00013223811760843817,0,0,0,0
5938,2,0.00020067799944123197,0,0,0,0
5939,2,0.0003389146293014466,0,0,0,0
5940,2,2.1567288767529835e-05,0,0,0,0
5941,2,0.0005583281631139733,0,0,0,0
5942,2,0.00018077159797218062,0,0,0,0
5943,1,4.4541339813212575e-05,0,0,0,0
5944,2,0.0003756106431684097,0,0,0,0
5945,1,0.00021359668479882776,0,0,0,0
5946,2,0.00011630021139841407,0,0,0,0
5947,2,4.9550553804927784e-05,0,0,0,0
5948,2,1.5164565039689743e-05,0,0,0,0
5949,2,0.00014526249610069487,0,0,0,0
5950,2,0.00010299403086532283,0,0,0,0
5951,1,0.0001653421410539188,0,0,0,0
5952,2,0.0002949925718932259,0,0,0,0
5953,1,0.00012033986066828373,0,0,0,0
5954,2,0.00010879373166402957,0,0,0,0
5955,2,8.542175384745917e-05,0,0,0,0
5956,2,0.00017513022316473058,0,0,0,0
5957,2,0.00033875235262202294,0,0,0,0
5958,2,0.0005802414116899501,0,0,0,0
5959,2,0.000831046863786132,0,0,0,0
5960,2,0.00011579467807030934,0,0,0,0
5961,2,0.0004639700929584034,0,0,0,0
5962,2,0.00019633415746927023,0,0,0,0
5963,1,0.00019296748303353377,0,0,0,0
5964,1,0.00020721353139372322,0,0,0,0
5965,2,0.00016347081891254295,0,0,0,0
5966,2,0.00036632714373662097,0,0,0,0
5967,2,0.0003626025515864255,0,0,0,0
5968,2,0.0005713311340806514,0,0,0,0
5969,2,7.49706971164336e-05,0,0,0,0
5970,1,4.750148457688625e-06,386,0,0,0
5971,2,0.0006419501595284454,0,0,0,0
5972,2,0.0001736777317565983,0,0,0,0
5973,2,0.0003096125642132857,0,0,0,0
5974,2,5.297247492800667e-05,0,0,0,0
5975,1,6.991013283662037e-05,0,0,0,0
5976,2,0.00018780721967173242,0,0,0,0
5977,2,8.890823355183448e-05,0,0,0,0
5978,2,9.762908133524654e-05,0,0,0,0
5979,2,0.00018734491792726687,0,0,0,0
5980,2,0.0003972952704984362,0,0,0,0
5981,1,0.00013498269848814267,0,0,0,0
5982,1,8.48807698576232e-05,0,0,0,0
5983,2,0.0003142723424851932,0,0,0,0
5984,2,0.00040700171072804894,0,0,0,0
5985,1,0.00027881972017890883,0,0,0,0
5986,2,0.0002646722410717411,0,0,0,0
5987,1,0.00030140628528371044,0,0,0,0
5988,2,0.0007031517927996108,0,0,0,0
5989,2,0.0002556066146164096,0,0,0,0
5990,2,9.397266806965609e-05,0,0,0,0
5991,2,0.00021586864374481524,0,0,0,0
5992,2,0.0005722131180425796,0,0,0,0
5993,2,0.0003585483341478937,0,0,0,0
5994,2,0.00022337038428764,0,0,0,0
5995,2,0.00018633743470729456,0,0,0,0
5996,2,0.0003643560020185487,0,0,0,0
5997,2,0.00027673748054293063,0,0,0,0
5998,2,0.00020626442455570472,0,0,0,0
5999,2,0.00045309726337389796,0,0,0,0
6000,2,0.00041688980477217223,0,0,0,0
6001,2,0.0006531259632551577,0,0,0,0
6002,2,0.00043425182136852693,0,0,0,0
6003,2,0.00017489165488182454,0,0,0,0
6004,2,0.0005041975817006956,0,0,0,0
6005,2,7.3300943995339e-05,0,0,0,0
6006,2,0.0003313457194039091,0,0,0,0
6007,2,0.00017353860041535114,0,0,0,0
6008,2,0.00022273094419053666,0,0,0,0
6009,2,7.810153233593207e-05,0,0,0,0
6010,2,0.00033059003337695833,0,0,0,0
6011,2,0.0003681191797583456,0,0,0,0
6012,2,0.0003774618050323485,0,0,0,0
6013,1,3.005064711947573e-05,0,0,0,0
6014,2,1.9545420385400315e-05,0,0,0,0
6015,2,0.0003509347043615643,0,0,0,0
6016,2,0.0002591232602651835,0,0,0,0
6017,2,0.0004373992740044638,0,0,0,0
6018,2,0.0002851783570041656,0,0,0,0
6019,2,0.00027716337575695065,0,0,0,0
6020,2,0.0005955309541496489,0,0,0,0
6021,2,0.00011534884100077248,0,0,0,0
6022,2,0.0001295555440829112,0,0,0,0
6023,2,7.542834132632446e-05,0,0,0,0
6024,2,0.00025284155521295717,0,0,0,0
6025,2,0.0004433271779093356,0,0,0,0
6026,2,4.358859454058453e-05,0,0,0,0
6027,2,6.151156739958199e-05,0,0,0,0
6028,2,0.0004839205338602563,0,0,0,0
6029,2,0.00011001031069344309,0,0,0,0
6030,2,0.00015760673370519807,0,0,0,0
6031,2,0.0006628349126682742,0,0,0,0
6032,2,8.300921779245224e-05,0,0,0,0
6033,2,3.723994211518064e-05,0,0,0,0
6034,2,0.0004892215718532159,0,0,0,0
6035,1,6.335258355269786e-05,0,0,0,0
6036,2,3.1155167401474514e-05,0,0,0,0
6037,2,0.0003693417178582351,82,0,0,0
6038,2,0.0005870386520469788,0,0,0,0
6039,2,0.00025268685552893547,0,0,0,0
6040,2,8.41999020829952e-05,519,0,0,0
6041,2,0.00035553282893096877,0,0,0,0
6042,2,2.8531921343346975e-05,0,0,0,0
6043,2,0.00011215358939727648,0,0,0,0
6044,2,0.0007175004488376453,0,0,0,0
6045,2,6.111364095131395e-05,0,0,0,0
6046,1,1.2683999264648351e-05,0,0,0,0
6047,2,0.00027265204975777626,0,0,0,0
6048,1,0.00010114823364465966,0,0,0,0
6049,2,0.00015433408591653577,0,0,0,0
6050,2,0.00024882209377451224,0,0,0,0
6051,2,0.00035104716891707727,0,0,0,0
6052,2,0.00010682334434172381,0,0,0,0
6053,1,0.00021700464846555848,0,0,0,0
6054,1,0.000117324081474548,0,0,0,0
6055,1,0.0001507427196595927,0,0,0,0
6056,1,1.636340391199836e-05,0,0,0,0
6057,2,0.0005650183647711142,0,0,0,0
6058,2,0.00023298388256856023,0,0,0,0
6059,2,4.858937161110316e-05,0,0,0,0
6060,2,0.00019218586712936556,0,0,0,0
6061,2,0.0001781251520966556,0,0,0,0
6062,2,0.00020221647017177043,0,0,0,0
6063,2,0.00014492344546394393,0,0,0,0
6064,2,0.0007885256788779824,0,0,0,0
6065,2,0.0001970446129194517,0,0,0,0
6066,2,0.00015194558472429552,0,0,0,0
6067,2,0.0002730745188288149,659,0,0,0
6068,2,0.0002936660103106867,0,0,0,0
6069,2,0.00018940865977318754,0,0,0,0
6070,2,0.0003820881157837499,0,0,0,0
6071,2,0.0005248405551320977,0,0,0,0
6072,2,0.00046297460333083614,0,0,0,0
6073,1,0.000348400728302237,3421,0,0,0
6074,2,0.00019401811284285595,0,0,0,0
6075,2,0.0003968963039971837,0,0,0,0
6076,2,0.0003423658515623222,0,0,0,0
6077,2,0.0001687845749165818,0,0,0,0
6078,2,0.0005628855029869627,0,0,0,0
6079,2,0.00010071536408618023,0,0,0,0
6080,2,8.406297607167033e-05,58,0,0,0
6081,2,6.507462594854868e-05,0,0,0,0
6082,1,1.3868181157592301e-05,0,0,0,0
6083,2,0.0001696009637828139,0,0,0,0
6084,2,0.0003964590989719463,0,0,0,0
6085,2,0.00033460700201597783,0,0,0,0
6086,2,0.00039180717096892623,0,0,0,0
6087,2,9.323541086215221e-05,0,0,0,0
6088,2,8.146195261418207e-05,0,0,0,0
6089,2,3.400438965136676e-05,0,0,0,0
6090,2,0.00012614194248589578,0,0,0,0
6091,2,0.00010582009342284033,0,0,0,0
6092,2,0.00022374901846878122,0,0,0,0
6093,2,0.00020510343184229778,0,0,0,0
6094,2,0.0003272912522770711,0,0,0,0
6095,1,3.359964215773056e-06,0,0,0,0
6096,2,3.381654270667129e-05,0,0,0,0
6097,2,0.00021191116939975506,0,0,0,0
6098,2,0.00016378514504464687,1357,0,0,0
6099,2,0.0002105372923073011,0,0,0,0
6100,2,8.131454950400118e-05,0,0,0,0
6101,2,0.00012909090763661875,0,0,0,0
6102,1,3.423094465250676e-05,48,0,0,0
6103,2,0.00018216582552781622,0,0,0,0
6104,2,0.0001593647762988697,0,0,0,0
6105,2,0.00044636607639362517,32,0,0,0
6106,2,0.0005913495223547345,7,0,0,0
6107,1,1.1822496384426027e-05,0,0,0,0
6108,2,0.00011159116218312851,0,0,0,0
6109,2,0.00012025116601912366,0,0,0,0
6110,1,7.860924472414718e-05,0,0,0,0
6111,2,4.314564616213825e-05,0,0,0,0
6112,2,0.0002728926706998969,0,0,0,0
6113,2,0.000263157622894515,0,0,0,0
6114,2,0.00014317881046059253,0,0,0,0
6115,2,1.228793819606327e-05,0,0,0,0
6116,2,0.00013261010907316662,0,0,0,0
6117,2,0.00017905118771979772,0,0,0,0
6118,2,0.00014740671007677818,0,0,0,0
6119,2,0.0008688653580076829,0,0,0,0
6120,1,0.00015801365220062126,0,0,0,0
6121,2,0.000213356905829834,0,0,0,0
6122,1,2.6043153038715738e-05,0,0,0,0
6123,2,8.302761631316064e-05,0,0,0,0
6124,2,0.0003093253320508123,0,0,0,0
6125,2,0.00023103346371845934,0,0,0,0
6126,2,0.00028739818350771994,0,0,0,0
6127,2,0.00010896772541745611,0,0,0,0
6128,2,0.00012148650348346219,0,0,0,0
6129,1,3.51498104293781e-05,0,0,0,0
6130,1,7.887782626843678e-05,0,0,0,0
6131,1,6.054573846254439e-05,862,0,0,0
6132,2,4.159695076144175e-05,0,0,0,0
6133,1,7.857925603068217e-06,0,0,0,0
6134,2,0.00014790521143447273,0,0,0,0
6135,2,0.00023429966049171637,0,0,0,0
6136,2,0.0002924639667439145,0,0,0,0
6137,2,0.0003544922670214629,0,0,0,0
6138,2,0.00026196336461645296,0,0,0,0
6139,2,0.0002011020618261513,7,0,0,0
6140,2,0.00017045517407000352,0,0,0,0
6141,2,0.0002318303288698105,0,0,0,0
6142,2,9.141690558045608e-05,0,0,0,0
6143,2,0.00013399258367776388,0,0,0,0
6144,2,0.00046375156237648055,0,0,0,0
6145,1,2.1497675472414785e-05,0,0,0,0
6146,2,0.0002422017345853456,0,0,0,0
6147,2,7.632786293938578e-05,0,0,0,0
6148,2,0.00010777094718022772,0,0,0,0
6149,1,0.00017854666702695198,0,0,0,0
6150,1,7.429466002828562e-05,0,0,0,0
6151,2,2.3731393518369546e-05,0,0,0,0
6152,2,0.0004615516347151043,0,0,0,0
6153,2,0.000428961764124133,0,0,0,0
6154,2,0.000529189544486901,0,0,0,0
6155,2,0.0001709005612629449,68,0,0,0
6156,1,0.0001685028051116597,0,0,0,0
6157,2,0.00018057997107373536,0,0,0,0
6158,2,0.0003111446762680242,0,0,0,0
6159,2,0.0003650434065709532,0,0,0,0
6160,2,0.0002751178568624979,0,0,0,0
6161,2,0.00020523844531780542,0,0,0,0
6162,2,0.00015283510173021899,0,0,0,0
6163,2,7.014438718002942e-05,0,0,0,0
6164,2,2.6152784147039594e-05,0,0,0,0
6165,2,0.00014457275384019565,0,0,0,0
6166,2,2.946046367889287e-05,0,0,0,0
6167,1,7.817788505850562e-05,0,0,0,0
6168,2,0.00030626029695807243,7,0,0,0
6169,2,0.00031132379122631425,0,0,0,0
6170,2,9.457241316905806e-05,0,0,0,0
6171,2,0.00014687279783778668,0,0,0,0
6172,1,4.1229171854452165e-05,0,0,0,0
6173,1,0.0001257880494753314,0,0,0,0
6174,2,0.00010908676159830359,0,0,0,0
6175,2,0.0005527440643315747,0,0,0,0
6176,2,0.0003746732482345445,0,0,0,0
6177,2,0.00019805707601742252,0,0,0,0
6178,2,0.00013526931486868409,0,0,0,0
6179,2,9.076101410342342e-05,0,0,0,0
6180,2,0.00012195670190890156,0,0,0,0
6181,2,0.0003786315089231736,0,0,0,0
6182,2,8.042821404345939e-05,186,0,0,0
6183,1,2.3132276888870513e-05,0,0,0,0
6184,2,0.00033977088669654294,0,0,0,0
6185,2,0.000480487235930832,0,0,0,0
6186,2,0.000518522682450884,0,0,0,0
6187,1,0.00010205359595584947,0,0,0,0
6188,2,6.410881419127247e-05,0,0,0,0
6189,2,0.0002861085840662408,0,0,0,0
6190,2,0.00046368786718346686,7,0,0,0
6191,2,0.00011011299437781104,0,0,0,0
6192,2,0.00020772591172136322,0,0,0,0
6193,1,0.0002610744636180253,0,0,0,0
6194,2,0.0006478749043169784,0,0,0,0
6195,2,0.00031198880199955837,0,0,0,0
6196,2,0.00014553097603741959,0,0,0,0
6197,2,0.0004535195488689337,0,0,0,0
6198,2,0.0003403735726298393,0,0,0,0
6199,2,0.00045182764171606193,0,0,0,0
6200,2,0.00011274281541112919,0,0,0,0
6201,2,0.00013173002550259034,19,0,0,0
6202,2,0.0003487925514992694,0,0,0,0
6203,2,0.00014933859271620058,0,0,0,0
6204,2,0.0002505885096034255,0,0,0,0
6205,2,0.00014485297335388718,0,0,0,0
6206,2,0.0002590870772331295,0,0,0,0
6207,2,0.00030198509679029735,0,0,0,0
6208,2,0.0003973218973830265,0,0,0,0
6209,2,0.0005443884467072567,0,0,0,0
6210,2,0.00011329003080558066,0,0,0,0
6211,2,9.666125901811254e-05,0,0,0,0
6212,1,0.00019194455989257657,0,0,0,0
6213,2,0.00017561262819476293,412,0,0,0
6214,2,0.0005087358425773665,0,0,0,0
6215,1,8.964324093341979e-05,0,0,0,0
6216,2,0.0001981390297749062,0,0,0,0
6217,2,0.0001802302724923524,0,0,0,0
6218,2,0.00012227184428522457,0,0,0,0
6219,1,3.096353864275341e-06,0,0,0,0
6220,2,0.00048048501124086073,0,0,0,0
6221,2,2.5216652198567824e-05,0,0,0,0
6222,2,1.1561592526971812e-05,0,0,0,0
6223,2,0.0003478931767983101,0,0,0,0
6224,2,3.973524626989499e-05,0,0,0,0
6225,1,2.5481578900550363e-06,94,0,0,0
6226,2,0.00012977447000270094,0,0,0,0
6227,2,0.0003698992152244813,60,0,0,0
6228,2,0.0002602943333985119,0,0,0,0
6229,1,0.0001256396089965747,0,0,0,0
6230,2,4.332167094805986e-05,0,0,0,0
6231,1,3.38233383499747e-05,0,0,0,0
6232,2,0.00031142970264082736,0,0,0,0
6233,1,8.162700717620639e-05,0,0,0,0
6234,2,0.00017209169682105857,7,0,0,0
6235,2,9.019867968844719e-05,0,0,0,0
6236,2,0.0003448834487094438,0,0,0,0
6237,1,0.00010177599023487043,0,0,0,0
6238,2,0.00022327701507728854,0,0,0,0
6239,2,8.45844546007185e-05,0,0,0,0
6240,1,0.00010405343016733132,0,0,0,0
6241,2,9.077781130963844e-05,0,0,0,0
6242,2,0.00033583258651804013,0,0,0,0
6243,2,0.00046165933626065187,0,0,0,0
6244,2,0.00020832662314499293,0,0,0,0
6245,2,0.0001654559598715005,7037,0,0,0
6246,2,0.0002122112108206984,0,0,0,0
6247,2,1.4467003476004465e-05,0,0,0,0
6248,2,0.00046611030966307816,0,0,0,0
6249,2,7.676312065070576e-05,0,0,0,0
6250,1,2.546390363878903e-05,0,0,0,0
6251,2,5.7960484083150085e-05,0,0,0,0
6252,2,4.013911832146369e-05,0,0,0,0
6253,2,0.0002663834944673192,0,0,0,0
6254,2,0.00019114408417513135,0,0,0,0
6255,2,0.0006442409580925981,0,0,0,0
6256,2,0.00027249627313795204,2778,0,0,0
6257,2,4.8343162700229606e-05,0,0,0,0
6258,2,7.045983852511941e-05,0,0,0,0
6259,2,0.00037922609394339986,0,0,0,0
6260,2,0.0002305510171632723,0,0,0,0
6261,1,6.81931202344642e-05,0,0,0,0
6262,2,0.00042226878409049046,0,0,0,0
6263,2,0.0003471905700663126,0,0,0,0
6264,2,0.000391305959504011,0,0,0,0
6265,1,0.0003103414303786873,0,0,0,0
6266,2,0.00025955775549698333,0,0,0,0
6267,2,0.00019121793176126126,0,0,0,0
6268,2,6.706921943521199e-05,0,0,0,0
6269,2,0.0004186787084295664,0,0,0,0
6270,2,7.883147376335029e-05,0,0,0,0
6271,2,0.00025399476104229977,0,0,0,0
6272,2,0.0006821235098769236,0,0,0,0
6273,2,0.00016659394494993133,0,0,0,0
6274,2,0.00010449531201356629,0,0,0,0
6275,1,2.0390608198541683e-05,0,0,0,0
6276,2,0.00014493759116490754,0,0,0,0
6277,2,0.0005933774054706849,0,0,0,0
6278,2,0.00019833335006918688,0,0,0,0
6279,2,0.00014665898958608994,0,0,0,0
6280,1,6.529546905383316e-05,0,0,0,0
6281,2,4.9870125340681256e-05,0,0,0,0
6282,2,0.0007340136337553526,0,0,0,0
6283,2,0.0001706068477530597,0,0,0,0
6284,2,0.00019622758317238526,0,0,0,0
6285,2,0.00024032930718421397,0,0,0,0
6286,2,0.0007543495181125829,0,0,0,0
6287,2,0.000178396429172867,0,0,0,0
6288,2,0.000685779454747598,0,0,0,0
6289,2,0.000444616847824359,0,0,0,0
6290,1,1.5950510262826144e-05,0,0,0,0
6291,2,8.69730720054824e-05,0,0,0,0
6292,2,0.000199231281366176,0,0,0,0
6293,2,0.000408152887482602,0,0,0,0
6294,2,0.0001353426670983754,0,0,0,0
6295,1,0.000728904043461471,0,0,0,0
6296,2,0.0005528494463577931,0,0,0,0
6297,2,0.0002009366680640568,0,0,0,0
6298,2,3.861185189473645e-05,0,0,0,0
6299,1,7.197414934560224e-05,0,0,0,0
6300,2,7.175781769717487e-05,0,0,0,0
6301,2,7.571471743528125e-05,0,0,0,0
6302,2,0.00011846459779835289,0,0,0,0
6303,2,0.00019752250623837503,756,0,0,0
6304,2,2.8321568536173115e-05,0,0,0,0
6305,2,0.0002887512127542248,0,0,0,0
6306,2,0.0003252202176768624,0,0,0,0
6307,2,0.0003814252499172851,0,0,0,0
6308,2,0.00017390988784138695,0,0,0,0
6309,1,3.1653852326311854e-05,0,0,0,0
6310,2,0.00031182312988347775,0,0,0,0
6311,1,6.11973098387966e-05,0,0,0,0
6312,2,0.0003447179703311563,0,0,0,0
6313,2,0.0002534529345179485,0,0,0,0
6314,2,0.00021634717335354954,7,0,0,0
6315,2,0.00010893483698758507,0,0,0,0
6316,2,0.00013859846198509471,0,0,0,0
6317,1,5.207836487366173e-05,0,0,0,0
6318,2,0.0002849253776878952,0,0,0,0
6319,1,4.678919152840024e-06,0,0,0,0
6320,1,0.00025307325030172925,0,0,0,0
6321,2,0.0003173242854115065,0,0,0,0
6322,2,0.0001187689536542514,0,0,0,0
6323,2,0.00013990225411081742,285,0,0,0
6324,2,4.017431199321394e-05,0,0,0,0
6325,2,0.0004218664890938889,0,0,0,0
6326,2,0.0002131042300913708,0,0,0,0
6327,2,8.100440767059552e-05,0,0,0,0
6328,2,0.0003225428246695018,7,0,0,0
6329,1,9.470497239434493e-05,0,0,0,0
6330,2,0.0005754029688301387,0,0,0,0
6331,2,0.000287687980590419,0,0,0,0
6332,2,0.00011081550161909209,0,0,0,0
6333,2,0.00022565134464533744,0,0,0,0
6334,2,0.00011888759157497278,0,0,0,0
6335,2,0.00048288721842471477,0,0,0,0
6336,2,0.00013244833147652322,0,0,0,0
6337,2,0.00015707465589595609,0,0,0,0
6338,2,0.0005315369733453762,0,0,0,0
6339,2,0.00010970517791976396,0,0,0,0
6340,2,0.00019842812643447756,0,0,0,0
6341,2,0.00029194173501284284,0,0,0,0
6342,2,3.825273843634885e-05,0,0,0,0
6343,2,0.0003081711782927767,0,0,0,0
6344,2,0.00016089470646570543,0,0,0,0
6345,2,0.00012965698121313602,0,0,0,0
6346,2,0.0003530851349503505,0,0,0,0
6347,2,0.0005063781918122504,0,0,0,0
6348,1,0.00022187909631820823,0,0,0,0
6349,2,0.00038494639439199,0,0,0,0
6350,1,0.0006433132934091066,0,0,0,0
6351,2,0.0003942239299158921,0,0,0,0
6352,2,0.0003549115226395982,0,0,0,0
6353,2,0.00023759375584318025,0,0,0,0
6354,2,0.00020115416331136226,0,0,0,0
6355,2,5.8997230438380154e-05,0,0,0,0
6356,2,0.0002048047605628914,0,0,0,0
6357,2,0.00024880548397229334,0,0,0,0
6358,2,0.00034000260690734263,0,0,0,0
6359,2,0.00015937126089116355,0,0,0,0
6360,2,0.00018448397197104438,0,0,0,0
6361,2,0.0004687392790664491,0,0,0,0
6362,2,0.00038956076485054185,0,0,0,0
6363,2,0.00048486911127867613,0,0,0,0
6364,1,2.36565981492321e-05,0,0,0,0
6365,2,0.000577756827562301,0,0,0,0
6366,2,0.00017880857452157859,0,0,0,0
6367,2,0.00038231018007383965,0,0,0,0
6368,2,0.0001868349156692761,0,0,0,0
6369,2,0.00018626844704318024,0,0,0,0
6370,2,0.00026295099069081104,0,0,0,0
6371,2,0.00044825717194638245,0,0,0,0
6372,2,0.00018314556258199554,0,0,0,0
6373,2,0.00039587587066944866,0,0,0,0
6374,2,0.0002450527003800094,584,0,0,0
6375,2,0.00016538863739440343,0,0,0,0
6376,2,0.00017719993917785558,0,0,0,0
6377,2,0.0001881146359759126,0,0,0,0
6378,2,9.553355253306006e-05,0,0,0,0
6379,2,0.0003451314472009549,0,0,0,0
6380,1,2.5655063266597037e-06,0,0,0,0
6381,2,0.00021137770564518164,0,0,0,0
6382,2,0.00024611889815644096,0,0,0,0
6383,2,7.423953793845816e-05,7,0,0,0
6384,2,0.0005215767443945235,0,0,0,0
6385,2,0.0005965225726946554,0,0,0,0
6386,1,0.00012671247676765448,0,0,0,0
6387,2,0.00026698916503554884,0,0,0,0
6388,2,0.00035124816187944856,29,0,0,0
6389,2,0.00024970395850149686,0,0,0,0
6390,2,0.00018853604946275193,0,0,0,0
6391,2,8.870821511243517e-05,0,0,0,0
6392,2,0.00026580764254912243,0,0,0,0
6393,1,0.0002779360822758715,7,0,0,0
6394,2,0.0008481008726303757,0,0,0,0
6395,2,0.00016705252266992492,0,0,0,0
6396,2,7.23300150173331e-06,0,0,0,0
6397,2,0.0002324998854765426,0,0,0,0
6398,1,8.043569939698873e-05,0,0,0,0
6399,2,2.390861613453111e-05,87,0,0,0
6400,1,8.712245335887206e-06,0,0,0,0
6401,2,0.0004886955453668565,0,0,0,0
6402,2,0.00019118290627371018,0,0,0,0
6403,2,0.00035849645871500606,0,0,0,0
6404,2,0.00015454657677500534,0,0,0,0
6405,2,0.00010044476411477623,0,0,0,0
6406,2,0.0004315702689743393,0,0,0,0
6407,2,9.662617861609353e-05,0,0,0,0
6408,2,0.0004006856564860306,0,0,0,0
6409,1,0.00011865215488538409,0,0,0,0
6410,2,0.0004692638521052241,0,0,0,0
6411,1,8.131979785466341e-05,0,0,0,0
6412,2,8.019783387148664e-05,0,0,0,0
6413,2,0.0005548257808163479,0,0,0,0
6414,1,3.404765148129055e-05,0,0,0,0
6415,2,0.0005363567998112805,0,0,0,0
6416,2,0.0004093970048387975,0,0,0,0
6417,1,8.593826665643562e-05,0,0,0,0
6418,2,0.00023386237169056775,0,0,0,0
6419,1,3.9211705943398506e-05,0,0,0,0
6420,2,5.6330184511286544e-05,0,0,0,0
6421,2,0.00014107334952680276,0,0,0,0
6422,2,0.00045089352090955416,0,0,0,0
6423,2,0.00022047676420059535,0,0,0,0
6424,2,0.0008536605782326959,1020,0,0,0
6425,1,3.0094450791930833e-05,0,0,0,0
6426,2,0.000172379172561188,0,0,0,0
6427,2,7.934767227730916e-05,0,0,0,0
6428,2,0.00013248713263835622,0,0,0,0
6429,2,0.00019669919461439355,0,0,0,0
6430,2,0.00012155895529034218,0,0,0,0
6431,2,0.00011058770605048055,0,0,0,0
6432,2,0.00022260955436520275,0,0,0,0
6433,1,9.620972106913608e-05,0,0,0,0
6434,2,0.0001139397424273963,0,0,0,0
6435,2,0.00020533204665144916,0,0,0,0
6436,2,0.0001925817508766931,0,0,0,0
6437,2,0.0004034716001117547,0,0,0,0
6438,2,5.414693835552739e-05,0,0,0,0
6439,2,0.00013387086180390956,0,0,0,0
6440,2,0.0001386165742163552,0,0,0,0
6441,2,0.00028393042016841026,0,0,0,0
6442,2,0.00033394112365960695,0,0,0,0
6443,2,0.00010839604228470747,192,0,0,0
6444,2,0.0002844637429944169,0,0,0,0
6445,2,0.00010503900579256116,0,0,0,0
6446,2,0.0003681640605338269,0,0,0,0
6447,1,0.00016225475557024943,0,0,0,0
6448,2,0.00016055143848466542,0,0,0,0
6449,2,7.568220158159016e-05,0,0,0,0
6450,2,0.00024216595658024814,0,0,0,0
6451,2,0.00045849872587303263,0,0,0,0
6452,2,0.00020333844262746843,0,0,0,0
6453,1,0.00017702191067975047,0,0,0,0
6454,2,0.00020680920978229876,0,0,0,0
6455,2,4.219291042541422e-05,0,0,0,0
6456,2,0.00024847176302702107,0,0,0,0
6457,2,0.00017051939813048043,0,0,0,0
6458,2,3.755421292990218e-05,0,0,0,0
6459,2,0.00024130980664468493,0,0,0,0
6460,2,0.0001453509140053841,0,0,0,0
6461,2,7.670289630605935e-05,0,0,0,0
6462,2,4.302871649127026e-05,0,0,0,0
6463,1,4.1989790158191475e-05,0,0,0,0
6464,2,0.00013153203560836298,7,0,0,0
6465,2,0.0005716078540761987,0,0,0,0
6466,2,0.00032872171981049715,0,0,0,0
6467,2,0.00010177412722690312,0,0,0,0
6468,2,0.0005551187847200363,0,0,0,0
6469,2,0.0001933759680679912,0,0,0,0
6470,2,0.00020976428223908752,0,0,0,0
6471,2,0.00010461291267843377,0,0,0,0
6472,2,8.223463740887477e-05,0,0,0,0
6473,2,0.0001567185479091058,0,0,0,0
6474,2,0.00011355214803112296,0,0,0,0
6475,2,0.0003252471152212037,0,0,0,0
6476,2,9.646636809654234e-05,0,0,0,0
6477,2,0.0008467045313477744,0,0,0,0
6478,2,0.00035763633028171267,0,0,0,0
6479,1,2.1655014223811667e-06,0,0,0,0
6480,2,0.0002367283614516944,0,0,0,0
6481,2,7.150433487076206e-05,0,0,0,0
6482,2,8.293837302259977e-05,0,0,0,0
6483,2,0.00025887807457933455,0,0,0,0
6484,2,0.00020621211067437737,0,0,0,0
6485,2,0.00023932027504941503,0,0,0,0
6486,2,3.135704167737818e-05,0,0,0,0
6487,2,5.612862877704519e-05,0,0,0,0
6488,2,0.0001288562384374131,0,0,0,0
6489,2,5.941575671459188e-05,0,0,0,0
6490,2,0.00019422314506783645,0,0,0,0
6491,2,0.00018718694365442334,0,0,0,0
6492,1,8.997189502749652e-06,0,0,0,0
6493,2,0.00020636881873721828,0,0,0,0
6494,1,6.311009910789166e-06,0,0,0,0
6495,2,0.00020629643523623986,0,0,0,0
6496,2,0.00013723318932144294,0,0,0,0
6497,2,0.00011213326309424294,0,0,0,0
6498,2,7.62680983809225e-05,0,0,0,0
6499,2,8.199847266461633e-06,0,0,0,0
6500,2,6.762828771086957e-05,0,0,0,0
6501,2,0.0003525522984716058,0,0,0,0
6502,1,2.4070454684977807e-06,0,0,0,0
6503,2,7.629864613816467e-05,0,0,0,0
6504,2,5.550850474906515e-05,0,0,0,0
6505,2,0.00021069057528612763,0,0,0,0
6506,2,0.0004255855018975312,0,0,0,0
6507,2,0.00018411528798774018,0,0,0,0
6508,2,0.00018903148002303427,0,0,0,0
6509,2,0.00010497869769240886,0,0,0,0
6510,2,0.0006794080841800335,0,0,0,0
6511,2,0.00016334697351298299,0,0,0,0
6512,2,0.0002230435204375752,0,0,0,0
6513,2,0.0002662736921915937,0,0,0,0
6514,1,9.792115061970055e-05,0,0,0,0
6515,2,3.5754513687654144e-05,0,0,0,0
6516,1,0.0001761167550371749,0,0,0,0
6517,2,0.0002761111204479133,0,0,0,0
6518,2,0.000593035969110037,0,0,0,0
6519,2,0.00020697280333495412,0,0,0,0
6520,2,0.00021862779656368843,0,0,0,0
6521,1,3.074958756870623e-05,0,0,0,0
6522,2,0.00017088086638617617,0,0,0,0
6523,2,3.3420476761238854e-05,0,0,0,0
6524,1,8.913980096816097e-05,0,0,0,0
6525,2,0.0005732439862275867,0,0,0,0
6526,2,0.00012800513349662228,0,0,0,0
6527,2,7.393842196170589e-06,0,0,0,0
6528,2,0.00044124738004045166,0,0,0,0
6529,2,0.00023285664038536898,0,0,0,0
6530,2,0.0001132649999017109,0,0,0,0
6531,2,4.2357812025833166e-05,0,0,0,0
6532,2,0.0005410519289360936,850,0,0,0
6533,2,0.00037863259808746107,0,0,0,0
6534,2,0.00021181575259285895,0,0,0,0
6535,1,0.00010019232887667357,0,0,0,0
6536,2,0.0001270539818118317,0,0,0,0
6537,2,0.00034321538528145665,0,0,0,0
6538,2,0.00010805108333486573,0,0,0,0
6539,2,0.000402161856258922,0,0,0,0
6540,1,0.00012413018182576006,0,0,0,0
6541,2,0.00016635955783055802,0,0,0,0
6542,2,0.00025036965907877595,0,0,0,0
6543,2,0.0006012518191818673,0,0,0,0
6544,2,5.60284914077923e-05,7,0,0,0
6545,2,0.0001663871626487272,0,0,0,0
6546,2,0.0002868101425824817,0,0,0,0
6547,2,0.00014927030678402165,0,0,0,0
6548,2,0.00022114253770291322,0,0,0,0
6549,2,0.00044803104940901263,0,0,0,0
6550,2,0.00022726404357401812,0,0,0,0
6551,1,0.00012884290709559988,0,0,0,0
6552,2,0.00015667849167494476,0,0,0,0
6553,2,0.00018997697403923234,0,0,0,0
6554,2,0.0003533051896240981,0,0,0,0
6555,1,2.9198948636270388e-05,0,0,0,0
6556,2,0.0004247007473737147,0,0,0,0
6557,2,0.000302867223873037,0,0,0,0
6558,2,0.0001613845086264876,0,0,0,0
6559,2,0.00018787113097088173,0,0,0,0
6560,2,9.11989189138711e-05,0,0,0,0
6561,2,0.0003627385641795208,0,0,0,0
6562,2,0.00030159389124158304,0,0,0,0
6563,2,0.00022142609299829216,0,0,0,0
6564,2,0.0004227891085953654,0,0,0,0
6565,2,0.00028569331943340654,0,0,0,0
6566,2,0.0001806155945661643,0,0,0,0
6567,2,0.00010998313159147834,0,0,0,0
6568,2,5.147555258041129e-05,0,0,0,0
6569,2,0.000128442166045961,0,0,0,0
6570,2,0.00045096974347009507,0,0,0,0
6571,2,0.00019790928497903225,0,0,0,0
6572,2,0.00010424013549217304,0,0,0,0
6573,2,0.0005268480012309458,0,0,0,0
6574,2,5.681815302406988e-05,0,0,0,0
6575,2,0.00016398634421561787,0,0,0,0
6576,2,0.00024262587783809538,0,0,0,0
6577,2,9.028660379342475e-05,0,0,0,0
6578,2,0.0003931030226275657,0,0,0,0
6579,2,0.00022735694907791143,0,0,0,0
6580,2,0.0003736512873523041,0,0,0,0
6581,2,0.00013867657332805765,0,0,0,0
6582,2,0.0004877757620775393,0,0,0,0
6583,2,5.025411899792415e-05,0,0,0,0
6584,2,9.375733353011465e-05,0,0,0,0
6585,2,0.000140000260888073,0,0,0,0
6586,2,9.52102066556534e-05,0,0,0,0
6587,1,0.00016721170148910775,0,0,0,0
6588,2,0.00014231130350546043,0,0,0,0
6589,2,0.0002990509596044528,0,0,0,0
6590,2,9.062634608176422e-05,0,0,0,0
6591,2,0.00035314073482252005,0,0,0,0
6592,2,0.00022772210189251976,0,0,0,0
6593,2,0.00013854008437085897,0,0,0,0
6594,2,0.00023178952793358098,0,0,0,0
6595,2,7.267687286949394e-05,0,0,0,0
6596,2,0.0005576049374471953,0,0,0,0
6597,2,0.00013670937289581904,0,0,0,0
6598,2,0.0003721773099033321,0,0,0,0
6599,2,0.00045058064443205916,0,0,0,0
6600,2,0.0003753219673121255,7,0,0,0
6601,2,0.00010337471294329654,38,0,0,0
6602,2,0.0007507179936062697,0,0,0,0
6603,2,0.0003260945739189276,0,0,0,0
6604,2,0.00014948064537749226,0,0,0,0
6605,2,0.00024461308574484316,0,0,0,0
6606,2,9.426046485489936e-05,0,0,0,0
6607,1,0.00031556013731727023,0,0,0,0
6608,2,0.00028134407811930524,0,0,0,0
6609,1,3.422476564571693e-05,77,0,0,0
6610,2,0.00012908346384154368,0,0,0,0
6611,1,9.152807609742397e-05,0,0,0,0
6612,1,1.6915146929028273e-05,0,0,0,0
6613,2,0.0007332505959571925,44,0,0,0
6614,1,4.9566685362833766e-05,0,0,0,0
6615,1,1.648792086888832e-05,0,0,0,0
6616,2,0.0002606719786662315,0,0,0,0
6617,2,0.00010435045076119763,0,0,0,0
6618,2,0.00012217434945246435,0,0,0,0
6619,2,0.0005083939975474685,0,0,0,0
6620,1,5.547015229394515e-05,0,0,0,0
6621,1,4.801306447160961e-05,0,0,0,0
6622,2,5.11995101789705e-05,949,0,0,0
6623,2,8.231900980906108e-05,0,0,0,0
6624,2,0.00017807860397013036,0,0,0,0
6625,2,0.0006521468148511822,0,0,0,0
6626,2,2.939919452684387e-05,0,0,0,0
6627,2,0.000580061428421278,0,0,0,0
6628,2,0.0013444185221729971,5994,0,0,0
6629,2,6.998318732703096e-05,0,0,0,0
6630,2,5.52169347598938e-05,0,0,0,0
6631,2,0.0002624170624290054,0,0,0,0
6632,2,0.0003003856491110269,5125,0,0,0
6633,1,4.519041191906046e-05,0,0,0,0
6634,1,3.183082817964173e-05,0,0,0,0
6635,2,1.4946524676208703e-05,0,0,0,0
6636,2,0.00032469198941983914,0,0,0,0
6637,2,0.0004341217148731273,0,0,0,0
6638,2,2.662870855531251e-05,0,0,0,0
6639,1,9.57481948970418e-05,0,0,0,0
6640,2,7.83359555235827e-05,0,0,0,0
6641,2,0.0003239885937492934,0,0,0,0
6642,2,0.00011339775658130528,0,0,0,0
6643,1,2.54489145093313e-05,0,0,0,0
6644,2,8.973500568195968e-05,0,0,0,0
6645,2,9.901127373962367e-05,0,0,0,0
6646,2,0.00017223728318965887,0,0,0,0
6647,2,0.00040222420362445407,0,0,0,0
6648,1,0.0002933804655112947,0,0,0,0
6649,1,9.851481659668744e-05,0,0,0,0
6650,1,1.5574990911754743e-05,0,0,0,0
6651,1,9.840497424404183e-05,0,0,0,0
6652,2,0.0005033167522723389,0,0,0,0
6653,2,0.00027080174451295165,0,0,0,0
6654,2,8.025211098995279e-05,0,0,0,0
6655,2,0.00014951026081337347,0,0,0,0
6656,1,4.913793613540868e-05,0,0,0,0
6657,2,0.00012688116804327696,0,0,0,0
6658,1,0.00018678815358300058,983,0,0,0
6659,2,0.00017209836718051137,0,0,0,0
6660,2,0.0003758421137279592,0,0,0,0
6661,2,0.00021751099845335647,0,0,0,0
6662,2,0.00047757493123150064,0,0,0,0
6663,2,0.00017106006123306759,0,0,0,0
6664,2,0.001488552776892083,5943,0,0,0
6665,2,0.0003432143943951288,0,0,0,0
6666,2,3.3401639253821326e-05,51,0,0,0
6667,2,0.00044078351544374485,0,0,0,0
6668,2,0.0003759690610727092,0,0,0,0
6669,2,0.0002168479620889605,0,0,0,0
6670,2,0.00012680197210207883,0,0,0,0
6671,2,0.00012650526904246095,7,0,0,0
6672,2,6.597974435180801e-05,0,0,0,0
6673,1,0.00014024545682222127,0,0,0,0
6674,2,0.00017739654005586607,0,0,0,0
6675,1,2.3677560598569824e-05,0,0,0,0
6676,2,0.00015318027721704475,0,0,0,0
6677,2,0.00012454762734131247,0,0,0,0
6678,2,0.000422247888284992,0,0,0,0
6679,2,0.00033281249545111567,0,0,0,0
6680,1,0.00015900414569194866,0,0,0,0
6681,2,0.00018750829339800903,0,0,0,0
6682,2,0.0002596931444527887,0,0,0,0
6683,2,0.00010853847492149186,0,0,0,0
6684,1,7.0514583476378e-05,0,0,0,0
6685,2,5.324081875624947e-05,0,0,0,0
6686,2,0.0004260534464027079,0,0,0,0
6687,2,0.0002692997261134583,0,0,0,0
6688,2,0.00015004866192669063,0,0,0,0
6689,2,0.0007469666236928768,0,0,0,0
6690,2,0.00022562231514406287,0,0,0,0
6691,1,0.00019415023203389527,0,0,0,0
6692,2,0.00020642546032772246,0,0,0,0
6693,2,0.00020582957381367576,0,0,0,0
6694,2,3.638975565971001e-05,0,0,0,0
6695,2,0.00024114173929610467,0,0,0,0
6696,2,9.56379489360964e-05,0,0,0,0
6697,2,0.0005182364044534803,0,0,0,0
6698,2,0.0005412252450241637,0,0,0,0
6699,2,0.0001360703891913779,0,0,0,0
6700,2,0.0001203887222540235,0,0,0,0
6701,2,0.0002540610008879024,0,0,0,0
6702,2,0.0004919512557599541,0,0,0,0
6703,1,0.00016498017781065938,0,0,0,0
6704,2,0.00034653587722428386,34,0,0,0
6705,2,0.00010891220320616654,0,0,0,0
6706,2,0.0005115306555389827,0,0,0,0
6707,2,0.00011126533117328222,0,0,0,0
6708,2,0.0003286240625543,0,0,0,0
6709,2,0.000260937425166507,639,0,0,0
6710,2,0.00029873115979312724,0,0,0,0
6711,2,0.00015001292718535645,0,0,0,0
6712,2,0.0001209919351657703,0,0,0,0
6713,2,0.0007623171225157354,0,0,0,0
6714,2,3.417766432620418e-05,0,0,0,0
6715,2,0.00035563552994074263,0,0,0,0
6716,2,0.0003304903889330123,0,0,0,0
6717,2,0.00044048952657294276,0,0,0,0
6718,1,0.00016018631352877853,0,0,0,0
6719,2,0.000156047198110636,0,0,0,0
6720,2,0.00010556770412722372,0,0,0,0
6721,2,0.00023641400072003054,0,0,0,0
6722,2,0.00032490856153188496,0,0,0,0
6723,1,7.857811590005058e-05,0,0,0,0
6724,2,3.424291839049167e-05,0,0,0,0
6725,2,0.0003087672671954065,7,0,0,0
6726,2,0.0001995613411334526,0,0,0,0
6727,2,0.00015500855942911397,0,0,0,0
6728,2,5.170618397642801e-05,0,0,0,0
6729,1,0.00011881376629054205,0,0,0,0
6730,2,0.0004933798655596592,0,0,0,0
6731,2,0.0007139340354512326,0,0,0,0
6732,2,8.50766413675589e-05,0,0,0,0
6733,2,0.0002879717267319493,0,0,0,0
6734,2,0.00036621966646394895,0,0,0,0
6735,2,4.5854070520912594e-05,0,0,0,0
6736,2,5.7421639444024184e-05,0,0,0,0
6737,2,0.00036747582191965086,0,0,0,0
6738,2,0.00010594126762376013,0,0,0,0
6739,2,0.0001306484444692104,0,0,0,0
6740,2,0.0001665209803397589,0,0,0,0
6741,2,7.307446437236523e-05,0,0,0,0
6742,1,0.0002963087302382489,0,0,0,0
6743,2,0.00015904639266971796,0,0,0,0
6744,1,7.950533319975674e-06,0,0,0,0
6745,2,0.0004882517926457258,0,0,0,0
6746,2,0.000599375926551921,0,0,0,0
6747,2,0.00048264398110138817,5901,0,0,0
6748,2,0.00021609139728643532,3864,0,0,0
6749,1,5.571120678096421e-05,0,0,0,0
6750,2,0.0002799544725275992,0,0,0,0
6751,2,3.511901336193553e-05,0,0,0,0
6752,2,0.00019118564127359886,0,0,0,0
6753,2,0.00011232731164947125,0,0,0,0
6754,2,0.0001198713444504296,0,0,0,0
6755,1,0.0001662714931014445,0,0,0,0
6756,2,0.00029389841551513435,0,0,0,0
6757,2,0.00020303843660102492,0,0,0,0
6758,2,0.0003019005815492594,0,0,0,0
6759,2,9.503907916976326e-05,0,0,0,0
6760,2,0.00022698720373966053,0,0,0,0
6761,2,0.0004942563936572078,0,0,0,0
6762,2,0.00011412126707470157,0,0,0,0
6763,1,0.0002753930516029956,0,0,0,0
6764,2,0.00022032883344417066,0,0,0,0
6765,2,0.00016049647900136027,0,0,0,0
6766,2,2.2113506719675114e-05,0,0,0,0
6767,2,0.00039876723068448883,0,0,0,0
6768,2,0.0005548063675876008,0,0,0,0
6769,2,0.00045914882530101176,0,0,0,0
6770,2,2.5101558675254946e-05,0,0,0,0
6771,2,0.000307330591871723,0,0,0,0
6772,2,8.409310496702111e-05,0,0,0,0
6773,2,9.903188743572605e-05,0,0,0,0
6774,2,0.00011018315270034905,0,0,0,0
6775,2,9.086575241924176e-05,0,0,0,0
6776,2,0.00023411631395734778,0,0,0,0
6777,2,0.00017949646659107062,0,0,0,0
6778,2,0.0001702862878921894,0,0,0,0
6779,2,0.00019542677844496632,0,0,0,0
6780,2,0.0003248945045185872,0,0,0,0
6781,2,0.00018583734250124875,0,0,0,0
6782,2,0.0003133305424250301,0,0,0,0
6783,2,0.0005613589292712169,0,0,0,0
6784,2,0.0003794490219152653,0,0,0,0
6785,2,0.00011489216193427637,0,0,0,0
6786,2,8.139939017090634e-05,0,0,0,0
6787,2,6.076230069362287e-05,0,0,0,0
6788,1,0.0002329437248133908,0,0,0,0
6789,2,0.00015895536021630498,0,0,0,0
6790,2,0.00033647338300054166,0,0,0,0
6791,2,0.000381482308019713,0,0,0,0
6792,2,0.0003770508335894306,0,0,0,0
6793,2,8.243341864536715e-05,0,0,0,0
6794,2,0.0006303591745550029,0,0,0,0
6795,2,0.00015133249495934397,0,0,0,0
6796,2,0.00020146151196923995,0,0,0,0
6797,2,0.00010834601040261922,17,0,0,0
6798,2,0.00010211190897388105,0,0,0,0
6799,2,0.00039173900613052317,0,0,0,0
6800,1,4.392369811890553e-06,0,0,0,0
6801,2,0.000191603205877701,0,0,0,0
6802,2,0.000536129917791041,0,0,0,0
6803,2,2.7860733228140907e-05,0,0,0,0
6804,2,0.0005441416060323722,0,0,0,0
6805,2,0.0006034339673153758,0,0,0,0
6806,2,0.000249251547575367,0,0,0,0
6807,2,0.00012100808538765392,0,0,0,0
6808,2,9.901865322063468e-05,0,0,0,0
6809,2,0.0001443318410220585,0,0,0,0
6810,2,0.0001847666049915858,0,0,0,0
6811,2,0.0002978735127983937,0,0,0,0
6812,2,0.0005719028074579731,0,0,0,0
6813,2,8.48318618268224e-05,0,0,0,0
6814,2,9.637424526454684e-05,0,0,0,0
6815,2,0.0003570796992244718,0,0,0,0
6816,2,0.0001702875719288098,0,0,0,0
6817,2,0.00012069172970670007,0,0,0,0
6818,2,0.0004966804843327643,0,0,0,0
6819,2,0.00040831488824651536,0,0,0,0
6820,2,8.867487687323517e-05,0,0,0,0
6821,2,0.0008655189349370208,0,0,0,0
6822,2,0.0005292396181159829,0,0,0,0
6823,2,0.00033826999307218084,0,0,0,0
6824,2,0.0002859066326272645,0,0,0,0
6825,2,0.00015313698578418714,0,0,0,0
6826,2,0.00029620430058573805,0,0,0,0
6827,2,0.00017138159376594222,0,0,0,0
6828,1,1.6877075265571805e-05,0,0,0,0
6829,2,9.182905267511234e-05,0,0,0,0
6830,2,0.00024592779230747566,0,0,0,0
6831,2,0.0004311729504707079,0,0,0,0
6832,1,0.00016806917653654902,49,0,0,0
6833,2,0.0005625612784270049,0,0,0,0
6834,2,0.00038550299737196624,0,0,0,0
6835,2,0.00017615135519853548,7,0,0,0
6836,2,0.00016278239055311967,0,0,0,0
6837,1,0.0002728683121444034,0,0,0,0
6838,2,0.00010086447182915866,0,0,0,0
6839,2,0.0003759086644051069,0,0,0,0
6840,2,0.0006789108751840486,0,0,0,0
6841,1,0.00045935679894070554,0,0,0,0
6842,2,0.00018479025329062632,0,0,0,0
6843,1,3.0422765372832604e-05,0,0,0,0
6844,2,0.00013075297708322426,0,0,0,0
6845,2,0.00014447968813568194,0,0,0,0
6846,2,0.00030652260616939234,0,0,0,0
6847,2,0.00043077244656263285,0,0,0,0
6848,2,0.0005223693125204239,0,0,0,0
6849,2,6.925294445919658e-05,0,0,0,0
6850,2,0.0001644180055928289,0,0,0,0
6851,2,0.00019904815488106095,0,0,0,0
6852,2,0.0001655337775708158,0,0,0,0
6853,2,7.867668999727159e-05,0,0,0,0
6854,2,0.0006466321607033137,0,0,0,0
6855,2,0.00018837613854078524,0,0,0,0
6856,2,0.0003410242310841626,0,0,0,0
6857,2,7.491883198658525e-05,0,0,0,0
6858,2,0.0006083746223569801,0,0,0,0
6859,2,0.00020692487156875983,0,0,0,0
6860,1,9.536048172630955e-05,0,0,0,0
6861,1,7.890976373419658e-05,0,0,0,0
6862,2,6.418631693716541e-05,0,0,0,0
6863,2,0.00026764672597822417,164,0,0,0
6864,2,4.592715299229718e-05,0,0,0,0
6865,2,0.00020453266057097924,0,0,0,0
6866,2,0.00032308245320386526,0,0,0,0
6867,2,0.0005235145713691944,0,0,0,0
6868,2,5.611597800487981e-05,0,0,0,0
6869,1,0.0001879416172462771,0,0,0,0
6870,1,2.3965237840433006e-05,0,0,0,0
6871,1,3.168610757713113e-05,0,0,0,0
6872,2,0.0005955833856887276,0,0,0,0
6873,2,0.00026111520775585876,0,0,0,0
6874,2,6.888605160050144e-05,0,0,0,0
6875,1,0.0002878633472430244,0,0,0,0
6876,2,0.0002055452299631822,0,0,0,0
6877,2,0.0001030088931406226,0,0,0,0
6878,2,2.116106464606699e-05,0,0,0,0
6879,2,0.00020178840897008737,283,0,0,0
6880,2,0.00013501976493941558,0,0,0,0
6881,2,0.0002467345186447833,0,0,0,0
6882,2,0.00013450125893395507,0,0,0,0
6883,1,1.0516981159510659e-05,0,0,0,0
6884,2,6.88402642539805e-05,0,0,0,0
6885,1,1.8186608784756362e-05,0,0,0,0
6886,1,0.0001425612206686435,0,0,0,0
6887,2,8.659575103093764e-05,0,0,0,0
6888,2,0.0001785521471858785,0,0,0,0
6889,1,0.00026795466420145994,0,0,0,0
6890,1,0.00013746988950515926,0,0,0,0
6891,2,0.00036717927927496847,0,0,0,0
6892,2,8.899081087816304e-05,0,0,0,0
6893,2,0.0002764694211754667,0,0,0,0
6894,2,0.00023910803341754746,0,0,0,0
6895,2,0.00013043549106373683,0,0,0,0
6896,2,7.827901238405182e-05,0,0,0,0
6897,2,0.00034090300665395434,0,0,0,0
6898,2,8.012303055182231e-05,0,0,0,0
6899,1,2.212040053736812e-05,0,0,0,0
6900,1,0.0002098865467624616,0,0,0,0
6901,2,0.00013898465003823232,0,0,0,0
6902,2,0.00034258679069807204,0,0,0,0
6903,2,0.0007063947343459529,0,0,0,0
6904,1,0.000399827010166276,0,0,0,0
6905,2,0.0001988274747354555,0,0,0,0
6906,2,8.560780999632593e-05,0,0,0,0
6907,1,0.00013556635782284373,0,0,0,0
6908,2,0.0006044481861430473,0,0,0,0
6909,2,0.00019219298673437665,0,0,0,0
6910,2,0.0006734411626179001,0,0,0,0
6911,2,0.00019912000605580498,0,0,0,0
6912,2,0.00040199264091633454,0,0,0,0
6913,2,0.00024127391904646701,0,0,0,0
6914,1,0.0001093428025046717,0,0,0,0
6915,1,4.734869389281688e-05,0,0,0,0
6916,2,0.00018525040252695088,0,0,0,0
6917,2,0.00027243856421290693,0,0,0,0
6918,2,0.00011246216579610815,0,0,0,0
6919,2,0.00017672309408257083,0,0,0,0
6920,2,0.0003492258670283202,0,0,0,0
6921,2,0.00016064994478704765,0,0,0,0
6922,2,0.0006287324031104614,0,0,0,0
6923,1,0.0001788319114883545,0,0,0,0
6924,2,8.405059089604956e-05,0,0,0,0
6925,2,0.00011366798629962005,0,0,0,0
6926,2,0.000198879871728015,0,0,0,0
6927,2,9.959451593931519e-05,0,0,0,0
6928,1,1.6851402250867864e-06,0,0,0,0
6929,2,0.00021149034699440133,0,0,0,0
6930,2,0.0002263336533093427,0,0,0,0
6931,2,0.0005547717301465612,0,0,0,0
6932,2,0.0002549096902991652,0,0,0,0
6933,1,0.0001223099909933355,0,0,0,0
6934,1,5.7149582565941164e-05,0,0,0,0
6935,2,0.00017893453801808227,0,0,0,0
6936,2,0.00023212728981494848,0,0,0,0
6937,2,0.00043221946347769385,0,0,0,0
6938,2,0.00020634142898065964,0,0,0,0
6939,2,0.0003360260997250038,0,0,0,0
6940,1,3.545333666298191e-06,0,0,0,0
6941,2,0.00016064839262403856,0,0,0,0
6942,1,9.089128877864425e-05,0,0,0,0
6943,2,9.73487293441969e-05,0,0,0,0
6944,2,0.0005161955659935613,0,0,0,0
6945,1,0.00028502866904297607,0,0,0,0
6946,2,8.308074576040015e-05,0,0,0,0
6947,2,0.000187901301607575,0,0,0,0
6948,2,6.444625653358189e-05,0,0,0,0
6949,2,0.0001296742459076843,0,0,0,0
6950,2,0.00013155671264651603,0,0,0,0
6951,2,0.00035007018500609043,0,0,0,0
6952,2,0.0003555683057226764,0,0,0,0
6953,2,0.0001666458992690534,85,0,0,0
6954,2,0.0003186200039345818,0,0,0,0
6955,2,0.00030840807096261163,0,0,0,0
6956,2,0.00023059090594502522,0,0,0,0
6957,1,4.8951358372788015e-05,0,0,0,0
6958,2,0.0001959707046548317,47,0,0,0
6959,2,0.00013427574718225072,0,0,0,0
6960,2,0.0003507152381333261,0,0,0,0
6961,2,0.0003233748450363288,0,0,0,0
6962,2,0.00051605457008614,0,0,0,0
6963,2,0.0005607024449610239,0,0,0,0
6964,1,1.2565950986059324e-05,0,0,0,0
6965,2,0.0004574614886741009,0,0,0,0
6966,2,6.0764110037185936e-05,0,0,0,0
6967,2,0.00014130197074282185,0,0,0,0
6968,2,0.0001649306606508124,0,0,0,0
6969,2,0.0004459779650421876,0,0,0,0
6970,1,3.0265834006290802e-05,0,0,0,0
6971,2,0.0006701916745987773,0,0,0,0
6972,2,0.00048672512664766894,0,0,0,0
6973,2,0.00023815538258373806,0,0,0,0
6974,2,0.00028664649532416953,2782,0,0,0
6975,2,0.00013364553216993957,0,0,0,0
6976,2,0.000573086331360912,0,0,0,0
6977,2,0.00041893128218522554,0,0,0,0
6978,2,0.0004953066120616306,0,0,0,0
6979,2,0.00016343373526906885,0,0,0,0
6980,2,0.00046752075058301357,0,0,0,0
6981,2,0.00033972360623794363,0,0,0,0
6982,2,0.0003407524687509632,0,0,0,0
6983,1,0.0001570106663745447,0,0,0,0
6984,2,4.114841981471082e-05,0,0,0,0
6985,2,0.0001937450451043029,0,0,0,0
6986,2,0.00011797797147003405,0,0,0,0
6987,2,0.00023499166410513166,0,0,0,0
6988,2,0.0003116934225089371,0,0,0,0
6989,2,0.0002693198037625963,0,0,0,0
6990,2,8.450211547675713e-05,0,0,0,0
6991,2,0.00023402970707978257,0,0,0,0
6992,2,8.392423339832135e-05,0,0,0,0
6993,2,0.0003593077255886289,0,0,0,0
6994,2,0.0004911869305386497,0,0,0,0
6995,2,6.569772552877277e-05,0,0,0,0
6996,2,9.412708091267812e-05,0,0,0,0
6997,2,0.00034880095140557603,0,0,0,0
6998,2,0.0006073658274311015,0,0,0,0
6999,2,0.00030209857382780476,0,0,0,0
7000,2,0.00035501192178765886,0,0,0,0
7001,2,0.0002156384056733301,0,0,0,0
7002,2,6.430523777298234e-05,0,0,0,0
7003,2,4.934859760643909e-05,0,0,0,0
7004,1,0.0006183623267647814,0,0,0,0
7005,1,5.781185724992982e-05,0,0,0,0
7006,2,0.0003050882884959161,0,0,0,0
7007,2,0.0002419499584620821,0,0,0,0
7008,1,5.1087700911205914e-05,0,0,0,0
7009,2,0.0005025692070881389,0,0,0,0
7010,2,0.0003496747478199267,0,0,0,0
7011,2,0.0005836341800505821,0,0,0,0
7012,1,8.206418182021748e-05,0,0,0,0
7013,2,0.0001538971013976557,408,0,0,0
7014,2,0.00041831678435954873,0,0,0,0
7015,2,0.0002799431256338972,0,0,0,0
7016,2,0.000302317451560992,0,0,0,0
7017,2,0.00010551101108593561,0,0,0,0
7018,2,7.815201932712205e-05,0,0,0,0
7019,2,0.00020930535030282049,0,0,0,0
7020,2,9.852315994302454e-05,0,0,0,0
7021,2,0.0006457901839054788,0,0,0,0
7022,1,0.0006550883729360933,7,0,0,0
7023,2,0.00016916155925402653,0,0,0,0
7024,2,0.00017818271738719182,0,0,0,0
7025,2,0.00025974927270353107,0,0,0,0
7026,2,0.00013827516975329455,0,0,0,0
7027,2,0.00016553119455884103,0,0,0,0
7028,2,0.0004083994925223697,0,0,0,0
7029,2,1.3406986767379555e-05,0,0,0,0
7030,2,0.00013531501476059257,0,0,0,0
7031,1,6.688970065654258e-05,0,0,0,0
7032,2,0.0004191226282316146,0,0,0,0
7033,1,0.0004038146966025304,0,0,0,0
7034,2,0.0002597362361969218,0,0,0,0
7035,1,1.9779644741220917e-05,0,0,0,0
7036,2,0.0002654776021785564,0,0,0,0
7037,2,0.00010425189810453588,0,0,0,0
7038,2,5.3158647604988287e-05,0,0,0,0
7039,2,0.000155993532970769,0,0,0,0
7040,2,0.0006207683852968957,0,0,0,0
7041,2,0.0003749910233881578,0,0,0,0
7042,2,0.00037084043903645497,0,0,0,0
7043,1,1.0111280484759637e-05,0,0,0,0
7044,2,0.0001935028675601506,0,0,0,0
7045,2,0.00010498640534272691,0,0,0,0
7046,1,0.00024503443262539925,0,0,0,0
7047,1,0.00015918729791384085,0,0,0,0
7048,2,0.0002901142286515128,0,0,0,0
7049,2,0.00011355603597961307,0,0,0,0
7050,2,8.164133750959194e-05,0,0,0,0
7051,2,0.0006720214043339789,0,0,0,0
7052,2,0.00024236074995438768,0,0,0,0
7053,2,0.00012487766235353366,0,0,0,0
7054,1,6.927471632033979e-06,0,0,0,0
7055,2,0.00015519293344301975,0,0,0,0
7056,2,4.831921262723119e-05,0,0,0,0
7057,2,0.0008550753304644269,0,0,0,0
7058,2,0.00042603632867829094,0,0,0,0
7059,2,0.00019820982965405964,0,0,0,0
7060,2,0.00013470966867539766,0,0,0,0
7061,2,0.0002950606722189333,0,0,0,0
7062,1,7.128379534048767e-05,0,0,0,0
7063,1,8.978135995095404e-05,0,0,0,0
7064,2,0.00024103340774778143,0,0,0,0
7065,2,0.0008956124049804115,0,0,0,0
7066,2,0.0006394084188815814,0,0,0,0
7067,2,0.00016169619509450733,0,0,0,0
7068,2,0.0002948387659280941,0,0,0,0
7069,2,9.804650480971907e-05,0,0,0,0
7070,2,0.0001223878052414366,0,0,0,0
7071,1,0.0002156003328635424,0,0,0,0
7072,2,0.0005528378784273795,0,0,0,0
7073,2,0.00017046804606933835,0,0,0,0
7074,2,0.0007925566051641361,0,0,0,0
7075,2,0.0003644959237393562,0,0,0,0
7076,1,1.7639659062305647e-05,0,0,0,0
7077,2,0.00022727358758348808,0,0,0,0
7078,2,0.0003211916203972161,0,0,0,0
7079,2,0.00016295753990944675,0,0,0,0
7080,2,0.0003050873483688523,0,0,0,0
7081,1,4.799598776834935e-05,0,0,0,0
7082,2,0.00018640707989045363,0,0,0,0
7083,2,0.000234439874136864,0,0,0,0
7084,2,0.00034204208099880063,0,0,0,0
7085,2,0.00010212680011637157,0,0,0,0
7086,2,5.2106855100874886e-05,0,0,0,0
7087,2,0.00046944109478880514,0,0,0,0
7088,2,0.0006072907618745082,0,0,0,0
7089,2,0.000299997121794579,0,0,0,0
7090,1,0.0001665908324417248,0,0,0,0
7091,1,2.6327048978723553e-05,0,0,0,0
7092,2,9.122196591454098e-05,0,0,0,0
7093,2,0.00023019123046995725,0,0,0,0
7094,2,0.00034269577120075214,0,0,0,0
7095,2,0.00012122695367928259,0,0,0,0
7096,2,0.00043217369046867957,0,0,0,0
7097,2,0.00023960663210680986,0,0,0,0
7098,2,8.079573824681507e-05,0,0,0,0
7099,2,8.4745057663426e-05,0,0,0,0
7100,2,0.0007103062989882302,7,0,0,0
7101,2,0.0003126344907816047,0,0,0,0
7102,2,0.0001592448893589838,0,0,0,0
7103,1,0.0004955225349521467,0,0,0,0
7104,1,0.00010938401980979463,0,0,0,0
7105,2,0.0002543795381022439,0,0,0,0
7106,2,0.0003284613399712575,0,0,0,0
7107,1,2.2818786245816867e-05,0,0,0,0
7108,1,4.0187746574134545e-05,0,0,0,0
7109,1,4.1589523952732666e-05,0,0,0,0
7110,1,0.00037598694915025446,0,0,0,0
7111,1,8.151472125841819e-05,0,0,0,0
7112,1,3.6270452098321775e-05,0,0,0,0
7113,2,0.0005386339459840571,0,0,0,0
7114,2,0.0004518221399452222,0,0,0,0
7115,2,0.0003225199015603568,0,0,0,0
7116,2,0.00011625691108941086,0,0,0,0
7117,2,2.9807072685029705e-05,0,0,0,0
7118,2,0.0004908473299953124,0,0,0,0
7119,2,0.00011078477029217026,0,0,0,0
7120,2,3.8467434535263955e-05,0,0,0,0
7121,1,1.5332611177919155e-05,0,0,0,0
7122,2,0.0002654619164151018,5480,0,0,0
7123,2,0.00046997019461076983,0,0,0,0
7124,2,0.00022800465094109773,0,0,0,0
7125,2,0.0003282412642715507,0,0,0,0
7126,2,0.00018623683605884054,0,0,0,0
7127,2,6.850653175487639e-05,0,0,0,0
7128,2,0.00041980155675485617,0,0,0,0
7129,2,0.0009300864669910342,0,0,0,0
7130,2,0.00023007299180472255,0,0,0,0
7131,2,0.0005147607077887737,0,0,0,0
7132,2,0.00012469253589933934,0,0,0,0
7133,2,0.0003955210731944841,0,0,0,0
7134,2,0.0002141651681168315,0,0,0,0
7135,2,0.000285699488618287,0,0,0,0
7136,2,0.00012641054446999795,0,0,0,0
7137,2,0.00013227900267630887,0,0,0,0
7138,2,4.075669487652313e-05,0,0,0,0
7139,2,0.00023900778916164785,0,0,0,0
7140,2,0.00031989122767792436,0,0,0,0
7141,2,1.3997774180774101e-05,0,0,0,0
7142,2,0.00024335942413360607,0,0,0,0
7143,2,0.00048148878293814023,0,0,0,0
7144,2,0.00017653225380114335,0,0,0,0
7145,2,0.0002127281405229985,0,0,0,0
7146,2,0.00121610931820907,7275,0,0,0
7147,2,0.0008626266839599533,1225,0,0,0
7148,2,0.00011725378434904608,0,0,0,0
7149,2,0.0002681795392391721,0,0,0,0
7150,2,0.00036249514630071796,0,0,0,0
7151,2,0.00015767466591302937,0,0,0,0
7152,2,0.00010890873588409098,0,0,0,0
7153,2,0.0004017060554317234,0,0,0,0
7154,1,8.031400931399008e-05,0,0,0,0
7155,2,0.0001305492229007176,0,0,0,0
7156,1,2.224998599948401e-05,0,0,0,0
7157,2,0.00013894504038886523,0,0,0,0
7158,2,0.0002875140973454311,0,0,0,0
7159,2,0.0002156361908794528,0,0,0,0
7160,1,0.0002764080859624797,7,0,0,0
7161,2,0.00037892354293697536,0,0,0,0
7162,2,0.0001301436419075943,0,0,0,0
7163,2,0.0003219756213178824,0,0,0,0
7164,2,0.00038719038212793296,0,0,0,0
7165,2,1.0502033044881625e-05,0,0,0,0
7166,2,0.00017609376304034247,0,0,0,0
7167,2,4.0639189681837005e-05,0,0,0,0
7168,2,0.00028877404494437125,0,0,0,0
7169,2,0.00035835493590865463,0,0,0,0
7170,2,0.0002571953029320588,0,0,0,0
7171,2,0.0003070855539891751,0,0,0,0
7172,2,0.00028263539114346554,0,0,0,0
7173,1,0.0001464634602438271,259,0,0,0
7174,2,0.0009139082744766306,1446,0,0,0
7175,2,0.00020504216289108125,0,0,0,0
7176,2,0.0001184282697504038,0,0,0,0
7177,2,0.0005600713975017384,0,0,0,0
7178,2,2.7853997695542964e-05,0,0,0,0
7179,1,7.437883954838421e-05,0,0,0,0
7180,2,0.0002636014471665082,0,0,0,0
7181,2,0.00010013597898035315,0,0,0,0
7182,1,3.27475420198906e-05,0,0,0,0
7183,2,0.00016504727694284245,0,0,0,0
7184,2,0.00014661986933603934,0,0,0,0
7185,2,0.00026188744762573415,0,0,0,0
7186,1,9.612948338286366e-05,0,0,0,0
7187,2,0.0002670364686559949,0,0,0,0
7188,2,0.0008776564733114575,0,0,0,0
7189,1,0.00019139132766189597,0,0,0,0
7190,2,0.00024349706762336344,0,0,0,0
7191,2,0.00015542735242411704,0,0,0,0
7192,2,9.72900005178336e-05,0,0,0,0
7193,2,0.0002056198286029293,75,0,0,0
7194,2,0.00045598073486084924,0,0,0,0
7195,2,9.138125845627549e-05,7,0,0,0
7196,2,0.0003511054978575746,0,0,0,0
7197,2,3.4384679063507155e-05,0,0,0,0
7198,2,0.00017867728443453923,0,0,0,0
7199,2,5.142168910900475e-05,0,0,0,0
7200,2,0.00034582254988962756,0,0,0,0
7201,2,0.0002262913613637207,0,0,0,0
7202,2,0.00035164242450501246,0,0,0,0
7203,2,6.92135182491064e-05,0,0,0,0
7204,2,5.9243132660628896e-05,0,0,0,0
7205,2,0.00014391794806130218,0,0,0,0
7206,2,0.0002577576812426859,0,0,0,0
7207,1,0.00037350729202699024,0,0,0,0
7208,2,0.00018735773236014592,0,0,0,0
7209,2,0.0001208311352790068,0,0,0,0
7210,2,9.810063528020649e-05,0,0,0,0
7211,2,0.00028679990062294516,0,0,0,0
7212,2,7.004918232499755e-05,0,0,0,0
7213,2,0.0004503862827314244,0,0,0,0
7214,2,9.173466845886535e-05,0,0,0,0
7215,1,0.00021295884113330278,0,0,0,0
7216,2,0.00031038985483160735,0,0,0,0
7217,2,0.00025137005820444403,0,0,0,0
7218,1,3.589900221699936e-05,371,0,0,0
7219,2,4.2444317783723634e-05,46,0,0,0
7220,2,0.00011828953865427859,0,0,0,0
7221,2,0.0005197658916593319,7,0,0,0
7222,2,0.0002073445341405862,0,0,0,0
7223,1,1.773692913246066e-05,0,0,0,0
7224,2,0.00010769121026319155,0,0,0,0
7225,2,0.00027452332792156256,1015,0,0,0
7226,2,0.0008499189468931696,0,0,0,0
7227,2,0.00017464249290384336,0,0,0,0
7228,2,0.00047772623257047214,0,0,0,0
7229,2,0.00022532153226766533,0,0,0,0
7230,1,4.7817032374333716e-05,0,0,0,0
7231,2,4.098987849106101e-05,0,0,0,0
7232,2,0.00044886112896237333,0,0,0,0
7233,2,1.807065437973444e-05,0,0,0,0
7234,2,0.0006013207252198382,0,0,0,0
7235,2,0.00042433573430263256,0,0,0,0
7236,2,0.0001294826466408947,0,0,0,0
7237,2,0.00021761474467389694,0,0,0,0
7238,2,0.0005186662738933101,0,0,0,0
7239,1,2.053536267927161e-05,0,0,0,0
7240,1,9.229544357498829e-05,0,0,0,0
7241,2,0.00048436313117432414,0,0,0,0
7242,1,0.0002056274866508453,0,0,0,0
7243,2,0.00032849119571135715,0,0,0,0
7244,2,0.0005950069457626885,0,0,0,0
7245,2,0.0005791597356996966,0,0,0,0
7246,2,0.00021851315051294815,0,0,0,0
7247,2,0.0002525094884901722,0,0,0,0
7248,2,0.0004667521279022073,0,0,0,0
7249,2,0.00012906167644495588,0,0,0,0
7250,2,0.0002455998158995694,0,0,0,0
7251,1,7.490616231023148e-05,0,0,0,0
7252,2,0.000246914267142345,0,0,0,0
7253,2,0.0005311826186149225,0,0,0,0
7254,2,0.0003516046223806221,0,0,0,0
7255,2,0.0003672218601470906,0,0,0,0
7256,2,0.0003609123921927086,0,0,0,0
7257,2,0.00035008116804531814,0,0,0,0
7258,1,0.0002250609661673468,5487,0,0,0
7259,2,0.00015521077111965917,0,0,0,0
7260,2,0.0003299773032911889,0,0,0,0
7261,2,0.00021169589200587221,0,0,0,0
7262,2,6.39495140317482e-05,0,0,0,0
7263,2,0.00014907342959620987,0,0,0,0
7264,1,0.0001888012024996207,7,0,0,0
7265,2,0.00010208072436988222,0,0,0,0
7266,1,1.0332262914148843e-05,0,0,0,0
7267,2,0.0003794322421631834,0,0,0,0
7268,2,0.00026705312631537326,0,0,0,0
7269,2,0.00017208361820651648,0,0,0,0
7270,2,0.0005418314742615656,0,0,0,0
7271,2,0.00020267051174730898,0,0,0,0
7272,2,0.0008834794191592996,0,0,0,0
7273,2,0.0001377100435818999,0,0,0,0
7274,2,0.0002675721813833299,94,0,0,0
7275,2,0.00011780053244288953,0,0,0,0
7276,2,0.00011416757793029514,0,0,0,0
7277,2,0.0005581525731745242,0,0,0,0
7278,2,0.00015814909619673318,0,0,0,0
7279,2,0.0007768145313953034,0,0,0,0
7280,2,0.0001805454104684853,0,0,0,0
7281,2,0.0005350293483611655,0,0,0,0
7282,2,0.00025253970553568297,0,0,0,0
7283,1,0.000807975297967842,0,0,0,0
7284,2,6.9958535014551e-05,124,0,0,0
7285,2,0.0002658756610182697,0,0,0,0
7286,2,0.0002626772697922202,0,0,0,0
7287,2,0.0007193105289826932,0,0,0,0
7288,2,0.0003287133251449116,0,0,0,0
7289,1,2.9061482803580977e-05,0,0,0,0
7290,2,0.0002808339006123161,0,0,0,0
7291,2,0.0005421348345676794,0,0,0,0
7292,2,0.0004784214045394252,0,0,0,0
7293,2,0.00020940821334771006,0,0,0,0
7294,2,7.996588598675718e-05,0,0,0,0
7295,2,0.00048707643571053495,0,0,0,0
7296,2,0.0001901040241506732,0,0,0,0
7297,2,0.00023154662648800485,0,0,0,0
7298,2,0.00026777474474196257,0,0,0,0
7299,1,0.00041706366854231457,0,0,0,0
7300,2,0.000687218271745084,0,0,0,0
7301,2,0.0006269571191624959,0,0,0,0
7302,2,0.0010432983758938918,107,0,0,0
7303,1,0.0001618988670063043,419,0,0,0
7304,2,0.0001132629116324397,0,0,0,0
7305,1,4.0559279415268825e-05,48,0,0,0
7306,2,0.0001535263053773047,0,0,0,0
7307,1,0.00015442195465597929,0,0,0,0
7308,2,0.00013472155083013088,0,0,0,0
7309,2,0.00020513476461176278,0,0,0,0
7310,1,0.00016505698776588028,1165,0,0,0
7311,2,0.00011798522038734592,0,0,0,0
7312,2,0.00046529240520813334,0,0,0,0
7313,2,0.0002910714931584071,0,0,0,0
7314,2,0.00029278710914768137,0,0,0,0
7315,2,0.0001969626981252364,0,0,0,0
7316,2,0.0001799667509808196,0,0,0,0
7317,2,0.0001565602110156255,0,0,0,0
7318,2,0.0003512832601666148,0,0,0,0
7319,2,0.0003479212446341454,0,0,0,0
7320,2,0.00014534474770960218,0,0,0,0
7321,2,0.00016503347433083026,0,0,0,0
7322,2,0.00019228599344589905,0,0,0,0
7323,2,0.0002695337407833626,0,0,0,0
7324,2,0.0001019451287862466,0,0,0,0
7325,2,0.0002123866702098158,0,0,0,0
7326,1,0.00020605405955620895,0,0,0,0
7327,2,0.00025267125879961265,0,0,0,0
7328,2,0.00016085167551621533,0,0,0,0
7329,2,0.00027235751959626747,0,0,0,0
7330,2,0.00045289228875763546,0,0,0,0
7331,2,0.0001085526323335055,0,0,0,0
7332,1,0.00013446947227746439,0,0,0,0
7333,2,0.00026686598063292916,0,0,0,0
7334,2,0.00043712974864466413,0,0,0,0
7335,2,6.506237684576744e-05,0,0,0,0
7336,2,0.00010511711235025177,0,0,0,0
7337,1,5.087226869529041e-05,1951,0,0,0
7338,1,0.0001274654109442073,0,0,0,0
7339,2,0.00028063539631048725,0,0,0,0
7340,2,0.0004823497293065246,0,0,0,0
7341,2,0.00014410579863283654,0,0,0,0
7342,2,0.00021804102415240185,0,0,0,0
7343,2,7.558827993126325e-05,7,0,0,0
7344,2,0.00027618791360812687,0,0,0,0
7345,2,6.0315219282086475e-05,0,0,0,0
7346,2,0.0005566974103866148,0,0,0,0
7347,2,0.0005525552396155812,0,0,0,0
7348,1,0.00014127919447030383,0,0,0,0
7349,2,0.000275073871808864,0,0,0,0
7350,2,0.00044307290377885447,0,0,0,0
7351,2,0.00014059184008863472,0,0,0,0
7352,2,0.0005949957007244359,0,0,0,0
7353,1,9.99538806516481e-06,0,0,0,0
7354,2,3.3378548881157835e-05,0,0,0,0
7355,2,0.0003051322700755166,0,0,0,0
7356,2,0.0003083780962224309,0,0,0,0
7357,2,0.001057117143783307,6312,0,0,0
7358,2,0.00022049617686169555,3960,0,0,0
7359,2,0.00042465563855474404,0,0,0,0
7360,2,0.0001002886669821015,0,0,0,0
7361,2,0.00022368400591202362,0,0,0,0
7362,2,0.00015999335379685096,0,0,0,0
7363,2,0.0002911672436616664,0,0,0,0
7364,2,0.00022904635872462908,0,0,0,0
7365,2,4.3093070054368464e-05,0,0,0,0
7366,2,0.0002978056841755709,0,0,0,0
7367,2,4.213944557003249e-05,0,0,0,0
7368,2,0.00034197891065286496,0,0,0,0
7369,2,6.95684111953993e-05,0,0,0,0
7370,2,0.00022482921136227858,0,0,0,0
7371,2,0.00022460026476498946,0,0,0,0
7372,2,7.892576073979064e-05,0,0,0,0
7373,2,0.00011311082536390504,0,0,0,0
7374,2,0.00032284896337487974,0,0,0,0
7375,1,5.212341094468229e-05,0,0,0,0
7376,2,0.0001963423411356592,0,0,0,0
7377,2,0.0001231133067219642,0,0,0,0
7378,2,0.00018289270091215832,0,0,0,0
7379,2,0.0002478391905904703,0,0,0,0
7380,2,0.0006305610400846794,0,0,0,0
7381,2,0.00043865566228205985,0,0,0,0
7382,2,6.27811980395221e-05,0,0,0,0
7383,2,0.0001457420353596066,0,0,0,0
7384,2,0.0008272043564846298,6369,0,0,0
7385,2,0.00023807120480533552,0,0,0,0
7386,1,3.270667385592656e-05,0,0,0,0
7387,2,0.0003550759100158592,0,0,0,0
7388,2,0.0003564542853216719,0,0,0,0
7389,2,0.00016047367183743985,0,0,0,0
7390,2,0.00047515250623434763,0,0,0,0
7391,2,0.0002863107351055046,0,0,0,0
7392,1,9.31940457298946e-06,0,0,0,0
7393,2,0.00019447141874458609,0,0,0,0
7394,1,0.0001372227334065294,0,0,0,0
7395,2,0.0005232899094096919,0,0,0,0
7396,1,0.00014955994157613505,0,0,0,0
7397,2,0.0001392827705551708,0,0,0,0
7398,2,0.000329510455270482,0,0,0,0
7399,2,6.9962459502304e-05,0,0,0,0
7400,2,0.00023427126770346528,0,0,0,0
7401,2,0.0008021563352989103,0,0,0,0
7402,2,0.00014871079562690163,0,0,0,0
7403,2,0.00023127434475762055,0,0,0,0
7404,2,6.147429165467863e-05,0,0,0,0
7405,2,0.00012826519553209618,0,0,0,0
7406,2,0.0002746174526668413,0,0,0,0
7407,2,0.000167023724718534,0,0,0,0
7408,2,0.0002566521309820244,0,0,0,0
7409,1,1.1622179924740215e-05,0,0,0,0
7410,2,0.00011822095694082583,0,0,0,0
7411,1,3.3985619216437674e-05,0,0,0,0
7412,2,0.00016035996219474833,0,0,0,0
7413,2,0.00021647662085821,0,0,0,0
7414,2,0.0001407466090966794,0,0,0,0
7415,2,6.110778372070641e-05,0,0,0,0
7416,2,6.119703098139466e-05,0,0,0,0
7417,2,0.0006671525892917602,0,0,0,0
7418,2,0.0002976958922147691,0,0,0,0
7419,2,0.0003677389046975511,0,0,0,0
7420,2,0.00020007844498258793,0,0,0,0
7421,2,9.330829602614851e-05,0,0,0,0
7422,2,0.00048509882078917355,0,0,0,0
7423,2,0.00025497442405898133,0,0,0,0
7424,2,0.0003502593185445659,0,0,0,0
7425,2,0.00020146837805460073,0,0,0,0
7426,2,0.00031910047568260984,0,0,0,0
7427,2,0.00024285356976592667,76,0,0,0
7428,1,0.0003002708301767753,0,0,0,0
7429,2,0.0002476854378735666,0,0,0,0
7430,1,7.510341498389433e-06,0,0,0,0
7431,2,0.0003007800666915457,0,0,0,0
7432,2,0.00018681014504276828,0,0,0,0
7433,2,0.0005515260189095031,0,0,0,0
7434,2,0.00017553997952185024,0,0,0,0
7435,2,0.00011023637640272705,0,0,0,0
7436,2,0.0001706861008663343,0,0,0,0
7437,1,0.00010442376530688823,0,0,0,0
7438,1,3.5857896014649706e-06,0,0,0,0
7439,1,0.00020153138152916638,0,0,0,0
7440,2,0.00020414670314445257,0,0,0,0
7441,2,0.00010278800290402669,0,0,0,0
7442,2,0.00038067897421974374,0,0,0,0
7443,2,0.00024398241869890832,0,0,0,0
7444,2,4.9283709330373134e-05,0,0,0,0
7445,2,0.0005579558026110439,0,0,0,0
7446,2,0.00018949862275653478,0,0,0,0
7447,2,8.318013899002846e-05,0,0,0,0
7448,2,4.683217420200201e-05,0,0,0,0
7449,1,1.8081130256140474e-05,0,0,0,0
7450,2,0.00014971890122236715,0,0,0,0
7451,2,0.0002685214312986228,0,0,0,0
7452,2,0.00017773156004990737,0,0,0,0
7453,2,0.0001689695851262544,0,0,0,0
7454,2,0.00018331924045943536,0,0,0,0
7455,1,1.5849747504297838e-06,36,0,0,0
7456,2,0.0004018820245900481,0,0,0,0
7457,2,0.0002005933566598535,0,0,0,0
7458,2,0.0003010282116549675,0,0,0,0
7459,2,0.00011498050774304822,0,0,0,0
7460,2,0.00029718803945028043,0,0,0,0
7461,2,0.00041399830789334255,0,0,0,0
7462,2,9.293207774744436e-05,0,0,0,0
7463,2,0.0005128563418821091,0,0,0,0
7464,2,8.941556391568647e-05,0,0,0,0
7465,2,0.0004090158760416703,0,0,0,0
7466,2,9.945184598023855e-05,1454,0,0,0
7467,2,0.00031113162833732317,0,0,0,0
7468,2,0.00019609412709717484,0,0,0,0
7469,2,8.29077362855477e-05,0,0,0,0
7470,2,0.0001798473299896829,0,0,0,0
7471,2,3.013317268868528e-05,0,0,0,0
7472,1,0.00012186938931540598,224,0,0,0
7473,2,0.0003139589850129091,0,0,0,0
7474,2,0.0002228569580513919,0,0,0,0
7475,1,4.939178996184412e-05,0,0,0,0
7476,2,9.022128135775666e-05,0,0,0,0
7477,1,0.00020690136294140534,0,0,0,0
7478,2,0.00014750750831412892,0,0,0,0
7479,2,0.00025343929599052197,0,0,0,0
7480,2,0.0005141693985463036,0,0,0,0
7481,1,2.0787460085248666e-06,0,0,0,0
7482,2,0.00027728481057273874,114,0,0,0
7483,2,0.00022528104460288906,0,0,0,0
7484,2,7.040845210475116e-05,1311,0,0,0
7485,2,0.00020378131358009445,0,0,0,0
7486,1,2.952555985742949e-05,0,0,0,0
7487,2,0.0003179551541784929,0,0,0,0
7488,2,0.0003018204332468551,0,0,0,0
7489,2,0.00044447289206144734,0,0,0,0
7490,2,0.0002701250655456049,1714,0,0,0
7491,2,0.00027840683749754975,0,0,0,0
7492,2,6.86865953829003e-05,0,0,0,0
7493,2,0.0002653983204023281,0,0,0,0
7494,2,0.0001147442641966318,0,0,0,0
7495,2,0.0006316355806094138,0,0,0,0
7496,2,4.396931293767186e-05,0,0,0,0
7497,2,0.00027343173864915105,0,0,0,0
7498,2,0.00016201424096603988,0,0,0,0
7499,2,0.00030051428063392397,0,0,0,0
7500,2,0.000273573899236129,12,0,0,0
7501,2,0.00034594886615227366,0,0,0,0
7502,2,0.00013719012913995123,0,0,0,0
7503,2,5.58233042370783e-05,0,0,0,0
7504,2,0.0004070807349475816,0,0,0,0
7505,2,6.855838650961495e-05,0,0,0,0
7506,2,0.000259990338654667,0,0,0,0
7507,2,0.00010834248751546454,0,0,0,0
7508,1,8.944541880326179e-05,0,0,0,0
7509,1,4.868640251346485e-05,0,0,0,0
7510,2,0.0006853682970270138,0,0,0,0
7511,2,0.0002740771674846021,0,0,0,0
7512,1,0.00020760874015339945,0,0,0,0
7513,2,0.00031704556742826465,0,0,0,0
7514,2,0.0003097856684034316,182,0,0,0
7515,1,0.0002603819366442362,0,0,0,0
7516,2,0.00018049688659158047,0,0,0,0
7517,2,0.0004642525587514694,0,0,0,0
7518,2,0.00031821984701606147,0,0,0,0
7519,2,0.0003521569481339774,0,0,0,0
7520,2,0.00014608336459692942,0,0,0,0
7521,2,0.00014864955843601628,0,0,0,0
7522,2,0.00023564135976019522,0,0,0,0
7523,2,0.00022156344304314238,0,0,0,0
7524,1,8.138400085932877e-05,139,0,0,0
7525,2,0.00026561604893929325,0,0,0,0
7526,2,0.000683855088176888,0,0,0,0
7527,2,2.713568987144703e-05,0,0,0,0
7528,2,0.0001582720428297809,0,0,0,0
7529,2,0.0002778018805792388,0,0,0,0
7530,2,0.00016150377083585312,0,0,0,0
7531,1,0.0001198745451166418,0,0,0,0
7532,2,0.00016968936050590507,0,0,0,0
7533,2,0.000179852006305373,0,0,0,0
7534,1,1.7044392802795463e-05,0,0,0,0
7535,2,0.00013325787008403343,0,0,0,0
7536,2,0.00018120203959324865,0,0,0,0
7537,2,0.0004220214451540745,6431,0,0,0
7538,1,0.00010003826762316387,0,0,0,0
7539,2,3.648131491237056e-05,0,0,0,0
7540,2,0.00016976931295130136,0,0,0,0
7541,2,0.00011488936108019209,0,0,0,0
7542,2,0.00025013069220759923,0,0,0,0
7543,2,0.0003202444490431081,0,0,0,0
7544,2,0.0002221027464373017,0,0,0,0
7545,2,0.0005645909348241999,0,0,0,0
7546,1,2.3682847801774217e-05,0,0,0,0
7547,2,0.00019934340711068142,2429,0,0,0
7548,2,0.0006081645152384073,0,0,0,0
7549,1,0.00021938028391095795,0,0,0,0
7550,2,9.115898118495456e-05,0,0,0,0
7551,2,3.324038121616098e-05,545,0,0,0
7552,2,0.00010153184012445869,0,0,0,0
7553,1,0.00010748833759186759,0,0,0,0
7554,2,0.0001319683383550237,0,0,0,0
7555,2,0.0001990257850037312,0,0,0,0
7556,2,0.0003385370185237756,0,0,0,0
7557,2,0.00032520298138584116,0,0,0,0
7558,2,0.00013166801646130212,0,0,0,0
7559,2,0.00023300589111706013,1290,0,0,0
7560,2,0.00015730020684691777,0,0,0,0
7561,2,0.000990001556125594,0,0,0,0
7562,2,9.875374238347819e-05,0,0,0,0
7563,2,0.0001325846787995232,0,0,0,0
7564,2,0.00016494312248209225,0,0,0,0
7565,2,0.0002893792811915714,0,0,0,0
7566,2,0.0005511061070201228,0,0,0,0
7567,2,0.00017884832342886302,0,0,0,0
7568,2,0.0001775144130413415,0,0,0,0
7569,2,0.0006591381029717636,0,0,0,0
7570,2,0.0002566662630145921,0,0,0,0
7571,2,0.00017027210084534332,0,0,0,0
7572,2,0.0004176454043049797,0,0,0,0
7573,2,7.390702570681701e-05,0,0,0,0
7574,2,0.00038279865773949373,0,0,0,0
7575,2,0.000134385783581544,7,0,0,0
7576,2,0.0006139257975014252,0,0,0,0
7577,2,0.00043116690577405664,0,0,0,0
7578,2,0.0002597938253120308,0,0,0,0
7579,2,0.0006139876299151088,0,0,0,0
7580,2,6.208266138481004e-05,0,0,0,0
7581,1,2.5074815069012423e-05,0,0,0,0
7582,2,9.578826157767318e-05,0,0,0,0
7583,2,0.00016860087712787546,81,0,0,0
7584,2,0.0004403983581381328,0,0,0,0
7585,2,0.000144145466881046,0,0,0,0
7586,2,0.0002470264557382427,0,0,0,0
7587,2,0.00022731061044130549,0,0,0,0
7588,1,0.00010538554457019687,0,0,0,0
7589,2,0.000247792566913756,0,0,0,0
7590,2,0.00015075779268288676,0,0,0,0
7591,2,0.0002182938228292301,0,0,0,0
7592,1,0.00022935425161609105,0,0,0,0
7593,2,6.523469655469795e-05,0,0,0,0
7594,2,6.962492251074814e-05,0,0,0,0
7595,2,0.0001404484984874054,0,0,0,0
7596,2,0.00019972477219726148,0,0,0,0
7597,2,0.000564935827016291,0,0,0,0
7598,1,0.00029855546699789076,0,0,0,0
7599,2,0.000222651508065328,0,0,0,0
7600,2,6.54166554679299e-05,0,0,0,0
7601,2,5.3142490247844206e-05,0,0,0,0
7602,2,0.0004363856769512207,0,0,0,0
7603,1,2.5428648008950097e-07,0,0,0,0
7604,1,2.2838166491547793e-05,0,0,0,0
7605,2,0.0003202776145822435,0,0,0,0
7606,2,0.0003196639161225603,7,0,0,0
7607,2,0.0003722542051176503,0,0,0,0
7608,2,0.0005857767118272681,0,0,0,0
7609,2,0.00019144630815285947,0,0,0,0
7610,2,0.0002693231419472622,0,0,0,0
7611,1,0.00016369443858021076,0,0,0,0
7612,2,0.0003231915499219404,0,0,0,0
7613,2,8.027160210327263e-05,0,0,0,0
7614,2,0.00028769978912125595,0,0,0,0
7615,1,2.2412771277500507e-05,0,0,0,0
7616,2,0.00020631581344480817,0,0,0,0
7617,2,0.0003203551151936735,0,0,0,0
7618,2,0.00018103785610140642,0,0,0,0
7619,2,9.764804547461864e-05,0,0,0,0
7620,2,0.0005827894557679949,0,0,0,0
7621,2,2.0742368183317055e-05,0,0,0,0
7622,2,0.00042173034449993025,0,0,0,0
7623,2,0.0002291761931781058,0,0,0,0
7624,2,0.00063809406556054,0,0,0,0
7625,2,0.00011646295194236755,0,0,0,0
7626,2,0.0001420773438428927,0,0,0,0
7627,1,6.41236892848655e-06,0,0,0,0
7628,1,0.00016415280099896993,0,0,0,0
7629,1,1.4194861987385914e-05,0,0,0,0
7630,2,0.000885902097143707,0,0,0,0
7631,2,0.00040473471303348855,716,0,0,0
7632,2,0.00023864991183349357,0,0,0,0
7633,2,7.199130736689287e-05,0,0,0,0
7634,2,0.0002556024907899036,0,0,0,0
7635,2,0.0003697991294587358,0,0,0,0
7636,2,0.0001443688363995553,0,0,0,0
7637,2,0.00019006161572879076,0,0,0,0
7638,2,0.0001525154297109869,0,0,0,0
7639,2,0.00028977449836450263,0,0,0,0
7640,2,0.00043180723912896726,0,0,0,0
7641,1,2.3868166084990236e-05,0,0,0,0
7642,2,0.00028160999923647107,0,0,0,0
7643,2,0.00013892309485686566,0,0,0,0
7644,2,0.00014010362289369535,0,0,0,0
7645,2,0.0004558838513334565,0,0,0,0
7646,2,0.0007742476203101854,1960,0,0,0
7647,2,0.0003066871336881908,0,0,0,0
7648,2,6.483447971113542e-05,0,0,0,0
7649,2,0.00030905502358570585,0,0,0,0
7650,2,0.0003472154153781858,0,0,0,0
7651,2,0.00017119251884792613,0,0,0,0
7652,2,0.00012666565095159195,0,0,0,0
7653,1,4.6343115880233096e-05,3336,0,0,0
7654,2,8.809844799736435e-05,0,0,0,0
7655,1,2.847728960430777e-05,0,0,0,0
7656,1,3.735228170050157e-05,0,0,0,0
7657,2,0.00029077007515017296,0,0,0,0
7658,1,0.0001156500485823777,0,0,0,0
7659,2,0.00018853294401539888,0,0,0,0
7660,2,9.251741321449849e-05,0,0,0,0
7661,2,0.00021477845138950343,1119,0,0,0
7662,1,0.0001290897713591692,0,0,0,0
7663,2,0.00020688630779742902,0,0,0,0
7664,1,0.00014455559607929718,25,0,0,0
7665,2,0.00042856929276889844,0,0,0,0
7666,2,9.148872708949608e-05,0,0,0,0
7667,2,0.0004902590304444977,0,0,0,0
7668,2,0.0004834841452263734,0,0,0,0
7669,2,0.0001808646612260044,0,0,0,0
7670,1,0.0002074775169058524,0,0,0,0
7671,2,0.0003808000613589963,0,0,0,0
7672,2,2.175384331149077e-05,0,0,0,0
7673,2,0.0002219190604469608,0,0,0,0
7674,1,0.00011834997561904175,0,0,0,0
7675,2,0.00018816930951313094,0,0,0,0
7676,2,0.000228173718126396,0,0,0,0
7677,2,0.00011943058899803895,0,0,0,0
7678,2,3.546094034066609e-05,0,0,0,0
7679,2,5.477997712999885e-05,0,0,0,0
7680,1,1.7848141854510434e-05,0,0,0,0
7681,2,0.00017297949938750734,0,0,0,0
7682,2,2.5317716328008634e-05,0,0,0,0
7683,2,0.0005832705261884765,0,0,0,0
7684,2,9.110807270645152e-05,0,0,0,0
7685,2,0.0003939325938115197,0,0,0,0
7686,2,0.000304007279705041,0,0,0,0
7687,2,9.893282655957908e-05,0,0,0,0
7688,2,0.00025149591961240594,0,0,0,0
7689,2,9.223701904089748e-05,0,0,0,0
7690,2,0.00023886605917745424,0,0,0,0
7691,2,0.0001483758466780241,0,0,0,0
7692,2,0.000162292830678376,0,0,0,0
7693,2,0.00016601538692423177,0,0,0,0
7694,2,0.0003603124237179328,0,0,0,0
7695,2,0.0002843758146319167,0,0,0,0
7696,2,9.575996725413353e-05,0,0,0,0
7697,2,0.0005726318706433172,0,0,0,0
7698,2,0.0004110263549429266,0,0,0,0
7699,2,0.00031875926270585035,0,0,0,0
7700,2,0.0003163648243435928,0,0,0,0
7701,2,3.618212352180308e-05,0,0,0,0
7702,2,0.00011643257675380598,0,0,0,0
7703,2,0.000511816588852879,0,0,0,0
7704,2,0.00012864408401954804,0,0,0,0
7705,1,8.953328589248968e-05,0,0,0,0
7706,1,2.224422660038777e-05,0,0,0,0
7707,2,0.00012556908317786045,0,0,0,0
7708,1,0.00020191170719590845,0,0,0,0
7709,2,0.0004172075314027859,0,0,0,0
7710,2,0.00017347051586920852,0,0,0,0
7711,2,0.000537335694691491,0,0,0,0
7712,2,0.00014650368672955894,0,0,0,0
7713,2,9.23089378285813e-05,0,0,0,0
7714,2,4.928784994982451e-05,0,0,0,0
7715,2,0.00022907842104737938,0,0,0,0
7716,2,0.00026550493116785697,0,0,0,0
7717,2,0.00022833597410655207,0,0,0,0
7718,2,0.00013875603253928775,0,0,0,0
7719,2,0.00011529817165942782,0,0,0,0
7720,2,0.00017800251213638196,0,0,0,0
7721,1,9.721731737540715e-05,0,0,0,0
7722,2,0.0003362891662272201,0,0,0,0
7723,2,0.0006011136252061325,0,0,0,0
7724,2,5.352880249770429e-05,0,0,0,0
7725,1,0.00017636793123079484,0,0,0,0
7726,2,0.00028069475786794104,0,0,0,0
7727,2,0.00020294981115366053,0,0,0,0
7728,2,0.0004428452499549549,0,0,0,0
7729,2,0.00038811252288087133,0,0,0,0
7730,1,6.827071287393441e-05,0,0,0,0
7731,2,0.0002354521132897615,0,0,0,0
7732,2,0.000120333287735096,0,0,0,0
7733,2,0.00011220867641159825,0,0,0,0
7734,2,1.0011361378330587e-05,0,0,0,0
7735,2,0.0001057641029006039,0,0,0,0
7736,2,0.00011458310266631182,0,0,0,0
7737,2,8.976875343958481e-05,0,0,0,0
7738,2,0.00037409935471662166,3644,0,0,0
7739,2,0.0003377776915246406,0,0,0,0
7740,2,0.0004370007475123094,0,0,0,0
7741,2,0.0001494476079540055,0,0,0,0
7742,1,4.909147719027205e-05,0,0,0,0
7743,2,0.0004743503824043617,0,0,0,0
7744,2,0.0003434673185005544,0,0,0,0
7745,2,0.00019569072507842421,0,0,0,0
7746,2,3.190001613196934e-05,0,0,0,0
7747,2,0.00014704666713534495,0,0,0,0
7748,1,3.808660060388729e-05,0,0,0,0
7749,2,7.651281541437243e-05,0,0,0,0
7750,2,0.00022018589595519496,0,0,0,0
7751,1,7.95538436805928e-05,0,0,0,0
7752,2,8.828921455362741e-05,0,0,0,0
7753,1,7.098471351847024e-05,0,0,0,0
7754,2,0.00019037226429767837,0,0,0,0
7755,2,0.0001485751383678018,0,0,0,0
7756,2,0.00037608760248324726,0,0,0,0
7757,2,0.0003017736398896752,0,0,0,0
7758,2,6.243310348992429e-05,0,0,0,0
7759,2,0.0002648871425689449,2778,0,0,0
7760,2,0.000182788741376643,0,0,0,0
7761,2,0.0002013857407548023,0,0,0,0
7762,2,0.00010030727323922122,0,0,0,0
7763,2,0.0007271530196104672,0,0,0,0
7764,2,0.00033486485900102063,0,0,0,0
7765,1,3.3438731470349634e-06,0,0,0,0
7766,2,0.0005383588413136243,0,0,0,0
7767,2,0.00017959389784450176,0,0,0,0
7768,2,0.00016282551492906544,0,0,0,0
7769,2,6.712697103647441e-05,0,0,0,0
7770,2,8.507108116453089e-05,0,0,0,0
7771,2,0.0001367508993269555,0,0,0,0
7772,1,0.00021656032852288595,0,0,0,0
7773,2,0.00015694837246239905,0,0,0,0
7774,1,4.3597158340018834e-05,0,0,0,0
7775,1,8.260045331132571e-05,0,0,0,0
7776,2,9.608951408936675e-05,0,0,0,0
7777,2,0.000690005144106425,0,0,0,0
7778,2,0.0003300019838914528,0,0,0,0
7779,1,0.00011328832656085811,0,0,0,0
7780,2,0.0002752483365271594,0,0,0,0
7781,2,0.00013953850304580822,0,0,0,0
7782,2,0.0012967336860351785,3310,0,0,0
7783,2,0.00019113913630070705,0,0,0,0
7784,2,0.0005143221125356858,0,0,0,0
7785,2,0.00019042780126045787,0,0,0,0
7786,2,0.0006182894052219729,0,0,0,0
7787,2,0.00027203401547376565,0,0,0,0
7788,2,0.00011264161385997184,0,0,0,0
7789,1,0.0001229110087346531,0,0,0,0
7790,2,0.00042804802275336293,0,0,0,0
7791,2,0.0001481395651517712,0,0,0,0
7792,2,8.196805162494339e-05,0,0,0,0
7793,1,5.72766771636426e-06,0,0,0,0
7794,2,0.0001282008003551017,0,0,0,0
7795,2,0.0001845579195485725,0,0,0,0
7796,1,1.6460019428273797e-05,837,0,0,0
7797,1,1.8974372926553555e-05,0,0,0,0
7798,2,0.00015922473879935293,0,0,0,0
7799,2,0.0003409115529133395,0,0,0,0
7800,1,4.304119673715708e-05,0,0,0,0
7801,2,0.00017639374134551626,0,0,0,0
7802,2,0.00040352915924433004,0,0,0,0
7803,2,0.0001297828386240936,0,0,0,0
7804,1,7.807355704085472e-05,0,0,0,0
7805,2,0.0004417306412253603,0,0,0,0
7806,2,0.00019844003459670108,0,0,0,0
7807,2,0.0003667054378526789,0,0,0,0
7808,2,0.00017702992065206626,0,0,0,0
7809,2,0.00017324498202892424,0,0,0,0
7810,2,0.00039358493332665163,0,0,0,0
7811,2,0.0002705372006334811,0,0,0,0
7812,2,0.00013166642358323002,0,0,0,0
7813,2,3.1716657727557686e-05,0,0,0,0
7814,2,0.0004251496435830947,0,0,0,0
7815,2,8.262874019923808e-05,0,0,0,0
7816,2,0.0001889673246218886,0,0,0,0
7817,2,0.0004402959130740374,0,0,0,0
7818,2,0.00024591319032247143,0,0,0,0
7819,2,0.00014896493959480432,0,0,0,0
7820,2,0.0002124581894650475,0,0,0,0
7821,2,0.0007210445454392416,0,0,0,0
7822,1,8.492306845990003e-05,0,0,0,0
7823,1,7.250057860882405e-05,0,0,0,0
7824,2,0.00020916289197067087,474,0,0,0
7825,2,0.00014842983680917718,0,0,0,0
7826,2,0.0005209890566450787,0,0,0,0
7827,2,1.626510993953409e-05,0,0,0,0
7828,2,0.000450978337237842,3076,0,0,0
7829,2,0.0003335424040296831,0,0,0,0
7830,2,0.0003124932547039774,0,0,0,0
7831,2,0.00022971215853087565,228,0,0,0
7832,2,0.00018384689618812665,0,0,0,0
7833,1,7.700640789932699e-05,0,0,0,0
7834,2,0.00010529356877027626,0,0,0,0
7835,2,0.00018400717544617108,0,0,0,0
7836,2,2.9514751362245055e-05,280,0,0,0
7837,2,0.00012841793619445562,0,0,0,0
7838,2,0.0002833409730872394,0,0,0,0
7839,2,0.000559502215556576,0,0,0,0
7840,2,9.751516903048518e-05,0,0,0,0
7841,1,2.3763197886015618e-05,1635,0,0,0
7842,2,0.0005458418813099526,0,0,0,0
7843,2,0.00033757876742795614,0,0,0,0
7844,2,0.0002766734751695148,174,0,0,0
7845,2,4.02115814395194e-05,0,0,0,0
7846,2,0.00028503856609121377,0,0,0,0
7847,2,0.0002619235559859622,0,0,0,0
7848,2,4.0188028480774964e-05,0,0,0,0
7849,2,0.0001657212633068546,0,0,0,0
7850,1,0.0002800512786554648,0,0,0,0
7851,2,0.00040993124969640487,0,0,0,0
7852,2,2.571237612874923e-05,0,0,0,0
7853,2,0.0003386031011036084,0,0,0,0
7854,2,0.0011543403223125282,7665,0,0,0
7855,2,5.178705210845671e-05,0,0,0,0
7856,2,0.00011830628591067746,0,0,0,0
7857,2,0.0005545667756370208,0,0,0,0
7858,2,0.00011959258064421073,0,0,0,0
7859,1,0.00020951742977832314,0,0,0,0
7860,2,0.0003235134384411334,0,0,0,0
7861,2,0.00016953387802756735,0,0,0,0
7862,2,0.00020201752366277729,0,0,0,0
7863,2,0.00011826897340629564,0,0,0,0
7864,2,0.00025442789697475803,0,0,0,0
7865,2,0.0005574278525816837,0,0,0,0
7866,2,0.000304844610133487,0,0,0,0
7867,2,0.00014783933456053846,0,0,0,0
7868,1,2.628129878820914e-05,0,0,0,0
7869,1,0.0002224815885874386,0,0,0,0
7870,2,0.0003380495033712512,4916,0,0,0
7871,2,0.00025745976237953724,0,0,0,0
7872,2,0.00014844933241558428,0,0,0,0
7873,2,0.00019887304112528825,0,0,0,0
7874,2,0.00018229716712364518,0,0,0,0
7875,2,8.745680635937325e-05,0,0,0,0
7876,1,0.00010984739076066798,0,0,0,0
7877,2,6.91841601979957e-05,0,0,0,0
7878,1,2.118258139689285e-05,0,0,0,0
7879,2,8.57658658904648e-05,0,0,0,0
7880,1,0.00017295300565469318,0,0,0,0
7881,2,7.6187919833603e-05,0,0,0,0
7882,1,6.751071368243602e-05,57,0,0,0
7883,2,0.00035638662788354034,0,0,0,0
7884,2,0.00024261073104903588,0,0,0,0
7885,2,0.00017550215540480783,0,0,0,0
7886,2,8.461745112216003e-05,0,0,0,0
7887,2,5.2995847383495326e-05,0,0,0,0
7888,2,0.00015875623475665582,17,0,0,0
7889,2,0.0001630933637103821,0,0,0,0
7890,1,0.00012869541320063485,0,0,0,0
7891,2,9.906457381543539e-05,0,0,0,0
7892,1,4.989861262792439e-05,0,0,0,0
7893,1,4.0260168016943685e-05,0,0,0,0
7894,2,0.00029571104033401904,0,0,0,0
7895,2,0.00011510543688140103,0,0,0,0
7896,2,0.0004168875092858052,0,0,0,0
7897,2,0.00043645470157160395,0,0,0,0
7898,2,0.0008058457527235648,4088,0,0,0
7899,1,0.00015093024083321401,0,0,0,0
7900,2,0.0002472789008144178,0,0,0,0
7901,2,2.330647786647814e-05,0,0,0,0
7902,2,0.00023921786587904661,0,0,0,0
7903,2,0.0001021490237858271,0,0,0,0
7904,2,0.0004743299494232318,0,0,0,0
7905,2,0.0001879142157478426,0,0,0,0
7906,2,0.0007916973611900619,0,0,0,0
7907,2,0.0002645175103923463,0,0,0,0
7908,2,0.00014021411130450933,17,0,0,0
7909,2,0.0003842925815467077,0,0,0,0
7910,2,0.0005165809720894935,0,0,0,0
7911,2,0.00046818019161008897,0,0,0,0
7912,1,3.06610948671113e-05,0,0,0,0
7913,2,0.0005390579600016472,0,0,0,0
7914,2,0.00013192842409602123,0,0,0,0
7915,2,0.0004729259578257221,0,0,0,0
7916,2,0.00015896623130042756,0,0,0,0
7917,2,0.0005535459579528582,0,0,0,0
7918,2,0.00017492301424567737,0,0,0,0
7919,2,0.0003720638998754357,0,0,0,0
7920,2,9.233483700874937e-05,0,0,0,0
7921,2,0.0002915144847865944,0,0,0,0
7922,2,0.00010114589410971805,0,0,0,0
7923,2,0.00024415946589201185,0,0,0,0
7924,2,6.053151752062803e-05,0,0,0,0
7925,2,0.00031217859607804075,0,0,0,0
7926,2,0.0001988106437487901,0,0,0,0
7927,2,9.758915414788408e-05,3662,0,0,0
7928,2,0.00039357570210601413,0,0,0,0
7929,2,9.857323699906575e-05,0,0,0,0
7930,2,0.000791407564742442,0,0,0,0
7931,2,0.0004364134670892897,0,0,0,0
7932,2,0.00016602325227369394,0,0,0,0
7933,2,8.110348925387943e-05,749,0,0,0
7934,1,1.0085796477456814e-05,0,0,0,0
7935,2,0.0002784520869423539,0,0,0,0
7936,2,0.00017659385696404558,0,0,0,0
7937,2,0.0001269461153185723,0,0,0,0
7938,2,0.0002540304700560451,0,0,0,0
7939,1,0.0004976243451513047,0,0,0,0
7940,2,4.3367774130192166e-05,0,0,0,0
7941,2,0.00021823171434043115,0,0,0,0
7942,2,0.0001951090778603189,0,0,0,0
7943,2,0.0005049375254121657,0,0,0,0
7944,1,3.541476021059501e-05,0,0,0,0
7945,1,0.00040290218564492295,0,0,0,0
7946,2,0.0007996185696806338,0,0,0,0
7947,2,0.00010152172098605632,0,0,0,0
7948,2,0.00024631538498135717,0,0,0,0
7949,1,5.0855427976810804e-05,0,0,0,0
7950,2,0.00016556506256300125,633,0,0,0
7951,2,0.0003745854478642223,0,0,0,0
7952,2,0.00010663922676992325,0,0,0,0
7953,2,0.00026003421439956876,0,0,0,0
7954,2,0.0003006460757078975,0,0,0,0
7955,2,0.0002879825449778798,0,0,0,0
7956,2,0.0001795318293243136,21,0,0,0
7957,2,0.0006297313031666466,1062,0,0,0
7958,2,0.0007638106251180604,0,0,0,0
7959,2,0.00019169546749207514,7,0,0,0
7960,2,0.00036211465290580925,0,0,0,0
7961,2,0.0003030291793771618,0,0,0,0
7962,2,3.812869929926716e-05,0,0,0,0
7963,2,4.6923146008956435e-05,0,0,0,0
7964,2,0.0002510638456860593,0,0,0,0
7965,1,0.00017995104517838116,0,0,0,0
7966,2,0.00018638844073231951,0,0,0,0
7967,2,0.00014278518402689557,0,0,0,0
7968,1,1.3647439996042838e-05,0,0,0,0
7969,2,5.813070007728017e-05,0,0,0,0
7970,2,0.000316583646223195,0,0,0,0
7971,2,0.0004077451778486239,0,0,0,0
7972,2,0.00017806497899028282,0,0,0,0
7973,2,0.00022261964207778592,0,0,0,0
7974,2,0.0001189751812787913,0,0,0,0
7975,1,6.7028474415465565e-06,0,0,0,0
7976,2,0.00022040800809017,0,0,0,0
7977,2,0.00013575183101016051,0,0,0,0
7978,2,0.0006780143473474721,0,0,0,0
7979,2,0.0002560989525523888,0,0,0,0
7980,2,6.879493352265648e-05,0,0,0,0
7981,2,9.98640757430959e-05,0,0,0,0
7982,2,0.00029290945978038954,0,0,0,0
7983,2,9.3434803687214e-05,0,0,0,0
7984,1,0.00032522065670284096,0,0,0,0
7985,2,0.00032588793108384725,0,0,0,0
7986,1,0.00012774888256172312,0,0,0,0
7987,2,0.0001109578599502845,0,0,0,0
7988,2,0.0002719791436389937,0,0,0,0
7989,2,0.0003225284803450439,0,0,0,0
7990,2,0.00024212338748570743,0,0,0,0
7991,2,0.00020509244328453005,0,0,0,0
7992,2,0.0002620359665612589,0,0,0,0
7993,2,6.152938826285488e-05,0,0,0,0
7994,2,0.00036829943013349587,0,0,0,0
7995,1,0.00011076388758194626,0,0,0,0
7996,1,0.0002983715822786619,0,0,0,0
7997,2,0.00029702351374168135,0,0,0,0
7998,2,0.000189342939934089,0,0,0,0
7999,2,0.0008551191770661775,0,0,0,0
8000,2,5.4711359933159515e-05,0,0,0,0
8001,2,0.0005836601544181335,257,0,0,0
8002,2,2.8914612507177547e-05,0,0,0,0
8003,2,0.00020173406682144962,0,0,0,0
8004,2,0.000443154594536423,0,0,0,0
8005,2,6.657353056347235e-05,0,0,0,0
8006,2,9.893952340979769e-05,0,0,0,0
8007,2,0.00014442210987907183,0,0,0,0
8008,2,0.000344549993856949,692,0,0,0
8009,1,0.0001153103368506115,0,0,0,0
8010,2,0.0002318945552323874,0,0,0,0
8011,2,5.095433497105669e-05,0,0,0,0
8012,2,0.0006378281221574075,0,0,0,0
8013,2,0.00025882550437157414,0,0,0,0
8014,2,0.00023125804463936905,0,0,0,0
8015,2,5.046375484411778e-05,0,0,0,0
8016,1,0.00020145519676983338,0,0,0,0
8017,2,0.00022452821163445122,0,0,0,0
8018,1,8.938242720208225e-05,0,0,0,0
8019,2,0.00019659598145650264,0,0,0,0
8020,2,0.0006803738564957229,0,0,0,0
8021,2,0.0003840285930544682,0,0,0,0
8022,2,0.00016050732655716865,0,0,0,0
8023,1,0.0001450048086989971,450,0,0,0
8024,2,0.0002289934868482588,0,0,0,0
8025,2,0.00016652972106778318,0,0,0,0
8026,2,0.00019200982078170807,0,0,0,0
8027,2,0.0008278597509679828,0,0,0,0
8028,1,6.388064462087308e-05,0,0,0,0
8029,2,0.000320057286894232,0,0,0,0
8030,2,0.0004526202058377355,0,0,0,0
8031,2,0.00027259672960551793,0,0,0,0
8032,1,0.0002935857292725721,0,0,0,0
8033,1,3.003818989829791e-05,0,0,0,0
8034,2,0.00025128093332970773,0,0,0,0
8035,2,0.00018806615505304243,0,0,0,0
8036,2,0.00026164415044381306,0,0,0,0
8037,2,0.00010593189107292846,0,0,0,0
8038,2,0.0005143950975506627,0,0,0,0
8039,2,0.00033306548198174554,0,0,0,0
8040,1,7.722868487494469e-05,0,0,0,0
8041,2,0.00028130544101607704,0,0,0,0
8042,2,0.00011838877492473081,0,0,0,0
8043,2,5.345156647785044e-05,0,0,0,0
8044,2,0.00021229354833156321,0,0,0,0
8045,2,0.0004131664756214209,42,0,0,0
8046,2,0.00011229825758788715,0,0,0,0
8047,1,5.8736270685334974e-05,0,0,0,0
8048,2,0.0001487330714146332,0,0,0,0
8049,2,0.00031071870725196845,0,0,0,0
8050,2,6.589679800015849e-05,0,0,0,0
8051,2,0.0009666509996123739,0,0,0,0
8052,2,0.0003034542164778159,0,0,0,0
8053,2,0.0002208280342195779,6371,0,0,0
8054,2,9.010860981320277e-05,0,0,0,0
8055,2,0.0001375597940060794,0,0,0,0
8056,2,0.0002676626607412939,0,0,0,0
8057,2,0.00011779121352645539,0,0,0,0
8058,2,0.00011414551282445881,0,0,0,0
8059,2,0.0002751501013521234,0,0,0,0
8060,2,0.00010113778131911725,0,0,0,0
8061,2,0.00019366964661456259,0,0,0,0
8062,1,2.9331961027180745e-05,0,0,0,0
8063,1,0.0003084787597262759,0,0,0,0
8064,2,8.517640594003134e-05,0,0,0,0
8065,2,0.0002556103357334791,0,0,0,0
8066,2,0.00023871375746551627,0,0,0,0
8067,2,0.00027917604801767,0,0,0,0
8068,2,0.00016779244505095144,0,0,0,0
8069,2,0.0003167180313269962,0,0,0,0
8070,2,8.416820650384764e-05,0,0,0,0
8071,2,0.00020779862260904289,0,0,0,0
8072,2,0.0007571885481510356,0,0,0,0
8073,2,0.00027011410023764773,0,0,0,0
8074,2,8.826415068842473e-05,0,0,0,0
8075,2,0.00024706324066203013,355,0,0,0
8076,2,0.00015111542056496502,0,0,0,0
8077,2,0.0003573623902694499,0,0,0,0
8078,2,0.00012551373572061594,0,0,0,0
8079,2,0.00014236657112316864,0,0,0,0
8080,2,0.0003360450459399956,0,0,0,0
8081,2,0.00015839701967592542,0,0,0,0
8082,2,0.0002861274065502752,0,0,0,0
8083,2,0.00013607241434247046,0,0,0,0
8084,2,0.0006402264101799942,0,0,0,0
8085,1,1.775308280749426e-05,0,0,0,0
8086,2,0.00016853157347700086,0,0,0,0
8087,2,8.591650319637577e-05,0,0,0,0
8088,1,5.20020256990521e-05,0,0,0,0
8089,2,5.6759969629686326e-05,22,0,0,0
8090,2,0.000427106882605593,0,0,0,0
8091,1,0.00015579015949765385,0,0,0,0
8092,2,0.0004183129335637868,0,0,0,0
8093,2,4.6816053600815044e-05,0,0,0,0
8094,1,3.09676595475571e-05,0,0,0,0
8095,2,0.00021038679429811148,0,0,0,0
8096,2,0.0002768433885465608,0,0,0,0
8097,2,0.0002629608717628039,0,0,0,0
8098,2,0.00023141209211592593,0,0,0,0
8099,2,0.00017062359758765155,0,0,0,0
8100,2,0.00036510309789201755,0,0,0,0
8101,2,0.0001716351159178927,0,0,0,0
8102,2,0.0003629194398640745,0,0,0,0
8103,2,0.00013561875417383046,0,0,0,0
8104,2,7.440953703087853e-05,0,0,0,0
8105,2,8.177484229228058e-05,0,0,0,0
8106,2,0.00017971831140898504,0,0,0,0
8107,2,0.00018309085296825978,0,0,0,0
8108,2,0.0001621648418079895,0,0,0,0
8109,2,2.367601782077966e-05,0,0,0,0
8110,2,0.00012290461391710906,0,0,0,0
8111,2,0.00011675334366130163,0,0,0,0
8112,1,0.0001697003771325191,0,0,0,0
8113,2,0.0007579112229386085,0,0,0,0
8114,2,0.000122988627503822,0,0,0,0
8115,1,4.862513707201565e-05,0,0,0,0
8116,2,0.00020699617468972946,0,0,0,0
8117,2,0.0005155921216118833,0,0,0,0
8118,2,0.00014415552897603133,0,0,0,0
8119,2,0.00010544951550174891,0,0,0,0
8120,2,0.0007539646582252049,0,0,0,0
8121,2,0.0002573705785788694,0,0,0,0
8122,2,0.0002428479184761606,0,0,0,0
8123,1,0.0002632193428080258,0,0,0,0
8124,2,3.194931390470029e-05,0,0,0,0
8125,2,0.00020120140609991994,0,0,0,0
8126,2,0.0004541677105303548,0,0,0,0
8127,2,0.00018022000144469964,0,0,0,0
8128,1,9.939338590345707e-05,0,0,0,0
8129,2,0.000280627218607673,0,0,0,0
8130,2,0.00024734939657199015,0,0,0,0
8131,2,0.0007848720857088052,0,0,0,0
8132,1,0.00016196541705065093,0,0,0,0
8133,1,4.3226560512047064e-05,0,0,0,0
8134,2,0.00016562923822921515,0,0,0,0
8135,2,0.00021391424140222593,0,0,0,0
8136,2,0.0002656390395890914,0,0,0,0
8137,2,0.0006881146028961938,0,0,0,0
8138,2,0.0007600661471925856,0,0,0,0
8139,2,0.0003814778293707381,0,0,0,0
8140,2,0.0005246559361915547,0,0,0,0
8141,2,0.00011658048605334739,0,0,0,0
8142,1,0.00010360527705408105,51,0,0,0
8143,2,0.0004412659745833234,0,0,0,0
8144,2,0.0002576149807426106,7,0,0,0
8145,1,4.05406213513024e-05,0,0,0,0
8146,2,0.00010189525840578498,0,0,0,0
8147,2,0.0001356689195263924,0,0,0,0
8148,1,1.203533834022972e-05,0,0,0,0
8149,2,0.00027294485100813506,390,0,0,0
8150,2,0.0004010197658127444,0,0,0,0
8151,2,0.00020342401356432494,0,0,0,0
8152,2,0.0008634936037668825,5433,0,0,0
8153,2,0.00034876388523280674,0,0,0,0
8154,1,4.600160134269175e-05,0,0,0,0
8155,2,0.00046093991042711916,0,0,0,0
8156,2,0.00043896973872562407,0,0,0,0
8157,2,0.00029056980989010823,0,0,0,0
8158,2,0.0008274385883529379,0,0,0,0
8159,2,0.0001490109546598727,7,0,0,0
8160,2,0.00013034664168341868,0,0,0,0
8161,2,0.00023144817028836098,7,0,0,0
8162,2,0.0005715526007667142,0,0,0,0
8163,1,0.00012366113444659704,0,0,0,0
8164,1,7.48302321938715e-05,0,0,0,0
8165,2,0.00030343087202856425,7,0,0,0
8166,2,0.0003777118434619251,0,0,0,0
8167,2,0.0001252019329692831,7,0,0,0
8168,2,0.00015880337064161487,0,0,0,0
8169,2,0.00010856764156102869,0,0,0,0
8170,2,7.568979760809192e-05,0,0,0,0
8171,2,0.00035173479423560326,6990,0,0,0
8172,2,0.0002959184771010711,0,0,0,0
8173,2,0.0003207809606752184,0,0,0,0
8174,1,0.0003007181962002237,7,0,0,0
8175,2,0.00024016081105569212,0,0,0,0
8176,2,0.00026825272869322427,0,0,0,0
8177,2,1.4440913437033769e-05,0,0,0,0
8178,2,0.00036810440280361025,0,0,0,0
8179,2,0.00017857103327563933,0,0,0,0
8180,2,0.0002798119187143051,0,0,0,0
8181,2,7.538431626310961e-05,0,0,0,0
8182,1,2.4800756296672695e-05,0,0,0,0
8183,2,0.0005443846857493003,0,0,0,0
8184,1,8.757399414854294e-05,2746,0,0,0
8185,2,0.00036698550604590604,0,0,0,0
8186,2,0.000201352508790912,0,0,0,0
8187,1,1.2117827440015259e-05,0,0,0,0
8188,2,0.00036034801279228906,0,0,0,0
8189,2,0.00016771460378921618,0,0,0,0
8190,2,1.639652842045433e-05,0,0,0,0
8191,2,1.1790388750916318e-05,0,0,0,0
8192,2,0.00034744159351722065,0,0,0,0
8193,2,0.00015380641391837013,0,0,0,0
8194,2,0.0005329373845517427,0,0,0,0
8195,2,0.0004473343894465712,0,0,0,0
8196,2,7.526625707596504e-05,0,0,0,0
8197,2,0.00011964431385998098,0,0,0,0
8198,2,0.00026343072200880457,0,0,0,0
8199,2,9.895592849201905e-05,0,0,0,0
8200,2,7.004579273270451e-05,0,0,0,0
8201,2,0.0009905966301975635,341,0,0,0
8202,2,0.00012607474372360088,0,0,0,0
8203,1,3.424696444322696e-05,0,0,0,0
8204,2,2.794681656253719e-05,0,0,0,0
8205,2,0.0001468184994184059,0,0,0,0
8206,2,0.00016080072604333004,0,0,0,0
8207,2,0.0001326246217627603,0,0,0,0
8208,1,0.00027442081325220483,0,0,0,0
8209,2,0.0006827528133727024,0,0,0,0
8210,2,0.0001427016035235283,0,0,0,0
8211,2,0.0001319634813052604,0,0,0,0
8212,2,0.00019660215957264566,0,0,0,0
8213,2,0.00038480072498371057,0,0,0,0
8214,1,0.0001579233350878253,0,0,0,0
8215,2,0.00041641418978371347,0,0,0,0
8216,2,0.00013894082444071345,0,0,0,0
8217,2,0.0002741229490562817,0,0,0,0
8218,2,9.648573190647296e-05,0,0,0,0
8219,2,4.3987131268814616e-05,0,0,0,0
8220,2,0.00029224272966893493,0,0,0,0
8221,2,8.549034264108381e-05,0,0,0,0
8222,2,0.00013180053805978307,0,0,0,0
8223,2,0.00024643973324162523,0,0,0,0
8224,1,0.00034092721483056017,0,0,0,0
8225,2,0.0002234989851111607,0,0,0,0
8226,2,0.0006331741973432329,121,0,0,0
8227,2,0.0003192364863788324,0,0,0,0
8228,1,0.0002620592686401172,0,0,0,0
8229,2,0.00017845906953780768,0,0,0,0
8230,2,0.0003797041447261457,0,0,0,0
8231,2,0.0003226506756551906,0,0,0,0
8232,2,0.00010181976406387804,0,0,0,0
8233,1,2.7778150914587448e-05,0,0,0,0
8234,2,0.00018844928349204932,0,0,0,0
8235,1,0.00010988231076055257,0,0,0,0
8236,2,0.0006252871899884751,0,0,0,0
8237,2,0.0002032043169809872,0,0,0,0
8238,2,0.0002226512708323358,0,0,0,0
8239,1,0.00010087080416653293,0,0,0,0
8240,2,0.00031253958626135654,0,0,0,0
8241,2,0.00014673673054549306,0,0,0,0
8242,2,0.0003016963544712903,0,0,0,0
8243,2,5.2658991348884516e-05,0,0,0,0
8244,1,1.7600319856541214e-05,0,0,0,0
8245,2,0.0002110220815285533,0,0,0,0
8246,2,8.808314657739104e-05,0,0,0,0
8247,2,0.0001135291611315601,50,0,0,0
8248,2,0.00019980145126934732,0,0,0,0
8249,2,0.00016835078165241911,0,0,0,0
8250,2,0.0001973134950467061,0,0,0,0
8251,2,6.59286690034495e-05,0,0,0,0
8252,2,0.00030966785517257676,0,0,0,0
8253,2,0.0003202487098039217,0,0,0,0
8254,2,2.3630884807053457e-05,0,0,0,0
8255,2,1.9576126049415616e-05,0,0,0,0
8256,1,0.0001705439025324671,0,0,0,0
8257,2,0.0005439088479657124,0,0,0,0
8258,1,0.00021276454017009897,0,0,0,0
8259,2,0.00014375297025811878,0,0,0,0
8260,2,0.00018127206904621247,0,0,0,0
8261,2,3.8847961343284786e-05,0,0,0,0
8262,2,0.000632772484080129,0,0,0,0
8263,1,8.729284027090069e-05,0,0,0,0
8264,2,0.00023198936135991412,0,0,0,0
8265,2,0.00031504983041676885,0,0,0,0
8266,2,0.000190463613402515,0,0,0,0
8267,2,0.00013984754305538798,0,0,0,0
8268,2,0.00040574528239629846,0,0,0,0
8269,2,3.920955044996142e-05,0,0,0,0
8270,2,0.00010534442102180089,0,0,0,0
8271,1,0.00011570127452848109,0,0,0,0
8272,2,0.00018173178296789974,0,0,0,0
8273,1,8.146176431420983e-05,0,0,0,0
8274,2,0.00011722107144572257,0,0,0,0
8275,2,0.0004092506103051581,0,0,0,0
8276,2,0.00034661767327198213,0,0,0,0
8277,2,0.00029737883838620724,0,0,0,0
8278,1,0.0001168590589529086,0,0,0,0
8279,2,0.0003758117448285122,87,0,0,0
8280,2,0.00031635150497135226,0,0,0,0
8281,2,0.0005719523747100322,0,0,0,0
8282,2,8.659013935038127e-06,33,0,0,0
8283,2,0.00015693762969386775,626,0,0,0
8284,1,6.895862961621809e-05,0,0,0,0
8285,2,0.00045828439607427585,0,0,0,0
8286,2,7.918853625036761e-05,0,0,0,0
8287,2,0.00037147018289170405,32,0,0,0
8288,2,0.00030382557286445533,0,0,0,0
8289,2,0.0003150627610741744,0,0,0,0
8290,2,0.00020526831931416274,0,0,0,0
8291,2,0.00035820976197223825,0,0,0,0
8292,1,0.00021381927139483648,0,0,0,0
8293,2,0.0006366208537370291,0,0,0,0
8294,2,0.0008763637095021463,0,0,0,0
8295,2,3.589688884804801e-05,0,0,0,0
8296,2,0.00020438699504666193,0,0,0,0
8297,2,9.259838059760398e-05,0,0,0,0
8298,1,2.9944357189390214e-05,0,0,0,0
8299,1,5.222695294615626e-05,0,0,0,0
8300,1,0.00032129221319788587,0,0,0,0
8301,2,0.0003853177158353392,0,0,0,0
8302,2,0.00033342881481552346,0,0,0,0
8303,2,0.000361292156597672,0,0,0,0
8304,2,0.00014600778583335921,0,0,0,0
8305,1,0.00017720795333796483,0,0,0,0
8306,1,0.00033326053423438827,45,0,0,0
8307,2,0.00025094566549680857,0,0,0,0
8308,2,0.0003537237624034901,0,0,0,0
8309,2,0.00011910823364160186,0,0,0,0
8310,2,0.00010381322097688844,0,0,0,0
8311,2,0.00014092706758470758,0,0,0,0
8312,2,0.0003012698720252025,0,0,0,0
8313,2,0.0002563099742180264,127,0,0,0
8314,2,0.00011732955546427442,0,0,0,0
8315,2,0.00030840342582433717,0,0,0,0
8316,2,0.0003801849388371479,78,0,0,0
8317,2,5.802606486425344e-05,0,0,0,0
8318,2,0.00024226638925092602,0,0,0,0
8319,2,0.0001772519750185509,0,0,0,0
8320,1,0.00017089138200352777,0,0,0,0
8321,1,9.662839737048084e-05,0,0,0,0
8322,2,0.00024394516656534802,0,0,0,0
8323,2,0.00023819181491973075,0,0,0,0
8324,2,0.00023192346311066454,0,0,0,0
8325,1,0.00037251323206852427,0,0,0,0
8326,2,0.00018717710202400002,0,0,0,0
8327,2,0.00034394593136452295,0,0,0,0
8328,2,0.00016693378333930002,0,0,0,0
8329,2,4.6016437311775206e-05,0,0,0,0
8330,1,0.00012466634460965378,0,0,0,0
8331,2,0.00027087126756265953,7,0,0,0
8332,2,4.1873121273474766e-05,0,0,0,0
8333,2,0.00015130787570990684,0,0,0,0
8334,2,4.402237423643466e-05,0,0,0,0
8335,2,0.0001285643562609538,0,0,0,0
8336,2,0.000350855351176898,0,0,0,0
8337,2,0.0003049762724741356,0,0,0,0
8338,2,6.666952876453287e-05,0,0,0,0
8339,2,0.0005821234811707214,0,0,0,0
8340,2,0.00013545033794593804,0,0,0,0
8341,2,2.2754358386179253e-05,0,0,0,0
8342,1,4.191399106701241e-05,0,0,0,0
8343,2,0.00013020839873273307,0,0,0,0
8344,2,0.00023506161449021292,0,0,0,0
8345,2,7.87132311066741e-05,0,0,0,0
8346,2,0.00010530503008656903,43,0,0,0
8347,2,9.87012751848061e-05,0,0,0,0
8348,2,0.00019454119899187713,0,0,0,0
8349,2,0.0006876900093498867,0,0,0,0
8350,2,0.00015140688420984207,0,0,0,0
8351,2,0.00019947769179240636,0,0,0,0
8352,2,0.00020954020528663085,0,0,0,0
8353,2,0.0002258590194154861,0,0,0,0
8354,2,0.00018197269095616896,0,0,0,0
8355,2,0.00010237162658977208,0,0,0,0
8356,2,0.000255675135642074,0,0,0,0
8357,2,0.0005883664726582731,0,0,0,0
8358,1,0.00020809324258505522,0,0,0,0
8359,2,4.240189862263361e-05,0,0,0,0
8360,2,0.00014277188204526856,0,0,0,0
8361,2,0.0006995334219901703,7250,0,0,0
8362,2,0.0005607003782455088,0,0,0,0
8363,2,0.00019745163726668491,0,0,0,0
8364,2,6.216615469627933e-05,0,0,0,0
8365,1,1.53483239568238e-05,0,0,0,0
8366,2,0.0001775571972620536,0,0,0,0
8367,2,0.00020490423756742916,590,0,0,0
8368,1,0.00017595029344488094,0,0,0,0
8369,2,0.00015159717786595548,0,0,0,0
8370,2,0.00031828112467437457,0,0,0,0
8371,2,0.0001987735317241064,0,0,0,0
8372,2,0.0001919818421255559,0,0,0,0
8373,2,0.00022915808721088785,0,0,0,0
8374,2,0.00016120818212677992,0,0,0,0
8375,2,9.4077197468959e-05,0,0,0,0
8376,2,9.442106513196002e-05,0,0,0,0
8377,2,0.0005574870295350078,0,0,0,0
8378,1,7.39557773820829e-05,0,0,0,0
8379,1,0.00020677312244084833,0,0,0,0
8380,2,0.0005603809384423605,0,0,0,0
8381,2,4.295993784520773e-05,0,0,0,0
8382,1,0.00020301175502587555,20,0,0,0
8383,2,0.0003140169565162313,0,0,0,0
8384,2,0.00019369017890310733,0,0,0,0
8385,2,8.595162921183067e-05,0,0,0,0
8386,1,0.00042998824640917206,0,0,0,0
8387,2,0.00015213026875070612,0,0,0,0
8388,2,0.0002474690033914105,0,0,0,0
8389,2,0.0001336160754361863,0,0,0,0
8390,2,0.00011621585521362161,0,0,0,0
8391,2,9.962921294669629e-05,0,0,0,0
8392,2,0.0005809212765567648,0,0,0,0
8393,2,0.0002080503625917866,0,0,0,0
8394,1,5.315764760745824e-05,0,0,0,0
8395,1,0.00014453867474048825,7,0,0,0
8396,2,0.0005926890429649871,0,0,0,0
8397,2,8.140062379987162e-05,0,0,0,0
8398,2,0.00017119859596625257,0,0,0,0
8399,2,0.00018466106457494966,0,0,0,0
8400,1,0.00042571853762381,0,0,0,0
8401,2,0.00033814944989512413,0,0,0,0
8402,2,0.00025730645027262296,0,0,0,0
8403,2,0.0001839760420197882,0,0,0,0
8404,2,0.00041376094308836505,0,0,0,0
8405,1,1.906568374368674e-05,0,0,0,0
8406,2,6.675519910260378e-05,0,0,0,0
8407,2,0.0004304514275723309,0,0,0,0
8408,2,8.313100266048617e-05,0,0,0,0
8409,2,0.00017310340092013417,0,0,0,0
8410,2,0.00047077581860932355,0,0,0,0
8411,1,7.643509721564022e-05,0,0,0,0
8412,2,0.00015416374431105262,0,0,0,0
8413,2,0.00021312642685316016,0,0,0,0
8414,2,0.0001568665668054247,3549,0,0,0
8415,2,0.000286361299256014,0,0,0,0
8416,2,8.810574060340323e-05,0,0,0,0
8417,1,0.00010834081574192085,0,0,0,0
8418,2,0.0002143952786792295,0,0,0,0
8419,2,0.0002694569113339384,0,0,0,0
8420,2,0.00029790106925398866,0,0,0,0
8421,2,0.00024387921037328334,1274,0,0,0
8422,2,9.32821661711232e-05,0,0,0,0
8423,2,0.0001038405268274912,7,0,0,0
8424,2,0.00034244064969352685,0,0,0,0
8425,2,8.370473667482385e-05,0,0,0,0
8426,2,0.00022870858483029394,0,0,0,0
8427,2,2.4561185671842804e-05,0,0,0,0
8428,2,0.00039951609952299574,0,0,0,0
8429,2,0.0002836792221132477,0,0,0,0
8430,1,0.0001465595944520083,0,0,0,0
8431,2,0.0004507587124165455,0,0,0,0
8432,2,0.00015498488768488598,0,0,0,0
8433,2,4.6957046833446576e-05,0,0,0,0
8434,2,7.520625299428146e-05,0,0,0,0
8435,2,0.00018677456910537446,0,0,0,0
8436,2,0.0002449587679632036,0,0,0,0
8437,2,0.00015197804086789223,0,0,0,0
8438,2,0.0002534099267846333,0,0,0,0
8439,2,0.0002860461962891111,0,0,0,0
8440,2,0.00021643723565364825,0,0,0,0
8441,1,8.827848764852594e-05,0,0,0,0
8442,1,3.949566380562384e-05,0,0,0,0
8443,2,0.00024785700578197964,0,0,0,0
8444,2,0.00019246286716312244,0,0,0,0
8445,2,0.0001911700707755726,0,0,0,0
8446,2,7.854976979061548e-05,163,0,0,0
8447,2,5.930961652392903e-05,0,0,0,0
8448,2,0.0001897491316856664,0,0,0,0
8449,2,0.00033054326249369137,0,0,0,0
8450,2,0.00010791912048941259,0,0,0,0
8451,1,4.9561918233411075e-05,0,0,0,0
8452,2,0.00015451945092947086,0,0,0,0
8453,2,0.0002941869877467825,0,0,0,0
8454,2,0.00011735450999538252,0,0,0,0
8455,2,0.00013982937044426286,0,0,0,0
8456,2,0.0005144648573864254,6592,0,0,0
8457,1,3.9545767633756895e-05,0,0,0,0
8458,2,6.3208557029686e-05,0,0,0,0
8459,2,2.2263153310485943e-05,0,0,0,0
8460,2,0.00011692389511582274,0,0,0,0
8461,2,0.00024263514405237243,0,0,0,0
8462,2,0.0001159958809791941,0,0,0,0
8463,2,0.00012343094068908292,0,0,0,0
8464,2,0.0003589439285670562,0,0,0,0
8465,2,5.492030210534674e-05,238,0,0,0
8466,2,0.0002657571019646458,0,0,0,0
8467,2,5.608431979733336e-05,0,0,0,0
8468,2,0.0004367463452302753,0,0,0,0
8469,2,0.0005457908366445234,0,0,0,0
8470,2,0.0004074339412281077,0,0,0,0
8471,2,0.0007335349835609108,0,0,0,0
8472,2,0.00015983592407826293,0,0,0,0
8473,1,0.0002397922219862483,0,0,0,0
8474,2,0.0004594457340246004,0,0,0,0
8475,2,0.00041039972025264153,7,0,0,0
8476,2,0.0001619710466768071,0,0,0,0
8477,1,0.00021739485946586118,0,0,0,0
8478,2,0.0004331765563511389,0,0,0,0
8479,1,3.0747949686596306e-05,0,0,0,0
8480,2,0.00047440849841534654,0,0,0,0
8481,1,2.476839889970198e-05,0,0,0,0
8482,2,0.00021493558803629056,0,0,0,0
8483,2,0.0005594410758395063,0,0,0,0
8484,2,0.0001858913552460194,0,0,0,0
8485,1,6.821796778597167e-05,0,0,0,0
8486,2,0.00019588257544460086,0,0,0,0
8487,2,0.00032533787252714714,0,0,0,0
8488,1,0.00011089578181096306,0,0,0,0
8489,1,0.00015657567978193167,0,0,0,0
8490,2,0.00028051276466712743,0,0,0,0
8491,2,0.0006270015906720196,0,0,0,0
8492,2,0.0002198327451880388,0,0,0,0
8493,2,0.0003515761715219204,0,0,0,0
8494,2,0.00026381147160101835,0,0,0,0
8495,1,0.00017224036770991185,0,0,0,0
8496,2,6.378315308231398e-05,0,0,0,0
8497,1,2.0631379267061953e-05,0,0,0,0
8498,2,0.0002033050471614568,0,0,0,0
8499,1,5.350390078789155e-05,1175,0,0,0
8500,1,4.486061148465358e-05,0,0,0,0
8501,2,0.0002663345781987256,0,0,0,0
8502,2,0.00020172092591436665,0,0,0,0
8503,2,0.000186593625168244,0,0,0,0
8504,2,0.000618465172280435,0,0,0,0
8505,1,0.00013272793177767592,0,0,0,0
8506,1,4.5365999366402915e-05,113,0,0,0
8507,2,0.0002442118246320907,0,0,0,0
8508,2,0.000673879158161478,0,0,0,0
8509,2,0.00032534006380175975,0,0,0,0
8510,2,0.0002523125470289352,0,0,0,0
8511,2,0.0007901935022279807,0,0,0,0
8512,2,3.5621704501653504e-05,0,0,0,0
8513,1,0.00019532355687970192,0,0,0,0
8514,2,0.000469901610961634,0,0,0,0
8515,2,0.00022582524469854712,0,0,0,0
8516,2,0.00013645761667234273,0,0,0,0
8517,2,0.00027307969582144367,0,0,0,0
8518,1,3.6496779545613754e-05,0,0,0,0
8519,2,0.00017101046325421868,0,0,0,0
8520,2,0.0004290329683667471,0,0,0,0
8521,2,0.0001419798054076212,0,0,0,0
8522,2,0.0002814921453280478,0,0,0,0
8523,2,0.0002268944247914484,0,0,0,0
8524,2,0.000228179382916506,0,0,0,0
8525,2,0.00030732334589735814,0,0,0,0
8526,2,4.389850616131835e-05,0,0,0,0
8527,2,0.00028928050233776226,0,0,0,0
8528,2,0.00035944824682117776,0,0,0,0
8529,2,0.00017454028119414516,0,0,0,0
8530,2,0.00048104692225152976,0,0,0,0
8531,2,0.0003144315632493387,0,0,0,0
8532,2,0.0002918343357332878,0,0,0,0
8533,1,0.00012424149375676635,0,0,0,0
8534,2,9.317206983129204e-05,0,0,0,0
8535,2,0.0006909613787453905,0,0,0,0
8536,2,0.00017886990502866354,0,0,0,0
8537,2,0.00019509289785752922,0,0,0,0
8538,2,0.00031237929643183936,16,0,0,0
8539,2,0.00012682667038985533,0,0,0,0
8540,2,7.80058684011252e-05,0,0,0,0
8541,2,0.0003762921424617248,0,0,0,0
8542,1,8.86030867743214e-05,0,0,0,0
8543,2,0.0003409406071439916,0,0,0,0
8544,2,0.0002173541202036287,0,0,0,0
8545,1,3.079221466921719e-05,0,0,0,0
8546,2,2.4122104147012307e-05,0,0,0,0
8547,2,9.33330521771663e-05,0,0,0,0
8548,2,0.00033988045714304817,0,0,0,0
8549,2,0.00015382149452373108,0,0,0,0
8550,2,5.9703497261092147e-05,0,0,0,0
8551,2,0.00021668480986555117,0,0,0,0
8552,2,0.00030811463116402714,0,0,0,0
8553,2,0.0002666426865776044,0,0,0,0
8554,2,0.00025506726481670165,0,0,0,0
8555,2,0.00032239860109413285,0,0,0,0
8556,1,0.00010024222920123557,0,0,0,0
8557,2,0.0002220752282546906,0,0,0,0
8558,1,3.170771462121134e-05,0,0,0,0
8559,2,0.00034301668625614677,0,0,0,0
8560,2,0.00012074367598797357,0,0,0,0
8561,2,0.00018542814138873057,0,0,0,0
8562,2,0.00028179855678861016,0,0,0,0
8563,1,0.00013509533618268416,0,0,0,0
8564,2,0.0004928576967979979,0,0,0,0
8565,2,6.473319269278002e-05,0,0,0,0
8566,2,0.00011943882329658346,0,0,0,0
8567,2,0.0002272845955069591,20,0,0,0
8568,2,0.0003559859069104051,0,0,0,0
8569,2,0.00030080064639591324,0,0,0,0
8570,1,6.905957022973762e-05,0,0,0,0
8571,2,0.0002798989745791852,0,0,0,0
8572,2,0.00010599165184486093,0,0,0,0
8573,2,0.0004495578515886363,0,0,0,0
8574,2,6.264747845200696e-05,0,0,0,0
8575,2,0.00023412589378713332,0,0,0,0
8576,2,0.0006194955138906254,0,0,0,0
8577,2,0.00014137981771509156,0,0,0,0
8578,2,0.00020499899412028115,0,0,0,0
8579,2,0.00015340099766643087,0,0,0,0
8580,2,0.0002806230633252572,0,0,0,0
8581,2,0.00034108329763835423,0,0,0,0
8582,2,0.0001431428512876769,0,0,0,0
8583,2,0.00033274410134186356,0,0,0,0
8584,2,0.00035143859591853113,0,0,0,0
8585,2,0.00012546317903165308,0,0,0,0
8586,2,0.00011279705447690904,0,0,0,0
8587,2,0.0002907973681986566,0,0,0,0
8588,2,0.0007353270570050734,0,0,0,0
8589,2,8.94381960127473e-05,0,0,0,0
8590,2,0.0006207091232666495,0,0,0,0
8591,2,0.0006677594510196616,0,0,0,0
8592,2,0.0001268734424822032,0,0,0,0
8593,2,0.0003535801518397648,0,0,0,0
8594,2,0.0007797261885208248,0,0,0,0
8595,1,0.0002845771144676421,0,0,0,0
8596,2,0.00010019141280202136,0,0,0,0
8597,2,0.000135671823351941,0,0,0,0
8598,2,0.00019451894277039102,0,0,0,0
8599,2,0.00013769300126609637,0,0,0,0
8600,1,6.241307627607239e-05,0,0,0,0
8601,2,0.0004440429020531948,0,0,0,0
8602,1,6.35000034152247e-05,17,0,0,0
8603,2,0.00015534599104667822,0,0,0,0
8604,2,0.0001441191382120655,0,0,0,0
8605,2,0.0002491580642160092,0,0,0,0
8606,2,0.0003404882580590429,0,0,0,0
8607,1,1.3114478478771483e-05,0,0,0,0
8608,2,0.00040908714700640855,0,0,0,0
8609,1,0.00012127414465548439,0,0,0,0
8610,1,5.024558888055604e-05,0,0,0,0
8611,2,0.0005495340340147885,3008,0,0,0
8612,1,7.525214692215371e-05,0,0,0,0
8613,2,0.00012797235450510836,0,0,0,0
8614,2,0.00036779586054455274,0,0,0,0
8615,2,0.00010636711384552553,0,0,0,0
8616,2,6.395603758215623e-05,0,0,0,0
8617,2,0.00047750282712183926,0,0,0,0
8618,1,0.00018286414112243422,0,0,0,0
8619,2,0.0003389690916625216,0,0,0,0
8620,2,0.0001596300019977284,2604,0,0,0
8621,2,9.315035332543912e-05,0,0,0,0
8622,1,3.4279941685188857e-06,0,0,0,0
8623,2,0.00033863208319692955,0,0,0,0
8624,2,0.0003272943084083114,0,0,0,0
8625,1,0.00022457257160129438,0,0,0,0
8626,2,0.00019503922541877196,0,0,0,0
8627,2,5.249293284087345e-05,0,0,0,0
8628,2,0.0001563399636697915,0,0,0,0
8629,2,0.0001642860078757143,0,0,0,0
8630,2,0.0003284566677968894,0,0,0,0
8631,2,7.724055408118545e-05,0,0,0,0
8632,2,1.2363687178631172e-05,0,0,0,0
8633,1,0.0006455039384958869,0,0,0,0
8634,2,0.0003890853481103854,0,0,0,0
8635,2,9.4095729233921e-05,0,0,0,0
8636,2,0.0002754967571991063,0,0,0,0
8637,2,0.00013471499453903776,0,0,0,0
8638,2,4.534486150895388e-05,0,0,0,0
8639,2,0.00013324244336562885,0,0,0,0
8640,2,0.00014152979910787917,0,0,0,0
8641,1,0.00013855013578489484,0,0,0,0
8642,2,0.00027477717935032515,0,0,0,0
8643,2,0.0001470043545890147,0,0,0,0
8644,2,0.00018241479364516168,0,0,0,0
8645,2,0.0002239540072696076,0,0,0,0
8646,2,0.0004878051518632922,0,0,0,0
8647,2,0.00010356479254048033,0,0,0,0
8648,2,7.917540501400728e-05,0,0,0,0
8649,2,0.00030652894761433854,0,0,0,0
8650,2,5.887750778159481e-05,0,0,0,0
8651,2,0.00024415168773200076,0,0,0,0
8652,1,2.28431880325124e-05,22,0,0,0
8653,2,0.00014529051734760113,0,0,0,0
8654,2,0.0004331969994809076,0,0,0,0
8655,2,7.431375276451037e-05,0,0,0,0
8656,2,0.00013513312016274833,185,0,0,0
8657,2,0.0004240836071123654,0,0,0,0
8658,1,0.00029573172746031153,0,0,0,0
8659,1,0.0002955891423830452,0,0,0,0
8660,2,0.00014504074168128812,0,0,0,0
8661,2,0.0005226686891810325,0,0,0,0
8662,2,9.782885708932787e-05,0,0,0,0
8663,2,3.6213100759876314e-05,0,0,0,0
8664,2,0.0001837190268303039,0,0,0,0
8665,2,0.00024402779748883163,0,0,0,0
8666,2,7.736130482244126e-05,0,0,0,0
8667,1,0.00020196226278985176,0,0,0,0
8668,2,3.090870179038332e-05,0,0,0,0
8669,2,0.00018769631097476173,0,0,0,0
8670,2,0.00040961189592798,0,0,0,0
8671,2,0.00026718360823268784,0,0,0,0
8672,1,2.4656916014402187e-05,0,0,0,0
8673,2,0.00027794204652934374,0,0,0,0
8674,2,0.00015882342033390448,0,0,0,0
8675,1,3.667100000248435e-07,0,0,0,0
8676,2,0.0002442036561118786,0,0,0,0
8677,2,9.56736449121833e-05,0,0,0,0
8678,2,0.00035030227447547705,0,0,0,0
8679,2,0.00040462041239111286,0,0,0,0
8680,2,0.00015343770280784998,0,0,0,0
8681,1,2.2420123813303467e-05,0,0,0,0
8682,1,2.372548664379502e-05,0,0,0,0
8683,2,4.989805811852012e-05,0,0,0,0
8684,2,0.0005925220742039963,0,0,0,0
8685,1,4.189663088650302e-05,0,0,0,0
8686,1,0.0004559095671028007,0,0,0,0
8687,1,0.0001119881019007694,0,0,0,0
8688,2,0.00015951695584710333,0,0,0,0
8689,2,0.00020875874871305303,0,0,0,0
8690,1,0.0004712770832891972,0,0,0,0
8691,2,0.00011745819504942641,0,0,0,0
8692,2,0.00024547360000407817,0,0,0,0
8693,2,0.00012202416049917723,0,0,0,0
8694,2,0.00034038598311349975,0,0,0,0
8695,2,0.00021473625574163648,0,0,0,0
8696,2,0.00032783716784310425,0,0,0,0
8697,2,0.0004746537455462177,0,0,0,0
8698,1,0.00013788383976457054,0,0,0,0
8699,2,0.0002836725322425781,0,0,0,0
8700,2,0.00014228290669857218,0,0,0,0
8701,1,0.00016863361661818445,0,0,0,0
8702,2,0.0001522276298581081,0,0,0,0
8703,2,0.0005110738956838987,0,0,0,0
8704,2,0.0003029012785500917,0,0,0,0
8705,2,0.00047531909953162825,0,0,0,0
8706,2,0.0007291878714165388,0,0,0,0
8707,2,0.0005403150412119217,0,0,0,0
8708,1,0.00025719809669122175,0,0,0,0
8709,2,6.179801452697861e-05,0,0,0,0
8710,2,0.00024232121616426307,0,0,0,0
8711,2,0.00010672637039185409,0,0,0,0
8712,2,0.00039541245495422446,0,0,0,0
8713,1,0.00010115346186451535,0,0,0,0
8714,1,3.08380341630305e-05,0,0,0,0
8715,2,0.0005032929248431271,0,0,0,0
8716,2,7.528105179452115e-05,0,0,0,0
8717,2,9.806999637887058e-05,0,0,0,0
8718,2,0.00016741063101957746,0,0,0,0
8719,1,0.00013259078159131858,0,0,0,0
8720,2,0.0001941260872655691,0,0,0,0
8721,2,7.125080673332005e-05,0,0,0,0
8722,2,0.0003551297920667473,0,0,0,0
8723,2,0.0003492996906672494,1210,0,0,0
8724,2,0.0004062110575808116,0,0,0,0
8725,2,0.00011164015599580978,0,0,0,0
8726,2,0.00011602748607576543,0,0,0,0
8727,2,0.000235431563358844,0,0,0,0
8728,1,0.0002142813923257497,0,0,0,0
8729,2,5.719619736922819e-05,0,0,0,0
8730,2,0.00040572259670273726,0,0,0,0
8731,2,0.0001340997071740603,0,0,0,0
8732,2,6.759442083697058e-05,0,0,0,0
8733,1,0.0002985822186424962,0,0,0,0
8734,2,0.00023198154940505493,0,0,0,0
8735,2,0.00016743253137561887,0,0,0,0
8736,2,0.00033570914574779166,0,0,0,0
8737,2,0.00031442845939855154,0,0,0,0
8738,2,6.671167516501455e-05,0,0,0,0
8739,2,0.00035085709248837123,0,0,0,0
8740,2,8.949976608233619e-05,0,0,0,0
8741,2,9.509855825005986e-05,0,0,0,0
8742,2,3.231241108459832e-05,0,0,0,0
8743,2,0.00010915698195863663,0,0,0,0
8744,2,0.00022833871217393744,0,0,0,0
8745,2,0.00037911036158900336,0,0,0,0
8746,2,7.55479689030544e-05,165,0,0,0
8747,2,0.0001911711842898838,0,0,0,0
8748,2,0.00016537066909474025,0,0,0,0
8749,2,0.0001910422938034384,0,0,0,0
8750,1,1.2058387005017548e-05,0,0,0,0
8751,2,0.0003354089024043805,0,0,0,0
8752,1,0.00016866655955507796,0,0,0,0
8753,2,0.0001797040760114729,0,0,0,0
8754,2,0.0002343597226410692,0,0,0,0
8755,2,0.00023591422216401545,102,0,0,0
8756,2,0.00022773940672463322,0,0,0,0
8757,1,0.0004016222371882958,0,0,0,0
8758,2,0.00027969347752776534,0,0,0,0
8759,1,0.0003559891483413512,0,0,0,0
8760,2,0.0001809299376171752,0,0,0,0
8761,2,0.000439585224386038,0,0,0,0
8762,1,0.00017708105000368906,0,0,0,0
8763,1,0.00034364759512039555,0,0,0,0
8764,1,2.8046936131527095e-06,0,0,0,0
8765,2,0.00012051430998349676,0,0,0,0
8766,2,0.0001295984797882933,0,0,0,0
8767,2,0.0005158835634683105,103,0,0,0
8768,2,6.01000369523752e-05,0,0,0,0
8769,2,5.176664379437897e-05,0,0,0,0
8770,2,0.0002577152888406579,0,0,0,0
8771,1,0.0001177925120798562,0,0,0,0
8772,2,3.9211731029526594e-05,0,0,0,0
8773,2,0.00014111128720692897,0,0,0,0
8774,2,0.0004772349598534286,0,0,0,0
8775,2,5.5456944985792626e-05,0,0,0,0
8776,2,8.16805982520174e-05,0,0,0,0
8777,1,0.0002450462078089534,0,0,0,0
8778,2,0.0003652581644927124,0,0,0,0
8779,2,0.00040281817081514,16,0,0,0
8780,2,0.0001377556521418584,0,0,0,0
8781,2,4.554966100713659e-05,2655,0,0,0
8782,1,0.00013953209681920117,0,0,0,0
8783,2,0.0003738300741685269,0,0,0,0
8784,2,0.00023315175490474014,0,0,0,0
8785,2,0.0003021176355417274,0,0,0,0
8786,2,0.00012864550124715876,0,0,0,0
8787,2,0.00028990696325623675,0,0,0,0
8788,1,3.767211929944035e-05,0,0,0,0
8789,2,0.000221305706292747,0,0,0,0
8790,2,0.0003226173454952937,0,0,0,0
8791,2,0.00018412840356100775,0,0,0,0
8792,1,5.45463641101239e-05,0,0,0,0
8793,1,8.687861455162507e-05,0,0,0,0
8794,2,0.00021975841518832734,0,0,0,0
8795,2,0.0004327241717314336,0,0,0,0
8796,2,0.00030394510131690784,0,0,0,0
8797,1,2.903771382180553e-05,0,0,0,0
8798,2,0.00016596184448625805,0,0,0,0
8799,2,0.00024908949166611947,0,0,0,0
8800,2,0.0001288162844749786,0,0,0,0
8801,2,0.00024152575625687099,0,0,0,0
8802,2,0.00018657286218596848,0,0,0,0
8803,1,0.00012201410863804623,0,0,0,0
8804,2,0.0004506619664547532,179,0,0,0
8805,2,0.00018130722637259218,0,0,0,0
8806,2,0.00017899489499938588,0,0,0,0
8807,2,0.00032363387477889357,0,0,0,0
8808,2,0.00019962347813056973,0,0,0,0
8809,2,0.00010229998258569505,0,0,0,0
8810,2,0.00024135181983234622,0,0,0,0
8811,2,0.00011255748504905944,0,0,0,0
8812,2,0.0004598122875977432,0,0,0,0
8813,2,0.00025510579838833764,86,0,0,0
8814,2,0.00013991549348632405,0,0,0,0
8815,2,0.00011781811442402898,0,0,0,0
8816,1,0.0001721865510517676,0,0,0,0
8817,1,0.00013566947172548972,0,0,0,0
8818,2,0.000319777976290277,0,0,0,0
8819,1,2.689426344392984e-05,0,0,0,0
8820,2,0.00041995251049985405,0,0,0,0
8821,2,0.00013587049457141882,0,0,0,0
8822,2,0.0003676659436754293,0,0,0,0
8823,2,0.0005229597813235138,4916,0,0,0
8824,1,3.199824341730186e-05,0,0,0,0
8825,2,0.0003547812475648581,0,0,0,0
8826,2,0.00023614540922215087,0,0,0,0
8827,2,0.00026869416697290755,0,0,0,0
8828,2,9.23362893255551e-05,0,0,0,0
8829,2,0.0002760137127800337,0,0,0,0
8830,2,3.320545829539286e-05,0,0,0,0
8831,1,4.177041936414353e-05,0,0,0,0
8832,2,0.00011475663870944773,0,0,0,0
8833,1,0.0001481240745774744,0,0,0,0
8834,2,0.00019939056031690973,0,0,0,0
8835,2,0.0004994703499633421,0,0,0,0
8836,2,0.00037290136038210293,0,0,0,0
8837,2,9.258342757976179e-05,0,0,0,0
8838,2,0.0003319417502834432,0,0,0,0
8839,1,2.1813093207655806e-05,0,0,0,0
8840,2,0.00015673778007253513,0,0,0,0
8841,2,0.000599904752279631,0,0,0,0
8842,2,0.00020073789853016925,0,0,0,0
8843,2,0.00011659998739116925,0,0,0,0
8844,2,7.089212175427532e-05,0,0,0,0
8845,2,0.0003276259584474764,0,0,0,0
8846,2,0.0001244673610984251,0,0,0,0
8847,2,0.0002280209220051179,0,0,0,0
8848,2,8.825026124807592e-05,0,0,0,0
8849,2,0.0001623958657568052,0,0,0,0
8850,2,0.00012451161811822284,0,0,0,0
8851,2,0.00016550075342278126,12,0,0,0
8852,2,0.00029482025225108704,0,0,0,0
8853,2,1.0155107896057655e-05,406,0,0,0
8854,2,0.0001890628557953971,0,0,0,0
8855,2,0.00016277591466118583,24,0,0,0
8856,2,0.00019482174080878747,0,0,0,0
8857,2,0.00034008450851203114,0,0,0,0
8858,2,0.00013527738197216456,0,0,0,0
8859,2,0.00022693630382523484,0,0,0,0
8860,2,0.0002178780309657981,0,0,0,0
8861,2,0.0004889278959703244,0,0,0,0
8862,2,2.042382981499902e-05,0,0,0,0
8863,2,0.00025066049511944467,0,0,0,0
8864,1,0.00024987074898060325,0,0,0,0
8865,1,0.00011028052884304868,45,0,0,0
8866,2,0.00015502339720981835,0,0,0,0
8867,2,0.00011662810748850495,212,0,0,0
8868,2,0.00016318491509185765,0,0,0,0
8869,2,0.00040630747840122603,0,0,0,0
8870,2,0.0006159601928959911,0,0,0,0
8871,2,0.0006520634501942084,0,0,0,0
8872,2,0.00014543617684609257,0,0,0,0
8873,1,9.960974059294269e-05,0,0,0,0
8874,2,0.00014209918671138325,0,0,0,0
8875,2,0.0003365055173284689,0,0,0,0
8876,2,0.0006503443070053717,0,0,0,0
8877,2,0.0003534876793769928,0,0,0,0
8878,2,0.00027482629306491043,0,0,0,0
8879,2,0.00014371868449259431,0,0,0,0
8880,2,0.00031598950448976103,0,0,0,0
8881,2,0.0003940645502711132,0,0,0,0
8882,2,0.00034900738737217993,0,0,0,0
8883,2,0.0003475579923344353,0,0,0,0
8884,2,0.00046576156933027853,0,0,0,0
8885,2,0.00035611578231765684,0,0,0,0
8886,1,0.00010083342874000255,0,0,0,0
8887,2,0.0001622335815177647,0,0,0,0
8888,1,0.00025010339116296763,0,0,0,0
8889,2,0.00018239409871409094,77,0,0,0
8890,2,7.361373534308715e-05,0,0,0,0
8891,1,5.288272763672025e-05,7,0,0,0
8892,2,0.00010366791324663411,0,0,0,0
8893,2,0.00033510564610175785,0,0,0,0
8894,2,0.00031286787767585684,0,0,0,0
8895,2,0.000640328439997566,0,0,0,0
8896,2,0.0004152420503484673,0,0,0,0
8897,2,0.0001773827825581667,0,0,0,0
8898,2,8.821573759877456e-05,0,0,0,0
8899,2,0.00019822737850644687,0,0,0,0
8900,2,0.0005137380531036577,0,0,0,0
8901,2,0.00013228239511523936,0,0,0,0
8902,2,0.00011716832051196029,0,0,0,0
8903,2,0.00016322232817397042,0,0,0,0
8904,2,0.00012657166578834423,0,0,0,0
8905,2,8.537817803729017e-05,0,0,0,0
8906,2,5.582361682071291e-05,0,0,0,0
8907,2,0.0004664561148950642,0,0,0,0
8908,2,0.0002977302768159956,0,0,0,0
8909,2,6.548883170521011e-05,0,0,0,0
8910,2,0.00013950170963504508,0,0,0,0
8911,2,0.00042011326106933743,36,0,0,0
8912,1,4.261816007698905e-05,0,0,0,0
8913,2,0.0002017010867533503,0,0,0,0
8914,2,0.0003051841610236832,0,0,0,0
8915,2,0.00016192859641295137,1781,0,0,0
8916,2,8.247882740585288e-05,0,0,0,0
8917,2,2.09759586843821e-05,0,0,0,0
8918,2,0.00024388880581346475,0,0,0,0
8919,2,0.0004323748038388745,0,0,0,0
8920,2,5.70852128844576e-05,0,0,0,0
8921,1,2.8614687603998036e-05,0,0,0,0
8922,2,0.00010451752812612644,0,0,0,0
8923,2,0.00013822813412622505,0,0,0,0
8924,2,0.0001353324083647323,0,0,0,0
8925,1,0.00010604164930914623,0,0,0,0
8926,2,0.0001131565897440098,0,0,0,0
8927,2,0.0003864599586150068,0,0,0,0
8928,2,8.525273212593405e-05,0,0,0,0
8929,2,0.0003189285231280895,0,0,0,0
8930,2,7.776456341148486e-05,0,0,0,0
8931,2,0.00045604133267841056,0,0,0,0
8932,2,7.805080967592334e-05,0,0,0,0
8933,2,3.997614268652378e-05,0,0,0,0
8934,2,0.00021601909577335373,0,0,0,0
8935,2,5.92892259316243e-05,0,0,0,0
8936,2,0.00030696770057771667,0,0,0,0
8937,2,0.0003525467080165647,0,0,0,0
8938,2,7.257173968633363e-05,0,0,0,0
8939,1,1.0612770379625863e-05,0,0,0,0
8940,2,0.0002692431536379976,0,0,0,0
8941,2,8.952647804468959e-05,0,0,0,0
8942,2,0.0004443160166817789,0,0,0,0
8943,2,0.0006260862701333433,0,0,0,0
8944,2,0.00036469625536420284,0,0,0,0
8945,2,0.00016903345858358063,0,0,0,0
8946,2,0.0001201223839342866,0,0,0,0
8947,2,0.0006136816209956091,0,0,0,0
8948,2,3.487546791406621e-05,0,0,0,0
8949,2,0.0003997753905353517,0,0,0,0
8950,2,0.0003297364375339871,0,0,0,0
8951,2,0.00038885886074656946,0,0,0,0
8952,2,9.179753599511506e-05,0,0,0,0
8953,2,0.00047635812514363734,0,0,0,0
8954,2,5.8570920151397605e-05,317,0,0,0
8955,2,0.0001724813605250322,0,0,0,0
8956,2,0.00013500246423321673,0,0,0,0
8957,2,8.798652276567681e-05,0,0,0,0
8958,1,0.00018057392571942866,0,0,0,0
8959,1,1.1782629263301996e-05,0,0,0,0
8960,2,0.000626276165492901,0,0,0,0
8961,1,0.00012609470946380234,0,0,0,0
8962,2,0.00010671254964730562,0,0,0,0
8963,2,6.478301165864756e-05,0,0,0,0
8964,2,0.00017486820791534725,0,0,0,0
8965,2,0.00023766077401561552,0,0,0,0
8966,2,0.00020526881246205004,0,0,0,0
8967,2,0.0001241823240387373,0,0,0,0
8968,2,0.00027494005226771185,5967,0,0,0
8969,2,4.518442653392771e-05,1193,0,0,0
8970,1,0.00011394820577682196,0,0,0,0
8971,2,0.0001732483155588799,0,0,0,0
8972,2,0.0001317100261109655,0,0,0,0
8973,2,0.00041351945654273525,0,0,0,0
8974,2,0.0005582143571572673,0,0,0,0
8975,2,0.000136544633613743,0,0,0,0
8976,2,0.00029491856206735194,0,0,0,0
8977,1,0.00021739231801111485,7,0,0,0
8978,2,0.0007206450404273112,0,0,0,0
8979,2,0.00019191704802909025,0,0,0,0
8980,2,0.00021689548461019585,0,0,0,0
8981,1,4.41119208508254e-05,0,0,0,0
8982,2,0.00041052985257860675,0,0,0,0
8983,2,0.00019998812351738272,0,0,0,0
8984,2,7.536805028256715e-05,0,0,0,0
8985,2,0.00036746902979176594,7,0,0,0
8986,2,0.00012088631769395264,0,0,0,0
8987,1,0.00038322342108381444,0,0,0,0
8988,2,0.000717857447987409,0,0,0,0
8989,2,0.0001389315342255385,0,0,0,0
8990,2,0.000151223483789926,0,0,0,0
8991,2,4.407083504699159e-05,0,0,0,0
8992,1,8.750406408345287e-05,0,0,0,0
8993,1,6.89067232823927e-05,0,0,0,0
8994,2,0.0004690618853799277,0,0,0,0
8995,2,0.0002900155694928464,0,0,0,0
8996,2,0.0002994034481287558,0,0,0,0
8997,2,0.0002091121986966714,0,0,0,0
8998,2,0.0003531068863817908,0,0,0,0
8999,2,0.0002983376131670727,0,0,0,0
9000,2,0.00026922526633098586,0,0,0,0
9001,2,0.00013194148520174405,0,0,0,0
9002,2,0.00022722914569306283,7,0,0,0
9003,2,0.0004826474210313199,7,0,0,0
9004,1,9.299112819568886e-05,0,0,0,0
9005,2,0.0003475203677784881,0,0,0,0
9006,2,0.0008789684247513241,6596,0,0,0
9007,1,0.00014607262567305137,0,0,0,0
9008,1,2.430919123719758e-05,0,0,0,0
9009,2,0.0005479336036482689,4968,0,0,0
9010,2,0.00013230124567963056,0,0,0,0
9011,1,3.057318728391472e-06,0,0,0,0
9012,1,1.437842540587416e-05,0,0,0,0
9013,2,0.00016827676972148178,0,0,0,0
9014,2,0.00028677671748379425,0,0,0,0
9015,2,4.205354716581391e-05,0,0,0,0
9016,2,0.0002565873621050445,0,0,0,0
9017,2,0.00018832893619787105,0,0,0,0
9018,2,4.868638376911826e-05,0,0,0,0
9019,2,0.00010474343599410843,0,0,0,0
9020,2,0.000225018139010721,0,0,0,0
9021,2,0.00016327365472810208,0,0,0,0
9022,1,0.000247395763759634,0,0,0,0
9023,1,0.00013397562031700267,0,0,0,0
9024,2,5.655489159238748e-05,0,0,0,0
9025,2,0.0001910961136994031,0,0,0,0
9026,2,0.00024413513089507934,0,0,0,0
9027,2,0.0001817516433975061,159,0,0,0
9028,2,0.00013814790937417834,0,0,0,0
9029,1,2.1945132736190804e-05,0,0,0,0
9030,2,7.691543114803308e-05,0,0,0,0
9031,2,0.000317140716965332,0,0,0,0
9032,1,0.00011302280344425767,0,0,0,0
9033,2,0.00031963699953031874,0,0,0,0
9034,2,0.00022762375127937463,0,0,0,0
9035,2,0.00021602056521008824,3788,0,0,0
9036,2,0.00021477093261299058,0,0,0,0
9037,2,0.00023383223852108944,0,0,0,0
9038,2,0.0001995005545987047,0,0,0,0
9039,2,0.00027438940988480686,0,0,0,0
9040,2,0.00015267498730306729,0,0,0,0
9041,2,0.00020088888407778267,0,0,0,0
9042,1,2.1302694799638156e-06,0,0,0,0
9043,2,5.125459508847975e-05,0,0,0,0
9044,2,0.00011625499526142452,0,0,0,0
9045,2,0.00023865264826544908,0,0,0,0
9046,1,0.00012047229723385275,0,0,0,0
9047,2,0.0003518629529760833,0,0,0,0
9048,2,0.00013695785758624816,0,0,0,0
9049,2,7.16126526663211e-05,0,0,0,0
9050,1,0.00010696209413307687,0,0,0,0
9051,1,4.329185341316326e-05,0,0,0,0
9052,2,7.782760003114882e-05,0,0,0,0
9053,2,0.00016709613424754064,0,0,0,0
9054,2,0.0010458631625520427,0,0,0,0
9055,2,0.0002799257701703382,0,0,0,0
9056,1,2.0818909908915314e-05,0,0,0,0
9057,2,0.00014006416370794555,0,0,0,0
9058,2,0.0002277643973219756,0,0,0,0
9059,2,0.0002366429040864158,0,0,0,0
9060,2,0.0001069543653467203,0,0,0,0
9061,2,5.754333848682679e-05,0,0,0,0
9062,1,1.9697303770565767e-05,0,0,0,0
9063,2,0.00019969181285794455,0,0,0,0
9064,2,0.00034112989936188306,0,0,0,0
9065,2,0.00020020657786110066,0,0,0,0
9066,1,8.997954607261993e-05,0,0,0,0
9067,2,6.014645349031327e-05,0,0,0,0
9068,2,0.00013023349141900214,0,0,0,0
9069,2,0.0003396070696318682,0,0,0,0
9070,2,0.00033117199555443534,0,0,0,0
9071,2,0.00015398294412998626,0,0,0,0
9072,2,0.0008367082160845605,0,0,0,0
9073,2,6.727558165981947e-05,0,0,0,0
9074,2,0.00017965740563449117,0,0,0,0
9075,2,0.0001679033789736144,0,0,0,0
9076,2,7.863760569921245e-05,0,0,0,0
9077,2,0.0001272773532465369,0,0,0,0
9078,2,5.5944379735513364e-05,0,0,0,0
9079,1,1.0823558695397988e-05,0,0,0,0
9080,2,0.0002466872152635352,0,0,0,0
9081,2,0.00013403005394816193,0,0,0,0
9082,2,0.00013776414984944846,0,0,0,0
9083,2,0.00040849389603055667,0,0,0,0
9084,2,0.00017690439417593958,0,0,0,0
9085,1,7.534998672785812e-06,7,0,0,0
9086,2,0.00019930300008091456,0,0,0,0
9087,2,0.0002991823119196219,0,0,0,0
9088,2,0.00041136515028210346,0,0,0,0
9089,1,0.00010748217806113177,0,0,0,0
9090,2,0.0003042055114693421,0,0,0,0
9091,2,0.00026252058066074754,23,0,0,0
9092,2,7.37124006398928e-05,0,0,0,0
9093,2,4.6492643830258246e-05,0,0,0,0
9094,2,0.00015970040093044125,0,0,0,0
9095,2,0.0001318006049830931,0,0,0,0
9096,1,0.00013233285387733107,0,0,0,0
9097,2,0.00010236953203238335,0,0,0,0
9098,2,0.00047715773944777756,0,0,0,0
9099,2,0.00010409333848483677,0,0,0,0
9100,2,0.0005391750151852395,0,0,0,0
9101,2,0.0002725932102375918,0,0,0,0
9102,2,3.543121106026462e-05,0,0,0,0
9103,1,3.380461066130454e-05,0,0,0,0
9104,2,0.00013980068869533333,0,0,0,0
9105,1,0.0001594772671653288,0,0,0,0
9106,2,0.0001362983728723137,0,0,0,0
9107,2,0.00011132061861239023,0,0,0,0
9108,2,0.00018343375296317772,0,0,0,0
9109,2,7.212951994843232e-05,0,0,0,0
9110,2,0.00023278234855638407,7,0,0,0
9111,2,0.00011623668222835901,0,0,0,0
9112,2,0.0006781088895241893,0,0,0,0
9113,2,6.965656634995265e-05,0,0,0,0
9114,1,9.008616884032841e-05,0,0,0,0
9115,2,0.00018862871198723323,7,0,0,0
9116,2,0.00014945205616741334,0,0,0,0
9117,1,0.00010304610954607188,0,0,0,0
9118,1,8.411162777767252e-07,0,0,0,0
9119,1,9.054790304368532e-05,0,0,0,0
9120,1,9.10287282846867e-07,0,0,0,0
9121,2,0.0011464044382541916,7718,0,0,0
9122,2,0.0002477783823318871,0,0,0,0
9123,2,0.0002750757584426257,0,0,0,0
9124,2,2.5803560736962136e-05,43,0,0,0
9125,2,0.00013228198218722965,0,0,0,0
9126,2,0.00015717390800100488,0,0,0,0
9127,2,0.0004628102861355304,73,0,0,0
9128,2,2.6027572295457064e-05,0,0,0,0
9129,2,0.0005639264477899292,0,0,0,0
9130,2,0.00016556385624712502,0,0,0,0
9131,2,0.00022543113736459106,19,0,0,0
9132,2,0.0003424853560253243,0,0,0,0
9133,1,8.143475578562613e-05,0,0,0,0
9134,2,2.1028958765891965e-05,0,0,0,0
9135,2,0.0003240204121722871,0,0,0,0
9136,2,0.0004420137115260902,0,0,0,0
9137,2,0.00025792647859937705,0,0,0,0
9138,2,6.380323457125241e-05,0,0,0,0
9139,2,0.00010272021897794115,0,0,0,0
9140,2,0.000317162171781297,0,0,0,0
9141,2,0.0002562814467050949,0,0,0,0
9142,2,0.00033510671762208545,0,0,0,0
9143,2,0.0001911066462366966,0,0,0,0
9144,2,0.0002716598723317751,0,0,0,0
9145,2,0.00014148303170359003,0,0,0,0
9146,2,7.187246719761323e-05,0,0,0,0
9147,2,0.00022721066191722965,0,0,0,0
9148,2,0.00020207257875608993,0,0,0,0
9149,2,0.00016424835359234361,0,0,0,0
9150,2,0.0002472511313438803,0,0,0,0
9151,2,0.0003009057052924039,0,0,0,0
9152,2,0.0004247356310645369,0,0,0,0
9153,2,0.0004770541710504527,18,0,0,0
9154,2,0.0005229307024875702,0,0,0,0
9155,1,0.0001696093971763036,0,0,0,0
9156,2,0.00023362112006503587,0,0,0,0
9157,2,0.00034549363411864073,3249,0,0,0
9158,2,0.00026433248795669094,0,0,0,0
9159,2,0.00012833460128158428,0,0,0,0
9160,2,0.0003670529313810971,0,0,0,0
9161,2,0.00018399449552151796,0,0,0,0
9162,2,0.00023635682320759919,0,0,0,0
9163,2,8.989696210057601e-05,0,0,0,0
9164,2,0.00011276694431566743,0,0,0,0
9165,2,8.875349783929555e-05,0,0,0,0
9166,2,6.087138320776992e-05,0,0,0,0
9167,2,2.0013879611680778e-05,0,0,0,0
9168,2,7.349639917418191e-05,0,0,0,0
9169,2,0.00029690663279769987,0,0,0,0
9170,2,0.0002028094234219,0,0,0,0
9171,2,0.00028569915943416844,0,0,0,0
9172,2,0.000737988965294201,0,0,0,0
9173,2,2.8740778698246837e-05,0,0,0,0
9174,1,3.2936581226716026e-05,0,0,0,0
9175,2,0.00030839232736677155,0,0,0,0
9176,2,0.00012707264110295267,0,0,0,0
9177,2,0.0007396895312386665,0,0,0,0
9178,1,0.0002119906593558706,0,0,0,0
9179,2,8.747336103867325e-05,0,0,0,0
9180,2,8.104827966024348e-05,0,0,0,0
9181,2,0.00019011658471450475,0,0,0,0
9182,2,0.000421891927487378,0,0,0,0
9183,2,7.714051315580382e-05,0,0,0,0
9184,2,9.899212811127627e-05,0,0,0,0
9185,2,0.00019717040115524762,0,0,0,0
9186,2,0.00048174214508208004,0,0,0,0
9187,2,0.00027262709014581405,0,0,0,0
9188,2,0.000184794072077693,0,0,0,0
9189,2,0.0003183456210348537,0,0,0,0
9190,2,0.0004444428519626759,0,0,0,0
9191,2,5.799124127536964e-05,0,0,0,0
9192,2,0.00017829344308825112,327,0,0,0
9193,2,0.00024311683512836447,0,0,0,0
9194,1,0.00013330514602778802,0,0,0,0
9195,2,0.000294037402649133,0,0,0,0
9196,1,3.749529679643138e-05,0,0,0,0
9197,2,6.653984412360316e-05,0,0,0,0
9198,2,8.943582832601413e-05,0,0,0,0
9199,2,9.088277931433416e-05,0,0,0,0
9200,2,0.00039473420555103295,0,0,0,0
9201,2,0.00014043633028202143,0,0,0,0
9202,2,0.00031388735231451756,0,0,0,0
9203,2,2.419080964673664e-06,0,0,0,0
9204,2,0.0003671104309419211,0,0,0,0
9205,1,6.88004465276098e-06,0,0,0,0
9206,1,3.9374500408467714e-05,0,0,0,0
9207,2,0.0006250307843245351,0,0,0,0
9208,2,0.00028499675311458207,411,0,0,0
9209,2,4.343201638686221e-05,0,0,0,0
9210,2,0.00013779487674367414,0,0,0,0
9211,2,0.00025628661410436935,0,0,0,0
9212,2,0.00017944893347269407,0,0,0,0
9213,2,0.0010194626430301665,0,0,0,0
9214,2,0.0002611910868101393,0,0,0,0
9215,2,0.00013095481598805782,0,0,0,0
9216,2,0.0005973818946151826,0,0,0,0
9217,1,0.0003282652059971345,0,0,0,0
9218,2,4.064308620641671e-05,0,0,0,0
9219,2,0.0003673720278464693,0,0,0,0
9220,2,0.0002039115998194082,0,0,0,0
9221,1,1.667029313363599e-05,0,0,0,0
9222,2,9.740006380904801e-05,0,0,0,0
9223,2,3.521191304154853e-05,1012,0,0,0
9224,2,0.00015394323153468758,0,0,0,0
9225,2,3.226072578658214e-05,0,0,0,0
9226,1,2.7940160721179008e-05,0,0,0,0
9227,2,7.891862472472186e-05,0,0,0,0
9228,2,0.000230669303762858,0,0,0,0
9229,2,0.00032584276663334027,0,0,0,0
9230,2,2.429048533358841e-05,0,0,0,0
9231,2,0.00022292478843173304,0,0,0,0
9232,2,8.933462864338848e-05,0,0,0,0
9233,2,0.00020806951901232242,0,0,0,0
9234,2,0.00021271450683873325,0,0,0,0
9235,2,0.0005727633485177799,0,0,0,0
9236,2,0.00028846658646685953,0,0,0,0
9237,2,0.00033044060524547867,0,0,0,0
9238,2,0.00017124247810063306,0,0,0,0
9239,1,0.00012734119513044942,0,0,0,0
9240,1,0.000141564009780069,0,0,0,0
9241,2,0.00021683978670683737,0,0,0,0
9242,1,2.313840188110795e-05,0,0,0,0
9243,2,0.000266099079671679,0,0,0,0
9244,2,0.00018078023366014314,0,0,0,0
9245,2,0.000531435249031021,0,0,0,0
9246,2,0.00032398164288539253,1591,0,0,0
9247,2,0.00020658636710714197,0,0,0,0
9248,2,9.492882286782962e-05,0,0,0,0
9249,2,0.0004250256344706291,0,0,0,0
9250,1,0.0001759097126373021,0,0,0,0
9251,2,0.0002958317138498879,0,0,0,0
9252,2,0.00018522834504982008,0,0,0,0
9253,2,0.00047489810603469336,0,0,0,0
9254,2,0.00014085002210659166,0,0,0,0
9255,2,0.00041368497798645256,0,0,0,0
9256,1,0.0003081570890554178,0,0,0,0
9257,2,0.0004126485671778324,0,0,0,0
9258,1,4.8489898757075655e-05,0,0,0,0
9259,2,0.00027897013759263143,534,0,0,0
9260,2,0.0004283272230697795,0,0,0,0
9261,2,0.00020174017215098686,0,0,0,0
9262,2,0.0002458089601869572,0,0,0,0
9263,2,0.0002481298905223337,0,0,0,0
9264,2,2.1020555531145877e-05,0,0,0,0
9265,2,0.00018996529574812757,113,0,0,0
9266,2,0.00038142833272085267,0,0,0,0
9267,2,0.0003004494227338812,0,0,0,0
9268,2,0.00010736512631579954,0,0,0,0
9269,2,0.0001164017949219571,0,0,0,0
9270,2,9.924094688060766e-05,0,0,0,0
9271,2,0.00036912400746139947,0,0,0,0
9272,2,0.00013696781572746368,0,0,0,0
9273,2,5.707713081203729e-05,0,0,0,0
9274,2,0.000247683451709322,0,0,0,0
9275,2,0.0005190407341482582,0,0,0,0
9276,2,0.0001114301615339777,0,0,0,0
9277,1,0.00026669491688101945,0,0,0,0
9278,2,0.00042209096026727923,0,0,0,0
9279,2,0.0004299920057418808,3333,0,0,0
9280,2,0.0001608361432677132,0,0,0,0
9281,2,4.770932027171742e-05,0,0,0,0
9282,2,0.00020150934683883564,0,0,0,0
9283,2,0.00013073340723167463,0,0,0,0
9284,2,0.0001638818164277581,0,0,0,0
9285,2,0.00015469552088269404,0,0,0,0
9286,2,9.654172815519555e-05,0,0,0,0
9287,2,0.00036047038734017154,0,0,0,0
9288,2,0.0003068804996945024,0,0,0,0
9289,2,0.00010889776282765731,202,0,0,0
9290,2,0.0003023915053522224,0,0,0,0
9291,2,0.00023730948126835452,0,0,0,0
9292,2,0.00030865134288369654,0,0,0,0
9293,2,0.00016792820538820302,0,0,0,0
9294,1,0.00020710821826344037,1179,0,0,0
9295,2,0.00025570181759096693,0,0,0,0
9296,2,0.00015524008953934362,0,0,0,0
9297,2,0.00022596898812676366,0,0,0,0
9298,1,1.884621773666902e-05,0,0,0,0
9299,2,0.00019972764174442937,0,0,0,0
9300,2,0.00035924717681061713,0,0,0,0
9301,2,0.00011127532189769332,0,0,0,0
9302,2,0.00024043449983767915,0,0,0,0
9303,2,0.00018733027029953285,0,0,0,0
9304,2,0.00013405767574182863,0,0,0,0
9305,1,0.0001607623059035421,2566,0,0,0
9306,2,0.00029957459160844695,0,0,0,0
9307,2,0.000342833125363127,0,0,0,0
9308,2,7.05346384225779e-05,0,0,0,0
9309,2,0.0003998152258428742,0,0,0,0
9310,2,0.00013072023750777549,0,0,0,0
9311,2,0.00014046564451969298,0,0,0,0
9312,2,2.085020070909178e-05,0,0,0,0
9313,2,3.015866636427246e-05,0,0,0,0
9314,1,8.795555703780063e-05,0,0,0,0
9315,2,0.0006187918611411016,0,0,0,0
9316,2,0.0001745524718844699,0,0,0,0
9317,2,0.00018657525970369672,0,0,0,0
9318,2,5.0967819321112374e-05,0,0,0,0
9319,2,0.0002731573385950697,0,0,0,0
9320,2,0.0005018571505621886,0,0,0,0
9321,2,0.0005035420991800939,0,0,0,0
9322,2,6.324567524540139e-05,978,0,0,0
9323,2,0.00017056126282677126,0,0,0,0
9324,2,0.0004420279748947696,0,0,0,0
9325,2,0.0003561445337834173,0,0,0,0
9326,2,0.0005122081893697208,0,0,0,0
9327,2,0.00013006341151777147,0,0,0,0
9328,1,7.99377056947074e-05,0,0,0,0
9329,2,0.00031859166785390734,1832,0,0,0
9330,2,0.0001330414052422808,0,0,0,0
9331,1,0.0001896726749541145,0,0,0,0
9332,2,1.9414646336214405e-05,7,0,0,0
9333,2,0.00031550717221283137,0,0,0,0
9334,2,0.00042408917694425764,0,0,0,0
9335,2,0.00023771812804953215,64,0,0,0
9336,2,8.833990616797369e-05,0,0,0,0
9337,1,0.0002196764695836844,0,0,0,0
9338,2,0.00016974842800376855,64,0,0,0
9339,2,8.382857464340591e-05,0,0,0,0
9340,2,0.00015309861336253562,0,0,0,0
9341,2,0.00014184524843110033,0,0,0,0
9342,2,0.00018193129060397443,0,0,0,0
9343,2,0.00030866074807962124,0,0,0,0
9344,2,0.00025988579155548263,0,0,0,0
9345,1,8.196930330742648e-05,0,0,0,0
9346,2,0.0005293455307795012,0,0,0,0
9347,2,0.00028870929466455844,0,0,0,0
9348,2,8.002965989771198e-05,0,0,0,0
9349,2,0.00011024208062981563,0,0,0,0
9350,1,3.949450581716059e-05,0,0,0,0
9351,2,0.0003543502893161772,0,0,0,0
9352,2,2.4703392436415426e-05,0,0,0,0
9353,2,0.00023886425972926257,0,0,0,0
9354,2,7.003953502447742e-05,0,0,0,0
9355,2,0.0001134874257656626,0,0,0,0
9356,2,0.00018018879578443964,0,0,0,0
9357,2,0.00015279837472475513,0,0,0,0
9358,2,4.575470316335174e-05,0,0,0,0
9359,2,0.0004099671026636517,16,0,0,0
9360,2,0.00044092896412250757,0,0,0,0
9361,2,0.0002752082659368643,0,0,0,0
9362,2,2.625371129353211e-05,0,0,0,0
9363,2,0.00016182899306226408,0,0,0,0
9364,2,0.00017256864804793173,0,0,0,0
9365,2,0.0004679027996184924,0,0,0,0
9366,2,0.0003170512771653171,0,0,0,0
9367,2,7.43766861602566e-05,0,0,0,0
9368,2,0.00040770050039562244,0,0,0,0
9369,2,0.00018263920623339428,0,0,0,0
9370,2,0.0002965265620263968,0,0,0,0
9371,2,0.0006792175374878403,0,0,0,0
9372,1,4.012039153366986e-05,0,0,0,0
9373,2,0.00022155583062906769,0,0,0,0
9374,2,0.00024731192910633647,0,0,0,0
9375,2,0.00018883503589497904,0,0,0,0
9376,2,0.0001513569176529408,0,0,0,0
9377,2,0.0002746229289182197,0,0,0,0
9378,2,0.00010281238050111456,0,0,0,0
9379,2,0.0003572292528032819,0,0,0,0
9380,2,0.0002057665219018623,0,0,0,0
9381,2,0.00048184038379385817,0,0,0,0
9382,1,1.7099476572011177e-05,0,0,0,0
9383,2,0.0007641706180627832,0,0,0,0
9384,2,0.00019895507851992522,0,0,0,0
9385,2,0.00013541693862651716,0,0,0,0
9386,2,0.0002675975359248394,0,0,0,0
9387,2,0.0001352839173627001,0,0,0,0
9388,2,0.0005033769793087142,0,0,0,0
9389,2,0.0003607270646909672,0,0,0,0
9390,2,6.658579451938244e-05,0,0,0,0
9391,2,0.0007266146165371774,0,0,0,0
9392,2,0.00011449088805024323,0,0,0,0
9393,2,0.00011038751925176539,0,0,0,0
9394,2,0.0002524966413374126,0,0,0,0
9395,2,0.00018612835797845686,0,0,0,0
9396,2,0.00019985771517136848,0,0,0,0
9397,2,0.0001502042482007423,0,0,0,0
9398,2,0.00029870272026139043,170,0,0,0
9399,2,0.0007750289245621309,0,0,0,0
9400,2,0.00035042805347886106,0,0,0,0
9401,2,0.00020364045786269502,0,0,0,0
9402,2,0.0003211583670493208,0,0,0,0
9403,2,0.00035752324950532905,0,0,0,0
9404,2,0.000685004195150802,0,0,0,0
9405,2,0.0002587193533992601,0,0,0,0
9406,2,0.00024890576270065063,0,0,0,0
9407,2,0.00021745167487785948,0,0,0,0
9408,2,0.00021480967970974202,0,0,0,0
9409,2,0.0006350035656306525,0,0,0,0
9410,2,0.00026404218465290156,0,0,0,0
9411,2,0.0002324930042173076,0,0,0,0
9412,2,3.13272146097029e-05,0,0,0,0
9413,2,0.0005538077804096791,0,0,0,0
9414,2,0.00029399503768291356,0,0,0,0
9415,2,3.745150240168426e-05,0,0,0,0
9416,2,0.00010530843399529912,0,0,0,0
9417,2,0.0003811822970582382,0,0,0,0
9418,1,4.107059548948289e-05,0,0,0,0
9419,1,0.0002660540235190905,0,0,0,0
9420,2,7.835444125530397e-05,0,0,0,0
9421,2,0.0005808781079146415,0,0,0,0
9422,2,0.00021418601319013523,0,0,0,0
9423,2,6.045488850597498e-05,0,0,0,0
9424,2,0.00022993467905075359,0,0,0,0
9425,2,0.00020794601888725982,0,0,0,0
9426,2,0.0001480555001156895,21,0,0,0
9427,2,0.00010632377385399737,0,0,0,0
9428,2,8.027511513615545e-05,0,0,0,0
9429,2,9.232394088060161e-05,0,0,0,0
9430,2,0.00022301299032807928,0,0,0,0
9431,2,0.00037089276900467136,0,0,0,0
9432,2,0.000246586211371727,0,0,0,0
9433,2,0.00012547189509020353,0,0,0,0
9434,2,0.00033891704709995967,0,0,0,0
9435,2,6.946444752230575e-05,0,0,0,0
9436,2,0.00010331422046082971,0,0,0,0
9437,2,0.0005074664131017295,0,0,0,0
9438,2,0.00030270175286020105,0,0,0,0
9439,2,0.000166836114151495,0,0,0,0
9440,2,0.00046394582436363693,0,0,0,0
9441,1,0.00032538075499687514,0,0,0,0
9442,1,0.00030194843588094057,0,0,0,0
9443,2,0.0001250833233231091,26,0,0,0
9444,2,0.00018911384173647507,0,0,0,0
9445,2,0.0003106912181841139,0,0,0,0
9446,2,0.0002499387338194267,0,0,0,0
9447,2,0.00019120792568664766,0,0,0,0
9448,2,7.943914508493568e-05,0,0,0,0
9449,2,0.00018324646738735535,0,0,0,0
9450,2,0.0004607435614193385,0,0,0,0
9451,2,0.00036294146164762283,121,0,0,0
9452,2,0.0003793648190769001,0,0,0,0
9453,2,0.00029972512016011193,0,0,0,0
9454,2,6.76468804887875e-05,0,0,0,0
9455,2,5.489203530161485e-05,0,0,0,0
9456,2,0.00030659659148231486,0,0,0,0
9457,2,0.00011608108481974232,0,0,0,0
9458,2,0.00029342583683626683,0,0,0,0
9459,2,0.00016130414503825628,0,0,0,0
9460,2,7.636047143839717e-05,0,0,0,0
9461,2,0.00012084822527609267,0,0,0,0
9462,2,0.00022081181328187255,4779,0,0,0
9463,2,0.00018956003347047538,0,0,0,0
9464,2,0.00013230404076472506,0,0,0,0
9465,2,0.0004860396538032161,0,0,0,0
9466,2,7.608603465853451e-05,0,0,0,0
9467,2,0.00010005162406175119,0,0,0,0
9468,2,5.1690722853889276e-05,0,0,0,0
9469,2,0.00012212709070559975,0,0,0,0
9470,2,5.8716043031543435e-05,0,0,0,0
9471,2,0.00022841895269700433,0,0,0,0
9472,2,0.00014470293392083268,753,0,0,0
9473,2,0.0004589766836399804,0,0,0,0
9474,2,0.00015098949002094835,0,0,0,0
9475,2,0.0005675550991952907,0,0,0,0
9476,2,0.00010869520858224778,0,0,0,0
9477,2,0.0002086641780094991,0,0,0,0
9478,2,0.00015589492601665114,0,0,0,0
9479,2,0.0006744050621134564,0,0,0,0
9480,2,0.0011016793504921125,0,0,0,0
9481,2,3.857169306030196e-05,0,0,0,0
9482,1,0.00013983375795993046,0,0,0,0
9483,2,2.6056485992035226e-05,0,0,0,0
9484,2,0.0001248459195771807,111,0,0,0
9485,2,0.0005695756702265988,0,0,0,0
9486,2,0.0004262448981758903,0,0,0,0
9487,2,0.0005656131127916062,0,0,0,0
9488,2,9.700729885215986e-05,245,0,0,0
9489,2,0.00026063656671225776,0,0,0,0
9490,2,0.00026743524362669304,0,0,0,0
9491,2,0.0001219301323066722,0,0,0,0
9492,2,0.00023758863269880316,0,0,0,0
9493,2,0.00012176345162360442,0,0,0,0
9494,2,0.00013276857170993307,0,0,0,0
9495,2,9.682390851908743e-05,0,0,0,0
9496,2,0.00023156397798010497,0,0,0,0
9497,2,0.00028774117031628494,0,0,0,0
9498,2,0.0004078027528110565,0,0,0,0
9499,2,0.00026052442686025064,0,0,0,0
9500,2,0.0001891066569595636,0,0,0,0
9501,2,9.858110320064995e-05,0,0,0,0
9502,2,0.0002050115624656016,0,0,0,0
9503,2,0.0001505212869112285,0,0,0,0
9504,2,7.766472939689871e-05,0,0,0,0
9505,2,0.00022888873397568693,0,0,0,0
9506,2,0.0005775261926512823,0,0,0,0
9507,2,7.585308602854805e-05,0,0,0,0
9508,2,0.0005279277692261288,0,0,0,0
9509,2,0.00021869655221095496,0,0,0,0
9510,2,0.00030445776108973236,0,0,0,0
9511,2,0.00019325250536652452,0,0,0,0
9512,1,4.2518897382829316e-05,0,0,0,0
9513,1,6.898805631416026e-05,0,0,0,0
9514,2,0.0002521963739941448,160,0,0,0
9515,2,0.000276058303564605,0,0,0,0
9516,2,7.457319278460686e-05,0,0,0,0
9517,2,0.00016697537267755159,0,0,0,0
9518,2,0.00015091531370598935,0,0,0,0
9519,2,0.00016276879112285723,0,0,0,0
9520,1,3.4568360402113296e-05,0,0,0,0
9521,2,0.0001349491181717953,0,0,0,0
9522,2,0.00024264936683614233,0,0,0,0
9523,2,0.00047626811657595247,0,0,0,0
9524,1,2.490944013492446e-05,0,0,0,0
9525,2,3.0231722530306858e-05,0,0,0,0
9526,2,0.0005905248859566638,0,0,0,0
9527,2,0.0006257307308237223,0,0,0,0
9528,2,0.00033113056744698204,0,0,0,0
9529,2,0.00026410863445560214,0,0,0,0
9530,1,5.128368917672451e-06,0,0,0,0
9531,2,0.0002817360472199135,0,0,0,0
9532,2,5.836771471978738e-05,0,0,0,0
9533,1,0.00012731777136086497,0,0,0,0
9534,1,0.0005156398173039622,0,0,0,0
9535,2,0.00020878652081391874,0,0,0,0
9536,2,0.0001050553414767785,1296,0,0,0
9537,2,0.0003462832482528608,3461,0,0,0
9538,1,0.0002101889199958715,0,0,0,0
9539,2,0.00024283069014756654,0,0,0,0
9540,1,0.0001931066931413186,22,0,0,0
9541,1,6.448138586930081e-05,0,0,0,0
9542,2,0.00028795812154790563,0,0,0,0
9543,1,0.00039874899124301235,0,0,0,0
9544,2,0.00020587168173938345,0,0,0,0
9545,2,0.00016198778779944947,0,0,0,0
9546,2,0.0002594967512239578,0,0,0,0
9547,2,0.000133733898355118,0,0,0,0
9548,2,0.0001845632838952425,0,0,0,0
9549,2,0.0008298964761753423,0,0,0,0
9550,2,2.8798494737981357e-05,0,0,0,0
9551,2,9.250403659422996e-05,0,0,0,0
9552,2,0.0002225078666278732,0,0,0,0
9553,2,0.00020984448053031708,0,0,0,0
9554,2,4.3046894454672534e-05,0,0,0,0
9555,2,0.0005017635108314216,0,0,0,0
9556,2,8.893296009695563e-05,0,0,0,0
9557,2,0.00020800584453304973,0,0,0,0
9558,2,0.00018226827591781358,0,0,0,0
9559,2,2.824178710077265e-05,0,0,0,0
9560,2,0.0001084057123637402,0,0,0,0
9561,2,0.0003755669734713603,0,0,0,0
9562,2,0.0004925939857883702,0,0,0,0
9563,2,0.0002656600231311657,0,0,0,0
9564,2,0.0002733079204351961,0,0,0,0
9565,2,0.0005246050832427645,0,0,0,0
9566,2,4.558066669957057e-05,0,0,0,0
9567,2,0.00022326528174263042,0,0,0,0
9568,2,0.0002042228356327861,0,0,0,0
9569,2,0.0001842330922303033,0,0,0,0
9570,1,0.00010278330232866362,0,0,0,0
9571,2,0.00013168244559918208,0,0,0,0
9572,2,0.00023442244660218828,0,0,0,0
9573,2,0.00036799828886258893,0,0,0,0
9574,2,0.0002711204218133821,0,0,0,0
9575,2,8.594254106359737e-05,0,0,0,0
9576,2,0.0003254825999092278,0,0,0,0
9577,2,0.00028476036510711013,0,0,0,0
9578,2,0.00012609934836301808,0,0,0,0
9579,2,0.0002627641446176529,0,0,0,0
9580,2,0.0001851786500182351,0,0,0,0
9581,1,0.00032496120766134094,0,0,0,0
9582,2,0.0002045273917939603,0,0,0,0
9583,2,0.0001134534286549469,0,0,0,0
9584,2,4.743594874734315e-05,0,0,0,0
9585,2,8.520256960163776e-05,0,0,0,0
9586,2,3.05530709884373e-05,0,0,0,0
9587,2,0.0005871585875740751,0,0,0,0
9588,1,0.0003688497962974158,0,0,0,0
9589,2,0.00031994788487560595,0,0,0,0
9590,1,0.0001635270715857862,0,0,0,0
9591,2,7.880382986120784e-05,0,0,0,0
9592,1,3.739735797244283e-05,0,0,0,0
9593,2,2.811467813186583e-05,0,0,0,0
9594,2,0.0007344012817089941,0,0,0,0
9595,2,0.00011274023861871647,0,0,0,0
9596,2,0.0002461710935336329,0,0,0,0
9597,2,9.85946227625429e-05,0,0,0,0
9598,2,0.0003003115212881298,0,0,0,0
9599,2,0.0007352193777233455,0,0,0,0
9600,2,0.00030231663996204246,0,0,0,0
9601,2,0.0003631346966277185,0,0,0,0
9602,2,4.368455628493617e-05,0,0,0,0
9603,2,0.0002599766887399334,0,0,0,0
9604,2,0.0006806079374930187,0,0,0,0
9605,2,0.0002575661890856693,0,0,0,0
9606,2,0.00024273476024821257,0,0,0,0
9607,2,4.782464515095377e-05,0,0,0,0
9608,2,1.2780546964429291e-05,0,0,0,0
9609,2,0.0002002677838798271,0,0,0,0
9610,2,0.00012028749920957846,0,0,0,0
9611,2,0.00033798849777988573,0,0,0,0
9612,2,7.732881059122265e-05,0,0,0,0
9613,2,0.0003764886086026198,0,0,0,0
9614,1,0.000427745037458497,0,0,0,0
9615,2,0.0004550268328861614,0,0,0,0
9616,2,0.0001338971784368823,0,0,0,0
9617,2,4.0362693163174744e-05,0,0,0,0
9618,1,8.224783900645181e-05,0,0,0,0
9619,2,0.00021033795553407266,0,0,0,0
9620,2,0.00044768673082154324,0,0,0,0
9621,2,0.00027187631435464447,0,0,0,0
9622,1,0.00018950658165048972,0,0,0,0
9623,2,0.0003779291487051058,0,0,0,0
9624,2,0.00014754307773167592,0,0,0,0
9625,2,0.0003956453140254628,0,0,0,0
9626,2,0.00017693606475508645,0,0,0,0
9627,1,0.00026833631733184465,0,0,0,0
9628,2,0.00027115767757061654,0,0,0,0
9629,1,0.0002112518158230845,22,0,0,0
9630,2,0.00019953783995456278,0,0,0,0
9631,2,0.0005654794290742906,0,0,0,0
9632,2,0.00019196763587364348,0,0,0,0
9633,2,2.6729905663509483e-05,0,0,0,0
9634,2,3.269700748031844e-05,0,0,0,0
9635,2,0.00026999101148143513,0,0,0,0
9636,2,0.0003677051557468472,0,0,0,0
9637,2,0.00016185877154217525,0,0,0,0
9638,1,7.838531934729029e-05,0,0,0,0
9639,2,0.00015408598875317803,0,0,0,0
9640,2,0.0002718249088164732,0,0,0,0
9641,1,5.516409943346399e-05,0,0,0,0
9642,2,0.0006048877562900566,0,0,0,0
9643,2,0.00014465285732498113,0,0,0,0
9644,2,0.00013518004947267183,0,0,0,0
9645,1,0.00010856689234530352,0,0,0,0
9646,2,0.00021849679695376423,0,0,0,0
9647,1,2.9840944522704907e-05,0,0,0,0
9648,2,0.00025629709649059145,0,0,0,0
9649,2,0.0004828696151424761,0,0,0,0
9650,2,3.711833077223713e-05,0,0,0,0
9651,1,0.00012224530915251532,0,0,0,0
9652,2,6.040164400578268e-05,0,0,0,0
9653,2,0.0002841708238418174,0,0,0,0
9654,2,0.00014119223825997658,0,0,0,0
9655,2,9.187723526810468e-05,0,0,0,0
9656,2,0.00011700780636917327,0,0,0,0
9657,1,8.84844899799343e-05,0,0,0,0
9658,2,0.000292204677753675,2715,0,0,0
9659,2,0.00013436281822274047,0,0,0,0
9660,2,0.00012947143142121628,0,0,0,0
9661,2,0.00020034622775191814,0,0,0,0
9662,2,4.068866129530476e-05,0,0,0,0
9663,2,0.00030145454570423374,0,0,0,0
9664,2,0.00035836504851021096,0,0,0,0
9665,2,0.0005883441098782186,193,0,0,0
9666,2,0.00017352880363139884,0,0,0,0
9667,1,4.671704909186856e-05,2007,0,0,0
9668,2,0.0004628542978887187,0,0,0,0
9669,2,0.000411746663816943,0,0,0,0
9670,2,0.00021042997863486172,0,0,0,0
9671,2,0.00012177912451450546,0,0,0,0
9672,2,0.00023186563746682275,0,0,0,0
9673,2,0.0002475187893983858,26,0,0,0
9674,1,0.0002495946844619386,0,0,0,0
9675,2,9.232441190459159e-05,0,0,0,0
9676,2,0.0002837254824456008,0,0,0,0
9677,1,0.00016658230740481476,0,0,0,0
9678,2,0.0002120399552397323,0,0,0,0
9679,2,0.00024535104775224453,0,0,0,0
9680,2,0.0001321382199375696,1019,0,0,0
9681,1,2.426510244808938e-05,0,0,0,0
9682,2,0.00013025319231931863,0,0,0,0
9683,2,0.0001241343324290215,0,0,0,0
9684,2,0.00013622390931023482,0,0,0,0
9685,2,0.0005472605815050223,0,0,0,0
9686,2,7.231555697157149e-05,0,0,0,0
9687,2,0.000286993022598867,0,0,0,0
9688,2,0.0004205931457719343,0,0,0,0
9689,1,1.721115459525017e-05,0,0,0,0
9690,2,0.0002804712533241101,0,0,0,0
9691,2,2.3900168606523865e-05,0,0,0,0
9692,2,0.00020047892725109972,0,0,0,0
9693,1,0.00011126770560510573,0,0,0,0
9694,2,6.039400227641243e-06,0,0,0,0
9695,2,6.32360987301593e-05,0,0,0,0
9696,2,0.00015702768152862264,0,0,0,0
9697,2,0.0007007393221205678,0,0,0,0
9698,2,0.00018543067963744308,0,0,0,0
9699,2,0.00014767380981478697,0,0,0,0
9700,2,0.0008238420519126497,0,0,0,0
9701,2,0.00020187773997068793,0,0,0,0
9702,2,4.3659046926948896e-05,0,0,0,0
9703,1,0.00014236108542136516,0,0,0,0
9704,2,0.0004333390055323821,0,0,0,0
9705,2,0.00018378404245532491,0,0,0,0
9706,2,0.00017541560825654813,0,0,0,0
9707,2,0.00032761862409169716,0,0,0,0
9708,2,0.000431717103676316,0,0,0,0
9709,2,0.00037467482596750617,0,0,0,0
9710,2,0.0003936248882785794,0,0,0,0
9711,2,0.00010671106711679071,0,0,0,0
9712,2,0.00011141596504753403,0,0,0,0
9713,2,0.00022899243843287818,0,0,0,0
9714,2,0.000517822569457437,0,0,0,0
9715,2,0.0007067890344915201,0,0,0,0
9716,2,1.891459003944975e-05,0,0,0,0
9717,2,0.00036917540578814263,0,0,0,0
9718,1,0.00017422468207369286,0,0,0,0
9719,1,4.448030422885677e-05,0,0,0,0
9720,2,0.00010221775342228394,0,0,0,0
9721,1,3.506757226834346e-05,0,0,0,0
9722,2,0.0005872839322172375,0,0,0,0
9723,2,0.0002573707225815496,0,0,0,0
9724,2,9.489725365259915e-05,0,0,0,0
9725,1,0.0003636569820875407,0,0,0,0
9726,2,0.00022217977491577567,7,0,0,0
9727,2,0.00021230753843592024,0,0,0,0
9728,2,0.0003546995202750567,0,0,0,0
9729,2,0.0002191623751284692,0,0,0,0
9730,2,0.0003110103094611621,0,0,0,0
9731,2,0.00024618136745529546,0,0,0,0
9732,2,0.00010445607027105035,0,0,0,0
9733,2,0.0002490332618384124,0,0,0,0
9734,2,4.1362232962259355e-05,0,0,0,0
9735,2,0.00025199254326580917,0,0,0,0
9736,1,6.392308763530599e-05,0,0,0,0
9737,2,8.35740307201178e-05,0,0,0,0
9738,2,7.229177694488606e-05,0,0,0,0
9739,2,0.00015579289975908237,0,0,0,0
9740,2,0.00041226593344534244,5043,0,0,0
9741,2,0.00012223779739793832,0,0,0,0
9742,1,9.31638984271546e-05,0,0,0,0
9743,2,0.00017258146514513112,0,0,0,0
9744,2,0.00021140236919027955,0,0,0,0
9745,2,0.00014354758056706686,0,0,0,0
9746,1,8.997569835258058e-05,0,0,0,0
9747,2,7.276195999802941e-05,0,0,0,0
9748,2,0.00010058483975315561,0,0,0,0
9749,2,0.0002717149764271017,0,0,0,0
9750,1,9.942758701809588e-05,0,0,0,0
9751,1,0.0002431684328087853,0,0,0,0
9752,1,6.0418098831080963e-05,0,0,0,0
9753,2,0.00010322995469518224,0,0,0,0
9754,1,8.05444035103994e-05,0,0,0,0
9755,2,0.0003355713596063263,0,0,0,0
9756,2,0.00019503668843334234,0,0,0,0
9757,2,0.00038992631970231586,0,0,0,0
9758,2,0.0002527991770600539,0,0,0,0
9759,2,0.0003849523964183386,0,0,0,0
9760,2,0.00032830251114682754,0,0,0,0
9761,2,0.0005507213034784923,0,0,0,0
9762,2,0.00011135609840626378,0,0,0,0
9763,2,0.00012730959987462473,0,0,0,0
9764,2,0.00019698447465169483,0,0,0,0
9765,2,0.0002097550357872911,719,0,0,0
9766,2,0.000417745805518148,0,0,0,0
9767,1,0.0006602635328719727,4774,0,0,0
9768,2,0.00023259496236059692,0,0,0,0
9769,2,9.22255915020765e-05,0,0,0,0
9770,2,0.0004615988032384864,0,0,0,0
9771,2,0.0002896299318636243,0,0,0,0
9772,2,0.00011589408248178976,0,0,0,0
9773,2,0.00021883166955662613,0,0,0,0
9774,1,1.712567341683208e-05,407,0,0,0
9775,2,0.00016852908641396455,0,0,0,0
9776,2,0.0004424823621671504,0,0,0,0
9777,1,7.873873483433966e-05,0,0,0,0
9778,2,0.00018347558703727106,0,0,0,0
9779,2,0.00020135684070830343,0,0,0,0
9780,2,0.00011085529809261776,0,0,0,0
9781,1,0.0005386684081902183,0,0,0,0
9782,2,0.00010987045335243584,0,0,0,0
9783,1,6.626121118681426e-05,0,0,0,0
9784,2,0.00010427687305322896,0,0,0,0
9785,2,0.00028915063434506504,0,0,0,0
9786,2,0.00018035858443671846,0,0,0,0
9787,2,9.939617808041391e-05,0,0,0,0
9788,2,8.241110528076248e-05,0,0,0,0
9789,2,0.0001353559529233589,0,0,0,0
9790,2,0.0001308161298225274,0,0,0,0
9791,2,0.0003091676857576731,0,0,0,0
9792,2,8.019724623162942e-05,0,0,0,0
9793,2,0.0005195753245798841,0,0,0,0
9794,2,0.0001246750550649693,0,0,0,0
9795,2,0.0002765103216010969,0,0,0,0
9796,1,9.722741158649776e-05,2662,0,0,0
9797,2,0.00042031039478754794,0,0,0,0
9798,2,0.00033688442045829846,0,0,0,0
9799,2,2.0866926186981672e-05,0,0,0,0
9800,2,0.0001398609822520002,0,0,0,0
9801,2,0.0001359478729193419,0,0,0,0
9802,2,0.0003578969770146552,0,0,0,0
9803,2,9.527553587221673e-05,7,0,0,0
9804,2,0.00014606598682984743,0,0,0,0
9805,2,0.00015317851031289756,0,0,0,0
9806,2,0.0007297484107692846,0,0,0,0
9807,1,2.7000320946260727e-05,0,0,0,0
9808,2,0.00011591338982555195,0,0,0,0
9809,2,0.000321758672786499,0,0,0,0
9810,2,0.00014405936101430508,0,0,0,0
9811,2,0.0005579039296585566,881,0,0,0
9812,2,9.521023172492422e-05,0,0,0,0
9813,2,0.0003611927105190778,0,0,0,0
9814,2,0.00017859052643520593,0,0,0,0
9815,2,0.00011874217720047701,0,0,0,0
9816,2,0.0006637627144937053,0,0,0,0
9817,2,0.00017267419476190836,0,0,0,0
9818,2,8.254249733412256e-05,0,0,0,0
9819,2,0.00023809626566494873,0,0,0,0
9820,2,0.00023175746689620076,0,0,0,0
9821,2,0.00037275087550520586,0,0,0,0
9822,2,0.0003542215244413121,0,0,0,0
9823,2,0.0008224850576575478,0,0,0,0
9824,2,0.00014707797768327463,0,0,0,0
9825,1,5.2575829233305595e-05,0,0,0,0
9826,1,0.00010482162357878501,0,0,0,0
9827,2,0.0002667860837950352,0,0,0,0
9828,2,0.00010717162012436642,0,0,0,0
9829,2,0.000203721076594578,0,0,0,0
9830,2,0.0003164831637926098,0,0,0,0
9831,2,0.0003619127577450157,0,0,0,0
9832,2,0.00024171121598956426,0,0,0,0
9833,2,7.590591249550494e-05,0,0,0,0
9834,2,0.0001845915843844183,0,0,0,0
9835,2,0.00025102453850485825,0,0,0,0
9836,2,0.00018652961792113437,0,0,0,0
9837,2,0.00017610681436744675,0,0,0,0
9838,1,0.00028515798928014215,0,0,0,0
9839,2,0.00026822959049177075,0,0,0,0
9840,2,7.95136762340666e-05,0,0,0,0
9841,1,0.000427590098962139,0,0,0,0
9842,2,6.84668773065778e-05,0,0,0,0
9843,2,0.00036499325098258365,0,0,0,0
9844,2,0.0002504188651993858,0,0,0,0
9845,2,0.0002798930562205144,0,0,0,0
9846,2,0.0005927019323854252,0,0,0,0
9847,2,0.00018442962867295162,0,0,0,0
9848,2,0.0002994234282536248,0,0,0,0
9849,2,0.00016601720859302793,0,0,0,0
9850,2,0.00016960153721540784,0,0,0,0
9851,2,0.0004556737163967773,0,0,0,0
9852,2,0.0001965820930580679,7,0,0,0
9853,2,0.00013412680381596256,0,0,0,0
9854,1,3.799568318006359e-05,0,0,0,0
9855,2,0.00030518440850764726,0,0,0,0
9856,1,3.1328374743527586e-05,0,0,0,0
9857,2,0.00014795024459430135,0,0,0,0
9858,1,0.00020985043405449732,0,0,0,0
9859,2,0.00010935374675387974,0,0,0,0
9860,2,0.00016265178090030846,0,0,0,0
9861,2,5.643397881513243e-05,0,0,0,0
9862,2,4.953144603680684e-05,0,0,0,0
9863,1,2.804766878532152e-06,0,0,0,0
9864,2,0.0005752557716254329,0,0,0,0
9865,2,4.71478831130784e-05,0,0,0,0
9866,2,0.0004941510268838223,0,0,0,0
9867,2,0.0001441827014464528,0,0,0,0
9868,2,0.00037766386519847935,7,0,0,0
9869,2,4.02351862397338e-05,0,0,0,0
9870,2,0.00010359312281842052,0,0,0,0
9871,1,0.0003489932165708815,0,0,0,0
9872,2,0.00033192632832621855,0,0,0,0
9873,2,0.0001242715769380126,0,0,0,0
9874,1,0.00044252441338220815,0,0,0,0
9875,2,0.0006251583672810604,0,0,0,0
9876,1,1.6321049156736758e-05,0,0,0,0
9877,2,0.00021396023573755588,0,0,0,0
9878,1,8.97748544368027e-05,0,0,0,0
9879,2,0.0002286654569953845,0,0,0,0
9880,2,0.00021787488850030044,0,0,0,0
9881,2,0.000437635924465761,0,0,0,0
9882,2,0.0001869133172419051,0,0,0,0
9883,2,0.00021423319155039553,0,0,0,0
9884,2,0.00032866767639986265,0,0,0,0
9885,2,0.00014340779100585702,0,0,0,0
9886,2,9.0191303005455e-05,0,0,0,0
9887,2,0.0003885193149614254,0,0,0,0
9888,2,0.00023694670263755272,0,0,0,0
9889,2,0.00011804419138353596,0,0,0,0
9890,2,0.00023880654976158558,0,0,0,0
9891,2,0.00022383433884589108,0,0,0,0
9892,1,3.742869728029368e-05,0,0,0,0
9893,2,0.0005250644821875838,0,0,0,0
9894,1,6.851084346396681e-05,0,0,0,0
9895,2,6.619381709771107e-05,0,0,0,0
9896,2,1.1408604626634834e-05,0,0,0,0
9897,2,0.0003448813884333624,0,0,0,0
9898,1,2.0367511493946004e-05,0,0,0,0
9899,1,0.00024537599282077333,0,0,0,0
9900,1,0.00011163646353702728,0,0,0,0
9901,2,7.742816343282029e-05,0,0,0,0
9902,2,7.771345053837267e-05,0,0,0,0
9903,2,0.0002558476407601113,0,0,0,0
9904,2,0.0002378557452712588,7,0,0,0
9905,1,4.1609881269179784e-05,0,0,0,0
9906,2,0.00035801018720142555,0,0,0,0
9907,2,0.00010383489766645012,0,0,0,0
9908,2,0.00019949411293807752,0,0,0,0
9909,2,0.00020663464542316977,0,0,0,0
9910,2,0.00015944846676972264,0,0,0,0
9911,2,0.00036510638935850016,0,0,0,0
9912,2,0.0002235691272903501,0,0,0,0
9913,2,0.00024088512565156685,0,0,0,0
9914,2,0.0002525465063459994,0,0,0,0
9915,2,0.0005980899300495185,274,0,0,0
9916,2,7.525892102503853e-05,0,0,0,0
9917,2,0.0001666982401913746,0,0,0,0
9918,1,0.00019219969982786316,202,0,0,0
9919,2,6.608241953381655e-05,0,0,0,0
9920,1,0.00010232822106281847,0,0,0,0
9921,2,0.00017304562196727684,0,0,0,0
9922,2,0.00043268222637818187,0,0,0,0
9923,1,9.770922644326327e-05,0,0,0,0
9924,2,0.00034975085726747653,0,0,0,0
9925,1,5.703862488455995e-07,0,0,0,0
9926,2,0.00026244267264541706,0,0,0,0
9927,2,2.9903678642603988e-05,17,0,0,0
9928,2,7.694174207486198e-05,0,0,0,0
9929,2,7.651816529379563e-05,0,0,0,0
9930,2,0.00017840253111801638,0,0,0,0
9931,2,0.0005017407786502042,0,0,0,0
9932,2,0.0004492608004134969,0,0,0,0
9933,2,8.864081263816243e-05,0,0,0,0
9934,2,0.00028593251314029173,0,0,0,0
9935,2,0.00039622639830445703,0,0,0,0
9936,2,0.00021279272220172126,0,0,0,0
9937,2,3.0481812345074778e-05,0,0,0,0
9938,2,0.0007714949267120753,0,0,0,0
9939,2,0.0002982725864771291,0,0,0,0
9940,2,0.0002040431851916779,0,0,0,0
9941,2,6.742207949270652e-05,0,0,0,0
9942,2,0.00038842799105352993,0,0,0,0
9943,2,0.000515293917085878,0,0,0,0
9944,2,0.0002945303910027104,0,0,0,0
9945,2,0.00036462163765452194,0,0,0,0
9946,2,0.00040936786061066216,0,0,0,0
9947,2,0.0008651034217900445,0,0,0,0
9948,2,0.0005492030404032774,7,0,0,0
9949,2,0.00035400020179861096,0,0,0,0
9950,2,0.00012951983724540046,0,0,0,0
9951,2,0.00015871887681168927,0,0,0,0
9952,2,6.965880802404174e-05,0,0,0,0
9953,2,0.0001582020249359467,0,0,0,0
9954,2,0.0003916861039282455,0,0,0,0
9955,2,0.00034323029183285273,0,0,0,0
9956,2,0.00021270078717224567,0,0,0,0
9957,1,9.984716296840691e-05,0,0,0,0
9958,1,0.00011960080551874647,0,0,0,0
9959,1,0.00017830650046378596,0,0,0,0
9960,2,0.0002006369163366352,0,0,0,0
9961,2,8.48929836663934e-05,0,0,0,0
9962,2,7.432328977315038e-05,0,0,0,0
9963,2,0.00022397475299628538,0,0,0,0
9964,1,0.00011673363701756916,0,0,0,0
9965,2,0.0002290512548998943,0,0,0,0
9966,2,7.804990593780185e-05,0,0,0,0
9967,2,0.00019997962162957199,0,0,0,0
9968,2,7.82341986314275e-05,0,0,0,0
9969,2,0.00013769758095999983,0,0,0,0
9970,1,5.8342585994433924e-05,0,0,0,0
9971,2,0.0001693170493740129,35,0,0,0
9972,1,2.5762042635147767e-05,0,0,0,0
9973,2,9.031235830464322e-05,133,0,0,0
9974,1,0.0005092306156762801,0,0,0,0
9975,1,2.2097037254801104e-05,0,0,0,0
9976,2,0.00015253691395078706,0,0,0,0
9977,2,0.00010499587461122071,0,0,0,0
9978,1,1.6456559556771412e-06,400,0,0,0
9979,2,0.0006834099788106957,5016,0,0,0
9980,1,0.00015086382502344254,0,0,0,0
9981,2,0.00029147264807577705,0,0,0,0
9982,1,7.779278654479212e-05,0,0,0,0
9983,2,0.00014319412077652048,0,0,0,0
9984,2,0.00017132827427620298,3249,0,0,0
9985,2,0.00013806452905294116,0,0,0,0
9986,1,7.101021374549995e-05,0,0,0,0
9987,2,0.00011278127519381765,0,0,0,0
9988,2,0.00021327549329922183,0,0,0,0
9989,2,0.0001356261791706441,0,0,0,0
9990,2,0.00015273894890721992,0,0,0,0
9991,2,0.000337638726385771,0,0,0,0
9992,1,0.00012431183588103675,0,0,0,0
9993,2,0.0002448145286434643,0,0,0,0
9994,2,7.08404928015949e-05,0,0,0,0
9995,2,9.327429771595192e-05,0,0,0,0
9996,2,0.0002291627102754912,0,0,0,0
9997,2,0.0006733583039950392,0,0,0,0
9998,1,0.0003828251699963316,0,0,0,0
9999,1,9.989589841278479e-05,0,0,0,0
