n,k,risk,U_anytime,U_per_time,L1,L2
1.000000000000000000e+00,1.000000000000000000e+00,1.536776889016104874e-01,1.000000000000000000e+00,1.000000000000000000e+00,5.435913494390085532e-01,2.972232304976087924e-01
2.000000000000000000e+00,1.000000000000000000e+00,1.536776889016104874e-01,9.984562885934843424e-01,9.987334852044719158e-01,5.435913494390085532e-01,2.972232304976087924e-01
3.000000000000000000e+00,1.000000000000000000e+00,1.536776889016104874e-01,9.773304530956987701e-01,9.806282772289166560e-01,5.435913494390085532e-01,2.972232304976087924e-01
4.000000000000000000e+00,1.000000000000000000e+00,1.536776889016104874e-01,9.380963182335798622e-01,9.459029694434005764e-01,5.435913494390085532e-01,2.972232304976087924e-01
5.000000000000000000e+00,2.000000000000000000e+00,1.923806551648877261e-01,9.560732087417863623e-01,9.656505267144398497e-01,7.049054017195409694e-01,7.437886373627389247e-02
6.000000000000000000e+00,2.000000000000000000e+00,1.923806551648877261e-01,9.209768922057294249e-01,9.341847366050805013e-01,7.049054017195409694e-01,7.437886373627389247e-02
7.000000000000000000e+00,2.000000000000000000e+00,5.350474461564531242e-02,8.844115860284834651e-01,9.003087650483684312e-01,3.444002688807481505e-01,1.545304885587667765e-01
8.000000000000000000e+00,2.000000000000000000e+00,5.350474461564531242e-02,8.844115860284834651e-01,8.665269120301958283e-01,3.444002688807481505e-01,1.545304885587667765e-01
9.000000000000000000e+00,2.000000000000000000e+00,5.350474461564531242e-02,8.087465708666060626e-01,8.339914750513134356e-01,3.444002688807481505e-01,1.545304885587667765e-01
1.000000000000000000e+01,2.000000000000000000e+00,9.017251746762048464e-03,7.773822258357541148e-01,8.031837432928627951e-01,1.484052213965904865e-01,1.981063494329630414e-01
1.100000000000000000e+01,2.000000000000000000e+00,9.017251746762048464e-03,7.773822258357541148e-01,7.742556390481049045e-01,1.484052213965904865e-01,1.981063494329630414e-01
1.200000000000000000e+01,2.000000000000000000e+00,9.017251746762048464e-03,7.160820803211284113e-01,7.471986535634159710e-01,1.484052213965904865e-01,1.981063494329630414e-01
1.300000000000000000e+01,2.000000000000000000e+00,9.017251746762048464e-03,7.160820803211284113e-01,7.219286355227462204e-01,1.484052213965904865e-01,1.981063494329630414e-01
1.400000000000000000e+01,2.000000000000000000e+00,9.017251746762048464e-03,6.635251589369245417e-01,6.983289979257342184e-01,1.484052213965904865e-01,1.981063494329630414e-01
1.500000000000000000e+01,2.000000000000000000e+00,9.017251746762048464e-03,6.635251589369245417e-01,6.762728599142101560e-01,1.484052213965904865e-01,1.981063494329630414e-01
1.600000000000000000e+01,2.000000000000000000e+00,9.017251746762048464e-03,6.635251589369245417e-01,6.547706462961758733e-01,1.484052213965904865e-01,1.981063494329630414e-01
1.700000000000000000e+01,2.000000000000000000e+00,9.017251746762048464e-03,5.915281699244890889e-01,6.340210943705050228e-01,1.484052213965904865e-01,1.981063494329630414e-01
1.800000000000000000e+01,2.000000000000000000e+00,9.017251746762048464e-03,5.915281699244890889e-01,6.146645148807391434e-01,1.484052213965904865e-01,1.981063494329630414e-01
1.900000000000000000e+01,2.000000000000000000e+00,9.017251746762048464e-03,5.915281699244890889e-01,5.965684235234619548e-01,1.484052213965904865e-01,1.981063494329630414e-01
2.000000000000000000e+01,2.000000000000000000e+00,9.017251746762048464e-03,5.347043649250906583e-01,5.796146968193924831e-01,1.484052213965904865e-01,1.981063494329630414e-01
2.100000000000000000e+01,2.000000000000000000e+00,9.017251746762048464e-03,5.347043649250906583e-01,5.636983372779628132e-01,1.484052213965904865e-01,1.981063494329630414e-01
2.200000000000000000e+01,2.000000000000000000e+00,9.017251746762048464e-03,5.347043649250906583e-01,5.487260967944950218e-01,1.484052213965904865e-01,1.981063494329630414e-01
2.300000000000000000e+01,2.000000000000000000e+00,9.017251746762048464e-03,5.347043649250906583e-01,5.346151237261610456e-01,1.484052213965904865e-01,1.981063494329630414e-01
2.400000000000000000e+01,2.000000000000000000e+00,9.017251746762048464e-03,4.730334452155655067e-01,5.212917085747731383e-01,1.484052213965904865e-01,1.981063494329630414e-01
2.500000000000000000e+01,2.000000000000000000e+00,9.017251746762048464e-03,4.730334452155655067e-01,5.086901565864531127e-01,1.484052213965904865e-01,1.981063494329630414e-01
2.600000000000000000e+01,2.000000000000000000e+00,9.017251746762048464e-03,4.730334452155655067e-01,4.966036458763418149e-01,1.484052213965904865e-01,1.981063494329630414e-01
2.700000000000000000e+01,2.000000000000000000e+00,9.017251746762048464e-03,4.730334452155655067e-01,4.847808018236389183e-01,1.484052213965904865e-01,1.981063494329630414e-01
2.800000000000000000e+01,2.000000000000000000e+00,9.017251746762048464e-03,4.240762815944058572e-01,4.735766412742040687e-01,1.484052213965904865e-01,1.981063494329630414e-01
2.900000000000000000e+01,2.000000000000000000e+00,9.017251746762048464e-03,4.240762815944058572e-01,4.629420138264034867e-01,1.484052213965904865e-01,1.981063494329630414e-01
3.000000000000000000e+01,2.000000000000000000e+00,9.017251746762048464e-03,4.240762815944058572e-01,4.528328827930513945e-01,1.484052213965904865e-01,1.981063494329630414e-01
3.100000000000000000e+01,2.000000000000000000e+00,9.017251746762048464e-03,4.240762815944058572e-01,4.432096845454395750e-01,1.484052213965904865e-01,1.981063494329630414e-01
3.200000000000000000e+01,2.000000000000000000e+00,9.017251746762048464e-03,4.240762815944058572e-01,4.340367788187129983e-01,1.484052213965904865e-01,1.981063494329630414e-01
3.300000000000000000e+01,2.000000000000000000e+00,9.017251746762048464e-03,3.752987829771863293e-01,4.252819761646184360e-01,1.484052213965904865e-01,1.981063494329630414e-01
3.400000000000000000e+01,2.000000000000000000e+00,9.017251746762048464e-03,3.752987829771863293e-01,4.169161308029810109e-01,1.484052213965904865e-01,1.981063494329630414e-01
3.500000000000000000e+01,2.000000000000000000e+00,9.017251746762048464e-03,3.752987829771863293e-01,4.089127889447854436e-01,1.484052213965904865e-01,1.981063494329630414e-01
3.600000000000000000e+01,2.000000000000000000e+00,9.017251746762048464e-03,3.752987829771863293e-01,4.012478842296561266e-01,1.484052213965904865e-01,1.981063494329630414e-01
3.700000000000000000e+01,2.000000000000000000e+00,9.017251746762048464e-03,3.752987829771863293e-01,3.937078355921898587e-01,1.484052213965904865e-01,1.981063494329630414e-01
3.800000000000000000e+01,2.000000000000000000e+00,9.017251746762048464e-03,3.369486861755803253e-01,3.864444756173436857e-01,1.484052213965904865e-01,1.981063494329630414e-01
3.900000000000000000e+01,2.000000000000000000e+00,9.017251746762048464e-03,3.369486861755803253e-01,3.794776389995856425e-01,1.484052213965904865e-01,1.981063494329630414e-01
4.000000000000000000e+01,2.000000000000000000e+00,9.017251746762048464e-03,3.369486861755803253e-01,3.727886968850811500e-01,1.484052213965904865e-01,1.981063494329630414e-01
4.100000000000000000e+01,2.000000000000000000e+00,9.017251746762048464e-03,3.369486861755803253e-01,3.663605828702488076e-01,1.484052213965904865e-01,1.981063494329630414e-01
4.200000000000000000e+01,2.000000000000000000e+00,9.017251746762048464e-03,3.369486861755803253e-01,3.601776309633002993e-01,1.484052213965904865e-01,1.981063494329630414e-01
4.300000000000000000e+01,2.000000000000000000e+00,9.017251746762048464e-03,3.369486861755803253e-01,3.542254333379886155e-01,1.484052213965904865e-01,1.981063494329630414e-01
4.400000000000000000e+01,2.000000000000000000e+00,9.017251746762048464e-03,3.369486861755803253e-01,3.484907151286172899e-01,1.484052213965904865e-01,1.981063494329630414e-01
4.500000000000000000e+01,2.000000000000000000e+00,9.017251746762048464e-03,2.942322199897798307e-01,3.429612239388922235e-01,1.484052213965904865e-01,1.981063494329630414e-01
4.600000000000000000e+01,2.000000000000000000e+00,9.017251746762048464e-03,2.942322199897798307e-01,3.376256320902509267e-01,1.484052213965904865e-01,1.981063494329630414e-01
4.700000000000000000e+01,2.000000000000000000e+00,9.017251746762048464e-03,2.942322199897798307e-01,3.324524633145886643e-01,1.484052213965904865e-01,1.981063494329630414e-01
4.800000000000000000e+01,2.000000000000000000e+00,9.017251746762048464e-03,2.942322199897798307e-01,3.273553181955522473e-01,1.484052213965904865e-01,1.981063494329630414e-01
4.900000000000000000e+01,2.000000000000000000e+00,9.017251746762048464e-03,2.942322199897798307e-01,3.224313509689332169e-01,1.484052213965904865e-01,1.981063494329630414e-01
5.000000000000000000e+01,2.000000000000000000e+00,9.017251746762048464e-03,2.942322199897798307e-01,3.176714676387900615e-01,1.484052213965904865e-01,1.981063494329630414e-01
5.100000000000000000e+01,2.000000000000000000e+00,9.017251746762048464e-03,2.942322199897798307e-01,3.130672155768977061e-01,1.484052213965904865e-01,1.981063494329630414e-01
5.200000000000000000e+01,2.000000000000000000e+00,9.017251746762048464e-03,2.613840832222788513e-01,3.086107271793818163e-01,1.484052213965904865e-01,1.981063494329630414e-01
5.300000000000000000e+01,2.000000000000000000e+00,9.017251746762048464e-03,2.613840832222788513e-01,3.042946694047868883e-01,1.484052213965904865e-01,1.981063494329630414e-01
5.400000000000000000e+01,2.000000000000000000e+00,9.017251746762048464e-03,2.613840832222788513e-01,3.001121984874948745e-01,1.484052213965904865e-01,1.981063494329630414e-01
5.500000000000000000e+01,2.000000000000000000e+00,9.017251746762048464e-03,2.613840832222788513e-01,2.960569192153301166e-01,1.484052213965904865e-01,1.981063494329630414e-01
5.600000000000000000e+01,2.000000000000000000e+00,9.017251746762048464e-03,2.613840832222788513e-01,2.921228482416295957e-01,1.484052213965904865e-01,1.981063494329630414e-01
5.700000000000000000e+01,2.000000000000000000e+00,9.017251746762048464e-03,2.613840832222788513e-01,2.883043809709561200e-01,1.484052213965904865e-01,1.981063494329630414e-01
5.800000000000000000e+01,2.000000000000000000e+00,9.017251746762048464e-03,2.613840832222788513e-01,2.845743220918857674e-01,1.484052213965904865e-01,1.981063494329630414e-01
5.900000000000000000e+01,2.000000000000000000e+00,9.017251746762048464e-03,2.613840832222788513e-01,2.809024677152160421e-01,1.484052213965904865e-01,1.981063494329630414e-01
6.000000000000000000e+01,2.000000000000000000e+00,9.017251746762048464e-03,2.613840832222788513e-01,2.773355764213803476e-01,1.484052213965904865e-01,1.981063494329630414e-01
6.100000000000000000e+01,2.000000000000000000e+00,9.017251746762048464e-03,2.285313179582481313e-01,2.738690007977264140e-01,1.484052213965904865e-01,1.981063494329630414e-01
6.200000000000000000e+01,2.000000000000000000e+00,9.017251746762048464e-03,2.285313179582481313e-01,2.704983706885393246e-01,1.484052213965904865e-01,1.981063494329630414e-01
6.300000000000000000e+01,2.000000000000000000e+00,9.017251746762048464e-03,2.285313179582481313e-01,2.672195725097429864e-01,1.484052213965904865e-01,1.981063494329630414e-01
6.400000000000000000e+01,2.000000000000000000e+00,9.017251746762048464e-03,2.285313179582481313e-01,2.640287304058056561e-01,1.484052213965904865e-01,1.981063494329630414e-01
6.500000000000000000e+01,2.000000000000000000e+00,9.017251746762048464e-03,2.285313179582481313e-01,2.609221890591502668e-01,1.484052213965904865e-01,1.981063494329630414e-01
6.600000000000000000e+01,2.000000000000000000e+00,9.017251746762048464e-03,2.285313179582481313e-01,2.578964979844521332e-01,1.484052213965904865e-01,1.981063494329630414e-01
6.700000000000000000e+01,2.000000000000000000e+00,9.017251746762048464e-03,2.285313179582481313e-01,2.549483971594088128e-01,1.484052213965904865e-01,1.981063494329630414e-01
6.800000000000000000e+01,2.000000000000000000e+00,9.017251746762048464e-03,2.285313179582481313e-01,2.520748038602935170e-01,1.484052213965904865e-01,1.981063494329630414e-01
6.900000000000000000e+01,2.000000000000000000e+00,9.017251746762048464e-03,2.285313179582481313e-01,2.492608734111609603e-01,1.484052213965904865e-01,1.981063494329630414e-01
7.000000000000000000e+01,2.000000000000000000e+00,9.017251746762048464e-03,2.285313179582481313e-01,2.464836808111940114e-01,1.484052213965904865e-01,1.981063494329630414e-01
7.100000000000000000e+01,2.000000000000000000e+00,9.017251746762048464e-03,2.006380046853690757e-01,2.437749925690921582e-01,1.484052213965904865e-01,1.981063494329630414e-01
7.200000000000000000e+01,2.000000000000000000e+00,9.017251746762048464e-03,2.006380046853690757e-01,2.411321885757372885e-01,1.484052213965904865e-01,1.981063494329630414e-01
7.300000000000000000e+01,2.000000000000000000e+00,9.017251746762048464e-03,2.006380046853690757e-01,2.385527839958755114e-01,1.484052213965904865e-01,1.981063494329630414e-01
7.400000000000000000e+01,2.000000000000000000e+00,9.017251746762048464e-03,2.006380046853690757e-01,2.360344205140329221e-01,1.484052213965904865e-01,1.981063494329630414e-01
7.500000000000000000e+01,2.000000000000000000e+00,9.017251746762048464e-03,2.006380046853690757e-01,2.335748582584369626e-01,1.484052213965904865e-01,1.981063494329630414e-01
7.600000000000000000e+01,2.000000000000000000e+00,9.017251746762048464e-03,2.006380046853690757e-01,2.311719683420589144e-01,1.484052213965904865e-01,1.981063494329630414e-01
7.700000000000000000e+01,2.000000000000000000e+00,9.017251746762048464e-03,2.006380046853690757e-01,2.288237259661070055e-01,1.484052213965904865e-01,1.981063494329630414e-01
7.800000000000000000e+01,2.000000000000000000e+00,9.017251746762048464e-03,2.006380046853690757e-01,2.265282040367294913e-01,1.484052213965904865e-01,1.981063494329630414e-01
7.900000000000000000e+01,2.000000000000000000e+00,9.017251746762048464e-03,2.006380046853690757e-01,2.242835672506497680e-01,1.484052213965904865e-01,1.981063494329630414e-01
8.000000000000000000e+01,2.000000000000000000e+00,9.017251746762048464e-03,2.006380046853690757e-01,2.220861769287642562e-01,1.484052213965904865e-01,1.981063494329630414e-01
8.100000000000000000e+01,2.000000000000000000e+00,9.017251746762048464e-03,2.006380046853690757e-01,2.199082901701115700e-01,1.484052213965904865e-01,1.981063494329630414e-01
8.200000000000000000e+01,2.000000000000000000e+00,9.017251746762048464e-03,2.006380046853690757e-01,2.177776483253943962e-01,1.484052213965904865e-01,1.981063494329630414e-01
8.300000000000000000e+01,2.000000000000000000e+00,9.017251746762048464e-03,1.749826760924720059e-01,2.156926613323663366e-01,1.484052213965904865e-01,1.981063494329630414e-01
8.400000000000000000e+01,2.000000000000000000e+00,9.017251746762048464e-03,1.749826760924720059e-01,2.136518114505301935e-01,1.484052213965904865e-01,1.981063494329630414e-01
8.500000000000000000e+01,2.000000000000000000e+00,9.017251746762048464e-03,1.749826760924720059e-01,2.116536491319050695e-01,1.484052213965904865e-01,1.981063494329630414e-01
8.600000000000000000e+01,2.000000000000000000e+00,9.017251746762048464e-03,1.749826760924720059e-01,2.096967891743883594e-01,1.484052213965904865e-01,1.981063494329630414e-01
8.700000000000000000e+01,2.000000000000000000e+00,9.017251746762048464e-03,1.749826760924720059e-01,2.077799071353303162e-01,1.484052213965904865e-01,1.981063494329630414e-01
8.800000000000000000e+01,2.000000000000000000e+00,9.017251746762048464e-03,1.749826760924720059e-01,2.059017359848303308e-01,1.484052213965904865e-01,1.981063494329630414e-01
8.900000000000000000e+01,2.000000000000000000e+00,9.017251746762048464e-03,1.749826760924720059e-01,2.040610629801344889e-01,1.484052213965904865e-01,1.981063494329630414e-01
9.000000000000000000e+01,2.000000000000000000e+00,9.017251746762048464e-03,1.749826760924720059e-01,2.022567267441525429e-01,1.484052213965904865e-01,1.981063494329630414e-01
9.100000000000000000e+01,2.000000000000000000e+00,9.017251746762048464e-03,1.749826760924720059e-01,2.004876145326049686e-01,1.484052213965904865e-01,1.981063494329630414e-01
9.200000000000000000e+01,2.000000000000000000e+00,9.017251746762048464e-03,1.749826760924720059e-01,1.987374362111291315e-01,1.484052213965904865e-01,1.981063494329630414e-01
9.300000000000000000e+01,2.000000000000000000e+00,9.017251746762048464e-03,1.749826760924720059e-01,1.970152409205071231e-01,1.484052213965904865e-01,1.981063494329630414e-01
9.400000000000000000e+01,2.000000000000000000e+00,9.017251746762048464e-03,1.749826760924720059e-01,1.953260251156735128e-01,1.484052213965904865e-01,1.981063494329630414e-01
9.500000000000000000e+01,2.000000000000000000e+00,9.017251746762048464e-03,1.749826760924720059e-01,1.936688086932124853e-01,1.484052213965904865e-01,1.981063494329630414e-01
9.600000000000000000e+01,2.000000000000000000e+00,9.017251746762048464e-03,1.538229695287303411e-01,1.920426509461331255e-01,1.484052213965904865e-01,1.981063494329630414e-01
9.700000000000000000e+01,2.000000000000000000e+00,9.017251746762048464e-03,1.538229695287303411e-01,1.904466485737278947e-01,1.484052213965904865e-01,1.981063494329630414e-01
9.800000000000000000e+01,2.000000000000000000e+00,9.017251746762048464e-03,1.538229695287303411e-01,1.888799338121465998e-01,1.484052213965904865e-01,1.981063494329630414e-01
9.900000000000000000e+01,2.000000000000000000e+00,9.017251746762048464e-03,1.538229695287303411e-01,1.873416726771260088e-01,1.484052213965904865e-01,1.981063494329630414e-01
1.000000000000000000e+02,2.000000000000000000e+00,9.017251746762048464e-03,1.538229695287303411e-01,1.858310633110495935e-01,1.484052213965904865e-01,1.981063494329630414e-01
1.010000000000000000e+02,2.000000000000000000e+00,9.017251746762048464e-03,1.538229695287303411e-01,1.843473344271582548e-01,1.484052213965904865e-01,1.981063494329630414e-01
1.020000000000000000e+02,2.000000000000000000e+00,9.017251746762048464e-03,1.538229695287303411e-01,1.828897438442317058e-01,1.484052213965904865e-01,1.981063494329630414e-01
1.030000000000000000e+02,2.000000000000000000e+00,9.017251746762048464e-03,1.538229695287303411e-01,1.814536566161630837e-01,1.484052213965904865e-01,1.981063494329630414e-01
1.040000000000000000e+02,2.000000000000000000e+00,9.017251746762048464e-03,1.538229695287303411e-01,1.800311142941388443e-01,1.484052213965904865e-01,1.981063494329630414e-01
1.050000000000000000e+02,2.000000000000000000e+00,9.017251746762048464e-03,1.538229695287303411e-01,1.786331975847026687e-01,1.484052213965904865e-01,1.981063494329630414e-01
1.060000000000000000e+02,2.000000000000000000e+00,9.017251746762048464e-03,1.538229695287303411e-01,1.772592448115102026e-01,1.484052213965904865e-01,1.981063494329630414e-01
1.070000000000000000e+02,2.000000000000000000e+00,9.017251746762048464e-03,1.538229695287303411e-01,1.759086183581370644e-01,1.484052213965904865e-01,1.981063494329630414e-01
1.080000000000000000e+02,2.000000000000000000e+00,9.017251746762048464e-03,1.538229695287303411e-01,1.745807035678042796e-01,1.484052213965904865e-01,1.981063494329630414e-01
1.090000000000000000e+02,2.000000000000000000e+00,9.017251746762048464e-03,1.538229695287303411e-01,1.732749077035442842e-01,1.484052213965904865e-01,1.981063494329630414e-01
1.100000000000000000e+02,2.000000000000000000e+00,9.017251746762048464e-03,1.538229695287303411e-01,1.719906589649719819e-01,1.484052213965904865e-01,1.981063494329630414e-01
1.110000000000000000e+02,2.000000000000000000e+00,9.017251746762048464e-03,1.538229695287303411e-01,1.707274055580438321e-01,1.484052213965904865e-01,1.981063494329630414e-01
1.120000000000000000e+02,2.000000000000000000e+00,9.017251746762048464e-03,1.338842421991309484e-01,1.694846148144949771e-01,1.484052213965904865e-01,1.981063494329630414e-01
1.130000000000000000e+02,2.000000000000000000e+00,9.017251746762048464e-03,1.338842421991309484e-01,1.682617723578631597e-01,1.484052213965904865e-01,1.981063494329630414e-01
1.140000000000000000e+02,2.000000000000000000e+00,9.017251746762048464e-03,1.338842421991309484e-01,1.670583813132244244e-01,1.484052213965904865e-01,1.981063494329630414e-01
1.150000000000000000e+02,2.000000000000000000e+00,9.017251746762048464e-03,1.338842421991309484e-01,1.658662616970019155e-01,1.484052213965904865e-01,1.981063494329630414e-01
1.160000000000000000e+02,2.000000000000000000e+00,9.017251746762048464e-03,1.338842421991309484e-01,1.646891938217069640e-01,1.484052213965904865e-01,1.981063494329630414e-01
1.170000000000000000e+02,2.000000000000000000e+00,9.017251746762048464e-03,1.338842421991309484e-01,1.635305539134378483e-01,1.484052213965904865e-01,1.981063494329630414e-01
1.180000000000000000e+02,2.000000000000000000e+00,9.017251746762048464e-03,1.338842421991309484e-01,1.623898941462076639e-01,1.484052213965904865e-01,1.981063494329630414e-01
1.190000000000000000e+02,2.000000000000000000e+00,9.017251746762048464e-03,1.338842421991309484e-01,1.612667814277410905e-01,1.484052213965904865e-01,1.981063494329630414e-01
1.200000000000000000e+02,2.000000000000000000e+00,9.017251746762048464e-03,1.338842421991309484e-01,1.601607967894576323e-01,1.484052213965904865e-01,1.981063494329630414e-01
1.210000000000000000e+02,2.000000000000000000e+00,9.017251746762048464e-03,1.338842421991309484e-01,1.590715348068245938e-01,1.484052213965904865e-01,1.981063494329630414e-01
1.220000000000000000e+02,2.000000000000000000e+00,9.017251746762048464e-03,1.338842421991309484e-01,1.579986030483078174e-01,1.484052213965904865e-01,1.981063494329630414e-01
1.230000000000000000e+02,2.000000000000000000e+00,9.017251746762048464e-03,1.338842421991309484e-01,1.569416215512837998e-01,1.484052213965904865e-01,1.981063494329630414e-01
1.240000000000000000e+02,2.000000000000000000e+00,9.017251746762048464e-03,1.338842421991309484e-01,1.559002223233863227e-01,1.484052213965904865e-01,1.981063494329630414e-01
1.250000000000000000e+02,2.000000000000000000e+00,9.017251746762048464e-03,1.338842421991309484e-01,1.548740488678344296e-01,1.484052213965904865e-01,1.981063494329630414e-01
1.260000000000000000e+02,2.000000000000000000e+00,9.017251746762048464e-03,1.338842421991309484e-01,1.538627557313859417e-01,1.484052213965904865e-01,1.981063494329630414e-01
1.270000000000000000e+02,2.000000000000000000e+00,9.017251746762048464e-03,1.338842421991309484e-01,1.528574052823653273e-01,1.484052213965904865e-01,1.981063494329630414e-01
1.280000000000000000e+02,2.000000000000000000e+00,9.017251746762048464e-03,1.338842421991309484e-01,1.518663945885272704e-01,1.484052213965904865e-01,1.981063494329630414e-01
1.290000000000000000e+02,2.000000000000000000e+00,9.017251746762048464e-03,1.338842421991309484e-01,1.508895465860380647e-01,1.484052213965904865e-01,1.981063494329630414e-01
1.300000000000000000e+02,2.000000000000000000e+00,9.017251746762048464e-03,1.169016246912600171e-01,1.499265471054560817e-01,1.484052213965904865e-01,1.981063494329630414e-01
1.310000000000000000e+02,2.000000000000000000e+00,9.017251746762048464e-03,1.169016246912600171e-01,1.489770914154522063e-01,1.484052213965904865e-01,1.981063494329630414e-01
1.320000000000000000e+02,2.000000000000000000e+00,9.017251746762048464e-03,1.169016246912600171e-01,1.480408838658504589e-01,1.484052213965904865e-01,1.981063494329630414e-01
1.330000000000000000e+02,2.000000000000000000e+00,9.017251746762048464e-03,1.169016246912600171e-01,1.471176375468815911e-01,1.484052213965904865e-01,1.981063494329630414e-01
1.340000000000000000e+02,2.000000000000000000e+00,9.017251746762048464e-03,1.169016246912600171e-01,1.462070739638325623e-01,1.484052213965904865e-01,1.981063494329630414e-01
1.350000000000000000e+02,2.000000000000000000e+00,9.017251746762048464e-03,1.169016246912600171e-01,1.453089227262698846e-01,1.484052213965904865e-01,1.981063494329630414e-01
1.360000000000000000e+02,2.000000000000000000e+00,9.017251746762048464e-03,1.169016246912600171e-01,1.444229212510659832e-01,1.484052213965904865e-01,1.981063494329630414e-01
1.370000000000000000e+02,2.000000000000000000e+00,9.017251746762048464e-03,1.169016246912600171e-01,1.435488144785329601e-01,1.484052213965904865e-01,1.981063494329630414e-01
1.380000000000000000e+02,2.000000000000000000e+00,9.017251746762048464e-03,1.169016246912600171e-01,1.426849771379966325e-01,1.484052213965904865e-01,1.981063494329630414e-01
1.390000000000000000e+02,2.000000000000000000e+00,9.017251746762048464e-03,1.169016246912600171e-01,1.418271211567183610e-01,1.484052213965904865e-01,1.981063494329630414e-01
1.400000000000000000e+02,2.000000000000000000e+00,9.017251746762048464e-03,1.169016246912600171e-01,1.409806272647807224e-01,1.484052213965904865e-01,1.981063494329630414e-01
1.410000000000000000e+02,2.000000000000000000e+00,9.017251746762048464e-03,1.169016246912600171e-01,1.401452618767162484e-01,1.484052213965904865e-01,1.981063494329630414e-01
1.420000000000000000e+02,2.000000000000000000e+00,9.017251746762048464e-03,1.169016246912600171e-01,1.393207979118286921e-01,1.484052213965904865e-01,1.981063494329630414e-01
1.430000000000000000e+02,2.000000000000000000e+00,9.017251746762048464e-03,1.169016246912600171e-01,1.385070145660412255e-01,1.484052213965904865e-01,1.981063494329630414e-01
1.440000000000000000e+02,2.000000000000000000e+00,9.017251746762048464e-03,1.169016246912600171e-01,1.377036970933922799e-01,1.484052213965904865e-01,1.981063494329630414e-01
1.450000000000000000e+02,2.000000000000000000e+00,9.017251746762048464e-03,1.169016246912600171e-01,1.369106365966785421e-01,1.484052213965904865e-01,1.981063494329630414e-01
1.460000000000000000e+02,2.000000000000000000e+00,9.017251746762048464e-03,1.169016246912600171e-01,1.361276298268202789e-01,1.484052213965904865e-01,1.981063494329630414e-01
1.470000000000000000e+02,2.000000000000000000e+00,9.017251746762048464e-03,1.169016246912600171e-01,1.353544789904900514e-01,1.484052213965904865e-01,1.981063494329630414e-01
1.480000000000000000e+02,2.000000000000000000e+00,9.017251746762048464e-03,1.169016246912600171e-01,1.345909915656516020e-01,1.484052213965904865e-01,1.981063494329630414e-01
1.490000000000000000e+02,2.000000000000000000e+00,9.017251746762048464e-03,1.169016246912600171e-01,1.338369801245918589e-01,1.484052213965904865e-01,1.981063494329630414e-01
1.500000000000000000e+02,2.000000000000000000e+00,9.017251746762048464e-03,1.169016246912600171e-01,1.330904762015694687e-01,1.484052213965904865e-01,1.981063494329630414e-01
1.510000000000000000e+02,2.000000000000000000e+00,9.017251746762048464e-03,1.018627654365166918e-01,1.323494744458084960e-01,1.484052213965904865e-01,1.981063494329630414e-01
1.520000000000000000e+02,2.000000000000000000e+00,9.017251746762048464e-03,1.018627654365166918e-01,1.316175549364101138e-01,1.484052213965904865e-01,1.981063494329630414e-01
1.530000000000000000e+02,2.000000000000000000e+00,9.017251746762048464e-03,1.018627654365166918e-01,1.308945448982202497e-01,1.484052213965904865e-01,1.981063494329630414e-01
1.540000000000000000e+02,2.000000000000000000e+00,9.017251746762048464e-03,1.018627654365166918e-01,1.301802760089946498e-01,1.484052213965904865e-01,1.981063494329630414e-01
1.550000000000000000e+02,2.000000000000000000e+00,9.017251746762048464e-03,1.018627654365166918e-01,1.294745842548141457e-01,1.484052213965904865e-01,1.981063494329630414e-01
1.560000000000000000e+02,2.000000000000000000e+00,9.017251746762048464e-03,1.018627654365166918e-01,1.287773097911512343e-01,1.484052213965904865e-01,1.981063494329630414e-01
1.570000000000000000e+02,2.000000000000000000e+00,9.017251746762048464e-03,1.018627654365166918e-01,1.280882968093331464e-01,1.484052213965904865e-01,1.981063494329630414e-01
1.580000000000000000e+02,2.000000000000000000e+00,9.017251746762048464e-03,1.018627654365166918e-01,1.274073934081532689e-01,1.484052213965904865e-01,1.981063494329630414e-01
1.590000000000000000e+02,2.000000000000000000e+00,9.017251746762048464e-03,1.018627654365166918e-01,1.267344514704049907e-01,1.484052213965904865e-01,1.981063494329630414e-01
1.600000000000000000e+02,2.000000000000000000e+00,2.920118036769999131e-03,1.018627654365166918e-01,1.260693265441086564e-01,1.658906822103888845e-01,1.470373061124380099e-01
1.610000000000000000e+02,2.000000000000000000e+00,2.920118036769999131e-03,1.018627654365166918e-01,1.254118777282296759e-01,1.658906822103888845e-01,1.470373061124380099e-01
1.620000000000000000e+02,2.000000000000000000e+00,2.920118036769999131e-03,1.018627654365166918e-01,1.247603369802750134e-01,1.658906822103888845e-01,1.470373061124380099e-01
1.630000000000000000e+02,2.000000000000000000e+00,2.920118036769999131e-03,1.018627654365166918e-01,1.241134688340617825e-01,1.658906822103888845e-01,1.470373061124380099e-01
1.640000000000000000e+02,2.000000000000000000e+00,2.920118036769999131e-03,1.018627654365166918e-01,1.234739793002513492e-01,1.658906822103888845e-01,1.470373061124380099e-01
1.650000000000000000e+02,2.000000000000000000e+00,2.920118036769999131e-03,1.018627654365166918e-01,1.228417377581743491e-01,1.658906822103888845e-01,1.470373061124380099e-01
1.660000000000000000e+02,2.000000000000000000e+00,2.920118036769999131e-03,1.018627654365166918e-01,1.222166167203192350e-01,1.658906822103888845e-01,1.470373061124380099e-01
1.670000000000000000e+02,2.000000000000000000e+00,2.920118036769999131e-03,1.018627654365166918e-01,1.215984917376234514e-01,1.658906822103888845e-01,1.470373061124380099e-01
1.680000000000000000e+02,2.000000000000000000e+00,2.920118036769999131e-03,1.018627654365166918e-01,1.209872413082201809e-01,1.658906822103888845e-01,1.470373061124380099e-01
1.690000000000000000e+02,2.000000000000000000e+00,2.920118036769999131e-03,1.018627654365166918e-01,1.203827467894784259e-01,1.658906822103888845e-01,1.470373061124380099e-01
1.700000000000000000e+02,2.000000000000000000e+00,2.920118036769999131e-03,1.018627654365166918e-01,1.197848923132067700e-01,1.658906822103888845e-01,1.470373061124380099e-01
1.710000000000000000e+02,2.000000000000000000e+00,2.920118036769999131e-03,1.018627654365166918e-01,1.191935647038922935e-01,1.658906822103888845e-01,1.470373061124380099e-01
1.720000000000000000e+02,2.000000000000000000e+00,2.920118036769999131e-03,1.018627654365166918e-01,1.186086533998384068e-01,1.658906822103888845e-01,1.470373061124380099e-01
1.730000000000000000e+02,2.000000000000000000e+00,2.920118036769999131e-03,1.018627654365166918e-01,1.180300503770774917e-01,1.658906822103888845e-01,1.470373061124380099e-01
1.740000000000000000e+02,2.000000000000000000e+00,2.920118036769999131e-03,1.018627654365166918e-01,1.174564435205166374e-01,1.658906822103888845e-01,1.470373061124380099e-01
1.750000000000000000e+02,2.000000000000000000e+00,2.920118036769999131e-03,8.884340963149352233e-02,1.168865642982263447e-01,1.658906822103888845e-01,1.470373061124380099e-01
1.760000000000000000e+02,2.000000000000000000e+00,2.920118036769999131e-03,8.884340963149352233e-02,1.163227642888981367e-01,1.658906822103888845e-01,1.470373061124380099e-01
1.770000000000000000e+02,2.000000000000000000e+00,2.920118036769999131e-03,8.884340963149352233e-02,1.157649428570951683e-01,1.658906822103888845e-01,1.470373061124380099e-01
1.780000000000000000e+02,2.000000000000000000e+00,2.920118036769999131e-03,8.884340963149352233e-02,1.152130016249050953e-01,1.658906822103888845e-01,1.470373061124380099e-01
1.790000000000000000e+02,2.000000000000000000e+00,2.920118036769999131e-03,8.884340963149352233e-02,1.146668444081137134e-01,1.658906822103888845e-01,1.470373061124380099e-01
1.800000000000000000e+02,2.000000000000000000e+00,2.920118036769999131e-03,8.884340963149352233e-02,1.141263771545442396e-01,1.658906822103888845e-01,1.470373061124380099e-01
1.810000000000000000e+02,2.000000000000000000e+00,2.920118036769999131e-03,8.884340963149352233e-02,1.135915078844876441e-01,1.658906822103888845e-01,1.470373061124380099e-01
1.820000000000000000e+02,2.000000000000000000e+00,2.920118036769999131e-03,8.884340963149352233e-02,1.130621466331461072e-01,1.658906822103888845e-01,1.470373061124380099e-01
1.830000000000000000e+02,2.000000000000000000e+00,2.920118036769999131e-03,8.884340963149352233e-02,1.125382053949888911e-01,1.658906822103888845e-01,1.470373061124380099e-01
1.840000000000000000e+02,2.000000000000000000e+00,2.920118036769999131e-03,8.884340963149352233e-02,1.120195980699721788e-01,1.658906822103888845e-01,1.470373061124380099e-01
1.850000000000000000e+02,2.000000000000000000e+00,2.920118036769999131e-03,8.884340963149352233e-02,1.115062404115285261e-01,1.658906822103888845e-01,1.470373061124380099e-01
1.860000000000000000e+02,2.000000000000000000e+00,2.920118036769999131e-03,8.884340963149352233e-02,1.109973769502776847e-01,1.658906822103888845e-01,1.470373061124380099e-01
1.870000000000000000e+02,2.000000000000000000e+00,2.920118036769999131e-03,8.884340963149352233e-02,1.104912988575565136e-01,1.658906822103888845e-01,1.470373061124380099e-01
1.880000000000000000e+02,2.000000000000000000e+00,2.920118036769999131e-03,8.884340963149352233e-02,1.099902911180462017e-01,1.658906822103888845e-01,1.470373061124380099e-01
1.890000000000000000e+02,2.000000000000000000e+00,2.920118036769999131e-03,8.884340963149352233e-02,1.094942749080694971e-01,1.658906822103888845e-01,1.470373061124380099e-01
1.900000000000000000e+02,2.000000000000000000e+00,2.920118036769999131e-03,8.884340963149352233e-02,1.090031730646460334e-01,1.658906822103888845e-01,1.470373061124380099e-01
1.910000000000000000e+02,2.000000000000000000e+00,2.920118036769999131e-03,8.884340963149352233e-02,1.085169100413728299e-01,1.658906822103888845e-01,1.470373061124380099e-01
1.920000000000000000e+02,2.000000000000000000e+00,2.920118036769999131e-03,8.884340963149352233e-02,1.080354118657286394e-01,1.658906822103888845e-01,1.470373061124380099e-01
1.930000000000000000e+02,2.000000000000000000e+00,2.920118036769999131e-03,8.884340963149352233e-02,1.075586060977453406e-01,1.658906822103888845e-01,1.470373061124380099e-01
1.940000000000000000e+02,2.000000000000000000e+00,2.920118036769999131e-03,8.884340963149352233e-02,1.070864217899764881e-01,1.658906822103888845e-01,1.470373061124380099e-01
1.950000000000000000e+02,2.000000000000000000e+00,2.920118036769999131e-03,8.884340963149352233e-02,1.066187894487240356e-01,1.658906822103888845e-01,1.470373061124380099e-01
1.960000000000000000e+02,2.000000000000000000e+00,2.920118036769999131e-03,8.884340963149352233e-02,1.061556409964893449e-01,1.658906822103888845e-01,1.470373061124380099e-01
1.970000000000000000e+02,2.000000000000000000e+00,2.920118036769999131e-03,8.884340963149352233e-02,1.056969097355892340e-01,1.658906822103888845e-01,1.470373061124380099e-01
1.980000000000000000e+02,2.000000000000000000e+00,2.920118036769999131e-03,8.884340963149352233e-02,1.052424150736661346e-01,1.658906822103888845e-01,1.470373061124380099e-01
1.990000000000000000e+02,2.000000000000000000e+00,2.920118036769999131e-03,8.884340963149352233e-02,1.047898228873217624e-01,1.658906822103888845e-01,1.470373061124380099e-01
2.000000000000000000e+02,2.000000000000000000e+00,2.920118036769999131e-03,8.884340963149352233e-02,1.043415054710884610e-01,1.658906822103888845e-01,1.470373061124380099e-01
2.010000000000000000e+02,2.000000000000000000e+00,2.920118036769999131e-03,8.884340963149352233e-02,1.038974001817627724e-01,1.658906822103888845e-01,1.470373061124380099e-01
2.020000000000000000e+02,2.000000000000000000e+00,2.920118036769999131e-03,7.770811534823952871e-02,1.034574456202989601e-01,1.658906822103888845e-01,1.470373061124380099e-01
2.030000000000000000e+02,2.000000000000000000e+00,2.920118036769999131e-03,7.770811534823952871e-02,1.030215816006504886e-01,1.658906822103888845e-01,1.470373061124380099e-01
2.040000000000000000e+02,2.000000000000000000e+00,2.920118036769999131e-03,7.770811534823952871e-02,1.025897491195589123e-01,1.658906822103888845e-01,1.470373061124380099e-01
2.050000000000000000e+02,2.000000000000000000e+00,2.920118036769999131e-03,7.770811534823952871e-02,1.021618903272431267e-01,1.658906822103888845e-01,1.470373061124380099e-01
2.060000000000000000e+02,2.000000000000000000e+00,2.920118036769999131e-03,7.770811534823952871e-02,1.017379484989690830e-01,1.658906822103888845e-01,1.470373061124380099e-01
2.070000000000000000e+02,2.000000000000000000e+00,2.920118036769999131e-03,7.770811534823952871e-02,1.013178680074632437e-01,1.658906822103888845e-01,1.470373061124380099e-01
2.080000000000000000e+02,2.000000000000000000e+00,2.920118036769999131e-03,7.770811534823952871e-02,1.009015942961370566e-01,1.658906822103888845e-01,1.470373061124380099e-01
2.090000000000000000e+02,2.000000000000000000e+00,2.920118036769999131e-03,7.770811534823952871e-02,1.004890738531055289e-01,1.658906822103888845e-01,1.470373061124380099e-01
2.100000000000000000e+02,2.000000000000000000e+00,2.920118036769999131e-03,7.770811534823952871e-02,1.000802541859604350e-01,1.658906822103888845e-01,1.470373061124380099e-01
2.110000000000000000e+02,2.000000000000000000e+00,2.920118036769999131e-03,7.770811534823952871e-02,9.967338235669082058e-02,1.658906822103888845e-01,1.470373061124380099e-01
2.120000000000000000e+02,2.000000000000000000e+00,2.920118036769999131e-03,7.770811534823952871e-02,9.926972683532948871e-02,1.658906822103888845e-01,1.470373061124380099e-01
2.130000000000000000e+02,2.000000000000000000e+00,2.920118036769999131e-03,7.770811534823952871e-02,9.886965956302458391e-02,1.658906822103888845e-01,1.470373061124380099e-01
2.140000000000000000e+02,2.000000000000000000e+00,2.920118036769999131e-03,7.770811534823952871e-02,9.847313105673112521e-02,1.658906822103888845e-01,1.470373061124380099e-01
2.150000000000000000e+02,2.000000000000000000e+00,2.920118036769999131e-03,7.770811534823952871e-02,9.808009275829240869e-02,1.658906822103888845e-01,1.470373061124380099e-01
2.160000000000000000e+02,2.000000000000000000e+00,2.920118036769999131e-03,7.770811534823952871e-02,9.769049701264284624e-02,1.658906822103888845e-01,1.470373061124380099e-01
2.170000000000000000e+02,2.000000000000000000e+00,2.920118036769999131e-03,7.770811534823952871e-02,9.730429704662908741e-02,1.658906822103888845e-01,1.470373061124380099e-01
2.180000000000000000e+02,2.000000000000000000e+00,2.920118036769999131e-03,7.770811534823952871e-02,9.692144694842604047e-02,1.658906822103888845e-01,1.470373061124380099e-01
2.190000000000000000e+02,2.000000000000000000e+00,2.920118036769999131e-03,7.770811534823952871e-02,9.654190164754157533e-02,1.658906822103888845e-01,1.470373061124380099e-01
2.200000000000000000e+02,2.000000000000000000e+00,2.920118036769999131e-03,7.770811534823952871e-02,9.616561689536422264e-02,1.658906822103888845e-01,1.470373061124380099e-01
2.210000000000000000e+02,2.000000000000000000e+00,2.920118036769999131e-03,7.770811534823952871e-02,9.579254924627546297e-02,1.658906822103888845e-01,1.470373061124380099e-01
2.220000000000000000e+02,2.000000000000000000e+00,2.920118036769999131e-03,7.770811534823952871e-02,9.542265603926620987e-02,1.658906822103888845e-01,1.470373061124380099e-01
2.230000000000000000e+02,2.000000000000000000e+00,2.920118036769999131e-03,7.770811534823952871e-02,9.505499330930891611e-02,1.658906822103888845e-01,1.470373061124380099e-01
2.240000000000000000e+02,2.000000000000000000e+00,2.920118036769999131e-03,7.770811534823952871e-02,9.468953629834961361e-02,1.658906822103888845e-01,1.470373061124380099e-01
2.250000000000000000e+02,2.000000000000000000e+00,2.920118036769999131e-03,7.770811534823952871e-02,9.432716205617093508e-02,1.658906822103888845e-01,1.470373061124380099e-01
2.260000000000000000e+02,2.000000000000000000e+00,2.920118036769999131e-03,7.770811534823952871e-02,9.396783024558298669e-02,1.658906822103888845e-01,1.470373061124380099e-01
2.270000000000000000e+02,2.000000000000000000e+00,2.920118036769999131e-03,7.770811534823952871e-02,9.361150124478721801e-02,1.658906822103888845e-01,1.470373061124380099e-01
2.280000000000000000e+02,2.000000000000000000e+00,2.920118036769999131e-03,7.770811534823952871e-02,9.325813613137977354e-02,1.658906822103888845e-01,1.470373061124380099e-01
2.290000000000000000e+02,2.000000000000000000e+00,2.920118036769999131e-03,7.770811534823952871e-02,9.290769666677861638e-02,1.658906822103888845e-01,1.470373061124380099e-01
2.300000000000000000e+02,2.000000000000000000e+00,2.920118036769999131e-03,7.770811534823952871e-02,9.256014528107749106e-02,1.658906822103888845e-01,1.470373061124380099e-01
2.310000000000000000e+02,2.000000000000000000e+00,2.920118036769999131e-03,7.770811534823952871e-02,9.221544505829194771e-02,1.658906822103888845e-01,1.470373061124380099e-01
2.320000000000000000e+02,2.000000000000000000e+00,2.920118036769999131e-03,7.770811534823952871e-02,9.187355972201154131e-02,1.658906822103888845e-01,1.470373061124380099e-01
2.330000000000000000e+02,2.000000000000000000e+00,2.920118036769999131e-03,7.770811534823952871e-02,9.153445362142241526e-02,1.658906822103888845e-01,1.470373061124380099e-01
2.340000000000000000e+02,2.000000000000000000e+00,2.920118036769999131e-03,6.767339651962583913e-02,9.119809171770223988e-02,1.658906822103888845e-01,1.470373061124380099e-01
2.350000000000000000e+02,2.000000000000000000e+00,2.920118036769999131e-03,6.767339651962583913e-02,9.086422993489946809e-02,1.658906822103888845e-01,1.470373061124380099e-01
2.360000000000000000e+02,2.000000000000000000e+00,2.920118036769999131e-03,6.767339651962583913e-02,9.053170769302405774e-02,1.658906822103888845e-01,1.470373061124380099e-01
2.370000000000000000e+02,2.000000000000000000e+00,2.920118036769999131e-03,6.767339651962583913e-02,9.020185419210134670e-02,1.658906822103888845e-01,1.470373061124380099e-01
2.380000000000000000e+02,2.000000000000000000e+00,2.920118036769999131e-03,6.767339651962583913e-02,8.987463621130335756e-02,1.658906822103888845e-01,1.470373061124380099e-01
2.390000000000000000e+02,2.000000000000000000e+00,2.920118036769999131e-03,6.767339651962583913e-02,8.955002109033284585e-02,1.658906822103888845e-01,1.470373061124380099e-01
2.400000000000000000e+02,2.000000000000000000e+00,2.920118036769999131e-03,6.767339651962583913e-02,8.922797671749747861e-02,1.658906822103888845e-01,1.470373061124380099e-01
2.410000000000000000e+02,2.000000000000000000e+00,2.920118036769999131e-03,6.767339651962583913e-02,8.890847151808616011e-02,1.658906822103888845e-01,1.470373061124380099e-01
2.420000000000000000e+02,2.000000000000000000e+00,2.920118036769999131e-03,6.767339651962583913e-02,8.859147444304220353e-02,1.658906822103888845e-01,1.470373061124380099e-01
2.430000000000000000e+02,2.000000000000000000e+00,2.920118036769999131e-03,6.767339651962583913e-02,8.827695495793112801e-02,1.658906822103888845e-01,1.470373061124380099e-01
2.440000000000000000e+02,2.000000000000000000e+00,2.920118036769999131e-03,6.767339651962583913e-02,8.796488303217374349e-02,1.658906822103888845e-01,1.470373061124380099e-01
2.450000000000000000e+02,2.000000000000000000e+00,2.920118036769999131e-03,6.767339651962583913e-02,8.765522912856990589e-02,1.658906822103888845e-01,1.470373061124380099e-01
2.460000000000000000e+02,2.000000000000000000e+00,2.920118036769999131e-03,6.767339651962583913e-02,8.734796419306760373e-02,1.658906822103888845e-01,1.470373061124380099e-01
2.470000000000000000e+02,2.000000000000000000e+00,2.920118036769999131e-03,6.767339651962583913e-02,8.704305964479817914e-02,1.658906822103888845e-01,1.470373061124380099e-01
2.480000000000000000e+02,2.000000000000000000e+00,2.920118036769999131e-03,6.767339651962583913e-02,8.673952709949862838e-02,1.658906822103888845e-01,1.470373061124380099e-01
2.490000000000000000e+02,2.000000000000000000e+00,2.920118036769999131e-03,6.767339651962583913e-02,8.643793452333362048e-02,1.658906822103888845e-01,1.470373061124380099e-01
2.500000000000000000e+02,2.000000000000000000e+00,2.920118036769999131e-03,6.767339651962583913e-02,8.613864061292675345e-02,1.658906822103888845e-01,1.470373061124380099e-01
2.510000000000000000e+02,2.000000000000000000e+00,2.920118036769999131e-03,6.767339651962583913e-02,8.584161819770694257e-02,1.658906822103888845e-01,1.470373061124380099e-01
2.520000000000000000e+02,2.000000000000000000e+00,2.920118036769999131e-03,6.767339651962583913e-02,8.554684054242280011e-02,1.658906822103888845e-01,1.470373061124380099e-01
2.530000000000000000e+02,2.000000000000000000e+00,2.920118036769999131e-03,6.767339651962583913e-02,8.525428133835717681e-02,1.658906822103888845e-01,1.470373061124380099e-01
2.540000000000000000e+02,2.000000000000000000e+00,2.920118036769999131e-03,6.767339651962583913e-02,8.496391469473406344e-02,1.658906822103888845e-01,1.470373061124380099e-01
2.550000000000000000e+02,2.000000000000000000e+00,2.920118036769999131e-03,6.767339651962583913e-02,8.467571513035034025e-02,1.658906822103888845e-01,1.470373061124380099e-01
2.560000000000000000e+02,2.000000000000000000e+00,2.920118036769999131e-03,6.767339651962583913e-02,8.438965756540224572e-02,1.658906822103888845e-01,1.470373061124380099e-01
2.570000000000000000e+02,2.000000000000000000e+00,2.920118036769999131e-03,6.767339651962583913e-02,8.410571731350495461e-02,1.658906822103888845e-01,1.470373061124380099e-01
2.580000000000000000e+02,2.000000000000000000e+00,2.920118036769999131e-03,6.767339651962583913e-02,8.382387007391588207e-02,1.658906822103888845e-01,1.470373061124380099e-01
2.590000000000000000e+02,2.000000000000000000e+00,2.920118036769999131e-03,6.767339651962583913e-02,8.354409192392740768e-02,1.658906822103888845e-01,1.470373061124380099e-01
2.600000000000000000e+02,2.000000000000000000e+00,2.920118036769999131e-03,6.767339651962583913e-02,8.326607551281632602e-02,1.658906822103888845e-01,1.470373061124380099e-01
2.610000000000000000e+02,2.000000000000000000e+00,2.920118036769999131e-03,6.767339651962583913e-02,8.298920285116022366e-02,1.658906822103888845e-01,1.470373061124380099e-01
2.620000000000000000e+02,2.000000000000000000e+00,2.920118036769999131e-03,6.767339651962583913e-02,8.271434753121746641e-02,1.658906822103888845e-01,1.470373061124380099e-01
2.630000000000000000e+02,2.000000000000000000e+00,2.920118036769999131e-03,6.767339651962583913e-02,8.244148675971731122e-02,1.658906822103888845e-01,1.470373061124380099e-01
2.640000000000000000e+02,2.000000000000000000e+00,2.920118036769999131e-03,6.767339651962583913e-02,8.217059809247592717e-02,1.658906822103888845e-01,1.470373061124380099e-01
2.650000000000000000e+02,2.000000000000000000e+00,2.920118036769999131e-03,6.767339651962583913e-02,8.190165942765090246e-02,1.658906822103888845e-01,1.470373061124380099e-01
2.660000000000000000e+02,2.000000000000000000e+00,2.920118036769999131e-03,6.767339651962583913e-02,8.163464899915374995e-02,1.658906822103888845e-01,1.470373061124380099e-01
2.670000000000000000e+02,2.000000000000000000e+00,2.920118036769999131e-03,6.767339651962583913e-02,8.136954537021881539e-02,1.658906822103888845e-01,1.470373061124380099e-01
2.680000000000000000e+02,2.000000000000000000e+00,2.920118036769999131e-03,6.767339651962583913e-02,8.110632742711527954e-02,1.658906822103888845e-01,1.470373061124380099e-01
2.690000000000000000e+02,2.000000000000000000e+00,2.920118036769999131e-03,6.767339651962583913e-02,8.084497437300773581e-02,1.658906822103888845e-01,1.470373061124380099e-01
2.700000000000000000e+02,2.000000000000000000e+00,2.920118036769999131e-03,6.767339651962583913e-02,8.058546572195444957e-02,1.658906822103888845e-01,1.470373061124380099e-01
2.710000000000000000e+02,2.000000000000000000e+00,2.920118036769999131e-03,5.890238575258422565e-02,8.032778129304869730e-02,1.658906822103888845e-01,1.470373061124380099e-01
2.720000000000000000e+02,2.000000000000000000e+00,2.920118036769999131e-03,5.890238575258422565e-02,8.007190120468445083e-02,1.658906822103888845e-01,1.470373061124380099e-01
2.730000000000000000e+02,2.000000000000000000e+00,2.920118036769999131e-03,5.890238575258422565e-02,7.981707114217521937e-02,1.658906822103888845e-01,1.470373061124380099e-01
2.740000000000000000e+02,2.000000000000000000e+00,2.920118036769999131e-03,5.890238575258422565e-02,7.956373049615107773e-02,1.658906822103888845e-01,1.470373061124380099e-01
2.750000000000000000e+02,2.000000000000000000e+00,2.920118036769999131e-03,5.890238575258422565e-02,7.931215108559171167e-02,1.658906822103888845e-01,1.470373061124380099e-01
2.760000000000000000e+02,2.000000000000000000e+00,2.920118036769999131e-03,5.890238575258422565e-02,7.906231392552810766e-02,1.658906822103888845e-01,1.470373061124380099e-01
2.770000000000000000e+02,2.000000000000000000e+00,2.920118036769999131e-03,5.890238575258422565e-02,7.881420030839005053e-02,1.658906822103888845e-01,1.470373061124380099e-01
2.780000000000000000e+02,2.000000000000000000e+00,2.920118036769999131e-03,5.890238575258422565e-02,7.856779179889213094e-02,1.658906822103888845e-01,1.470373061124380099e-01
2.790000000000000000e+02,2.000000000000000000e+00,2.920118036769999131e-03,5.890238575258422565e-02,7.832307022903446658e-02,1.658906822103888845e-01,1.470373061124380099e-01
2.800000000000000000e+02,2.000000000000000000e+00,2.920118036769999131e-03,5.890238575258422565e-02,7.808001769320875585e-02,1.658906822103888845e-01,1.470373061124380099e-01
2.810000000000000000e+02,2.000000000000000000e+00,2.920118036769999131e-03,5.890238575258422565e-02,7.783861654342952296e-02,1.658906822103888845e-01,1.470373061124380099e-01
2.820000000000000000e+02,2.000000000000000000e+00,2.920118036769999131e-03,5.890238575258422565e-02,7.759884938464430004e-02,1.658906822103888845e-01,1.470373061124380099e-01
2.830000000000000000e+02,2.000000000000000000e+00,2.920118036769999131e-03,5.890238575258422565e-02,7.736069907017255332e-02,1.658906822103888845e-01,1.470373061124380099e-01
2.840000000000000000e+02,2.000000000000000000e+00,2.920118036769999131e-03,5.890238575258422565e-02,7.712414869722136745e-02,1.658906822103888845e-01,1.470373061124380099e-01
2.850000000000000000e+02,2.000000000000000000e+00,2.920118036769999131e-03,5.890238575258422565e-02,7.688905073014346003e-02,1.658906822103888845e-01,1.470373061124380099e-01
2.860000000000000000e+02,2.000000000000000000e+00,2.920118036769999131e-03,5.890238575258422565e-02,7.665475314875416779e-02,1.658906822103888845e-01,1.470373061124380099e-01
2.870000000000000000e+02,2.000000000000000000e+00,2.920118036769999131e-03,5.890238575258422565e-02,7.642201881424569299e-02,1.658906822103888845e-01,1.470373061124380099e-01
2.880000000000000000e+02,2.000000000000000000e+00,2.920118036769999131e-03,5.890238575258422565e-02,7.619083155590573864e-02,1.658906822103888845e-01,1.470373061124380099e-01
2.890000000000000000e+02,2.000000000000000000e+00,2.920118036769999131e-03,5.890238575258422565e-02,7.596117542976374426e-02,1.658906822103888845e-01,1.470373061124380099e-01
2.900000000000000000e+02,2.000000000000000000e+00,2.920118036769999131e-03,5.890238575258422565e-02,7.573303471458105174e-02,1.658906822103888845e-01,1.470373061124380099e-01
2.910000000000000000e+02,2.000000000000000000e+00,2.920118036769999131e-03,5.890238575258422565e-02,7.550639390792494854e-02,1.658906822103888845e-01,1.470373061124380099e-01
2.920000000000000000e+02,2.000000000000000000e+00,2.920118036769999131e-03,5.890238575258422565e-02,7.528123772232730992e-02,1.658906822103888845e-01,1.470373061124380099e-01
2.930000000000000000e+02,2.000000000000000000e+00,2.920118036769999131e-03,5.890238575258422565e-02,7.505755108152155353e-02,1.658906822103888845e-01,1.470373061124380099e-01
2.940000000000000000e+02,2.000000000000000000e+00,2.920118036769999131e-03,5.890238575258422565e-02,7.483531911676606641e-02,1.658906822103888845e-01,1.470373061124380099e-01
2.950000000000000000e+02,2.000000000000000000e+00,2.920118036769999131e-03,5.890238575258422565e-02,7.461452716323578593e-02,1.658906822103888845e-01,1.470373061124380099e-01
2.960000000000000000e+02,2.000000000000000000e+00,2.920118036769999131e-03,5.890238575258422565e-02,7.439516075649767191e-02,1.658906822103888845e-01,1.470373061124380099e-01
2.970000000000000000e+02,2.000000000000000000e+00,2.920118036769999131e-03,5.890238575258422565e-02,7.417720562905272264e-02,1.658906822103888845e-01,1.470373061124380099e-01
2.980000000000000000e+02,2.000000000000000000e+00,2.920118036769999131e-03,5.890238575258422565e-02,7.396022913374909746e-02,1.658906822103888845e-01,1.470373061124380099e-01
2.990000000000000000e+02,2.000000000000000000e+00,2.920118036769999131e-03,5.890238575258422565e-02,7.374426479958426373e-02,1.658906822103888845e-01,1.470373061124380099e-01
3.000000000000000000e+02,2.000000000000000000e+00,2.920118036769999131e-03,5.890238575258422565e-02,7.352968071208006162e-02,1.658906822103888845e-01,1.470373061124380099e-01
3.010000000000000000e+02,2.000000000000000000e+00,2.920118036769999131e-03,5.890238575258422565e-02,7.331646319621511199e-02,1.658906822103888845e-01,1.470373061124380099e-01
3.020000000000000000e+02,2.000000000000000000e+00,2.920118036769999131e-03,5.890238575258422565e-02,7.310459876062269657e-02,1.658906822103888845e-01,1.470373061124380099e-01
3.030000000000000000e+02,2.000000000000000000e+00,2.920118036769999131e-03,5.890238575258422565e-02,7.289407409447759556e-02,1.658906822103888845e-01,1.470373061124380099e-01
3.040000000000000000e+02,2.000000000000000000e+00,2.920118036769999131e-03,5.890238575258422565e-02,7.268487606444769267e-02,1.658906822103888845e-01,1.470373061124380099e-01
3.050000000000000000e+02,2.000000000000000000e+00,2.920118036769999131e-03,5.890238575258422565e-02,7.247699171170958465e-02,1.658906822103888845e-01,1.470373061124380099e-01
3.060000000000000000e+02,2.000000000000000000e+00,2.920118036769999131e-03,5.890238575258422565e-02,7.227040824902132565e-02,1.658906822103888845e-01,1.470373061124380099e-01
3.070000000000000000e+02,2.000000000000000000e+00,2.920118036769999131e-03,5.890238575258422565e-02,7.206511305785733013e-02,1.658906822103888845e-01,1.470373061124380099e-01
3.080000000000000000e+02,2.000000000000000000e+00,2.920118036769999131e-03,5.890238575258422565e-02,7.186109368560057720e-02,1.658906822103888845e-01,1.470373061124380099e-01
3.090000000000000000e+02,2.000000000000000000e+00,2.920118036769999131e-03,5.890238575258422565e-02,7.165833784278761998e-02,1.658906822103888845e-01,1.470373061124380099e-01
3.100000000000000000e+02,2.000000000000000000e+00,2.920118036769999131e-03,5.890238575258422565e-02,7.145683340041313059e-02,1.658906822103888845e-01,1.470373061124380099e-01
3.110000000000000000e+02,2.000000000000000000e+00,2.920118036769999131e-03,5.890238575258422565e-02,7.125596054620497721e-02,1.658906822103888845e-01,1.470373061124380099e-01
3.120000000000000000e+02,2.000000000000000000e+00,2.920118036769999131e-03,5.890238575258422565e-02,7.105622424511823243e-02,1.658906822103888845e-01,1.470373061124380099e-01
3.130000000000000000e+02,2.000000000000000000e+00,2.920118036769999131e-03,5.136650841865951500e-02,7.085771291756948198e-02,1.658906822103888845e-01,1.470373061124380099e-01
3.140000000000000000e+02,2.000000000000000000e+00,2.920118036769999131e-03,5.136650841865951500e-02,7.066041491829382071e-02,1.658906822103888845e-01,1.470373061124380099e-01
3.150000000000000000e+02,2.000000000000000000e+00,2.920118036769999131e-03,5.136650841865951500e-02,7.046431875209251128e-02,1.658906822103888845e-01,1.470373061124380099e-01
3.160000000000000000e+02,2.000000000000000000e+00,2.920118036769999131e-03,5.136650841865951500e-02,7.026941307138527548e-02,1.658906822103888845e-01,1.470373061124380099e-01
3.170000000000000000e+02,2.000000000000000000e+00,2.920118036769999131e-03,5.136650841865951500e-02,7.007568667382300942e-02,1.658906822103888845e-01,1.470373061124380099e-01
3.180000000000000000e+02,2.000000000000000000e+00,2.920118036769999131e-03,5.136650841865951500e-02,6.988312849993953690e-02,1.658906822103888845e-01,1.470373061124380099e-01
3.190000000000000000e+02,2.000000000000000000e+00,2.920118036769999131e-03,5.136650841865951500e-02,6.969172763085651479e-02,1.658906822103888845e-01,1.470373061124380099e-01
3.200000000000000000e+02,2.000000000000000000e+00,2.920118036769999131e-03,5.136650841865951500e-02,6.950147328602510055e-02,1.658906822103888845e-01,1.470373061124380099e-01
3.210000000000000000e+02,2.000000000000000000e+00,2.920118036769999131e-03,5.136650841865951500e-02,6.931235482101437417e-02,1.658906822103888845e-01,1.470373061124380099e-01
3.220000000000000000e+02,2.000000000000000000e+00,2.920118036769999131e-03,5.136650841865951500e-02,6.912436172534734691e-02,1.658906822103888845e-01,1.470373061124380099e-01
3.230000000000000000e+02,2.000000000000000000e+00,2.920118036769999131e-03,5.136650841865951500e-02,6.893738826647659301e-02,1.658906822103888845e-01,1.470373061124380099e-01
3.240000000000000000e+02,2.000000000000000000e+00,2.920118036769999131e-03,5.136650841865951500e-02,6.875098540423048299e-02,1.658906822103888845e-01,1.470373061124380099e-01
3.250000000000000000e+02,2.000000000000000000e+00,2.920118036769999131e-03,5.136650841865951500e-02,6.856568498991617855e-02,1.658906822103888845e-01,1.470373061124380099e-01
3.260000000000000000e+02,2.000000000000000000e+00,2.920118036769999131e-03,5.136650841865951500e-02,6.838147691748101831e-02,1.658906822103888845e-01,1.470373061124380099e-01
3.270000000000000000e+02,2.000000000000000000e+00,2.920118036769999131e-03,5.136650841865951500e-02,6.819835120644683613e-02,1.658906822103888845e-01,1.470373061124380099e-01
3.280000000000000000e+02,2.000000000000000000e+00,2.920118036769999131e-03,5.136650841865951500e-02,6.801629799994292347e-02,1.658906822103888845e-01,1.470373061124380099e-01
3.290000000000000000e+02,2.000000000000000000e+00,2.920118036769999131e-03,5.136650841865951500e-02,6.783530756277018903e-02,1.658906822103888845e-01,1.470373061124380099e-01
3.300000000000000000e+02,2.000000000000000000e+00,2.920118036769999131e-03,5.136650841865951500e-02,6.765537027951000482e-02,1.658906822103888845e-01,1.470373061124380099e-01
3.310000000000000000e+02,2.000000000000000000e+00,2.920118036769999131e-03,5.136650841865951500e-02,6.747647665266087724e-02,1.658906822103888845e-01,1.470373061124380099e-01
3.320000000000000000e+02,2.000000000000000000e+00,2.920118036769999131e-03,5.136650841865951500e-02,6.729861730081906912e-02,1.658906822103888845e-01,1.470373061124380099e-01
3.330000000000000000e+02,2.000000000000000000e+00,2.920118036769999131e-03,5.136650841865951500e-02,6.712178295688296659e-02,1.658906822103888845e-01,1.470373061124380099e-01
3.340000000000000000e+02,2.000000000000000000e+00,2.920118036769999131e-03,5.136650841865951500e-02,6.694596446629844100e-02,1.658906822103888845e-01,1.470373061124380099e-01
3.350000000000000000e+02,2.000000000000000000e+00,2.920118036769999131e-03,5.136650841865951500e-02,6.677115278533300724e-02,1.658906822103888845e-01,1.470373061124380099e-01
3.360000000000000000e+02,2.000000000000000000e+00,2.920118036769999131e-03,5.136650841865951500e-02,6.659711240987538361e-02,1.658906822103888845e-01,1.470373061124380099e-01
3.370000000000000000e+02,2.000000000000000000e+00,2.920118036769999131e-03,5.136650841865951500e-02,6.642372534849556864e-02,1.658906822103888845e-01,1.470373061124380099e-01
3.380000000000000000e+02,2.000000000000000000e+00,2.920118036769999131e-03,5.136650841865951500e-02,6.625132534510973226e-02,1.658906822103888845e-01,1.470373061124380099e-01
3.390000000000000000e+02,2.000000000000000000e+00,2.920118036769999131e-03,5.136650841865951500e-02,6.607990369117851259e-02,1.658906822103888845e-01,1.470373061124380099e-01
3.400000000000000000e+02,2.000000000000000000e+00,2.920118036769999131e-03,5.136650841865951500e-02,6.590945178230710189e-02,1.658906822103888845e-01,1.470373061124380099e-01
3.410000000000000000e+02,2.000000000000000000e+00,2.920118036769999131e-03,5.136650841865951500e-02,6.573996111667605724e-02,1.658906822103888845e-01,1.470373061124380099e-01
3.420000000000000000e+02,2.000000000000000000e+00,2.920118036769999131e-03,5.136650841865951500e-02,6.557142329349323340e-02,1.658906822103888845e-01,1.470373061124380099e-01
3.430000000000000000e+02,2.000000000000000000e+00,2.920118036769999131e-03,5.136650841865951500e-02,6.540383001148564190e-02,1.658906822103888845e-01,1.470373061124380099e-01
3.440000000000000000e+02,2.000000000000000000e+00,2.920118036769999131e-03,5.136650841865951500e-02,6.523717306740632604e-02,1.658906822103888845e-01,1.470373061124380099e-01
3.450000000000000000e+02,2.000000000000000000e+00,2.920118036769999131e-03,5.136650841865951500e-02,6.507144435457719311e-02,1.658906822103888845e-01,1.470373061124380099e-01
3.460000000000000000e+02,2.000000000000000000e+00,2.920118036769999131e-03,5.136650841865951500e-02,6.490663586145332953e-02,1.658906822103888845e-01,1.470373061124380099e-01
3.470000000000000000e+02,2.000000000000000000e+00,2.920118036769999131e-03,5.136650841865951500e-02,6.474273967021300369e-02,1.658906822103888845e-01,1.470373061124380099e-01
3.480000000000000000e+02,2.000000000000000000e+00,2.920118036769999131e-03,5.136650841865951500e-02,6.457974795537661794e-02,1.658906822103888845e-01,1.470373061124380099e-01
3.490000000000000000e+02,2.000000000000000000e+00,2.920118036769999131e-03,5.136650841865951500e-02,6.441734329298538786e-02,1.658906822103888845e-01,1.470373061124380099e-01
3.500000000000000000e+02,2.000000000000000000e+00,2.920118036769999131e-03,5.136650841865951500e-02,6.425563294332371778e-02,1.658906822103888845e-01,1.470373061124380099e-01
3.510000000000000000e+02,2.000000000000000000e+00,2.920118036769999131e-03,5.136650841865951500e-02,6.409480995616746724e-02,1.658906822103888845e-01,1.470373061124380099e-01
3.520000000000000000e+02,2.000000000000000000e+00,2.920118036769999131e-03,5.136650841865951500e-02,6.393486678579002325e-02,1.658906822103888845e-01,1.470373061124380099e-01
3.530000000000000000e+02,2.000000000000000000e+00,2.920118036769999131e-03,5.136650841865951500e-02,6.377579597344000539e-02,1.658906822103888845e-01,1.470373061124380099e-01
3.540000000000000000e+02,2.000000000000000000e+00,2.920118036769999131e-03,5.136650841865951500e-02,6.361759014607175355e-02,1.658906822103888845e-01,1.470373061124380099e-01
3.550000000000000000e+02,2.000000000000000000e+00,2.920118036769999131e-03,5.136650841865951500e-02,6.346024201510679086e-02,1.658906822103888845e-01,1.470373061124380099e-01
3.560000000000000000e+02,2.000000000000000000e+00,2.920118036769999131e-03,5.136650841865951500e-02,6.330374437521119058e-02,1.658906822103888845e-01,1.470373061124380099e-01
3.570000000000000000e+02,2.000000000000000000e+00,2.920118036769999131e-03,5.136650841865951500e-02,6.314809010309481441e-02,1.658906822103888845e-01,1.470373061124380099e-01
3.580000000000000000e+02,2.000000000000000000e+00,2.920118036769999131e-03,5.136650841865951500e-02,6.299327215633537813e-02,1.658906822103888845e-01,1.470373061124380099e-01
3.590000000000000000e+02,2.000000000000000000e+00,2.920118036769999131e-03,5.136650841865951500e-02,6.283928357221608973e-02,1.658906822103888845e-01,1.470373061124380099e-01
3.600000000000000000e+02,2.000000000000000000e+00,2.920118036769999131e-03,5.136650841865951500e-02,6.268611746659295825e-02,1.658906822103888845e-01,1.470373061124380099e-01
3.610000000000000000e+02,2.000000000000000000e+00,2.920118036769999131e-03,5.136650841865951500e-02,6.253376703276970761e-02,1.658906822103888845e-01,1.470373061124380099e-01
3.620000000000000000e+02,2.000000000000000000e+00,2.920118036769999131e-03,4.470779190771206196e-02,6.238186862561707902e-02,1.658906822103888845e-01,1.470373061124380099e-01
3.630000000000000000e+02,2.000000000000000000e+00,2.920118036769999131e-03,4.470779190771206196e-02,6.223067499837389716e-02,1.658906822103888845e-01,1.470373061124380099e-01
3.640000000000000000e+02,2.000000000000000000e+00,2.920118036769999131e-03,4.470779190771206196e-02,6.208028213870402795e-02,1.658906822103888845e-01,1.470373061124380099e-01
3.650000000000000000e+02,2.000000000000000000e+00,2.920118036769999131e-03,4.470779190771206196e-02,6.193068347490927189e-02,1.658906822103888845e-01,1.470373061124380099e-01
3.660000000000000000e+02,2.000000000000000000e+00,2.920118036769999131e-03,4.470779190771206196e-02,6.178187250839719397e-02,1.658906822103888845e-01,1.470373061124380099e-01
3.670000000000000000e+02,2.000000000000000000e+00,2.920118036769999131e-03,4.470779190771206196e-02,6.163384281264891462e-02,1.658906822103888845e-01,1.470373061124380099e-01
3.680000000000000000e+02,2.000000000000000000e+00,2.920118036769999131e-03,4.470779190771206196e-02,6.148658803221038888e-02,1.658906822103888845e-01,1.470373061124380099e-01
3.690000000000000000e+02,2.000000000000000000e+00,2.920118036769999131e-03,4.470779190771206196e-02,6.134010188170605643e-02,1.658906822103888845e-01,1.470373061124380099e-01
3.700000000000000000e+02,2.000000000000000000e+00,2.920118036769999131e-03,4.470779190771206196e-02,6.119437814485913923e-02,1.658906822103888845e-01,1.470373061124380099e-01
3.710000000000000000e+02,2.000000000000000000e+00,2.920118036769999131e-03,4.470779190771206196e-02,6.104941067353449741e-02,1.658906822103888845e-01,1.470373061124380099e-01
3.720000000000000000e+02,2.000000000000000000e+00,2.920118036769999131e-03,4.470779190771206196e-02,6.090519338679651479e-02,1.658906822103888845e-01,1.470373061124380099e-01
3.730000000000000000e+02,2.000000000000000000e+00,2.920118036769999131e-03,4.470779190771206196e-02,6.076172026998190312e-02,1.658906822103888845e-01,1.470373061124380099e-01
3.740000000000000000e+02,2.000000000000000000e+00,2.920118036769999131e-03,4.470779190771206196e-02,6.061898537378771629e-02,1.658906822103888845e-01,1.470373061124380099e-01
3.750000000000000000e+02,2.000000000000000000e+00,2.920118036769999131e-03,4.470779190771206196e-02,6.047660536692623517e-02,1.658906822103888845e-01,1.470373061124380099e-01
3.760000000000000000e+02,2.000000000000000000e+00,2.920118036769999131e-03,4.470779190771206196e-02,6.033491845014312543e-02,1.658906822103888845e-01,1.470373061124380099e-01
3.770000000000000000e+02,2.000000000000000000e+00,2.920118036769999131e-03,4.470779190771206196e-02,6.019395671235191342e-02,1.658906822103888845e-01,1.470373061124380099e-01
3.780000000000000000e+02,2.000000000000000000e+00,2.920118036769999131e-03,4.470779190771206196e-02,6.005371440284645174e-02,1.658906822103888845e-01,1.470373061124380099e-01
3.790000000000000000e+02,2.000000000000000000e+00,2.920118036769999131e-03,4.470779190771206196e-02,5.991418583273182968e-02,1.658906822103888845e-01,1.470373061124380099e-01
3.800000000000000000e+02,2.000000000000000000e+00,2.920118036769999131e-03,4.470779190771206196e-02,5.977536537408777162e-02,1.658906822103888845e-01,1.470373061124380099e-01
3.810000000000000000e+02,2.000000000000000000e+00,2.920118036769999131e-03,4.470779190771206196e-02,5.963724745914043834e-02,1.658906822103888845e-01,1.470373061124380099e-01
3.820000000000000000e+02,2.000000000000000000e+00,2.920118036769999131e-03,4.470779190771206196e-02,5.949982657945385861e-02,1.658906822103888845e-01,1.470373061124380099e-01
3.830000000000000000e+02,2.000000000000000000e+00,2.920118036769999131e-03,4.470779190771206196e-02,5.936309728513194245e-02,1.658906822103888845e-01,1.470373061124380099e-01
3.840000000000000000e+02,2.000000000000000000e+00,2.920118036769999131e-03,4.470779190771206196e-02,5.922705418403361594e-02,1.658906822103888845e-01,1.470373061124380099e-01
3.850000000000000000e+02,2.000000000000000000e+00,2.920118036769999131e-03,4.470779190771206196e-02,5.909169194099812145e-02,1.658906822103888845e-01,1.470373061124380099e-01
3.860000000000000000e+02,2.000000000000000000e+00,2.920118036769999131e-03,4.470779190771206196e-02,5.895700527708794964e-02,1.658906822103888845e-01,1.470373061124380099e-01
3.870000000000000000e+02,2.000000000000000000e+00,2.920118036769999131e-03,4.470779190771206196e-02,5.882298743783917483e-02,1.658906822103888845e-01,1.470373061124380099e-01
3.880000000000000000e+02,2.000000000000000000e+00,2.920118036769999131e-03,4.470779190771206196e-02,5.868925959579339435e-02,1.658906822103888845e-01,1.470373061124380099e-01
3.890000000000000000e+02,2.000000000000000000e+00,2.920118036769999131e-03,4.470779190771206196e-02,5.855619575486972067e-02,1.658906822103888845e-01,1.470373061124380099e-01
3.900000000000000000e+02,2.000000000000000000e+00,2.920118036769999131e-03,4.470779190771206196e-02,5.842379080712473832e-02,1.658906822103888845e-01,1.470373061124380099e-01
3.910000000000000000e+02,2.000000000000000000e+00,2.920118036769999131e-03,4.470779190771206196e-02,5.829203969787422751e-02,1.658906822103888845e-01,1.470373061124380099e-01
3.920000000000000000e+02,2.000000000000000000e+00,2.920118036769999131e-03,4.470779190771206196e-02,5.816093742498978231e-02,1.658906822103888845e-01,1.470373061124380099e-01
3.930000000000000000e+02,2.000000000000000000e+00,2.920118036769999131e-03,4.470779190771206196e-02,5.803047903821468428e-02,1.658906822103888845e-01,1.470373061124380099e-01
3.940000000000000000e+02,2.000000000000000000e+00,2.920118036769999131e-03,4.470779190771206196e-02,5.790065963847867286e-02,1.658906822103888845e-01,1.470373061124380099e-01
3.950000000000000000e+02,2.000000000000000000e+00,2.920118036769999131e-03,4.470779190771206196e-02,5.777147437723393480e-02,1.658906822103888845e-01,1.470373061124380099e-01
3.960000000000000000e+02,2.000000000000000000e+00,2.920118036769999131e-03,4.470779190771206196e-02,5.764291845579912199e-02,1.658906822103888845e-01,1.470373061124380099e-01
3.970000000000000000e+02,2.000000000000000000e+00,2.920118036769999131e-03,4.470779190771206196e-02,5.751498712470743541e-02,1.658906822103888845e-01,1.470373061124380099e-01
3.980000000000000000e+02,2.000000000000000000e+00,2.920118036769999131e-03,4.470779190771206196e-02,5.738767568307320127e-02,1.658906822103888845e-01,1.470373061124380099e-01
3.990000000000000000e+02,2.000000000000000000e+00,2.920118036769999131e-03,4.470779190771206196e-02,5.726097947796283255e-02,1.658906822103888845e-01,1.470373061124380099e-01
4.000000000000000000e+02,2.000000000000000000e+00,2.920118036769999131e-03,4.470779190771206196e-02,5.713487208659503297e-02,1.658906822103888845e-01,1.470373061124380099e-01
4.010000000000000000e+02,2.000000000000000000e+00,2.920118036769999131e-03,4.470779190771206196e-02,5.700904977813423674e-02,1.658906822103888845e-01,1.470373061124380099e-01
4.020000000000000000e+02,2.000000000000000000e+00,2.920118036769999131e-03,4.470779190771206196e-02,5.688383249110518652e-02,1.658906822103888845e-01,1.470373061124380099e-01
4.030000000000000000e+02,2.000000000000000000e+00,2.920118036769999131e-03,4.470779190771206196e-02,5.675921571860080561e-02,1.658906822103888845e-01,1.470373061124380099e-01
4.040000000000000000e+02,2.000000000000000000e+00,2.920118036769999131e-03,4.470779190771206196e-02,5.663519499921583489e-02,1.658906822103888845e-01,1.470373061124380099e-01
4.050000000000000000e+02,2.000000000000000000e+00,2.920118036769999131e-03,4.470779190771206196e-02,5.651176591647232017e-02,1.658906822103888845e-01,1.470373061124380099e-01
4.060000000000000000e+02,2.000000000000000000e+00,2.920118036769999131e-03,4.470779190771206196e-02,5.638892409824144275e-02,1.658906822103888845e-01,1.470373061124380099e-01
4.070000000000000000e+02,2.000000000000000000e+00,2.920118036769999131e-03,4.470779190771206196e-02,5.626666521618781808e-02,1.658906822103888845e-01,1.470373061124380099e-01
4.080000000000000000e+02,2.000000000000000000e+00,2.920118036769999131e-03,4.470779190771206196e-02,5.614498498521271891e-02,1.658906822103888845e-01,1.470373061124380099e-01
4.090000000000000000e+02,2.000000000000000000e+00,2.920118036769999131e-03,4.470779190771206196e-02,5.602387916290951092e-02,1.658906822103888845e-01,1.470373061124380099e-01
4.100000000000000000e+02,2.000000000000000000e+00,2.920118036769999131e-03,4.470779190771206196e-02,5.590334354902880276e-02,1.658906822103888845e-01,1.470373061124380099e-01
4.110000000000000000e+02,2.000000000000000000e+00,2.920118036769999131e-03,4.470779190771206196e-02,5.578337398494708638e-02,1.658906822103888845e-01,1.470373061124380099e-01
4.120000000000000000e+02,2.000000000000000000e+00,2.920118036769999131e-03,4.470779190771206196e-02,5.566396635314630609e-02,1.658906822103888845e-01,1.470373061124380099e-01
4.130000000000000000e+02,2.000000000000000000e+00,2.920118036769999131e-03,4.470779190771206196e-02,5.554508888695270513e-02,1.658906822103888845e-01,1.470373061124380099e-01
4.140000000000000000e+02,2.000000000000000000e+00,2.920118036769999131e-03,4.470779190771206196e-02,5.542648002690217512e-02,1.658906822103888845e-01,1.470373061124380099e-01
4.150000000000000000e+02,2.000000000000000000e+00,2.920118036769999131e-03,4.470779190771206196e-02,5.530842405123504585e-02,1.658906822103888845e-01,1.470373061124380099e-01
4.160000000000000000e+02,2.000000000000000000e+00,2.920118036769999131e-03,4.470779190771206196e-02,5.519091696775585421e-02,1.658906822103888845e-01,1.470373061124380099e-01
4.170000000000000000e+02,2.000000000000000000e+00,2.920118036769999131e-03,4.470779190771206196e-02,5.507395482333785758e-02,1.658906822103888845e-01,1.470373061124380099e-01
4.180000000000000000e+02,2.000000000000000000e+00,2.920118036769999131e-03,3.895234603569854709e-02,5.495753370344323013e-02,1.658906822103888845e-01,1.470373061124380099e-01
4.190000000000000000e+02,2.000000000000000000e+00,2.920118036769999131e-03,3.895234603569854709e-02,5.484164973164545182e-02,1.658906822103888845e-01,1.470373061124380099e-01
4.200000000000000000e+02,2.000000000000000000e+00,2.920118036769999131e-03,3.895234603569854709e-02,5.472629906916043341e-02,1.658906822103888845e-01,1.470373061124380099e-01
4.210000000000000000e+02,2.000000000000000000e+00,2.920118036769999131e-03,3.895234603569854709e-02,5.461147791438786953e-02,1.658906822103888845e-01,1.470373061124380099e-01
4.220000000000000000e+02,2.000000000000000000e+00,2.920118036769999131e-03,3.895234603569854709e-02,5.449718250245514511e-02,1.658906822103888845e-01,1.470373061124380099e-01
4.230000000000000000e+02,2.000000000000000000e+00,2.920118036769999131e-03,3.895234603569854709e-02,5.438340910477042905e-02,1.658906822103888845e-01,1.470373061124380099e-01
4.240000000000000000e+02,2.000000000000000000e+00,2.920118036769999131e-03,3.895234603569854709e-02,5.427015402858071519e-02,1.658906822103888845e-01,1.470373061124380099e-01
4.250000000000000000e+02,2.000000000000000000e+00,2.920118036769999131e-03,3.895234603569854709e-02,5.415741361653579611e-02,1.658906822103888845e-01,1.470373061124380099e-01
4.260000000000000000e+02,2.000000000000000000e+00,2.920118036769999131e-03,3.895234603569854709e-02,5.404516144459312055e-02,1.658906822103888845e-01,1.470373061124380099e-01
4.270000000000000000e+02,2.000000000000000000e+00,2.920118036769999131e-03,3.895234603569854709e-02,5.393315310063501178e-02,1.658906822103888845e-01,1.470373061124380099e-01
4.280000000000000000e+02,2.000000000000000000e+00,2.920118036769999131e-03,3.895234603569854709e-02,5.382165137728790044e-02,1.658906822103888845e-01,1.470373061124380099e-01
4.290000000000000000e+02,2.000000000000000000e+00,2.920118036769999131e-03,3.895234603569854709e-02,5.371065272525536033e-02,1.658906822103888845e-01,1.470373061124380099e-01
4.300000000000000000e+02,2.000000000000000000e+00,2.920118036769999131e-03,3.895234603569854709e-02,5.360015362894348517e-02,1.658906822103888845e-01,1.470373061124380099e-01
4.310000000000000000e+02,2.000000000000000000e+00,2.920118036769999131e-03,3.895234603569854709e-02,5.349015060605508826e-02,1.658906822103888845e-01,1.470373061124380099e-01
4.320000000000000000e+02,2.000000000000000000e+00,2.920118036769999131e-03,3.895234603569854709e-02,5.338064020719257563e-02,1.658906822103888845e-01,1.470373061124380099e-01
4.330000000000000000e+02,2.000000000000000000e+00,2.920118036769999131e-03,3.895234603569854709e-02,5.327161901546458023e-02,1.658906822103888845e-01,1.470373061124380099e-01
4.340000000000000000e+02,2.000000000000000000e+00,2.920118036769999131e-03,3.895234603569854709e-02,5.316308364610250470e-02,1.658906822103888845e-01,1.470373061124380099e-01
4.350000000000000000e+02,2.000000000000000000e+00,2.920118036769999131e-03,3.895234603569854709e-02,5.305503074607550301e-02,1.658906822103888845e-01,1.470373061124380099e-01
4.360000000000000000e+02,2.000000000000000000e+00,2.920118036769999131e-03,3.895234603569854709e-02,5.294745699371794512e-02,1.658906822103888845e-01,1.470373061124380099e-01
4.370000000000000000e+02,2.000000000000000000e+00,2.920118036769999131e-03,3.895234603569854709e-02,5.284035909835609751e-02,1.658906822103888845e-01,1.470373061124380099e-01
4.380000000000000000e+02,2.000000000000000000e+00,2.920118036769999131e-03,3.895234603569854709e-02,5.273373379994727300e-02,1.658906822103888845e-01,1.470373061124380099e-01
4.390000000000000000e+02,2.000000000000000000e+00,2.920118036769999131e-03,3.895234603569854709e-02,5.262756789094315962e-02,1.658906822103888845e-01,1.470373061124380099e-01
4.400000000000000000e+02,2.000000000000000000e+00,2.920118036769999131e-03,3.895234603569854709e-02,5.252161522617549566e-02,1.658906822103888845e-01,1.470373061124380099e-01
4.410000000000000000e+02,2.000000000000000000e+00,2.920118036769999131e-03,3.895234603569854709e-02,5.241612798296026859e-02,1.658906822103888845e-01,1.470373061124380099e-01
4.420000000000000000e+02,2.000000000000000000e+00,2.920118036769999131e-03,3.895234603569854709e-02,5.231110299482734372e-02,1.658906822103888845e-01,1.470373061124380099e-01
4.430000000000000000e+02,2.000000000000000000e+00,2.920118036769999131e-03,3.895234603569854709e-02,5.220653712450217671e-02,1.658906822103888845e-01,1.470373061124380099e-01
4.440000000000000000e+02,2.000000000000000000e+00,2.920118036769999131e-03,3.895234603569854709e-02,5.210242726357063037e-02,1.658906822103888845e-01,1.470373061124380099e-01
4.450000000000000000e+02,2.000000000000000000e+00,2.920118036769999131e-03,3.895234603569854709e-02,5.199877033213876065e-02,1.658906822103888845e-01,1.470373061124380099e-01
4.460000000000000000e+02,2.000000000000000000e+00,2.920118036769999131e-03,3.895234603569854709e-02,5.189556327850463474e-02,1.658906822103888845e-01,1.470373061124380099e-01
4.470000000000000000e+02,2.000000000000000000e+00,2.920118036769999131e-03,3.895234603569854709e-02,5.179280307883551288e-02,1.658906822103888845e-01,1.470373061124380099e-01
4.480000000000000000e+02,2.000000000000000000e+00,2.920118036769999131e-03,3.895234603569854709e-02,5.169048673684058931e-02,1.658906822103888845e-01,1.470373061124380099e-01
4.490000000000000000e+02,2.000000000000000000e+00,2.920118036769999131e-03,3.895234603569854709e-02,5.158861128346023395e-02,1.658906822103888845e-01,1.470373061124380099e-01
4.500000000000000000e+02,2.000000000000000000e+00,2.920118036769999131e-03,3.895234603569854709e-02,5.148717377655021715e-02,1.658906822103888845e-01,1.470373061124380099e-01
4.510000000000000000e+02,2.000000000000000000e+00,2.920118036769999131e-03,3.895234603569854709e-02,5.138617130057607230e-02,1.658906822103888845e-01,1.470373061124380099e-01
4.520000000000000000e+02,2.000000000000000000e+00,2.920118036769999131e-03,3.895234603569854709e-02,5.128560096630688236e-02,1.658906822103888845e-01,1.470373061124380099e-01
4.530000000000000000e+02,2.000000000000000000e+00,2.920118036769999131e-03,3.895234603569854709e-02,5.118522658612056908e-02,1.658906822103888845e-01,1.470373061124380099e-01
4.540000000000000000e+02,2.000000000000000000e+00,2.920118036769999131e-03,3.895234603569854709e-02,5.108527222016730207e-02,1.658906822103888845e-01,1.470373061124380099e-01
4.550000000000000000e+02,2.000000000000000000e+00,2.920118036769999131e-03,3.895234603569854709e-02,5.098574362914013586e-02,1.658906822103888845e-01,1.470373061124380099e-01
4.560000000000000000e+02,2.000000000000000000e+00,2.920118036769999131e-03,3.895234603569854709e-02,5.088663800427348227e-02,1.658906822103888845e-01,1.470373061124380099e-01
4.570000000000000000e+02,2.000000000000000000e+00,2.920118036769999131e-03,3.895234603569854709e-02,5.078795256190928725e-02,1.658906822103888845e-01,1.470373061124380099e-01
4.580000000000000000e+02,2.000000000000000000e+00,2.920118036769999131e-03,3.895234603569854709e-02,5.068968454322195921e-02,1.658906822103888845e-01,1.470373061124380099e-01
4.590000000000000000e+02,2.000000000000000000e+00,2.920118036769999131e-03,3.895234603569854709e-02,5.059183121393204946e-02,1.658906822103888845e-01,1.470373061124380099e-01
4.600000000000000000e+02,2.000000000000000000e+00,2.920118036769999131e-03,3.895234603569854709e-02,5.049438986403530227e-02,1.658906822103888845e-01,1.470373061124380099e-01
4.610000000000000000e+02,2.000000000000000000e+00,2.920118036769999131e-03,3.895234603569854709e-02,5.039735780752770816e-02,1.658906822103888845e-01,1.470373061124380099e-01
4.620000000000000000e+02,2.000000000000000000e+00,2.920118036769999131e-03,3.895234603569854709e-02,5.030073238213953607e-02,1.658906822103888845e-01,1.470373061124380099e-01
4.630000000000000000e+02,2.000000000000000000e+00,2.920118036769999131e-03,3.895234603569854709e-02,5.020451094906852596e-02,1.658906822103888845e-01,1.470373061124380099e-01
4.640000000000000000e+02,2.000000000000000000e+00,2.920118036769999131e-03,3.895234603569854709e-02,5.010869089272064481e-02,1.658906822103888845e-01,1.470373061124380099e-01
4.650000000000000000e+02,2.000000000000000000e+00,2.920118036769999131e-03,3.895234603569854709e-02,5.001326962045146707e-02,1.658906822103888845e-01,1.470373061124380099e-01
4.660000000000000000e+02,2.000000000000000000e+00,2.920118036769999131e-03,3.895234603569854709e-02,4.991805263986198032e-02,1.658906822103888845e-01,1.470373061124380099e-01
4.670000000000000000e+02,2.000000000000000000e+00,2.920118036769999131e-03,3.895234603569854709e-02,4.982320004845425948e-02,1.658906822103888845e-01,1.470373061124380099e-01
4.680000000000000000e+02,2.000000000000000000e+00,2.920118036769999131e-03,3.895234603569854709e-02,4.972874052408256251e-02,1.658906822103888845e-01,1.470373061124380099e-01
4.690000000000000000e+02,2.000000000000000000e+00,2.920118036769999131e-03,3.895234603569854709e-02,4.963467154436516232e-02,1.658906822103888845e-01,1.470373061124380099e-01
4.700000000000000000e+02,2.000000000000000000e+00,2.920118036769999131e-03,3.895234603569854709e-02,4.954099060885748529e-02,1.658906822103888845e-01,1.470373061124380099e-01
4.710000000000000000e+02,2.000000000000000000e+00,2.920118036769999131e-03,3.895234603569854709e-02,4.944769523881015899e-02,1.658906822103888845e-01,1.470373061124380099e-01
4.720000000000000000e+02,2.000000000000000000e+00,2.920118036769999131e-03,3.895234603569854709e-02,4.935478297693217387e-02,1.658906822103888845e-01,1.470373061124380099e-01
4.730000000000000000e+02,2.000000000000000000e+00,2.920118036769999131e-03,3.895234603569854709e-02,4.926225138715776414e-02,1.658906822103888845e-01,1.470373061124380099e-01
4.740000000000000000e+02,2.000000000000000000e+00,2.920118036769999131e-03,3.895234603569854709e-02,4.917009805441328180e-02,1.658906822103888845e-01,1.470373061124380099e-01
4.750000000000000000e+02,2.000000000000000000e+00,2.920118036769999131e-03,3.895234603569854709e-02,4.907832058438900413e-02,1.658906822103888845e-01,1.470373061124380099e-01
4.760000000000000000e+02,2.000000000000000000e+00,2.920118036769999131e-03,3.895234603569854709e-02,4.898691660331457726e-02,1.658906822103888845e-01,1.470373061124380099e-01
4.770000000000000000e+02,2.000000000000000000e+00,2.920118036769999131e-03,3.895234603569854709e-02,4.889588375773647883e-02,1.658906822103888845e-01,1.470373061124380099e-01
4.780000000000000000e+02,2.000000000000000000e+00,2.920118036769999131e-03,3.895234603569854709e-02,4.880521971430016454e-02,1.658906822103888845e-01,1.470373061124380099e-01
4.790000000000000000e+02,2.000000000000000000e+00,2.920118036769999131e-03,3.895234603569854709e-02,4.871477246110330478e-02,1.658906822103888845e-01,1.470373061124380099e-01
4.800000000000000000e+02,2.000000000000000000e+00,2.920118036769999131e-03,3.895234603569854709e-02,4.862463455874047741e-02,1.658906822103888845e-01,1.470373061124380099e-01
4.810000000000000000e+02,2.000000000000000000e+00,2.920118036769999131e-03,3.895234603569854709e-02,4.853486031001553319e-02,1.658906822103888845e-01,1.470373061124380099e-01
4.820000000000000000e+02,2.000000000000000000e+00,2.920118036769999131e-03,3.396759894545841457e-02,4.844544744315205237e-02,1.658906822103888845e-01,1.470373061124380099e-01
4.830000000000000000e+02,2.000000000000000000e+00,2.920118036769999131e-03,3.396759894545841457e-02,4.835639370560870787e-02,1.658906822103888845e-01,1.470373061124380099e-01
4.840000000000000000e+02,2.000000000000000000e+00,2.920118036769999131e-03,3.396759894545841457e-02,4.826769686387021724e-02,1.658906822103888845e-01,1.470373061124380099e-01
4.850000000000000000e+02,2.000000000000000000e+00,2.920118036769999131e-03,3.396759894545841457e-02,4.817935470324843927e-02,1.658906822103888845e-01,1.470373061124380099e-01
4.860000000000000000e+02,2.000000000000000000e+00,2.920118036769999131e-03,3.396759894545841457e-02,4.809136502767790561e-02,1.658906822103888845e-01,1.470373061124380099e-01
4.870000000000000000e+02,2.000000000000000000e+00,2.920118036769999131e-03,3.396759894545841457e-02,4.800372565952087250e-02,1.658906822103888845e-01,1.470373061124380099e-01
4.880000000000000000e+02,2.000000000000000000e+00,2.920118036769999131e-03,3.396759894545841457e-02,4.791643443937166486e-02,1.658906822103888845e-01,1.470373061124380099e-01
4.890000000000000000e+02,2.000000000000000000e+00,2.920118036769999131e-03,3.396759894545841457e-02,4.782948922586464230e-02,1.658906822103888845e-01,1.470373061124380099e-01
4.900000000000000000e+02,2.000000000000000000e+00,2.920118036769999131e-03,3.396759894545841457e-02,4.774288789548088857e-02,1.658906822103888845e-01,1.470373061124380099e-01
4.910000000000000000e+02,2.000000000000000000e+00,2.920118036769999131e-03,3.396759894545841457e-02,4.765662834236628759e-02,1.658906822103888845e-01,1.470373061124380099e-01
4.920000000000000000e+02,2.000000000000000000e+00,2.920118036769999131e-03,3.396759894545841457e-02,4.757060105509455100e-02,1.658906822103888845e-01,1.470373061124380099e-01
4.930000000000000000e+02,2.000000000000000000e+00,2.920118036769999131e-03,3.396759894545841457e-02,4.748482926758252481e-02,1.658906822103888845e-01,1.470373061124380099e-01
4.940000000000000000e+02,2.000000000000000000e+00,2.920118036769999131e-03,3.396759894545841457e-02,4.739939460809534238e-02,1.658906822103888845e-01,1.470373061124380099e-01
4.950000000000000000e+02,2.000000000000000000e+00,2.920118036769999131e-03,3.396759894545841457e-02,4.731429502493471329e-02,1.658906822103888845e-01,1.470373061124380099e-01
4.960000000000000000e+02,2.000000000000000000e+00,2.920118036769999131e-03,3.396759894545841457e-02,4.722952848332589298e-02,1.658906822103888845e-01,1.470373061124380099e-01
4.970000000000000000e+02,2.000000000000000000e+00,2.920118036769999131e-03,3.396759894545841457e-02,4.714509296523790999e-02,1.658906822103888845e-01,1.470373061124380099e-01
4.980000000000000000e+02,2.000000000000000000e+00,2.920118036769999131e-03,3.396759894545841457e-02,4.706098646921256373e-02,1.658906822103888845e-01,1.470373061124380099e-01
4.990000000000000000e+02,2.000000000000000000e+00,2.920118036769999131e-03,3.396759894545841457e-02,4.697720701019001549e-02,1.658906822103888845e-01,1.470373061124380099e-01
5.000000000000000000e+02,2.000000000000000000e+00,2.920118036769999131e-03,3.396759894545841457e-02,4.689375261934040223e-02,1.658906822103888845e-01,1.470373061124380099e-01
5.010000000000000000e+02,2.000000000000000000e+00,2.920118036769999131e-03,3.396759894545841457e-02,4.681062134389713664e-02,1.658906822103888845e-01,1.470373061124380099e-01
5.020000000000000000e+02,2.000000000000000000e+00,2.920118036769999131e-03,3.396759894545841457e-02,4.672781124699012384e-02,1.658906822103888845e-01,1.470373061124380099e-01
5.030000000000000000e+02,2.000000000000000000e+00,2.920118036769999131e-03,3.396759894545841457e-02,4.664532040748364111e-02,1.658906822103888845e-01,1.470373061124380099e-01
5.040000000000000000e+02,2.000000000000000000e+00,2.920118036769999131e-03,3.396759894545841457e-02,4.656314691981355142e-02,1.658906822103888845e-01,1.470373061124380099e-01
5.050000000000000000e+02,2.000000000000000000e+00,2.920118036769999131e-03,3.396759894545841457e-02,4.648122322392318762e-02,1.658906822103888845e-01,1.470373061124380099e-01
5.060000000000000000e+02,2.000000000000000000e+00,2.920118036769999131e-03,3.396759894545841457e-02,4.639950279150567569e-02,1.658906822103888845e-01,1.470373061124380099e-01
5.070000000000000000e+02,2.000000000000000000e+00,2.920118036769999131e-03,3.396759894545841457e-02,4.631809550157971189e-02,1.658906822103888845e-01,1.470373061124380099e-01
5.080000000000000000e+02,2.000000000000000000e+00,2.920118036769999131e-03,3.396759894545841457e-02,4.623699949636984191e-02,1.658906822103888845e-01,1.470373061124380099e-01
5.090000000000000000e+02,2.000000000000000000e+00,2.920118036769999131e-03,3.396759894545841457e-02,4.615621293303915490e-02,1.658906822103888845e-01,1.470373061124380099e-01
5.100000000000000000e+02,2.000000000000000000e+00,2.920118036769999131e-03,3.396759894545841457e-02,4.607573398353307509e-02,1.658906822103888845e-01,1.470373061124380099e-01
5.110000000000000000e+02,2.000000000000000000e+00,2.920118036769999131e-03,3.396759894545841457e-02,4.599556083443254867e-02,1.658906822103888845e-01,1.470373061124380099e-01
5.120000000000000000e+02,2.000000000000000000e+00,2.920118036769999131e-03,3.396759894545841457e-02,4.591569168680672414e-02,1.658906822103888845e-01,1.470373061124380099e-01
5.130000000000000000e+02,2.000000000000000000e+00,2.920118036769999131e-03,3.396759894545841457e-02,4.583612475606409914e-02,1.658906822103888845e-01,1.470373061124380099e-01
5.140000000000000000e+02,2.000000000000000000e+00,2.920118036769999131e-03,3.396759894545841457e-02,4.575685827181127235e-02,1.658906822103888845e-01,1.470373061124380099e-01
5.150000000000000000e+02,2.000000000000000000e+00,2.920118036769999131e-03,3.396759894545841457e-02,4.567789047770740712e-02,1.658906822103888845e-01,1.470373061124380099e-01
5.160000000000000000e+02,2.000000000000000000e+00,2.920118036769999131e-03,3.396759894545841457e-02,4.559921963132614053e-02,1.658906822103888845e-01,1.470373061124380099e-01
5.170000000000000000e+02,2.000000000000000000e+00,2.920118036769999131e-03,3.396759894545841457e-02,4.552084400401599368e-02,1.658906822103888845e-01,1.470373061124380099e-01
5.180000000000000000e+02,2.000000000000000000e+00,2.920118036769999131e-03,3.396759894545841457e-02,4.544273702074786564e-02,1.658906822103888845e-01,1.470373061124380099e-01
5.190000000000000000e+02,2.000000000000000000e+00,2.920118036769999131e-03,3.396759894545841457e-02,4.536478297456187497e-02,1.658906822103888845e-01,1.470373061124380099e-01
5.200000000000000000e+02,2.000000000000000000e+00,2.920118036769999131e-03,3.396759894545841457e-02,4.528712032693876094e-02,1.658906822103888845e-01,1.470373061124380099e-01
5.210000000000000000e+02,2.000000000000000000e+00,2.920118036769999131e-03,3.396759894545841457e-02,4.520974739152591043e-02,1.658906822103888845e-01,1.470373061124380099e-01
5.220000000000000000e+02,2.000000000000000000e+00,2.920118036769999131e-03,3.396759894545841457e-02,4.513266249519672785e-02,1.658906822103888845e-01,1.470373061124380099e-01
5.230000000000000000e+02,2.000000000000000000e+00,2.920118036769999131e-03,3.396759894545841457e-02,4.505586397791883774e-02,1.658906822103888845e-01,1.470373061124380099e-01
5.240000000000000000e+02,2.000000000000000000e+00,2.920118036769999131e-03,3.396759894545841457e-02,4.497935019262331441e-02,1.658906822103888845e-01,1.470373061124380099e-01
5.250000000000000000e+02,2.000000000000000000e+00,2.920118036769999131e-03,3.396759894545841457e-02,4.490311950507974714e-02,1.658906822103888845e-01,1.470373061124380099e-01
5.260000000000000000e+02,2.000000000000000000e+00,2.920118036769999131e-03,3.396759894545841457e-02,4.482717029376823842e-02,1.658906822103888845e-01,1.470373061124380099e-01
5.270000000000000000e+02,2.000000000000000000e+00,2.920118036769999131e-03,3.396759894545841457e-02,4.475150094975417076e-02,1.658906822103888845e-01,1.470373061124380099e-01
5.280000000000000000e+02,2.000000000000000000e+00,2.920118036769999131e-03,3.396759894545841457e-02,4.467610987656554095e-02,1.658906822103888845e-01,1.470373061124380099e-01
5.290000000000000000e+02,2.000000000000000000e+00,2.920118036769999131e-03,3.396759894545841457e-02,4.460099549007234127e-02,1.658906822103888845e-01,1.470373061124380099e-01
5.300000000000000000e+02,2.000000000000000000e+00,2.920118036769999131e-03,3.396759894545841457e-02,4.452615621836293613e-02,1.658906822103888845e-01,1.470373061124380099e-01
5.310000000000000000e+02,2.000000000000000000e+00,2.920118036769999131e-03,3.396759894545841457e-02,4.445159050163029896e-02,1.658906822103888845e-01,1.470373061124380099e-01
5.320000000000000000e+02,2.000000000000000000e+00,2.920118036769999131e-03,3.396759894545841457e-02,4.437715890700422855e-02,1.658906822103888845e-01,1.470373061124380099e-01
5.330000000000000000e+02,2.000000000000000000e+00,2.920118036769999131e-03,3.396759894545841457e-02,4.430298424763575577e-02,1.658906822103888845e-01,1.470373061124380099e-01
5.340000000000000000e+02,2.000000000000000000e+00,2.920118036769999131e-03,3.396759894545841457e-02,4.422907969293506797e-02,1.658906822103888845e-01,1.470373061124380099e-01
5.350000000000000000e+02,2.000000000000000000e+00,2.920118036769999131e-03,3.396759894545841457e-02,4.415544372028989278e-02,1.658906822103888845e-01,1.470373061124380099e-01
5.360000000000000000e+02,2.000000000000000000e+00,2.920118036769999131e-03,3.396759894545841457e-02,4.408207481871938976e-02,1.658906822103888845e-01,1.470373061124380099e-01
5.370000000000000000e+02,2.000000000000000000e+00,2.920118036769999131e-03,3.396759894545841457e-02,4.400897148876144194e-02,1.658906822103888845e-01,1.470373061124380099e-01
5.380000000000000000e+02,2.000000000000000000e+00,2.920118036769999131e-03,3.396759894545841457e-02,4.393613224236207759e-02,1.658906822103888845e-01,1.470373061124380099e-01
5.390000000000000000e+02,2.000000000000000000e+00,2.920118036769999131e-03,3.396759894545841457e-02,4.386355560276652271e-02,1.658906822103888845e-01,1.470373061124380099e-01
5.400000000000000000e+02,2.000000000000000000e+00,2.920118036769999131e-03,3.396759894545841457e-02,4.379124010441033665e-02,1.658906822103888845e-01,1.470373061124380099e-01
5.410000000000000000e+02,2.000000000000000000e+00,2.920118036769999131e-03,3.396759894545841457e-02,4.371918429281238666e-02,1.658906822103888845e-01,1.470373061124380099e-01
5.420000000000000000e+02,2.000000000000000000e+00,2.920118036769999131e-03,3.396759894545841457e-02,4.364738672446866891e-02,1.658906822103888845e-01,1.470373061124380099e-01
5.430000000000000000e+02,2.000000000000000000e+00,2.920118036769999131e-03,3.396759894545841457e-02,4.357584596674839855e-02,1.658906822103888845e-01,1.470373061124380099e-01
5.440000000000000000e+02,2.000000000000000000e+00,2.920118036769999131e-03,3.396759894545841457e-02,4.350456059779132106e-02,1.658906822103888845e-01,1.470373061124380099e-01
5.450000000000000000e+02,2.000000000000000000e+00,2.920118036769999131e-03,3.396759894545841457e-02,4.343343956169164882e-02,1.658906822103888845e-01,1.470373061124380099e-01
5.460000000000000000e+02,2.000000000000000000e+00,2.920118036769999131e-03,3.396759894545841457e-02,4.336251935702608445e-02,1.658906822103888845e-01,1.470373061124380099e-01
5.470000000000000000e+02,2.000000000000000000e+00,2.920118036769999131e-03,3.396759894545841457e-02,4.329185139457123604e-02,1.658906822103888845e-01,1.470373061124380099e-01
5.480000000000000000e+02,2.000000000000000000e+00,2.920118036769999131e-03,3.396759894545841457e-02,4.322143428558809092e-02,1.658906822103888845e-01,1.470373061124380099e-01
5.490000000000000000e+02,2.000000000000000000e+00,2.920118036769999131e-03,3.396759894545841457e-02,4.315126665170212344e-02,1.658906822103888845e-01,1.470373061124380099e-01
5.500000000000000000e+02,2.000000000000000000e+00,2.920118036769999131e-03,3.396759894545841457e-02,4.308134712479894796e-02,1.658906822103888845e-01,1.470373061124380099e-01
5.510000000000000000e+02,2.000000000000000000e+00,2.920118036769999131e-03,3.396759894545841457e-02,4.301167434693201064e-02,1.658906822103888845e-01,1.470373061124380099e-01
5.520000000000000000e+02,2.000000000000000000e+00,2.920118036769999131e-03,3.396759894545841457e-02,4.294224697022745035e-02,1.658906822103888845e-01,1.470373061124380099e-01
5.530000000000000000e+02,2.000000000000000000e+00,2.920118036769999131e-03,3.396759894545841457e-02,4.287306365678644066e-02,1.658906822103888845e-01,1.470373061124380099e-01
5.540000000000000000e+02,2.000000000000000000e+00,2.920118036769999131e-03,3.396759894545841457e-02,4.280412307859531723e-02,1.658906822103888845e-01,1.470373061124380099e-01
5.550000000000000000e+02,2.000000000000000000e+00,2.920118036769999131e-03,3.396759894545841457e-02,4.273542391743150731e-02,1.658906822103888845e-01,1.470373061124380099e-01
5.560000000000000000e+02,2.000000000000000000e+00,2.920118036769999131e-03,2.959763815910192858e-02,4.266696486477456612e-02,1.658906822103888845e-01,1.470373061124380099e-01
5.570000000000000000e+02,2.000000000000000000e+00,2.920118036769999131e-03,2.959763815910192858e-02,4.259874462171212711e-02,1.658906822103888845e-01,1.470373061124380099e-01
5.580000000000000000e+02,2.000000000000000000e+00,2.920118036769999131e-03,2.959763815910192858e-02,4.253071800481707937e-02,1.658906822103888845e-01,1.470373061124380099e-01
5.590000000000000000e+02,2.000000000000000000e+00,2.920118036769999131e-03,2.959763815910192858e-02,4.246283928279654535e-02,1.658906822103888845e-01,1.470373061124380099e-01
5.600000000000000000e+02,2.000000000000000000e+00,2.920118036769999131e-03,2.959763815910192858e-02,4.239519649471375912e-02,1.658906822103888845e-01,1.470373061124380099e-01
5.610000000000000000e+02,2.000000000000000000e+00,2.920118036769999131e-03,2.959763815910192858e-02,4.232778837123511023e-02,1.658906822103888845e-01,1.470373061124380099e-01
5.620000000000000000e+02,2.000000000000000000e+00,2.920118036769999131e-03,2.959763815910192858e-02,4.226061365227879590e-02,1.658906822103888845e-01,1.470373061124380099e-01
5.630000000000000000e+02,2.000000000000000000e+00,2.920118036769999131e-03,2.959763815910192858e-02,4.219367108693303919e-02,1.658906822103888845e-01,1.470373061124380099e-01
5.640000000000000000e+02,2.000000000000000000e+00,2.920118036769999131e-03,2.959763815910192858e-02,4.212695943337069204e-02,1.658906822103888845e-01,1.470373061124380099e-01
5.650000000000000000e+02,2.000000000000000000e+00,2.920118036769999131e-03,2.959763815910192858e-02,4.206047745876530936e-02,1.658906822103888845e-01,1.470373061124380099e-01
5.660000000000000000e+02,2.000000000000000000e+00,2.920118036769999131e-03,2.959763815910192858e-02,4.199422393920905494e-02,1.658906822103888845e-01,1.470373061124380099e-01
5.670000000000000000e+02,2.000000000000000000e+00,2.920118036769999131e-03,2.959763815910192858e-02,4.192819765963223116e-02,1.658906822103888845e-01,1.470373061124380099e-01
5.680000000000000000e+02,2.000000000000000000e+00,2.920118036769999131e-03,2.959763815910192858e-02,4.186239741372264900e-02,1.658906822103888845e-01,1.470373061124380099e-01
5.690000000000000000e+02,2.000000000000000000e+00,2.920118036769999131e-03,2.959763815910192858e-02,4.179682200384336049e-02,1.658906822103888845e-01,1.470373061124380099e-01
5.700000000000000000e+02,2.000000000000000000e+00,2.920118036769999131e-03,2.959763815910192858e-02,4.173147024095793384e-02,1.658906822103888845e-01,1.470373061124380099e-01
5.710000000000000000e+02,2.000000000000000000e+00,2.920118036769999131e-03,2.959763815910192858e-02,4.166634032175383501e-02,1.658906822103888845e-01,1.470373061124380099e-01
5.720000000000000000e+02,2.000000000000000000e+00,2.920118036769999131e-03,2.959763815910192858e-02,4.160130844646103138e-02,1.658906822103888845e-01,1.470373061124380099e-01
5.730000000000000000e+02,2.000000000000000000e+00,2.920118036769999131e-03,2.959763815910192858e-02,4.153649758472908321e-02,1.658906822103888845e-01,1.470373061124380099e-01
5.740000000000000000e+02,2.000000000000000000e+00,2.920118036769999131e-03,2.959763815910192858e-02,4.147190657399830310e-02,1.658906822103888845e-01,1.470373061124380099e-01
5.750000000000000000e+02,2.000000000000000000e+00,2.920118036769999131e-03,2.959763815910192858e-02,4.140753425999484788e-02,1.658906822103888845e-01,1.470373061124380099e-01
5.760000000000000000e+02,2.000000000000000000e+00,2.920118036769999131e-03,2.959763815910192858e-02,4.134337949665550099e-02,1.658906822103888845e-01,1.470373061124380099e-01
5.770000000000000000e+02,2.000000000000000000e+00,2.920118036769999131e-03,2.959763815910192858e-02,4.127944114605697906e-02,1.658906822103888845e-01,1.470373061124380099e-01
5.780000000000000000e+02,2.000000000000000000e+00,2.920118036769999131e-03,2.959763815910192858e-02,4.121571807833975670e-02,1.658906822103888845e-01,1.470373061124380099e-01
5.790000000000000000e+02,2.000000000000000000e+00,2.920118036769999131e-03,2.959763815910192858e-02,4.115220917163821268e-02,1.658906822103888845e-01,1.470373061124380099e-01
5.800000000000000000e+02,2.000000000000000000e+00,2.920118036769999131e-03,2.959763815910192858e-02,4.108891331200762581e-02,1.658906822103888845e-01,1.470373061124380099e-01
5.810000000000000000e+02,2.000000000000000000e+00,2.920118036769999131e-03,2.959763815910192858e-02,4.102582939335537582e-02,1.658906822103888845e-01,1.470373061124380099e-01
5.820000000000000000e+02,2.000000000000000000e+00,2.920118036769999131e-03,2.959763815910192858e-02,4.096295631736919518e-02,1.658906822103888845e-01,1.470373061124380099e-01
5.830000000000000000e+02,2.000000000000000000e+00,2.920118036769999131e-03,2.959763815910192858e-02,4.090029299344934838e-02,1.658906822103888845e-01,1.470373061124380099e-01
5.840000000000000000e+02,2.000000000000000000e+00,2.920118036769999131e-03,2.959763815910192858e-02,4.083783833864051971e-02,1.658906822103888845e-01,1.470373061124380099e-01
5.850000000000000000e+02,2.000000000000000000e+00,2.920118036769999131e-03,2.959763815910192858e-02,4.077551527733856707e-02,1.658906822103888845e-01,1.470373061124380099e-01
5.860000000000000000e+02,2.000000000000000000e+00,2.920118036769999131e-03,2.959763815910192858e-02,4.071335934326602429e-02,1.658906822103888845e-01,1.470373061124380099e-01
5.870000000000000000e+02,2.000000000000000000e+00,2.920118036769999131e-03,2.959763815910192858e-02,4.065140967811867873e-02,1.658906822103888845e-01,1.470373061124380099e-01
5.880000000000000000e+02,2.000000000000000000e+00,2.920118036769999131e-03,2.959763815910192858e-02,4.058966522249492920e-02,1.658906822103888845e-01,1.470373061124380099e-01
5.890000000000000000e+02,2.000000000000000000e+00,2.920118036769999131e-03,2.959763815910192858e-02,4.052812492436621422e-02,1.658906822103888845e-01,1.470373061124380099e-01
5.900000000000000000e+02,2.000000000000000000e+00,2.920118036769999131e-03,2.959763815910192858e-02,4.046678773901143250e-02,1.658906822103888845e-01,1.470373061124380099e-01
5.910000000000000000e+02,2.000000000000000000e+00,2.920118036769999131e-03,2.959763815910192858e-02,4.040565262895447901e-02,1.658906822103888845e-01,1.470373061124380099e-01
5.920000000000000000e+02,2.000000000000000000e+00,2.920118036769999131e-03,2.959763815910192858e-02,4.034471856389857530e-02,1.658906822103888845e-01,1.470373061124380099e-01
5.930000000000000000e+02,2.000000000000000000e+00,2.920118036769999131e-03,2.959763815910192858e-02,4.028398452066570684e-02,1.658906822103888845e-01,1.470373061124380099e-01
5.940000000000000000e+02,2.000000000000000000e+00,2.920118036769999131e-03,2.959763815910192858e-02,4.022344948313288232e-02,1.658906822103888845e-01,1.470373061124380099e-01
5.950000000000000000e+02,2.000000000000000000e+00,2.920118036769999131e-03,2.959763815910192858e-02,4.016311244217205673e-02,1.658906822103888845e-01,1.470373061124380099e-01
5.960000000000000000e+02,2.000000000000000000e+00,2.920118036769999131e-03,2.959763815910192858e-02,4.010297239558888865e-02,1.658906822103888845e-01,1.470373061124380099e-01
5.970000000000000000e+02,2.000000000000000000e+00,2.920118036769999131e-03,2.959763815910192858e-02,4.004302834806152539e-02,1.658906822103888845e-01,1.470373061124380099e-01
5.980000000000000000e+02,2.000000000000000000e+00,2.920118036769999131e-03,2.959763815910192858e-02,3.998324879861143988e-02,1.658906822103888845e-01,1.470373061124380099e-01
5.990000000000000000e+02,2.000000000000000000e+00,2.920118036769999131e-03,2.959763815910192858e-02,3.992358536167808780e-02,1.658906822103888845e-01,1.470373061124380099e-01
6.000000000000000000e+02,2.000000000000000000e+00,2.920118036769999131e-03,2.959763815910192858e-02,3.986411571710006541e-02,1.658906822103888845e-01,1.470373061124380099e-01
6.010000000000000000e+02,2.000000000000000000e+00,2.920118036769999131e-03,2.959763815910192858e-02,3.980483889074763748e-02,1.658906822103888845e-01,1.470373061124380099e-01
6.020000000000000000e+02,2.000000000000000000e+00,2.920118036769999131e-03,2.959763815910192858e-02,3.974575391512691347e-02,1.658906822103888845e-01,1.470373061124380099e-01
6.030000000000000000e+02,2.000000000000000000e+00,2.920118036769999131e-03,2.959763815910192858e-02,3.968685982932060319e-02,1.658906822103888845e-01,1.470373061124380099e-01
6.040000000000000000e+02,2.000000000000000000e+00,2.920118036769999131e-03,2.959763815910192858e-02,3.962815567893251956e-02,1.658906822103888845e-01,1.470373061124380099e-01
6.050000000000000000e+02,2.000000000000000000e+00,2.920118036769999131e-03,2.959763815910192858e-02,3.956964051603228255e-02,1.658906822103888845e-01,1.470373061124380099e-01
6.060000000000000000e+02,2.000000000000000000e+00,2.920118036769999131e-03,2.959763815910192858e-02,3.951131339910100154e-02,1.658906822103888845e-01,1.470373061124380099e-01
6.070000000000000000e+02,2.000000000000000000e+00,2.920118036769999131e-03,2.959763815910192858e-02,3.945317339297359921e-02,1.658906822103888845e-01,1.470373061124380099e-01
6.080000000000000000e+02,2.000000000000000000e+00,2.920118036769999131e-03,2.959763815910192858e-02,3.939521956878774128e-02,1.658906822103888845e-01,1.470373061124380099e-01
6.090000000000000000e+02,2.000000000000000000e+00,2.920118036769999131e-03,2.959763815910192858e-02,3.933745100392792987e-02,1.658906822103888845e-01,1.470373061124380099e-01
6.100000000000000000e+02,2.000000000000000000e+00,2.920118036769999131e-03,2.959763815910192858e-02,3.927986678197312870e-02,1.658906822103888845e-01,1.470373061124380099e-01
6.110000000000000000e+02,2.000000000000000000e+00,2.920118036769999131e-03,2.959763815910192858e-02,3.922246599264685857e-02,1.658906822103888845e-01,1.470373061124380099e-01
6.120000000000000000e+02,2.000000000000000000e+00,2.920118036769999131e-03,2.959763815910192858e-02,3.916515782112030969e-02,1.658906822103888845e-01,1.470373061124380099e-01
6.130000000000000000e+02,2.000000000000000000e+00,2.920118036769999131e-03,2.959763815910192858e-02,3.910801985348711513e-02,1.658906822103888845e-01,1.470373061124380099e-01
6.140000000000000000e+02,2.000000000000000000e+00,2.920118036769999131e-03,2.959763815910192858e-02,3.905106329903224732e-02,1.658906822103888845e-01,1.470373061124380099e-01
6.150000000000000000e+02,2.000000000000000000e+00,2.920118036769999131e-03,2.959763815910192858e-02,3.899428726642648058e-02,1.658906822103888845e-01,1.470373061124380099e-01
6.160000000000000000e+02,2.000000000000000000e+00,2.920118036769999131e-03,2.959763815910192858e-02,3.893769087027705578e-02,1.658906822103888845e-01,1.470373061124380099e-01
6.170000000000000000e+02,2.000000000000000000e+00,2.920118036769999131e-03,2.959763815910192858e-02,3.888127323107221089e-02,1.658906822103888845e-01,1.470373061124380099e-01
6.180000000000000000e+02,2.000000000000000000e+00,2.920118036769999131e-03,2.959763815910192858e-02,3.882503347513716063e-02,1.658906822103888845e-01,1.470373061124380099e-01
6.190000000000000000e+02,2.000000000000000000e+00,2.920118036769999131e-03,2.959763815910192858e-02,3.876897073458143023e-02,1.658906822103888845e-01,1.470373061124380099e-01
6.200000000000000000e+02,2.000000000000000000e+00,2.920118036769999131e-03,2.959763815910192858e-02,3.871308414725273955e-02,1.658906822103888845e-01,1.470373061124380099e-01
6.210000000000000000e+02,2.000000000000000000e+00,2.920118036769999131e-03,2.959763815910192858e-02,3.865737285668764678e-02,1.658906822103888845e-01,1.470373061124380099e-01
6.220000000000000000e+02,2.000000000000000000e+00,2.920118036769999131e-03,2.959763815910192858e-02,3.860183601206512022e-02,1.658906822103888845e-01,1.470373061124380099e-01
6.230000000000000000e+02,2.000000000000000000e+00,2.920118036769999131e-03,2.959763815910192858e-02,3.854647276815973550e-02,1.658906822103888845e-01,1.470373061124380099e-01
6.240000000000000000e+02,2.000000000000000000e+00,2.920118036769999131e-03,2.959763815910192858e-02,3.849128228529410251e-02,1.658906822103888845e-01,1.470373061124380099e-01
6.250000000000000000e+02,2.000000000000000000e+00,2.920118036769999131e-03,2.959763815910192858e-02,3.843621961923319313e-02,1.658906822103888845e-01,1.470373061124380099e-01
6.260000000000000000e+02,2.000000000000000000e+00,2.920118036769999131e-03,2.959763815910192858e-02,3.838127667992118769e-02,1.658906822103888845e-01,1.470373061124380099e-01
6.270000000000000000e+02,2.000000000000000000e+00,2.920118036769999131e-03,2.959763815910192858e-02,3.832650463828416593e-02,1.658906822103888845e-01,1.470373061124380099e-01
6.280000000000000000e+02,2.000000000000000000e+00,2.920118036769999131e-03,2.959763815910192858e-02,3.827190267177316835e-02,1.658906822103888845e-01,1.470373061124380099e-01
6.290000000000000000e+02,2.000000000000000000e+00,2.920118036769999131e-03,2.959763815910192858e-02,3.821746996320094653e-02,1.658906822103888845e-01,1.470373061124380099e-01
6.300000000000000000e+02,2.000000000000000000e+00,2.920118036769999131e-03,2.959763815910192858e-02,3.816320570070198814e-02,1.658906822103888845e-01,1.470373061124380099e-01
6.310000000000000000e+02,2.000000000000000000e+00,2.920118036769999131e-03,2.959763815910192858e-02,3.810910907768663702e-02,1.658906822103888845e-01,1.470373061124380099e-01
6.320000000000000000e+02,2.000000000000000000e+00,2.920118036769999131e-03,2.959763815910192858e-02,3.805517929279798178e-02,1.658906822103888845e-01,1.470373061124380099e-01
6.330000000000000000e+02,2.000000000000000000e+00,2.920118036769999131e-03,2.959763815910192858e-02,3.800141554987073594e-02,1.658906822103888845e-01,1.470373061124380099e-01
6.340000000000000000e+02,2.000000000000000000e+00,2.920118036769999131e-03,2.959763815910192858e-02,3.794781705788511511e-02,1.658906822103888845e-01,1.470373061124380099e-01
6.350000000000000000e+02,2.000000000000000000e+00,2.920118036769999131e-03,2.959763815910192858e-02,3.789438303092898530e-02,1.658906822103888845e-01,1.470373061124380099e-01
6.360000000000000000e+02,2.000000000000000000e+00,2.920118036769999131e-03,2.959763815910192858e-02,3.784111268815393281e-02,1.658906822103888845e-01,1.470373061124380099e-01
6.370000000000000000e+02,2.000000000000000000e+00,2.920118036769999131e-03,2.959763815910192858e-02,3.778800525373426228e-02,1.658906822103888845e-01,1.470373061124380099e-01
6.380000000000000000e+02,2.000000000000000000e+00,2.920118036769999131e-03,2.959763815910192858e-02,3.773505860793744532e-02,1.658906822103888845e-01,1.470373061124380099e-01
6.390000000000000000e+02,2.000000000000000000e+00,2.920118036769999131e-03,2.959763815910192858e-02,3.768218460743660847e-02,1.658906822103888845e-01,1.470373061124380099e-01
6.400000000000000000e+02,2.000000000000000000e+00,2.920118036769999131e-03,2.959763815910192858e-02,3.762947179314913432e-02,1.658906822103888845e-01,1.470373061124380099e-01
6.410000000000000000e+02,2.000000000000000000e+00,2.920118036769999131e-03,2.579464148538289023e-02,3.757691940476104442e-02,1.658906822103888845e-01,1.470373061124380099e-01
6.420000000000000000e+02,2.000000000000000000e+00,2.920118036769999131e-03,2.579464148538289023e-02,3.752452668681612730e-02,1.658906822103888845e-01,1.470373061124380099e-01
6.430000000000000000e+02,2.000000000000000000e+00,2.920118036769999131e-03,2.579464148538289023e-02,3.747229288867915536e-02,1.658906822103888845e-01,1.470373061124380099e-01
6.440000000000000000e+02,2.000000000000000000e+00,2.920118036769999131e-03,2.579464148538289023e-02,3.742021726449611813e-02,1.658906822103888845e-01,1.470373061124380099e-01
6.450000000000000000e+02,2.000000000000000000e+00,2.920118036769999131e-03,2.579464148538289023e-02,3.736829907315492028e-02,1.658906822103888845e-01,1.470373061124380099e-01
6.460000000000000000e+02,2.000000000000000000e+00,2.920118036769999131e-03,2.579464148538289023e-02,3.731653757824900108e-02,1.658906822103888845e-01,1.470373061124380099e-01
6.470000000000000000e+02,1.000000000000000000e+00,1.723709149514526871e-04,2.149179522374457599e-02,3.284851382214684645e-02,1.808378948172542633e-01,9.267287414942194934e-02
6.480000000000000000e+02,1.000000000000000000e+00,1.723709149514526871e-04,2.149179522374457599e-02,3.280349338375567608e-02,1.808378948172542633e-01,9.267287414942194934e-02
6.490000000000000000e+02,1.000000000000000000e+00,1.723709149514526871e-04,2.149179522374457599e-02,3.275860515776547049e-02,1.808378948172542633e-01,9.267287414942194934e-02
6.500000000000000000e+02,1.000000000000000000e+00,1.723709149514526871e-04,2.149179522374457599e-02,3.271384854719410623e-02,1.808378948172542633e-01,9.267287414942194934e-02
6.510000000000000000e+02,1.000000000000000000e+00,1.723709149514526871e-04,2.149179522374457599e-02,3.266922295869927745e-02,1.808378948172542633e-01,9.267287414942194934e-02
6.520000000000000000e+02,1.000000000000000000e+00,1.723709149514526871e-04,2.149179522374457599e-02,3.262472780254919297e-02,1.808378948172542633e-01,9.267287414942194934e-02
6.530000000000000000e+02,1.000000000000000000e+00,1.723709149514526871e-04,2.149179522374457599e-02,3.258036249259609746e-02,1.808378948172542633e-01,9.267287414942194934e-02
6.540000000000000000e+02,1.000000000000000000e+00,1.723709149514526871e-04,2.149179522374457599e-02,3.253612644624909872e-02,1.808378948172542633e-01,9.267287414942194934e-02
6.550000000000000000e+02,1.000000000000000000e+00,1.723709149514526871e-04,2.149179522374457599e-02,3.249201908444603742e-02,1.808378948172542633e-01,9.267287414942194934e-02
6.560000000000000000e+02,1.000000000000000000e+00,1.723709149514526871e-04,2.149179522374457599e-02,3.244803983162727889e-02,1.808378948172542633e-01,9.267287414942194934e-02
6.570000000000000000e+02,1.000000000000000000e+00,1.723709149514526871e-04,2.149179522374457599e-02,3.240418811570874164e-02,1.808378948172542633e-01,9.267287414942194934e-02
6.580000000000000000e+02,1.000000000000000000e+00,1.723709149514526871e-04,2.149179522374457599e-02,3.236046336805616791e-02,1.808378948172542633e-01,9.267287414942194934e-02
6.590000000000000000e+02,1.000000000000000000e+00,1.723709149514526871e-04,2.149179522374457599e-02,3.231686502345633427e-02,1.808378948172542633e-01,9.267287414942194934e-02
6.600000000000000000e+02,1.000000000000000000e+00,1.723709149514526871e-04,2.149179522374457599e-02,3.227339252009609610e-02,1.808378948172542633e-01,9.267287414942194934e-02
6.610000000000000000e+02,1.000000000000000000e+00,1.723709149514526871e-04,2.149179522374457599e-02,3.223000082393909921e-02,1.808378948172542633e-01,9.267287414942194934e-02
6.620000000000000000e+02,1.000000000000000000e+00,1.723709149514526871e-04,2.149179522374457599e-02,3.218670989963372253e-02,1.808378948172542633e-01,9.267287414942194934e-02
6.630000000000000000e+02,1.000000000000000000e+00,1.723709149514526871e-04,2.149179522374457599e-02,3.214354356124984186e-02,1.808378948172542633e-01,9.267287414942194934e-02
6.640000000000000000e+02,1.000000000000000000e+00,1.723709149514526871e-04,2.149179522374457599e-02,3.210050125752264560e-02,1.808378948172542633e-01,9.267287414942194934e-02
6.650000000000000000e+02,1.000000000000000000e+00,1.723709149514526871e-04,2.149179522374457599e-02,3.205758244048065309e-02,1.808378948172542633e-01,9.267287414942194934e-02
6.660000000000000000e+02,1.000000000000000000e+00,1.723709149514526871e-04,2.149179522374457599e-02,3.201478656542098428e-02,1.808378948172542633e-01,9.267287414942194934e-02
6.670000000000000000e+02,1.000000000000000000e+00,1.723709149514526871e-04,2.149179522374457599e-02,3.197211309088519166e-02,1.808378948172542633e-01,9.267287414942194934e-02
6.680000000000000000e+02,1.000000000000000000e+00,1.723709149514526871e-04,2.149179522374457599e-02,3.192956147863431487e-02,1.808378948172542633e-01,9.267287414942194934e-02
6.690000000000000000e+02,1.000000000000000000e+00,1.723709149514526871e-04,2.149179522374457599e-02,3.188713119362508036e-02,1.808378948172542633e-01,9.267287414942194934e-02
6.700000000000000000e+02,1.000000000000000000e+00,1.723709149514526871e-04,2.149179522374457599e-02,3.184482170398459516e-02,1.808378948172542633e-01,9.267287414942194934e-02
6.710000000000000000e+02,1.000000000000000000e+00,1.723709149514526871e-04,2.149179522374457599e-02,3.180263248099026580e-02,1.808378948172542633e-01,9.267287414942194934e-02
6.720000000000000000e+02,1.000000000000000000e+00,1.723709149514526871e-04,2.149179522374457599e-02,3.176056299904241736e-02,1.808378948172542633e-01,9.267287414942194934e-02
6.730000000000000000e+02,1.000000000000000000e+00,1.723709149514526871e-04,2.149179522374457599e-02,3.171861273564228340e-02,1.808378948172542633e-01,9.267287414942194934e-02
6.740000000000000000e+02,1.000000000000000000e+00,1.723709149514526871e-04,2.149179522374457599e-02,3.167678117137141119e-02,1.808378948172542633e-01,9.267287414942194934e-02
6.750000000000000000e+02,1.000000000000000000e+00,1.723709149514526871e-04,2.149179522374457599e-02,3.163506778986454465e-02,1.808378948172542633e-01,9.267287414942194934e-02
6.760000000000000000e+02,1.000000000000000000e+00,1.723709149514526871e-04,2.149179522374457599e-02,3.159347207779045902e-02,1.808378948172542633e-01,9.267287414942194934e-02
6.770000000000000000e+02,1.000000000000000000e+00,1.723709149514526871e-04,2.149179522374457599e-02,3.155199352482731395e-02,1.808378948172542633e-01,9.267287414942194934e-02
6.780000000000000000e+02,1.000000000000000000e+00,1.723709149514526871e-04,2.149179522374457599e-02,3.151063162364318992e-02,1.808378948172542633e-01,9.267287414942194934e-02
6.790000000000000000e+02,1.000000000000000000e+00,1.723709149514526871e-04,2.149179522374457599e-02,3.146938586986995634e-02,1.808378948172542633e-01,9.267287414942194934e-02
6.800000000000000000e+02,1.000000000000000000e+00,1.723709149514526871e-04,2.149179522374457599e-02,3.142825576208526511e-02,1.808378948172542633e-01,9.267287414942194934e-02
6.810000000000000000e+02,1.000000000000000000e+00,1.723709149514526871e-04,2.149179522374457599e-02,3.138724080178915271e-02,1.808378948172542633e-01,9.267287414942194934e-02
6.820000000000000000e+02,1.000000000000000000e+00,1.723709149514526871e-04,2.149179522374457599e-02,3.134634049338197448e-02,1.808378948172542633e-01,9.267287414942194934e-02
6.830000000000000000e+02,1.000000000000000000e+00,1.723709149514526871e-04,2.149179522374457599e-02,3.130555434414528104e-02,1.808378948172542633e-01,9.267287414942194934e-02
6.840000000000000000e+02,1.000000000000000000e+00,1.723709149514526871e-04,2.149179522374457599e-02,3.126488186421828852e-02,1.808378948172542633e-01,9.267287414942194934e-02
6.850000000000000000e+02,1.000000000000000000e+00,1.723709149514526871e-04,2.149179522374457599e-02,3.122428324380084955e-02,1.808378948172542633e-01,9.267287414942194934e-02
6.860000000000000000e+02,1.000000000000000000e+00,1.723709149514526871e-04,2.149179522374457599e-02,3.118377485648201816e-02,1.808378948172542633e-01,9.267287414942194934e-02
6.870000000000000000e+02,1.000000000000000000e+00,1.723709149514526871e-04,2.149179522374457599e-02,3.114337904326219472e-02,1.808378948172542633e-01,9.267287414942194934e-02
6.880000000000000000e+02,1.000000000000000000e+00,1.723709149514526871e-04,2.149179522374457599e-02,3.110309532316643880e-02,1.808378948172542633e-01,9.267287414942194934e-02
6.890000000000000000e+02,1.000000000000000000e+00,1.723709149514526871e-04,2.149179522374457599e-02,3.106292321799440648e-02,1.808378948172542633e-01,9.267287414942194934e-02
6.900000000000000000e+02,1.000000000000000000e+00,1.723709149514526871e-04,2.149179522374457599e-02,3.102286225230030739e-02,1.808378948172542633e-01,9.267287414942194934e-02
6.910000000000000000e+02,1.000000000000000000e+00,1.723709149514526871e-04,2.149179522374457599e-02,3.098291195337195963e-02,1.808378948172542633e-01,9.267287414942194934e-02
6.920000000000000000e+02,1.000000000000000000e+00,1.723709149514526871e-04,2.149179522374457599e-02,3.094307185121253703e-02,1.808378948172542633e-01,9.267287414942194934e-02
6.930000000000000000e+02,1.000000000000000000e+00,1.723709149514526871e-04,2.149179522374457599e-02,3.090334147851994326e-02,1.808378948172542633e-01,9.267287414942194934e-02
6.940000000000000000e+02,1.000000000000000000e+00,1.723709149514526871e-04,2.149179522374457599e-02,3.086372037066695967e-02,1.808378948172542633e-01,9.267287414942194934e-02
6.950000000000000000e+02,1.000000000000000000e+00,1.723709149514526871e-04,2.149179522374457599e-02,3.082420806568341928e-02,1.808378948172542633e-01,9.267287414942194934e-02
6.960000000000000000e+02,1.000000000000000000e+00,1.723709149514526871e-04,2.149179522374457599e-02,3.078480410423561561e-02,1.808378948172542633e-01,9.267287414942194934e-02
6.970000000000000000e+02,1.000000000000000000e+00,1.723709149514526871e-04,2.149179522374457599e-02,3.074550802960794929e-02,1.808378948172542633e-01,9.267287414942194934e-02
6.980000000000000000e+02,1.000000000000000000e+00,1.723709149514526871e-04,2.149179522374457599e-02,3.070631938768497368e-02,1.808378948172542633e-01,9.267287414942194934e-02
6.990000000000000000e+02,1.000000000000000000e+00,1.723709149514526871e-04,2.149179522374457599e-02,3.066723772693051922e-02,1.808378948172542633e-01,9.267287414942194934e-02
7.000000000000000000e+02,1.000000000000000000e+00,1.723709149514526871e-04,2.149179522374457599e-02,3.062826259837197682e-02,1.808378948172542633e-01,9.267287414942194934e-02
7.010000000000000000e+02,1.000000000000000000e+00,1.723709149514526871e-04,2.149179522374457599e-02,3.058939355557967893e-02,1.808378948172542633e-01,9.267287414942194934e-02
7.020000000000000000e+02,1.000000000000000000e+00,1.723709149514526871e-04,2.149179522374457599e-02,3.055063015464968765e-02,1.808378948172542633e-01,9.267287414942194934e-02
7.030000000000000000e+02,1.000000000000000000e+00,1.723709149514526871e-04,2.149179522374457599e-02,3.051197195418671113e-02,1.808378948172542633e-01,9.267287414942194934e-02
7.040000000000000000e+02,1.000000000000000000e+00,1.723709149514526871e-04,2.149179522374457599e-02,3.047341851528482734e-02,1.808378948172542633e-01,9.267287414942194934e-02
7.050000000000000000e+02,1.000000000000000000e+00,1.723709149514526871e-04,2.149179522374457599e-02,3.043496940151029298e-02,1.808378948172542633e-01,9.267287414942194934e-02
7.060000000000000000e+02,1.000000000000000000e+00,1.723709149514526871e-04,2.149179522374457599e-02,3.039662417888392906e-02,1.808378948172542633e-01,9.267287414942194934e-02
7.070000000000000000e+02,1.000000000000000000e+00,1.723709149514526871e-04,2.149179522374457599e-02,3.035838241586421779e-02,1.808378948172542633e-01,9.267287414942194934e-02
7.080000000000000000e+02,1.000000000000000000e+00,1.723709149514526871e-04,2.149179522374457599e-02,3.032024368332953204e-02,1.808378948172542633e-01,9.267287414942194934e-02
7.090000000000000000e+02,1.000000000000000000e+00,1.723709149514526871e-04,2.149179522374457599e-02,3.028217675134741230e-02,1.808378948172542633e-01,9.267287414942194934e-02
7.100000000000000000e+02,1.000000000000000000e+00,1.723709149514526871e-04,2.149179522374457599e-02,3.024418681278877308e-02,1.808378948172542633e-01,9.267287414942194934e-02
7.110000000000000000e+02,1.000000000000000000e+00,1.723709149514526871e-04,2.149179522374457599e-02,3.020629894476871413e-02,1.808378948172542633e-01,9.267287414942194934e-02
7.120000000000000000e+02,1.000000000000000000e+00,1.723709149514526871e-04,2.149179522374457599e-02,3.016851272569245554e-02,1.808378948172542633e-01,9.267287414942194934e-02
7.130000000000000000e+02,1.000000000000000000e+00,1.723709149514526871e-04,2.149179522374457599e-02,3.013082773631728037e-02,1.808378948172542633e-01,9.267287414942194934e-02
7.140000000000000000e+02,1.000000000000000000e+00,1.723709149514526871e-04,2.149179522374457599e-02,3.009324355973378232e-02,1.808378948172542633e-01,9.267287414942194934e-02
7.150000000000000000e+02,1.000000000000000000e+00,1.723709149514526871e-04,2.149179522374457599e-02,3.005575978135168261e-02,1.808378948172542633e-01,9.267287414942194934e-02
7.160000000000000000e+02,1.000000000000000000e+00,1.723709149514526871e-04,2.149179522374457599e-02,3.001837598888179581e-02,1.808378948172542633e-01,9.267287414942194934e-02
7.170000000000000000e+02,1.000000000000000000e+00,1.723709149514526871e-04,2.149179522374457599e-02,2.998109177232172531e-02,1.808378948172542633e-01,9.267287414942194934e-02
7.180000000000000000e+02,1.000000000000000000e+00,1.723709149514526871e-04,2.149179522374457599e-02,2.994390672393797484e-02,1.808378948172542633e-01,9.267287414942194934e-02
7.190000000000000000e+02,1.000000000000000000e+00,1.723709149514526871e-04,2.149179522374457599e-02,2.990682043825195965e-02,1.808378948172542633e-01,9.267287414942194934e-02
7.200000000000000000e+02,1.000000000000000000e+00,1.723709149514526871e-04,2.149179522374457599e-02,2.986983251202246850e-02,1.808378948172542633e-01,9.267287414942194934e-02
7.210000000000000000e+02,1.000000000000000000e+00,1.723709149514526871e-04,2.149179522374457599e-02,2.983294254423135908e-02,1.808378948172542633e-01,9.267287414942194934e-02
7.220000000000000000e+02,1.000000000000000000e+00,1.723709149514526871e-04,2.149179522374457599e-02,2.979615013606903146e-02,1.808378948172542633e-01,9.267287414942194934e-02
7.230000000000000000e+02,1.000000000000000000e+00,1.723709149514526871e-04,2.149179522374457599e-02,2.975945489091676166e-02,1.808378948172542633e-01,9.267287414942194934e-02
7.240000000000000000e+02,1.000000000000000000e+00,1.723709149514526871e-04,2.149179522374457599e-02,2.972285641433194264e-02,1.808378948172542633e-01,9.267287414942194934e-02
7.250000000000000000e+02,1.000000000000000000e+00,1.723709149514526871e-04,2.149179522374457599e-02,2.968635431403617367e-02,1.808378948172542633e-01,9.267287414942194934e-02
7.260000000000000000e+02,1.000000000000000000e+00,1.723709149514526871e-04,2.149179522374457599e-02,2.964994819989565447e-02,1.808378948172542633e-01,9.267287414942194934e-02
7.270000000000000000e+02,1.000000000000000000e+00,1.723709149514526871e-04,2.149179522374457599e-02,2.961363768391004139e-02,1.808378948172542633e-01,9.267287414942194934e-02
7.280000000000000000e+02,1.000000000000000000e+00,1.723709149514526871e-04,2.149179522374457599e-02,2.957742238019627282e-02,1.808378948172542633e-01,9.267287414942194934e-02
7.290000000000000000e+02,1.000000000000000000e+00,1.723709149514526871e-04,2.149179522374457599e-02,2.954130190497352218e-02,1.808378948172542633e-01,9.267287414942194934e-02
7.300000000000000000e+02,1.000000000000000000e+00,1.723709149514526871e-04,2.149179522374457599e-02,2.950527587655000020e-02,1.808378948172542633e-01,9.267287414942194934e-02
7.310000000000000000e+02,1.000000000000000000e+00,1.723709149514526871e-04,2.149179522374457599e-02,2.946934391530815420e-02,1.808378948172542633e-01,9.267287414942194934e-02
7.320000000000000000e+02,1.000000000000000000e+00,1.723709149514526871e-04,2.149179522374457599e-02,2.943350564369033584e-02,1.808378948172542633e-01,9.267287414942194934e-02
7.330000000000000000e+02,1.000000000000000000e+00,1.723709149514526871e-04,2.149179522374457599e-02,2.939774065167670772e-02,1.808378948172542633e-01,9.267287414942194934e-02
7.340000000000000000e+02,1.000000000000000000e+00,1.723709149514526871e-04,2.149179522374457599e-02,2.936203773029793726e-02,1.808378948172542633e-01,9.267287414942194934e-02
7.350000000000000000e+02,1.000000000000000000e+00,1.723709149514526871e-04,2.149179522374457599e-02,2.932642765351705164e-02,1.808378948172542633e-01,9.267287414942194934e-02
7.360000000000000000e+02,1.000000000000000000e+00,1.723709149514526871e-04,2.149179522374457599e-02,2.929091005018814864e-02,1.808378948172542633e-01,9.267287414942194934e-02
7.370000000000000000e+02,1.000000000000000000e+00,1.723709149514526871e-04,2.149179522374457599e-02,2.925548455116766880e-02,1.808378948172542633e-01,9.267287414942194934e-02
7.380000000000000000e+02,1.000000000000000000e+00,1.723709149514526871e-04,2.149179522374457599e-02,2.922015078930164170e-02,1.808378948172542633e-01,9.267287414942194934e-02
7.390000000000000000e+02,1.000000000000000000e+00,1.723709149514526871e-04,2.149179522374457599e-02,2.918490839941247778e-02,1.808378948172542633e-01,9.267287414942194934e-02
7.400000000000000000e+02,1.000000000000000000e+00,1.723709149514526871e-04,2.149179522374457599e-02,2.914975701828469851e-02,1.808378948172542633e-01,9.267287414942194934e-02
7.410000000000000000e+02,1.000000000000000000e+00,1.723709149514526871e-04,2.149179522374457599e-02,2.911469628465235965e-02,1.808378948172542633e-01,9.267287414942194934e-02
7.420000000000000000e+02,1.000000000000000000e+00,1.723709149514526871e-04,2.149179522374457599e-02,2.907972583918539897e-02,1.808378948172542633e-01,9.267287414942194934e-02
7.430000000000000000e+02,1.000000000000000000e+00,1.723709149514526871e-04,2.149179522374457599e-02,2.904484532447685133e-02,1.808378948172542633e-01,9.267287414942194934e-02
7.440000000000000000e+02,1.000000000000000000e+00,1.723709149514526871e-04,2.149179522374457599e-02,2.901005438502987990e-02,1.808378948172542633e-01,9.267287414942194934e-02
7.450000000000000000e+02,1.000000000000000000e+00,1.723709149514526871e-04,2.149179522374457599e-02,2.897535266724520289e-02,1.808378948172542633e-01,9.267287414942194934e-02
7.460000000000000000e+02,1.000000000000000000e+00,1.723709149514526871e-04,2.149179522374457599e-02,2.894073981940733023e-02,1.808378948172542633e-01,9.267287414942194934e-02
7.470000000000000000e+02,1.000000000000000000e+00,1.723709149514526871e-04,2.149179522374457599e-02,2.890621549167316992e-02,1.808378948172542633e-01,9.267287414942194934e-02
7.480000000000000000e+02,1.000000000000000000e+00,1.723709149514526871e-04,2.149179522374457599e-02,2.887177933605851107e-02,1.808378948172542633e-01,9.267287414942194934e-02
7.490000000000000000e+02,1.000000000000000000e+00,1.723709149514526871e-04,2.149179522374457599e-02,2.883743100642627982e-02,1.808378948172542633e-01,9.267287414942194934e-02
7.500000000000000000e+02,1.000000000000000000e+00,1.723709149514526871e-04,2.149179522374457599e-02,2.880317015847326176e-02,1.808378948172542633e-01,9.267287414942194934e-02
7.510000000000000000e+02,1.000000000000000000e+00,1.723709149514526871e-04,2.149179522374457599e-02,2.876899644971984971e-02,1.808378948172542633e-01,9.267287414942194934e-02
7.520000000000000000e+02,1.000000000000000000e+00,1.723709149514526871e-04,2.149179522374457599e-02,2.873490953949484061e-02,1.808378948172542633e-01,9.267287414942194934e-02
7.530000000000000000e+02,1.000000000000000000e+00,1.723709149514526871e-04,2.149179522374457599e-02,2.870090908892663703e-02,1.808378948172542633e-01,9.267287414942194934e-02
7.540000000000000000e+02,1.000000000000000000e+00,1.723709149514526871e-04,1.825386242428054737e-02,2.866699476092858176e-02,1.808378948172542633e-01,9.267287414942194934e-02
7.550000000000000000e+02,1.000000000000000000e+00,1.723709149514526871e-04,1.825386242428054737e-02,2.863316622018876809e-02,1.808378948172542633e-01,9.267287414942194934e-02
7.560000000000000000e+02,1.000000000000000000e+00,1.723709149514526871e-04,1.825386242428054737e-02,2.859942313315806325e-02,1.808378948172542633e-01,9.267287414942194934e-02
7.570000000000000000e+02,1.000000000000000000e+00,1.723709149514526871e-04,1.825386242428054737e-02,2.856575732396559805e-02,1.808378948172542633e-01,9.267287414942194934e-02
7.580000000000000000e+02,1.000000000000000000e+00,1.723709149514526871e-04,1.825386242428054737e-02,2.853213772454658848e-02,1.808378948172542633e-01,9.267287414942194934e-02
7.590000000000000000e+02,1.000000000000000000e+00,1.723709149514526871e-04,1.825386242428054737e-02,2.849860283196228514e-02,1.808378948172542633e-01,9.267287414942194934e-02
7.600000000000000000e+02,1.000000000000000000e+00,1.723709149514526871e-04,1.825386242428054737e-02,2.846515231815194280e-02,1.808378948172542633e-01,9.267287414942194934e-02
7.610000000000000000e+02,1.000000000000000000e+00,1.723709149514526871e-04,1.825386242428054737e-02,2.843178585677097123e-02,1.808378948172542633e-01,9.267287414942194934e-02
7.620000000000000000e+02,1.000000000000000000e+00,1.723709149514526871e-04,1.825386242428054737e-02,2.839850312317825781e-02,1.808378948172542633e-01,9.267287414942194934e-02
7.630000000000000000e+02,1.000000000000000000e+00,1.723709149514526871e-04,1.825386242428054737e-02,2.836530379442475311e-02,1.808378948172542633e-01,9.267287414942194934e-02
7.640000000000000000e+02,1.000000000000000000e+00,1.723709149514526871e-04,1.825386242428054737e-02,2.833218754924441210e-02,1.808378948172542633e-01,9.267287414942194934e-02
7.650000000000000000e+02,1.000000000000000000e+00,1.723709149514526871e-04,1.825386242428054737e-02,2.829915406804093050e-02,1.808378948172542633e-01,9.267287414942194934e-02
7.660000000000000000e+02,1.000000000000000000e+00,1.723709149514526871e-04,1.825386242428054737e-02,2.826620303287831829e-02,1.808378948172542633e-01,9.267287414942194934e-02
7.670000000000000000e+02,1.000000000000000000e+00,1.723709149514526871e-04,1.825386242428054737e-02,2.823333412746946089e-02,1.808378948172542633e-01,9.267287414942194934e-02
7.680000000000000000e+02,1.000000000000000000e+00,1.723709149514526871e-04,1.825386242428054737e-02,2.820054703716487129e-02,1.808378948172542633e-01,9.267287414942194934e-02
7.690000000000000000e+02,1.000000000000000000e+00,1.723709149514526871e-04,1.825386242428054737e-02,2.816784144894224004e-02,1.808378948172542633e-01,9.267287414942194934e-02
7.700000000000000000e+02,1.000000000000000000e+00,1.723709149514526871e-04,1.825386242428054737e-02,2.813521705139735915e-02,1.808378948172542633e-01,9.267287414942194934e-02
7.710000000000000000e+02,1.000000000000000000e+00,1.723709149514526871e-04,1.825386242428054737e-02,2.810267353473093477e-02,1.808378948172542633e-01,9.267287414942194934e-02
7.720000000000000000e+02,1.000000000000000000e+00,1.723709149514526871e-04,1.825386242428054737e-02,2.807021059074057620e-02,1.808378948172542633e-01,9.267287414942194934e-02
7.730000000000000000e+02,1.000000000000000000e+00,1.723709149514526871e-04,1.825386242428054737e-02,2.803782791280856265e-02,1.808378948172542633e-01,9.267287414942194934e-02
7.740000000000000000e+02,1.000000000000000000e+00,1.723709149514526871e-04,1.825386242428054737e-02,2.800552519589267000e-02,1.808378948172542633e-01,9.267287414942194934e-02
7.750000000000000000e+02,1.000000000000000000e+00,1.723709149514526871e-04,1.825386242428054737e-02,2.797330213651629330e-02,1.808378948172542633e-01,9.267287414942194934e-02
7.760000000000000000e+02,1.000000000000000000e+00,1.723709149514526871e-04,1.825386242428054737e-02,2.794115843275730982e-02,1.808378948172542633e-01,9.267287414942194934e-02
7.770000000000000000e+02,1.000000000000000000e+00,1.723709149514526871e-04,1.825386242428054737e-02,2.790909378423869075e-02,1.808378948172542633e-01,9.267287414942194934e-02
7.780000000000000000e+02,1.000000000000000000e+00,1.723709149514526871e-04,1.825386242428054737e-02,2.787710789211758286e-02,1.808378948172542633e-01,9.267287414942194934e-02
7.790000000000000000e+02,1.000000000000000000e+00,1.723709149514526871e-04,1.825386242428054737e-02,2.784520045907739119e-02,1.808378948172542633e-01,9.267287414942194934e-02
7.800000000000000000e+02,1.000000000000000000e+00,1.723709149514526871e-04,1.825386242428054737e-02,2.781337118931647909e-02,1.808378948172542633e-01,9.267287414942194934e-02
7.810000000000000000e+02,1.000000000000000000e+00,1.723709149514526871e-04,1.825386242428054737e-02,2.778161978853789515e-02,1.808378948172542633e-01,9.267287414942194934e-02
7.820000000000000000e+02,1.000000000000000000e+00,1.723709149514526871e-04,1.825386242428054737e-02,2.774990865534587500e-02,1.808378948172542633e-01,9.267287414942194934e-02
7.830000000000000000e+02,1.000000000000000000e+00,1.723709149514526871e-04,1.825386242428054737e-02,2.771826986575038135e-02,1.808378948172542633e-01,9.267287414942194934e-02
7.840000000000000000e+02,1.000000000000000000e+00,1.723709149514526871e-04,1.825386242428054737e-02,2.768670828572343187e-02,1.808378948172542633e-01,9.267287414942194934e-02
7.850000000000000000e+02,1.000000000000000000e+00,1.723709149514526871e-04,1.825386242428054737e-02,2.765522362566059239e-02,1.808378948172542633e-01,9.267287414942194934e-02
7.860000000000000000e+02,1.000000000000000000e+00,1.723709149514526871e-04,1.825386242428054737e-02,2.762381559742430395e-02,1.808378948172542633e-01,9.267287414942194934e-02
7.870000000000000000e+02,1.000000000000000000e+00,1.723709149514526871e-04,1.825386242428054737e-02,2.759248391433382838e-02,1.808378948172542633e-01,9.267287414942194934e-02
7.880000000000000000e+02,1.000000000000000000e+00,1.723709149514526871e-04,1.825386242428054737e-02,2.756122829115711242e-02,1.808378948172542633e-01,9.267287414942194934e-02
7.890000000000000000e+02,1.000000000000000000e+00,1.723709149514526871e-04,1.825386242428054737e-02,2.753004844409972715e-02,1.808378948172542633e-01,9.267287414942194934e-02
7.900000000000000000e+02,1.000000000000000000e+00,1.723709149514526871e-04,1.825386242428054737e-02,2.749894409079769314e-02,1.808378948172542633e-01,9.267287414942194934e-02
7.910000000000000000e+02,1.000000000000000000e+00,1.723709149514526871e-04,1.825386242428054737e-02,2.746791495030689520e-02,1.808378948172542633e-01,9.267287414942194934e-02
7.920000000000000000e+02,1.000000000000000000e+00,1.723709149514526871e-04,1.825386242428054737e-02,2.743696074309481814e-02,1.808378948172542633e-01,9.267287414942194934e-02
7.930000000000000000e+02,1.000000000000000000e+00,1.723709149514526871e-04,1.825386242428054737e-02,2.740608119103139090e-02,1.808378948172542633e-01,9.267287414942194934e-02
7.940000000000000000e+02,1.000000000000000000e+00,1.723709149514526871e-04,1.825386242428054737e-02,2.737527601738043784e-02,1.808378948172542633e-01,9.267287414942194934e-02
7.950000000000000000e+02,1.000000000000000000e+00,1.723709149514526871e-04,1.825386242428054737e-02,2.734454494679061307e-02,1.808378948172542633e-01,9.267287414942194934e-02
7.960000000000000000e+02,1.000000000000000000e+00,1.723709149514526871e-04,1.825386242428054737e-02,2.731388770528693846e-02,1.808378948172542633e-01,9.267287414942194934e-02
7.970000000000000000e+02,1.000000000000000000e+00,1.723709149514526871e-04,1.825386242428054737e-02,2.728330402026070758e-02,1.808378948172542633e-01,9.267287414942194934e-02
7.980000000000000000e+02,1.000000000000000000e+00,1.723709149514526871e-04,1.825386242428054737e-02,2.725279362046410456e-02,1.808378948172542633e-01,9.267287414942194934e-02
7.990000000000000000e+02,1.000000000000000000e+00,1.723709149514526871e-04,1.825386242428054737e-02,2.722235623599801244e-02,1.808378948172542633e-01,9.267287414942194934e-02
8.000000000000000000e+02,1.000000000000000000e+00,1.723709149514526871e-04,1.825386242428054737e-02,2.719199159830597984e-02,1.808378948172542633e-01,9.267287414942194934e-02
