n,k,U,objective,L0,L1,L2,L3,L4,L5,L6,L7,L8,L9,L10,L11,L12,L13,L14,L15,L16,L17
1.000000000000000000e+00,1.000000000000000000e+00,1.000000000000000000e+00,3.514833614706318166e+00,2.830815330526594842e-01,1.761905595918788689e-02,-2.868573031567187015e-01,-1.959915758745175651e+00,-3.060036716580419487e-03,-1.721029353929174610e-01,-8.437392245870077925e-03,-1.587100281039828253e+00,-5.526863497678098369e-01,-1.782919135561542301e-01,-2.092537253882443604e+00,-1.933029400560249689e-01,-4.320073324271561099e-01,-6.001059813078518657e-01,-1.606054420732354382e+00,-4.004482583273710761e-02,-2.088037599678861100e-01,-2.088576626729650609e+00
2.000000000000000000e+00,1.000000000000000000e+00,9.997562560937113263e-01,3.514833614706318166e+00,2.830815330526594842e-01,1.761905595918788689e-02,-2.868573031567187015e-01,-1.959915758745175651e+00,-3.060036716580419487e-03,-1.721029353929174610e-01,-8.437392245870077925e-03,-1.587100281039828253e+00,-5.526863497678098369e-01,-1.782919135561542301e-01,-2.092537253882443604e+00,-1.933029400560249689e-01,-4.320073324271561099e-01,-6.001059813078518657e-01,-1.606054420732354382e+00,-4.004482583273710761e-02,-2.088037599678861100e-01,-2.088576626729650609e+00
3.000000000000000000e+00,1.000000000000000000e+00,9.909920354815777710e-01,3.514833614706318166e+00,2.830815330526594842e-01,1.761905595918788689e-02,-2.868573031567187015e-01,-1.959915758745175651e+00,-3.060036716580419487e-03,-1.721029353929174610e-01,-8.437392245870077925e-03,-1.587100281039828253e+00,-5.526863497678098369e-01,-1.782919135561542301e-01,-2.092537253882443604e+00,-1.933029400560249689e-01,-4.320073324271561099e-01,-6.001059813078518657e-01,-1.606054420732354382e+00,-4.004482583273710761e-02,-2.088037599678861100e-01,-2.088576626729650609e+00
4.000000000000000000e+00,1.000000000000000000e+00,9.665415592623266550e-01,3.514833614706318166e+00,2.830815330526594842e-01,1.761905595918788689e-02,-2.868573031567187015e-01,-1.959915758745175651e+00,-3.060036716580419487e-03,-1.721029353929174610e-01,-8.437392245870077925e-03,-1.587100281039828253e+00,-5.526863497678098369e-01,-1.782919135561542301e-01,-2.092537253882443604e+00,-1.933029400560249689e-01,-4.320073324271561099e-01,-6.001059813078518657e-01,-1.606054420732354382e+00,-4.004482583273710761e-02,-2.088037599678861100e-01,-2.088576626729650609e+00
5.000000000000000000e+00,1.000000000000000000e+00,9.325893582920117275e-01,3.970747431543657058e+00,9.535490369535556954e-02,6.255116539920253793e-02,-2.665050972121063566e-01,-2.015395686402173148e+00,2.322568831017892549e-02,-1.652598731858360703e-01,-2.024370703061880578e-03,-1.564500803605979318e+00,-5.527226121367980749e-01,-1.626083380006320966e-01,-2.077433700730204169e+00,-2.117319314604833025e-01,-4.037410412891653810e-01,-6.114081285378771824e-01,-1.609242758766177728e+00,-3.428297033261488991e-02,-2.157695142506682040e-01,-2.086186765886967720e+00
6.000000000000000000e+00,1.000000000000000000e+00,8.950517535253665891e-01,3.970747431543657058e+00,9.535490369535556954e-02,6.255116539920253793e-02,-2.665050972121063566e-01,-2.015395686402173148e+00,2.322568831017892549e-02,-1.652598731858360703e-01,-2.024370703061880578e-03,-1.564500803605979318e+00,-5.527226121367980749e-01,-1.626083380006320966e-01,-2.077433700730204169e+00,-2.117319314604833025e-01,-4.037410412891653810e-01,-6.114081285378771824e-01,-1.609242758766177728e+00,-3.428297033261488991e-02,-2.157695142506682040e-01,-2.086186765886967720e+00
7.000000000000000000e+00,1.000000000000000000e+00,8.950517535253665891e-01,3.970747431543657058e+00,9.535490369535556954e-02,6.255116539920253793e-02,-2.665050972121063566e-01,-2.015395686402173148e+00,2.322568831017892549e-02,-1.652598731858360703e-01,-2.024370703061880578e-03,-1.564500803605979318e+00,-5.527226121367980749e-01,-1.626083380006320966e-01,-2.077433700730204169e+00,-2.117319314604833025e-01,-4.037410412891653810e-01,-6.114081285378771824e-01,-1.609242758766177728e+00,-3.428297033261488991e-02,-2.157695142506682040e-01,-2.086186765886967720e+00
8.000000000000000000e+00,1.000000000000000000e+00,8.149979983333476286e-01,3.970747431543657058e+00,9.535490369535556954e-02,6.255116539920253793e-02,-2.665050972121063566e-01,-2.015395686402173148e+00,2.322568831017892549e-02,-1.652598731858360703e-01,-2.024370703061880578e-03,-1.564500803605979318e+00,-5.527226121367980749e-01,-1.626083380006320966e-01,-2.077433700730204169e+00,-2.117319314604833025e-01,-4.037410412891653810e-01,-6.114081285378771824e-01,-1.609242758766177728e+00,-3.428297033261488991e-02,-2.157695142506682040e-01,-2.086186765886967720e+00
9.000000000000000000e+00,2.000000000000000000e+00,8.530768184879357063e-01,3.970748029339579155e+00,9.550657115525863772e-02,6.212280969862814251e-02,-2.664989999301934365e-01,-2.015324231083330808e+00,2.313098286877452933e-02,-1.652289384831553687e-01,-2.328513578697425420e-03,-1.564734326618281601e+00,-5.526802188909401004e-01,-1.627486475873762550e-01,-2.077531966326730650e+00,-2.115994169554405169e-01,-4.038041489786314275e-01,-6.113169739176541606e-01,-1.609241245731917402e+00,-3.431367480660203056e-02,-2.157505197804616692e-01,-2.086185070025902366e+00
1.000000000000000000e+01,2.000000000000000000e+00,8.232514771709420476e-01,3.970748029339579155e+00,9.550657115525863772e-02,6.212280969862814251e-02,-2.664989999301934365e-01,-2.015324231083330808e+00,2.313098286877452933e-02,-1.652289384831553687e-01,-2.328513578697425420e-03,-1.564734326618281601e+00,-5.526802188909401004e-01,-1.627486475873762550e-01,-2.077531966326730650e+00,-2.115994169554405169e-01,-4.038041489786314275e-01,-6.113169739176541606e-01,-1.609241245731917402e+00,-3.431367480660203056e-02,-2.157505197804616692e-01,-2.086185070025902366e+00
1.100000000000000000e+01,2.000000000000000000e+00,8.232514771709420476e-01,3.970748029339579155e+00,9.550657115525863772e-02,6.212280969862814251e-02,-2.664989999301934365e-01,-2.015324231083330808e+00,2.313098286877452933e-02,-1.652289384831553687e-01,-2.328513578697425420e-03,-1.564734326618281601e+00,-5.526802188909401004e-01,-1.627486475873762550e-01,-2.077531966326730650e+00,-2.115994169554405169e-01,-4.038041489786314275e-01,-6.113169739176541606e-01,-1.609241245731917402e+00,-3.431367480660203056e-02,-2.157505197804616692e-01,-2.086185070025902366e+00
1.200000000000000000e+01,2.000000000000000000e+00,7.639361044768810949e-01,3.970748029339579155e+00,9.550657115525863772e-02,6.212280969862814251e-02,-2.664989999301934365e-01,-2.015324231083330808e+00,2.313098286877452933e-02,-1.652289384831553687e-01,-2.328513578697425420e-03,-1.564734326618281601e+00,-5.526802188909401004e-01,-1.627486475873762550e-01,-2.077531966326730650e+00,-2.115994169554405169e-01,-4.038041489786314275e-01,-6.113169739176541606e-01,-1.609241245731917402e+00,-3.431367480660203056e-02,-2.157505197804616692e-01,-2.086185070025902366e+00
1.300000000000000000e+01,2.000000000000000000e+00,7.639361044768810949e-01,3.970748029339579155e+00,9.550657115525863772e-02,6.212280969862814251e-02,-2.664989999301934365e-01,-2.015324231083330808e+00,2.313098286877452933e-02,-1.652289384831553687e-01,-2.328513578697425420e-03,-1.564734326618281601e+00,-5.526802188909401004e-01,-1.627486475873762550e-01,-2.077531966326730650e+00,-2.115994169554405169e-01,-4.038041489786314275e-01,-6.113169739176541606e-01,-1.609241245731917402e+00,-3.431367480660203056e-02,-2.157505197804616692e-01,-2.086185070025902366e+00
1.400000000000000000e+01,2.000000000000000000e+00,7.117227214341854680e-01,3.970748029339579155e+00,9.550657115525863772e-02,6.212280969862814251e-02,-2.664989999301934365e-01,-2.015324231083330808e+00,2.313098286877452933e-02,-1.652289384831553687e-01,-2.328513578697425420e-03,-1.564734326618281601e+00,-5.526802188909401004e-01,-1.627486475873762550e-01,-2.077531966326730650e+00,-2.115994169554405169e-01,-4.038041489786314275e-01,-6.113169739176541606e-01,-1.609241245731917402e+00,-3.431367480660203056e-02,-2.157505197804616692e-01,-2.086185070025902366e+00
1.500000000000000000e+01,2.000000000000000000e+00,7.117227214341854680e-01,3.970748029339579155e+00,9.550657115525863772e-02,6.212280969862814251e-02,-2.664989999301934365e-01,-2.015324231083330808e+00,2.313098286877452933e-02,-1.652289384831553687e-01,-2.328513578697425420e-03,-1.564734326618281601e+00,-5.526802188909401004e-01,-1.627486475873762550e-01,-2.077531966326730650e+00,-2.115994169554405169e-01,-4.038041489786314275e-01,-6.113169739176541606e-01,-1.609241245731917402e+00,-3.431367480660203056e-02,-2.157505197804616692e-01,-2.086185070025902366e+00
1.600000000000000000e+01,2.000000000000000000e+00,7.117227214341854680e-01,3.970748029339579155e+00,9.550657115525863772e-02,6.212280969862814251e-02,-2.664989999301934365e-01,-2.015324231083330808e+00,2.313098286877452933e-02,-1.652289384831553687e-01,-2.328513578697425420e-03,-1.564734326618281601e+00,-5.526802188909401004e-01,-1.627486475873762550e-01,-2.077531966326730650e+00,-2.115994169554405169e-01,-4.038041489786314275e-01,-6.113169739176541606e-01,-1.609241245731917402e+00,-3.431367480660203056e-02,-2.157505197804616692e-01,-2.086185070025902366e+00
1.700000000000000000e+01,2.000000000000000000e+00,6.419838171424515627e-01,3.970748029339579155e+00,9.550657115525863772e-02,6.212280969862814251e-02,-2.664989999301934365e-01,-2.015324231083330808e+00,2.313098286877452933e-02,-1.652289384831553687e-01,-2.328513578697425420e-03,-1.564734326618281601e+00,-5.526802188909401004e-01,-1.627486475873762550e-01,-2.077531966326730650e+00,-2.115994169554405169e-01,-4.038041489786314275e-01,-6.113169739176541606e-01,-1.609241245731917402e+00,-3.431367480660203056e-02,-2.157505197804616692e-01,-2.086185070025902366e+00
1.800000000000000000e+01,1.000000000000000000e+00,5.643306098808460458e-01,4.131515147414440925e+00,5.271371065038408382e-02,5.922492662851044920e-02,-2.539645671618800948e-01,-2.051829890208657137e+00,2.335606584535249164e-02,-1.570802381576315021e-01,-7.108319754630068599e-03,-1.564690724815037681e+00,-5.496763550148932032e-01,-1.698368322955740861e-01,-2.076697086161144679e+00,-2.115795590108435764e-01,-3.948283795372823923e-01,-6.107195330715818882e-01,-1.611913756827756172e+00,-2.657498626315872234e-02,-2.158199316047363647e-01,-2.087869996581998233e+00
1.900000000000000000e+01,1.000000000000000000e+00,5.643306098808460458e-01,4.131515147414440925e+00,5.271371065038408382e-02,5.922492662851044920e-02,-2.539645671618800948e-01,-2.051829890208657137e+00,2.335606584535249164e-02,-1.570802381576315021e-01,-7.108319754630068599e-03,-1.564690724815037681e+00,-5.496763550148932032e-01,-1.698368322955740861e-01,-2.076697086161144679e+00,-2.115795590108435764e-01,-3.948283795372823923e-01,-6.107195330715818882e-01,-1.611913756827756172e+00,-2.657498626315872234e-02,-2.158199316047363647e-01,-2.087869996581998233e+00
2.000000000000000000e+01,1.000000000000000000e+00,5.643306098808460458e-01,4.131515147414440925e+00,5.271371065038408382e-02,5.922492662851044920e-02,-2.539645671618800948e-01,-2.051829890208657137e+00,2.335606584535249164e-02,-1.570802381576315021e-01,-7.108319754630068599e-03,-1.564690724815037681e+00,-5.496763550148932032e-01,-1.698368322955740861e-01,-2.076697086161144679e+00,-2.115795590108435764e-01,-3.948283795372823923e-01,-6.107195330715818882e-01,-1.611913756827756172e+00,-2.657498626315872234e-02,-2.158199316047363647e-01,-2.087869996581998233e+00
2.100000000000000000e+01,1.000000000000000000e+00,4.941866416938650031e-01,4.131515147414440925e+00,5.271371065038408382e-02,5.922492662851044920e-02,-2.539645671618800948e-01,-2.051829890208657137e+00,2.335606584535249164e-02,-1.570802381576315021e-01,-7.108319754630068599e-03,-1.564690724815037681e+00,-5.496763550148932032e-01,-1.698368322955740861e-01,-2.076697086161144679e+00,-2.115795590108435764e-01,-3.948283795372823923e-01,-6.107195330715818882e-01,-1.611913756827756172e+00,-2.657498626315872234e-02,-2.158199316047363647e-01,-2.087869996581998233e+00
2.200000000000000000e+01,1.000000000000000000e+00,4.941866416938650031e-01,4.131515147414440925e+00,5.271371065038408382e-02,5.922492662851044920e-02,-2.539645671618800948e-01,-2.051829890208657137e+00,2.335606584535249164e-02,-1.570802381576315021e-01,-7.108319754630068599e-03,-1.564690724815037681e+00,-5.496763550148932032e-01,-1.698368322955740861e-01,-2.076697086161144679e+00,-2.115795590108435764e-01,-3.948283795372823923e-01,-6.107195330715818882e-01,-1.611913756827756172e+00,-2.657498626315872234e-02,-2.158199316047363647e-01,-2.087869996581998233e+00
2.300000000000000000e+01,1.000000000000000000e+00,4.941866416938650031e-01,4.131515147414440925e+00,5.271371065038408382e-02,5.922492662851044920e-02,-2.539645671618800948e-01,-2.051829890208657137e+00,2.335606584535249164e-02,-1.570802381576315021e-01,-7.108319754630068599e-03,-1.564690724815037681e+00,-5.496763550148932032e-01,-1.698368322955740861e-01,-2.076697086161144679e+00,-2.115795590108435764e-01,-3.948283795372823923e-01,-6.107195330715818882e-01,-1.611913756827756172e+00,-2.657498626315872234e-02,-2.158199316047363647e-01,-2.087869996581998233e+00
2.400000000000000000e+01,1.000000000000000000e+00,4.941866416938650031e-01,4.131515147414440925e+00,5.271371065038408382e-02,5.922492662851044920e-02,-2.539645671618800948e-01,-2.051829890208657137e+00,2.335606584535249164e-02,-1.570802381576315021e-01,-7.108319754630068599e-03,-1.564690724815037681e+00,-5.496763550148932032e-01,-1.698368322955740861e-01,-2.076697086161144679e+00,-2.115795590108435764e-01,-3.948283795372823923e-01,-6.107195330715818882e-01,-1.611913756827756172e+00,-2.657498626315872234e-02,-2.158199316047363647e-01,-2.087869996581998233e+00
2.500000000000000000e+01,1.000000000000000000e+00,4.379279194654123741e-01,4.131515147414440925e+00,5.271371065038408382e-02,5.922492662851044920e-02,-2.539645671618800948e-01,-2.051829890208657137e+00,2.335606584535249164e-02,-1.570802381576315021e-01,-7.108319754630068599e-03,-1.564690724815037681e+00,-5.496763550148932032e-01,-1.698368322955740861e-01,-2.076697086161144679e+00,-2.115795590108435764e-01,-3.948283795372823923e-01,-6.107195330715818882e-01,-1.611913756827756172e+00,-2.657498626315872234e-02,-2.158199316047363647e-01,-2.087869996581998233e+00
2.600000000000000000e+01,1.000000000000000000e+00,4.379279194654123741e-01,4.131515147414440925e+00,5.271371065038408382e-02,5.922492662851044920e-02,-2.539645671618800948e-01,-2.051829890208657137e+00,2.335606584535249164e-02,-1.570802381576315021e-01,-7.108319754630068599e-03,-1.564690724815037681e+00,-5.496763550148932032e-01,-1.698368322955740861e-01,-2.076697086161144679e+00,-2.115795590108435764e-01,-3.948283795372823923e-01,-6.107195330715818882e-01,-1.611913756827756172e+00,-2.657498626315872234e-02,-2.158199316047363647e-01,-2.087869996581998233e+00
2.700000000000000000e+01,1.000000000000000000e+00,4.379279194654123741e-01,4.131515147414440925e+00,5.271371065038408382e-02,5.922492662851044920e-02,-2.539645671618800948e-01,-2.051829890208657137e+00,2.335606584535249164e-02,-1.570802381576315021e-01,-7.108319754630068599e-03,-1.564690724815037681e+00,-5.496763550148932032e-01,-1.698368322955740861e-01,-2.076697086161144679e+00,-2.115795590108435764e-01,-3.948283795372823923e-01,-6.107195330715818882e-01,-1.611913756827756172e+00,-2.657498626315872234e-02,-2.158199316047363647e-01,-2.087869996581998233e+00
2.800000000000000000e+01,1.000000000000000000e+00,4.379279194654123741e-01,4.131515147414440925e+00,5.271371065038408382e-02,5.922492662851044920e-02,-2.539645671618800948e-01,-2.051829890208657137e+00,2.335606584535249164e-02,-1.570802381576315021e-01,-7.108319754630068599e-03,-1.564690724815037681e+00,-5.496763550148932032e-01,-1.698368322955740861e-01,-2.076697086161144679e+00,-2.115795590108435764e-01,-3.948283795372823923e-01,-6.107195330715818882e-01,-1.611913756827756172e+00,-2.657498626315872234e-02,-2.158199316047363647e-01,-2.087869996581998233e+00
2.900000000000000000e+01,1.000000000000000000e+00,4.379279194654123741e-01,4.131515147414440925e+00,5.271371065038408382e-02,5.922492662851044920e-02,-2.539645671618800948e-01,-2.051829890208657137e+00,2.335606584535249164e-02,-1.570802381576315021e-01,-7.108319754630068599e-03,-1.564690724815037681e+00,-5.496763550148932032e-01,-1.698368322955740861e-01,-2.076697086161144679e+00,-2.115795590108435764e-01,-3.948283795372823923e-01,-6.107195330715818882e-01,-1.611913756827756172e+00,-2.657498626315872234e-02,-2.158199316047363647e-01,-2.087869996581998233e+00
3.000000000000000000e+01,1.000000000000000000e+00,4.379279194654123741e-01,4.131515147414440925e+00,5.271371065038408382e-02,5.922492662851044920e-02,-2.539645671618800948e-01,-2.051829890208657137e+00,2.335606584535249164e-02,-1.570802381576315021e-01,-7.108319754630068599e-03,-1.564690724815037681e+00,-5.496763550148932032e-01,-1.698368322955740861e-01,-2.076697086161144679e+00,-2.115795590108435764e-01,-3.948283795372823923e-01,-6.107195330715818882e-01,-1.611913756827756172e+00,-2.657498626315872234e-02,-2.158199316047363647e-01,-2.087869996581998233e+00
3.100000000000000000e+01,1.000000000000000000e+00,3.739718416015198055e-01,4.131515147414440925e+00,5.271371065038408382e-02,5.922492662851044920e-02,-2.539645671618800948e-01,-2.051829890208657137e+00,2.335606584535249164e-02,-1.570802381576315021e-01,-7.108319754630068599e-03,-1.564690724815037681e+00,-5.496763550148932032e-01,-1.698368322955740861e-01,-2.076697086161144679e+00,-2.115795590108435764e-01,-3.948283795372823923e-01,-6.107195330715818882e-01,-1.611913756827756172e+00,-2.657498626315872234e-02,-2.158199316047363647e-01,-2.087869996581998233e+00
3.200000000000000000e+01,1.000000000000000000e+00,3.739718416015198055e-01,4.131515147414440925e+00,5.271371065038408382e-02,5.922492662851044920e-02,-2.539645671618800948e-01,-2.051829890208657137e+00,2.335606584535249164e-02,-1.570802381576315021e-01,-7.108319754630068599e-03,-1.564690724815037681e+00,-5.496763550148932032e-01,-1.698368322955740861e-01,-2.076697086161144679e+00,-2.115795590108435764e-01,-3.948283795372823923e-01,-6.107195330715818882e-01,-1.611913756827756172e+00,-2.657498626315872234e-02,-2.158199316047363647e-01,-2.087869996581998233e+00
3.300000000000000000e+01,1.000000000000000000e+00,3.739718416015198055e-01,4.161439406679869890e+00,4.882346739056637325e-02,4.675027170378138683e-03,-2.186927345769080766e-01,-2.016995982757790795e+00,2.148072321630626474e-02,-1.610869749618303315e-01,-4.171017593898412867e-02,-1.585609191323360534e+00,-5.349592190888216026e-01,-1.753084834080068377e-01,-2.080164280475634175e+00,-2.030760827502580967e-01,-3.825468084128754165e-01,-5.975379484830202204e-01,-1.620845007689127870e+00,-2.854246886706182651e-02,-2.144254496621638417e-01,-2.090340887583845841e+00
3.400000000000000000e+01,1.000000000000000000e+00,3.739718416015198055e-01,4.161439406679869890e+00,4.882346739056637325e-02,4.675027170378138683e-03,-2.186927345769080766e-01,-2.016995982757790795e+00,2.148072321630626474e-02,-1.610869749618303315e-01,-4.171017593898412867e-02,-1.585609191323360534e+00,-5.349592190888216026e-01,-1.753084834080068377e-01,-2.080164280475634175e+00,-2.030760827502580967e-01,-3.825468084128754165e-01,-5.975379484830202204e-01,-1.620845007689127870e+00,-2.854246886706182651e-02,-2.144254496621638417e-01,-2.090340887583845841e+00
3.500000000000000000e+01,1.000000000000000000e+00,3.739718416015198055e-01,4.161439406679869890e+00,4.882346739056637325e-02,4.675027170378138683e-03,-2.186927345769080766e-01,-2.016995982757790795e+00,2.148072321630626474e-02,-1.610869749618303315e-01,-4.171017593898412867e-02,-1.585609191323360534e+00,-5.349592190888216026e-01,-1.753084834080068377e-01,-2.080164280475634175e+00,-2.030760827502580967e-01,-3.825468084128754165e-01,-5.975379484830202204e-01,-1.620845007689127870e+00,-2.854246886706182651e-02,-2.144254496621638417e-01,-2.090340887583845841e+00
3.600000000000000000e+01,1.000000000000000000e+00,3.739718416015198055e-01,4.161439406679869890e+00,4.882346739056637325e-02,4.675027170378138683e-03,-2.186927345769080766e-01,-2.016995982757790795e+00,2.148072321630626474e-02,-1.610869749618303315e-01,-4.171017593898412867e-02,-1.585609191323360534e+00,-5.349592190888216026e-01,-1.753084834080068377e-01,-2.080164280475634175e+00,-2.030760827502580967e-01,-3.825468084128754165e-01,-5.975379484830202204e-01,-1.620845007689127870e+00,-2.854246886706182651e-02,-2.144254496621638417e-01,-2.090340887583845841e+00
3.700000000000000000e+01,1.000000000000000000e+00,3.269505519567654228e-01,4.161439406679869890e+00,4.882346739056637325e-02,4.675027170378138683e-03,-2.186927345769080766e-01,-2.016995982757790795e+00,2.148072321630626474e-02,-1.610869749618303315e-01,-4.171017593898412867e-02,-1.585609191323360534e+00,-5.349592190888216026e-01,-1.753084834080068377e-01,-2.080164280475634175e+00,-2.030760827502580967e-01,-3.825468084128754165e-01,-5.975379484830202204e-01,-1.620845007689127870e+00,-2.854246886706182651e-02,-2.144254496621638417e-01,-2.090340887583845841e+00
3.800000000000000000e+01,1.000000000000000000e+00,3.269505519567654228e-01,4.161439406679869890e+00,4.882346739056637325e-02,4.675027170378138683e-03,-2.186927345769080766e-01,-2.016995982757790795e+00,2.148072321630626474e-02,-1.610869749618303315e-01,-4.171017593898412867e-02,-1.585609191323360534e+00,-5.349592190888216026e-01,-1.753084834080068377e-01,-2.080164280475634175e+00,-2.030760827502580967e-01,-3.825468084128754165e-01,-5.975379484830202204e-01,-1.620845007689127870e+00,-2.854246886706182651e-02,-2.144254496621638417e-01,-2.090340887583845841e+00
3.900000000000000000e+01,1.000000000000000000e+00,3.269505519567654228e-01,4.223900028683334362e+00,2.716456513126302985e-02,2.365944091647651654e-02,-2.494575069591594974e-01,-2.039903288398857484e+00,1.797399565512006192e-02,-1.522357595201971614e-01,-4.161063280877876080e-02,-1.578703354353590438e+00,-5.455371420421902817e-01,-1.792114393615529266e-01,-2.080672890725358659e+00,-2.022978910465872138e-01,-3.929983492441597726e-01,-6.035036108460246629e-01,-1.612503833447032076e+00,-3.092628693100514525e-02,-2.149825823257277002e-01,-2.087841014856393063e+00
4.000000000000000000e+01,1.000000000000000000e+00,3.269505519567654228e-01,4.223900028683334362e+00,2.716456513126302985e-02,2.365944091647651654e-02,-2.494575069591594974e-01,-2.039903288398857484e+00,1.797399565512006192e-02,-1.522357595201971614e-01,-4.161063280877876080e-02,-1.578703354353590438e+00,-5.455371420421902817e-01,-1.792114393615529266e-01,-2.080672890725358659e+00,-2.022978910465872138e-01,-3.929983492441597726e-01,-6.035036108460246629e-01,-1.612503833447032076e+00,-3.092628693100514525e-02,-2.149825823257277002e-01,-2.087841014856393063e+00
4.100000000000000000e+01,1.000000000000000000e+00,3.269505519567654228e-01,4.223900028683334362e+00,2.716456513126302985e-02,2.365944091647651654e-02,-2.494575069591594974e-01,-2.039903288398857484e+00,1.797399565512006192e-02,-1.522357595201971614e-01,-4.161063280877876080e-02,-1.578703354353590438e+00,-5.455371420421902817e-01,-1.792114393615529266e-01,-2.080672890725358659e+00,-2.022978910465872138e-01,-3.929983492441597726e-01,-6.035036108460246629e-01,-1.612503833447032076e+00,-3.092628693100514525e-02,-2.149825823257277002e-01,-2.087841014856393063e+00
4.200000000000000000e+01,1.000000000000000000e+00,3.269505519567654228e-01,4.223900028683334362e+00,2.716456513126302985e-02,2.365944091647651654e-02,-2.494575069591594974e-01,-2.039903288398857484e+00,1.797399565512006192e-02,-1.522357595201971614e-01,-4.161063280877876080e-02,-1.578703354353590438e+00,-5.455371420421902817e-01,-1.792114393615529266e-01,-2.080672890725358659e+00,-2.022978910465872138e-01,-3.929983492441597726e-01,-6.035036108460246629e-01,-1.612503833447032076e+00,-3.092628693100514525e-02,-2.149825823257277002e-01,-2.087841014856393063e+00
4.300000000000000000e+01,1.000000000000000000e+00,3.269505519567654228e-01,4.223900028683334362e+00,2.716456513126302985e-02,2.365944091647651654e-02,-2.494575069591594974e-01,-2.039903288398857484e+00,1.797399565512006192e-02,-1.522357595201971614e-01,-4.161063280877876080e-02,-1.578703354353590438e+00,-5.455371420421902817e-01,-1.792114393615529266e-01,-2.080672890725358659e+00,-2.022978910465872138e-01,-3.929983492441597726e-01,-6.035036108460246629e-01,-1.612503833447032076e+00,-3.092628693100514525e-02,-2.149825823257277002e-01,-2.087841014856393063e+00
4.400000000000000000e+01,1.000000000000000000e+00,3.269505519567654228e-01,4.223900028683334362e+00,2.716456513126302985e-02,2.365944091647651654e-02,-2.494575069591594974e-01,-2.039903288398857484e+00,1.797399565512006192e-02,-1.522357595201971614e-01,-4.161063280877876080e-02,-1.578703354353590438e+00,-5.455371420421902817e-01,-1.792114393615529266e-01,-2.080672890725358659e+00,-2.022978910465872138e-01,-3.929983492441597726e-01,-6.035036108460246629e-01,-1.612503833447032076e+00,-3.092628693100514525e-02,-2.149825823257277002e-01,-2.087841014856393063e+00
4.500000000000000000e+01,1.000000000000000000e+00,2.793305820082376267e-01,4.223900028683334362e+00,2.716456513126302985e-02,2.365944091647651654e-02,-2.494575069591594974e-01,-2.039903288398857484e+00,1.797399565512006192e-02,-1.522357595201971614e-01,-4.161063280877876080e-02,-1.578703354353590438e+00,-5.455371420421902817e-01,-1.792114393615529266e-01,-2.080672890725358659e+00,-2.022978910465872138e-01,-3.929983492441597726e-01,-6.035036108460246629e-01,-1.612503833447032076e+00,-3.092628693100514525e-02,-2.149825823257277002e-01,-2.087841014856393063e+00
4.600000000000000000e+01,1.000000000000000000e+00,2.793305820082376267e-01,4.223900028683334362e+00,2.716456513126302985e-02,2.365944091647651654e-02,-2.494575069591594974e-01,-2.039903288398857484e+00,1.797399565512006192e-02,-1.522357595201971614e-01,-4.161063280877876080e-02,-1.578703354353590438e+00,-5.455371420421902817e-01,-1.792114393615529266e-01,-2.080672890725358659e+00,-2.022978910465872138e-01,-3.929983492441597726e-01,-6.035036108460246629e-01,-1.612503833447032076e+00,-3.092628693100514525e-02,-2.149825823257277002e-01,-2.087841014856393063e+00
4.700000000000000000e+01,1.000000000000000000e+00,2.793305820082376267e-01,4.223900028683334362e+00,2.716456513126302985e-02,2.365944091647651654e-02,-2.494575069591594974e-01,-2.039903288398857484e+00,1.797399565512006192e-02,-1.522357595201971614e-01,-4.161063280877876080e-02,-1.578703354353590438e+00,-5.455371420421902817e-01,-1.792114393615529266e-01,-2.080672890725358659e+00,-2.022978910465872138e-01,-3.929983492441597726e-01,-6.035036108460246629e-01,-1.612503833447032076e+00,-3.092628693100514525e-02,-2.149825823257277002e-01,-2.087841014856393063e+00
4.800000000000000000e+01,1.000000000000000000e+00,2.793305820082376267e-01,4.223900028683334362e+00,2.716456513126302985e-02,2.365944091647651654e-02,-2.494575069591594974e-01,-2.039903288398857484e+00,1.797399565512006192e-02,-1.522357595201971614e-01,-4.161063280877876080e-02,-1.578703354353590438e+00,-5.455371420421902817e-01,-1.792114393615529266e-01,-2.080672890725358659e+00,-2.022978910465872138e-01,-3.929983492441597726e-01,-6.035036108460246629e-01,-1.612503833447032076e+00,-3.092628693100514525e-02,-2.149825823257277002e-01,-2.087841014856393063e+00
4.900000000000000000e+01,1.000000000000000000e+00,2.793305820082376267e-01,4.223900028683334362e+00,2.716456513126302985e-02,2.365944091647651654e-02,-2.494575069591594974e-01,-2.039903288398857484e+00,1.797399565512006192e-02,-1.522357595201971614e-01,-4.161063280877876080e-02,-1.578703354353590438e+00,-5.455371420421902817e-01,-1.792114393615529266e-01,-2.080672890725358659e+00,-2.022978910465872138e-01,-3.929983492441597726e-01,-6.035036108460246629e-01,-1.612503833447032076e+00,-3.092628693100514525e-02,-2.149825823257277002e-01,-2.087841014856393063e+00
5.000000000000000000e+01,1.000000000000000000e+00,2.793305820082376267e-01,4.223900028683334362e+00,2.716456513126302985e-02,2.365944091647651654e-02,-2.494575069591594974e-01,-2.039903288398857484e+00,1.797399565512006192e-02,-1.522357595201971614e-01,-4.161063280877876080e-02,-1.578703354353590438e+00,-5.455371420421902817e-01,-1.792114393615529266e-01,-2.080672890725358659e+00,-2.022978910465872138e-01,-3.929983492441597726e-01,-6.035036108460246629e-01,-1.612503833447032076e+00,-3.092628693100514525e-02,-2.149825823257277002e-01,-2.087841014856393063e+00
5.100000000000000000e+01,1.000000000000000000e+00,2.793305820082376267e-01,4.223900028683334362e+00,2.716456513126302985e-02,2.365944091647651654e-02,-2.494575069591594974e-01,-2.039903288398857484e+00,1.797399565512006192e-02,-1.522357595201971614e-01,-4.161063280877876080e-02,-1.578703354353590438e+00,-5.455371420421902817e-01,-1.792114393615529266e-01,-2.080672890725358659e+00,-2.022978910465872138e-01,-3.929983492441597726e-01,-6.035036108460246629e-01,-1.612503833447032076e+00,-3.092628693100514525e-02,-2.149825823257277002e-01,-2.087841014856393063e+00
5.200000000000000000e+01,1.000000000000000000e+00,2.793305820082376267e-01,4.223900028683334362e+00,2.716456513126302985e-02,2.365944091647651654e-02,-2.494575069591594974e-01,-2.039903288398857484e+00,1.797399565512006192e-02,-1.522357595201971614e-01,-4.161063280877876080e-02,-1.578703354353590438e+00,-5.455371420421902817e-01,-1.792114393615529266e-01,-2.080672890725358659e+00,-2.022978910465872138e-01,-3.929983492441597726e-01,-6.035036108460246629e-01,-1.612503833447032076e+00,-3.092628693100514525e-02,-2.149825823257277002e-01,-2.087841014856393063e+00
5.300000000000000000e+01,1.000000000000000000e+00,2.793305820082376267e-01,4.223900028683334362e+00,2.716456513126302985e-02,2.365944091647651654e-02,-2.494575069591594974e-01,-2.039903288398857484e+00,1.797399565512006192e-02,-1.522357595201971614e-01,-4.161063280877876080e-02,-1.578703354353590438e+00,-5.455371420421902817e-01,-1.792114393615529266e-01,-2.080672890725358659e+00,-2.022978910465872138e-01,-3.929983492441597726e-01,-6.035036108460246629e-01,-1.612503833447032076e+00,-3.092628693100514525e-02,-2.149825823257277002e-01,-2.087841014856393063e+00
5.400000000000000000e+01,1.000000000000000000e+00,2.403803555767879963e-01,4.223900028683334362e+00,2.716456513126302985e-02,2.365944091647651654e-02,-2.494575069591594974e-01,-2.039903288398857484e+00,1.797399565512006192e-02,-1.522357595201971614e-01,-4.161063280877876080e-02,-1.578703354353590438e+00,-5.455371420421902817e-01,-1.792114393615529266e-01,-2.080672890725358659e+00,-2.022978910465872138e-01,-3.929983492441597726e-01,-6.035036108460246629e-01,-1.612503833447032076e+00,-3.092628693100514525e-02,-2.149825823257277002e-01,-2.087841014856393063e+00
5.500000000000000000e+01,1.000000000000000000e+00,2.403803555767879963e-01,4.223900028683334362e+00,2.716456513126302985e-02,2.365944091647651654e-02,-2.494575069591594974e-01,-2.039903288398857484e+00,1.797399565512006192e-02,-1.522357595201971614e-01,-4.161063280877876080e-02,-1.578703354353590438e+00,-5.455371420421902817e-01,-1.792114393615529266e-01,-2.080672890725358659e+00,-2.022978910465872138e-01,-3.929983492441597726e-01,-6.035036108460246629e-01,-1.612503833447032076e+00,-3.092628693100514525e-02,-2.149825823257277002e-01,-2.087841014856393063e+00
5.600000000000000000e+01,1.000000000000000000e+00,2.403803555767879963e-01,4.223900028683334362e+00,2.716456513126302985e-02,2.365944091647651654e-02,-2.494575069591594974e-01,-2.039903288398857484e+00,1.797399565512006192e-02,-1.522357595201971614e-01,-4.161063280877876080e-02,-1.578703354353590438e+00,-5.455371420421902817e-01,-1.792114393615529266e-01,-2.080672890725358659e+00,-2.022978910465872138e-01,-3.929983492441597726e-01,-6.035036108460246629e-01,-1.612503833447032076e+00,-3.092628693100514525e-02,-2.149825823257277002e-01,-2.087841014856393063e+00
5.700000000000000000e+01,1.000000000000000000e+00,2.403803555767879963e-01,4.223900028683334362e+00,2.716456513126302985e-02,2.365944091647651654e-02,-2.494575069591594974e-01,-2.039903288398857484e+00,1.797399565512006192e-02,-1.522357595201971614e-01,-4.161063280877876080e-02,-1.578703354353590438e+00,-5.455371420421902817e-01,-1.792114393615529266e-01,-2.080672890725358659e+00,-2.022978910465872138e-01,-3.929983492441597726e-01,-6.035036108460246629e-01,-1.612503833447032076e+00,-3.092628693100514525e-02,-2.149825823257277002e-01,-2.087841014856393063e+00
5.800000000000000000e+01,1.000000000000000000e+00,2.403803555767879963e-01,4.223900028683334362e+00,2.716456513126302985e-02,2.365944091647651654e-02,-2.494575069591594974e-01,-2.039903288398857484e+00,1.797399565512006192e-02,-1.522357595201971614e-01,-4.161063280877876080e-02,-1.578703354353590438e+00,-5.455371420421902817e-01,-1.792114393615529266e-01,-2.080672890725358659e+00,-2.022978910465872138e-01,-3.929983492441597726e-01,-6.035036108460246629e-01,-1.612503833447032076e+00,-3.092628693100514525e-02,-2.149825823257277002e-01,-2.087841014856393063e+00
5.900000000000000000e+01,1.000000000000000000e+00,2.403803555767879963e-01,4.223900028683334362e+00,2.716456513126302985e-02,2.365944091647651654e-02,-2.494575069591594974e-01,-2.039903288398857484e+00,1.797399565512006192e-02,-1.522357595201971614e-01,-4.161063280877876080e-02,-1.578703354353590438e+00,-5.455371420421902817e-01,-1.792114393615529266e-01,-2.080672890725358659e+00,-2.022978910465872138e-01,-3.929983492441597726e-01,-6.035036108460246629e-01,-1.612503833447032076e+00,-3.092628693100514525e-02,-2.149825823257277002e-01,-2.087841014856393063e+00
6.000000000000000000e+01,1.000000000000000000e+00,2.403803555767879963e-01,4.223900028683334362e+00,2.716456513126302985e-02,2.365944091647651654e-02,-2.494575069591594974e-01,-2.039903288398857484e+00,1.797399565512006192e-02,-1.522357595201971614e-01,-4.161063280877876080e-02,-1.578703354353590438e+00,-5.455371420421902817e-01,-1.792114393615529266e-01,-2.080672890725358659e+00,-2.022978910465872138e-01,-3.929983492441597726e-01,-6.035036108460246629e-01,-1.612503833447032076e+00,-3.092628693100514525e-02,-2.149825823257277002e-01,-2.087841014856393063e+00
6.100000000000000000e+01,1.000000000000000000e+00,2.403803555767879963e-01,4.223900028683334362e+00,2.716456513126302985e-02,2.365944091647651654e-02,-2.494575069591594974e-01,-2.039903288398857484e+00,1.797399565512006192e-02,-1.522357595201971614e-01,-4.161063280877876080e-02,-1.578703354353590438e+00,-5.455371420421902817e-01,-1.792114393615529266e-01,-2.080672890725358659e+00,-2.022978910465872138e-01,-3.929983492441597726e-01,-6.035036108460246629e-01,-1.612503833447032076e+00,-3.092628693100514525e-02,-2.149825823257277002e-01,-2.087841014856393063e+00
6.200000000000000000e+01,1.000000000000000000e+00,2.403803555767879963e-01,4.223900028683334362e+00,2.716456513126302985e-02,2.365944091647651654e-02,-2.494575069591594974e-01,-2.039903288398857484e+00,1.797399565512006192e-02,-1.522357595201971614e-01,-4.161063280877876080e-02,-1.578703354353590438e+00,-5.455371420421902817e-01,-1.792114393615529266e-01,-2.080672890725358659e+00,-2.022978910465872138e-01,-3.929983492441597726e-01,-6.035036108460246629e-01,-1.612503833447032076e+00,-3.092628693100514525e-02,-2.149825823257277002e-01,-2.087841014856393063e+00
6.300000000000000000e+01,1.000000000000000000e+00,2.403803555767879963e-01,4.223900028683334362e+00,2.716456513126302985e-02,2.365944091647651654e-02,-2.494575069591594974e-01,-2.039903288398857484e+00,1.797399565512006192e-02,-1.522357595201971614e-01,-4.161063280877876080e-02,-1.578703354353590438e+00,-5.455371420421902817e-01,-1.792114393615529266e-01,-2.080672890725358659e+00,-2.022978910465872138e-01,-3.929983492441597726e-01,-6.035036108460246629e-01,-1.612503833447032076e+00,-3.092628693100514525e-02,-2.149825823257277002e-01,-2.087841014856393063e+00
6.400000000000000000e+01,1.000000000000000000e+00,2.403803555767879963e-01,4.223900028683334362e+00,2.716456513126302985e-02,2.365944091647651654e-02,-2.494575069591594974e-01,-2.039903288398857484e+00,1.797399565512006192e-02,-1.522357595201971614e-01,-4.161063280877876080e-02,-1.578703354353590438e+00,-5.455371420421902817e-01,-1.792114393615529266e-01,-2.080672890725358659e+00,-2.022978910465872138e-01,-3.929983492441597726e-01,-6.035036108460246629e-01,-1.612503833447032076e+00,-3.092628693100514525e-02,-2.149825823257277002e-01,-2.087841014856393063e+00
6.500000000000000000e+01,1.000000000000000000e+00,2.053448118189134808e-01,4.223900028683334362e+00,2.716456513126302985e-02,2.365944091647651654e-02,-2.494575069591594974e-01,-2.039903288398857484e+00,1.797399565512006192e-02,-1.522357595201971614e-01,-4.161063280877876080e-02,-1.578703354353590438e+00,-5.455371420421902817e-01,-1.792114393615529266e-01,-2.080672890725358659e+00,-2.022978910465872138e-01,-3.929983492441597726e-01,-6.035036108460246629e-01,-1.612503833447032076e+00,-3.092628693100514525e-02,-2.149825823257277002e-01,-2.087841014856393063e+00
6.600000000000000000e+01,1.000000000000000000e+00,2.053448118189134808e-01,4.223900028683334362e+00,2.716456513126302985e-02,2.365944091647651654e-02,-2.494575069591594974e-01,-2.039903288398857484e+00,1.797399565512006192e-02,-1.522357595201971614e-01,-4.161063280877876080e-02,-1.578703354353590438e+00,-5.455371420421902817e-01,-1.792114393615529266e-01,-2.080672890725358659e+00,-2.022978910465872138e-01,-3.929983492441597726e-01,-6.035036108460246629e-01,-1.612503833447032076e+00,-3.092628693100514525e-02,-2.149825823257277002e-01,-2.087841014856393063e+00
6.700000000000000000e+01,1.000000000000000000e+00,2.053448118189134808e-01,4.223900028683334362e+00,2.716456513126302985e-02,2.365944091647651654e-02,-2.494575069591594974e-01,-2.039903288398857484e+00,1.797399565512006192e-02,-1.522357595201971614e-01,-4.161063280877876080e-02,-1.578703354353590438e+00,-5.455371420421902817e-01,-1.792114393615529266e-01,-2.080672890725358659e+00,-2.022978910465872138e-01,-3.929983492441597726e-01,-6.035036108460246629e-01,-1.612503833447032076e+00,-3.092628693100514525e-02,-2.149825823257277002e-01,-2.087841014856393063e+00
6.800000000000000000e+01,1.000000000000000000e+00,2.053448118189134808e-01,4.223900028683334362e+00,2.716456513126302985e-02,2.365944091647651654e-02,-2.494575069591594974e-01,-2.039903288398857484e+00,1.797399565512006192e-02,-1.522357595201971614e-01,-4.161063280877876080e-02,-1.578703354353590438e+00,-5.455371420421902817e-01,-1.792114393615529266e-01,-2.080672890725358659e+00,-2.022978910465872138e-01,-3.929983492441597726e-01,-6.035036108460246629e-01,-1.612503833447032076e+00,-3.092628693100514525e-02,-2.149825823257277002e-01,-2.087841014856393063e+00
6.900000000000000000e+01,1.000000000000000000e+00,2.053448118189134808e-01,4.223900028683334362e+00,2.716456513126302985e-02,2.365944091647651654e-02,-2.494575069591594974e-01,-2.039903288398857484e+00,1.797399565512006192e-02,-1.522357595201971614e-01,-4.161063280877876080e-02,-1.578703354353590438e+00,-5.455371420421902817e-01,-1.792114393615529266e-01,-2.080672890725358659e+00,-2.022978910465872138e-01,-3.929983492441597726e-01,-6.035036108460246629e-01,-1.612503833447032076e+00,-3.092628693100514525e-02,-2.149825823257277002e-01,-2.087841014856393063e+00
7.000000000000000000e+01,1.000000000000000000e+00,2.053448118189134808e-01,4.223900028683334362e+00,2.716456513126302985e-02,2.365944091647651654e-02,-2.494575069591594974e-01,-2.039903288398857484e+00,1.797399565512006192e-02,-1.522357595201971614e-01,-4.161063280877876080e-02,-1.578703354353590438e+00,-5.455371420421902817e-01,-1.792114393615529266e-01,-2.080672890725358659e+00,-2.022978910465872138e-01,-3.929983492441597726e-01,-6.035036108460246629e-01,-1.612503833447032076e+00,-3.092628693100514525e-02,-2.149825823257277002e-01,-2.087841014856393063e+00
7.100000000000000000e+01,1.000000000000000000e+00,2.053448118189134808e-01,4.223900028683334362e+00,2.716456513126302985e-02,2.365944091647651654e-02,-2.494575069591594974e-01,-2.039903288398857484e+00,1.797399565512006192e-02,-1.522357595201971614e-01,-4.161063280877876080e-02,-1.578703354353590438e+00,-5.455371420421902817e-01,-1.792114393615529266e-01,-2.080672890725358659e+00,-2.022978910465872138e-01,-3.929983492441597726e-01,-6.035036108460246629e-01,-1.612503833447032076e+00,-3.092628693100514525e-02,-2.149825823257277002e-01,-2.087841014856393063e+00
7.200000000000000000e+01,1.000000000000000000e+00,2.053448118189134808e-01,4.229354597918552727e+00,1.961294753278771535e-02,2.418154135550185102e-02,-2.205074141596239934e-01,-2.031120672155104057e+00,3.321500199948396875e-02,-1.553833724952608519e-01,-2.701922240369043077e-02,-1.576549877300272851e+00,-5.383171445055776605e-01,-1.682300628358067707e-01,-2.074471405988201678e+00,-2.082216329195454851e-01,-3.752938926994022761e-01,-6.017317606142043029e-01,-1.620541445666263902e+00,-2.503620622020280920e-02,-2.169398986045590616e-01,-2.091835467127494574e+00
7.300000000000000000e+01,1.000000000000000000e+00,2.053448118189134808e-01,4.229354597918552727e+00,1.961294753278771535e-02,2.418154135550185102e-02,-2.205074141596239934e-01,-2.031120672155104057e+00,3.321500199948396875e-02,-1.553833724952608519e-01,-2.701922240369043077e-02,-1.576549877300272851e+00,-5.383171445055776605e-01,-1.682300628358067707e-01,-2.074471405988201678e+00,-2.082216329195454851e-01,-3.752938926994022761e-01,-6.017317606142043029e-01,-1.620541445666263902e+00,-2.503620622020280920e-02,-2.169398986045590616e-01,-2.091835467127494574e+00
7.400000000000000000e+01,1.000000000000000000e+00,2.053448118189134808e-01,4.229354597918552727e+00,1.961294753278771535e-02,2.418154135550185102e-02,-2.205074141596239934e-01,-2.031120672155104057e+00,3.321500199948396875e-02,-1.553833724952608519e-01,-2.701922240369043077e-02,-1.576549877300272851e+00,-5.383171445055776605e-01,-1.682300628358067707e-01,-2.074471405988201678e+00,-2.082216329195454851e-01,-3.752938926994022761e-01,-6.017317606142043029e-01,-1.620541445666263902e+00,-2.503620622020280920e-02,-2.169398986045590616e-01,-2.091835467127494574e+00
7.500000000000000000e+01,1.000000000000000000e+00,2.053448118189134808e-01,4.229354597918552727e+00,1.961294753278771535e-02,2.418154135550185102e-02,-2.205074141596239934e-01,-2.031120672155104057e+00,3.321500199948396875e-02,-1.553833724952608519e-01,-2.701922240369043077e-02,-1.576549877300272851e+00,-5.383171445055776605e-01,-1.682300628358067707e-01,-2.074471405988201678e+00,-2.082216329195454851e-01,-3.752938926994022761e-01,-6.017317606142043029e-01,-1.620541445666263902e+00,-2.503620622020280920e-02,-2.169398986045590616e-01,-2.091835467127494574e+00
7.600000000000000000e+01,1.000000000000000000e+00,2.053448118189134808e-01,4.229354597918552727e+00,1.961294753278771535e-02,2.418154135550185102e-02,-2.205074141596239934e-01,-2.031120672155104057e+00,3.321500199948396875e-02,-1.553833724952608519e-01,-2.701922240369043077e-02,-1.576549877300272851e+00,-5.383171445055776605e-01,-1.682300628358067707e-01,-2.074471405988201678e+00,-2.082216329195454851e-01,-3.752938926994022761e-01,-6.017317606142043029e-01,-1.620541445666263902e+00,-2.503620622020280920e-02,-2.169398986045590616e-01,-2.091835467127494574e+00
7.700000000000000000e+01,1.000000000000000000e+00,2.053448118189134808e-01,4.229354597918552727e+00,1.961294753278771535e-02,2.418154135550185102e-02,-2.205074141596239934e-01,-2.031120672155104057e+00,3.321500199948396875e-02,-1.553833724952608519e-01,-2.701922240369043077e-02,-1.576549877300272851e+00,-5.383171445055776605e-01,-1.682300628358067707e-01,-2.074471405988201678e+00,-2.082216329195454851e-01,-3.752938926994022761e-01,-6.017317606142043029e-01,-1.620541445666263902e+00,-2.503620622020280920e-02,-2.169398986045590616e-01,-2.091835467127494574e+00
7.800000000000000000e+01,1.000000000000000000e+00,1.752262136168825923e-01,4.229354597918552727e+00,1.961294753278771535e-02,2.418154135550185102e-02,-2.205074141596239934e-01,-2.031120672155104057e+00,3.321500199948396875e-02,-1.553833724952608519e-01,-2.701922240369043077e-02,-1.576549877300272851e+00,-5.383171445055776605e-01,-1.682300628358067707e-01,-2.074471405988201678e+00,-2.082216329195454851e-01,-3.752938926994022761e-01,-6.017317606142043029e-01,-1.620541445666263902e+00,-2.503620622020280920e-02,-2.169398986045590616e-01,-2.091835467127494574e+00
7.900000000000000000e+01,1.000000000000000000e+00,1.752262136168825923e-01,4.229354597918552727e+00,1.961294753278771535e-02,2.418154135550185102e-02,-2.205074141596239934e-01,-2.031120672155104057e+00,3.321500199948396875e-02,-1.553833724952608519e-01,-2.701922240369043077e-02,-1.576549877300272851e+00,-5.383171445055776605e-01,-1.682300628358067707e-01,-2.074471405988201678e+00,-2.082216329195454851e-01,-3.752938926994022761e-01,-6.017317606142043029e-01,-1.620541445666263902e+00,-2.503620622020280920e-02,-2.169398986045590616e-01,-2.091835467127494574e+00
8.000000000000000000e+01,1.000000000000000000e+00,1.752262136168825923e-01,4.229354597918552727e+00,1.961294753278771535e-02,2.418154135550185102e-02,-2.205074141596239934e-01,-2.031120672155104057e+00,3.321500199948396875e-02,-1.553833724952608519e-01,-2.701922240369043077e-02,-1.576549877300272851e+00,-5.383171445055776605e-01,-1.682300628358067707e-01,-2.074471405988201678e+00,-2.082216329195454851e-01,-3.752938926994022761e-01,-6.017317606142043029e-01,-1.620541445666263902e+00,-2.503620622020280920e-02,-2.169398986045590616e-01,-2.091835467127494574e+00
8.100000000000000000e+01,1.000000000000000000e+00,1.752262136168825923e-01,4.229354597918552727e+00,1.961294753278771535e-02,2.418154135550185102e-02,-2.205074141596239934e-01,-2.031120672155104057e+00,3.321500199948396875e-02,-1.553833724952608519e-01,-2.701922240369043077e-02,-1.576549877300272851e+00,-5.383171445055776605e-01,-1.682300628358067707e-01,-2.074471405988201678e+00,-2.082216329195454851e-01,-3.752938926994022761e-01,-6.017317606142043029e-01,-1.620541445666263902e+00,-2.503620622020280920e-02,-2.169398986045590616e-01,-2.091835467127494574e+00
8.200000000000000000e+01,1.000000000000000000e+00,1.752262136168825923e-01,4.229354597918552727e+00,1.961294753278771535e-02,2.418154135550185102e-02,-2.205074141596239934e-01,-2.031120672155104057e+00,3.321500199948396875e-02,-1.553833724952608519e-01,-2.701922240369043077e-02,-1.576549877300272851e+00,-5.383171445055776605e-01,-1.682300628358067707e-01,-2.074471405988201678e+00,-2.082216329195454851e-01,-3.752938926994022761e-01,-6.017317606142043029e-01,-1.620541445666263902e+00,-2.503620622020280920e-02,-2.169398986045590616e-01,-2.091835467127494574e+00
8.300000000000000000e+01,1.000000000000000000e+00,1.752262136168825923e-01,4.229354597918552727e+00,1.961294753278771535e-02,2.418154135550185102e-02,-2.205074141596239934e-01,-2.031120672155104057e+00,3.321500199948396875e-02,-1.553833724952608519e-01,-2.701922240369043077e-02,-1.576549877300272851e+00,-5.383171445055776605e-01,-1.682300628358067707e-01,-2.074471405988201678e+00,-2.082216329195454851e-01,-3.752938926994022761e-01,-6.017317606142043029e-01,-1.620541445666263902e+00,-2.503620622020280920e-02,-2.169398986045590616e-01,-2.091835467127494574e+00
8.400000000000000000e+01,1.000000000000000000e+00,1.752262136168825923e-01,4.229354597918552727e+00,1.961294753278771535e-02,2.418154135550185102e-02,-2.205074141596239934e-01,-2.031120672155104057e+00,3.321500199948396875e-02,-1.553833724952608519e-01,-2.701922240369043077e-02,-1.576549877300272851e+00,-5.383171445055776605e-01,-1.682300628358067707e-01,-2.074471405988201678e+00,-2.082216329195454851e-01,-3.752938926994022761e-01,-6.017317606142043029e-01,-1.620541445666263902e+00,-2.503620622020280920e-02,-2.169398986045590616e-01,-2.091835467127494574e+00
8.500000000000000000e+01,1.000000000000000000e+00,1.752262136168825923e-01,4.229354597918552727e+00,1.961294753278771535e-02,2.418154135550185102e-02,-2.205074141596239934e-01,-2.031120672155104057e+00,3.321500199948396875e-02,-1.553833724952608519e-01,-2.701922240369043077e-02,-1.576549877300272851e+00,-5.383171445055776605e-01,-1.682300628358067707e-01,-2.074471405988201678e+00,-2.082216329195454851e-01,-3.752938926994022761e-01,-6.017317606142043029e-01,-1.620541445666263902e+00,-2.503620622020280920e-02,-2.169398986045590616e-01,-2.091835467127494574e+00
8.600000000000000000e+01,1.000000000000000000e+00,1.752262136168825923e-01,4.229354597918552727e+00,1.961294753278771535e-02,2.418154135550185102e-02,-2.205074141596239934e-01,-2.031120672155104057e+00,3.321500199948396875e-02,-1.553833724952608519e-01,-2.701922240369043077e-02,-1.576549877300272851e+00,-5.383171445055776605e-01,-1.682300628358067707e-01,-2.074471405988201678e+00,-2.082216329195454851e-01,-3.752938926994022761e-01,-6.017317606142043029e-01,-1.620541445666263902e+00,-2.503620622020280920e-02,-2.169398986045590616e-01,-2.091835467127494574e+00
8.700000000000000000e+01,1.000000000000000000e+00,1.752262136168825923e-01,4.293936983023107778e+00,4.900679367130928756e-03,2.078156117070628986e-02,-2.259508559906553415e-01,-2.056796225019485114e+00,3.186364333002224269e-02,-1.560696898208117078e-01,-3.186899153204294372e-02,-1.577637727653859345e+00,-5.399714055697570902e-01,-1.763293458599582142e-01,-2.074913596531433146e+00,-2.083507186519669985e-01,-3.834591204859125191e-01,-6.023257072553094282e-01,-1.618059383726289102e+00,-2.497309943739839388e-02,-2.175613547521414448e-01,-2.088400784992916925e+00
8.800000000000000000e+01,1.000000000000000000e+00,1.752262136168825923e-01,4.293936983023107778e+00,4.900679367130928756e-03,2.078156117070628986e-02,-2.259508559906553415e-01,-2.056796225019485114e+00,3.186364333002224269e-02,-1.560696898208117078e-01,-3.186899153204294372e-02,-1.577637727653859345e+00,-5.399714055697570902e-01,-1.763293458599582142e-01,-2.074913596531433146e+00,-2.083507186519669985e-01,-3.834591204859125191e-01,-6.023257072553094282e-01,-1.618059383726289102e+00,-2.497309943739839388e-02,-2.175613547521414448e-01,-2.088400784992916925e+00
8.900000000000000000e+01,1.000000000000000000e+00,1.752262136168825923e-01,4.293936983023107778e+00,4.900679367130928756e-03,2.078156117070628986e-02,-2.259508559906553415e-01,-2.056796225019485114e+00,3.186364333002224269e-02,-1.560696898208117078e-01,-3.186899153204294372e-02,-1.577637727653859345e+00,-5.399714055697570902e-01,-1.763293458599582142e-01,-2.074913596531433146e+00,-2.083507186519669985e-01,-3.834591204859125191e-01,-6.023257072553094282e-01,-1.618059383726289102e+00,-2.497309943739839388e-02,-2.175613547521414448e-01,-2.088400784992916925e+00
9.000000000000000000e+01,1.000000000000000000e+00,1.752262136168825923e-01,4.293936983023107778e+00,4.900679367130928756e-03,2.078156117070628986e-02,-2.259508559906553415e-01,-2.056796225019485114e+00,3.186364333002224269e-02,-1.560696898208117078e-01,-3.186899153204294372e-02,-1.577637727653859345e+00,-5.399714055697570902e-01,-1.763293458599582142e-01,-2.074913596531433146e+00,-2.083507186519669985e-01,-3.834591204859125191e-01,-6.023257072553094282e-01,-1.618059383726289102e+00,-2.497309943739839388e-02,-2.175613547521414448e-01,-2.088400784992916925e+00
9.100000000000000000e+01,1.000000000000000000e+00,1.752262136168825923e-01,4.293936983023107778e+00,4.900679367130928756e-03,2.078156117070628986e-02,-2.259508559906553415e-01,-2.056796225019485114e+00,3.186364333002224269e-02,-1.560696898208117078e-01,-3.186899153204294372e-02,-1.577637727653859345e+00,-5.399714055697570902e-01,-1.763293458599582142e-01,-2.074913596531433146e+00,-2.083507186519669985e-01,-3.834591204859125191e-01,-6.023257072553094282e-01,-1.618059383726289102e+00,-2.497309943739839388e-02,-2.175613547521414448e-01,-2.088400784992916925e+00
9.200000000000000000e+01,1.000000000000000000e+00,1.752262136168825923e-01,4.293936983023107778e+00,4.900679367130928756e-03,2.078156117070628986e-02,-2.259508559906553415e-01,-2.056796225019485114e+00,3.186364333002224269e-02,-1.560696898208117078e-01,-3.186899153204294372e-02,-1.577637727653859345e+00,-5.399714055697570902e-01,-1.763293458599582142e-01,-2.074913596531433146e+00,-2.083507186519669985e-01,-3.834591204859125191e-01,-6.023257072553094282e-01,-1.618059383726289102e+00,-2.497309943739839388e-02,-2.175613547521414448e-01,-2.088400784992916925e+00
9.300000000000000000e+01,1.000000000000000000e+00,1.752262136168825923e-01,4.293936983023107778e+00,4.900679367130928756e-03,2.078156117070628986e-02,-2.259508559906553415e-01,-2.056796225019485114e+00,3.186364333002224269e-02,-1.560696898208117078e-01,-3.186899153204294372e-02,-1.577637727653859345e+00,-5.399714055697570902e-01,-1.763293458599582142e-01,-2.074913596531433146e+00,-2.083507186519669985e-01,-3.834591204859125191e-01,-6.023257072553094282e-01,-1.618059383726289102e+00,-2.497309943739839388e-02,-2.175613547521414448e-01,-2.088400784992916925e+00
9.400000000000000000e+01,1.000000000000000000e+00,1.484972356749773292e-01,4.293936983023107778e+00,4.900679367130928756e-03,2.078156117070628986e-02,-2.259508559906553415e-01,-2.056796225019485114e+00,3.186364333002224269e-02,-1.560696898208117078e-01,-3.186899153204294372e-02,-1.577637727653859345e+00,-5.399714055697570902e-01,-1.763293458599582142e-01,-2.074913596531433146e+00,-2.083507186519669985e-01,-3.834591204859125191e-01,-6.023257072553094282e-01,-1.618059383726289102e+00,-2.497309943739839388e-02,-2.175613547521414448e-01,-2.088400784992916925e+00
9.500000000000000000e+01,1.000000000000000000e+00,1.484972356749773292e-01,4.293936983023107778e+00,4.900679367130928756e-03,2.078156117070628986e-02,-2.259508559906553415e-01,-2.056796225019485114e+00,3.186364333002224269e-02,-1.560696898208117078e-01,-3.186899153204294372e-02,-1.577637727653859345e+00,-5.399714055697570902e-01,-1.763293458599582142e-01,-2.074913596531433146e+00,-2.083507186519669985e-01,-3.834591204859125191e-01,-6.023257072553094282e-01,-1.618059383726289102e+00,-2.497309943739839388e-02,-2.175613547521414448e-01,-2.088400784992916925e+00
9.600000000000000000e+01,1.000000000000000000e+00,1.484972356749773292e-01,4.293936983023107778e+00,4.900679367130928756e-03,2.078156117070628986e-02,-2.259508559906553415e-01,-2.056796225019485114e+00,3.186364333002224269e-02,-1.560696898208117078e-01,-3.186899153204294372e-02,-1.577637727653859345e+00,-5.399714055697570902e-01,-1.763293458599582142e-01,-2.074913596531433146e+00,-2.083507186519669985e-01,-3.834591204859125191e-01,-6.023257072553094282e-01,-1.618059383726289102e+00,-2.497309943739839388e-02,-2.175613547521414448e-01,-2.088400784992916925e+00
9.700000000000000000e+01,1.000000000000000000e+00,1.484972356749773292e-01,4.293936983023107778e+00,4.900679367130928756e-03,2.078156117070628986e-02,-2.259508559906553415e-01,-2.056796225019485114e+00,3.186364333002224269e-02,-1.560696898208117078e-01,-3.186899153204294372e-02,-1.577637727653859345e+00,-5.399714055697570902e-01,-1.763293458599582142e-01,-2.074913596531433146e+00,-2.083507186519669985e-01,-3.834591204859125191e-01,-6.023257072553094282e-01,-1.618059383726289102e+00,-2.497309943739839388e-02,-2.175613547521414448e-01,-2.088400784992916925e+00
9.800000000000000000e+01,1.000000000000000000e+00,1.484972356749773292e-01,4.293936983023107778e+00,4.900679367130928756e-03,2.078156117070628986e-02,-2.259508559906553415e-01,-2.056796225019485114e+00,3.186364333002224269e-02,-1.560696898208117078e-01,-3.186899153204294372e-02,-1.577637727653859345e+00,-5.399714055697570902e-01,-1.763293458599582142e-01,-2.074913596531433146e+00,-2.083507186519669985e-01,-3.834591204859125191e-01,-6.023257072553094282e-01,-1.618059383726289102e+00,-2.497309943739839388e-02,-2.175613547521414448e-01,-2.088400784992916925e+00
9.900000000000000000e+01,1.000000000000000000e+00,1.484972356749773292e-01,4.293936983023107778e+00,4.900679367130928756e-03,2.078156117070628986e-02,-2.259508559906553415e-01,-2.056796225019485114e+00,3.186364333002224269e-02,-1.560696898208117078e-01,-3.186899153204294372e-02,-1.577637727653859345e+00,-5.399714055697570902e-01,-1.763293458599582142e-01,-2.074913596531433146e+00,-2.083507186519669985e-01,-3.834591204859125191e-01,-6.023257072553094282e-01,-1.618059383726289102e+00,-2.497309943739839388e-02,-2.175613547521414448e-01,-2.088400784992916925e+00
1.000000000000000000e+02,1.000000000000000000e+00,1.484972356749773292e-01,4.293936983023107778e+00,4.900679367130928756e-03,2.078156117070628986e-02,-2.259508559906553415e-01,-2.056796225019485114e+00,3.186364333002224269e-02,-1.560696898208117078e-01,-3.186899153204294372e-02,-1.577637727653859345e+00,-5.399714055697570902e-01,-1.763293458599582142e-01,-2.074913596531433146e+00,-2.083507186519669985e-01,-3.834591204859125191e-01,-6.023257072553094282e-01,-1.618059383726289102e+00,-2.497309943739839388e-02,-2.175613547521414448e-01,-2.088400784992916925e+00
1.010000000000000000e+02,1.000000000000000000e+00,1.484972356749773292e-01,4.293936983023107778e+00,4.900679367130928756e-03,2.078156117070628986e-02,-2.259508559906553415e-01,-2.056796225019485114e+00,3.186364333002224269e-02,-1.560696898208117078e-01,-3.186899153204294372e-02,-1.577637727653859345e+00,-5.399714055697570902e-01,-1.763293458599582142e-01,-2.074913596531433146e+00,-2.083507186519669985e-01,-3.834591204859125191e-01,-6.023257072553094282e-01,-1.618059383726289102e+00,-2.497309943739839388e-02,-2.175613547521414448e-01,-2.088400784992916925e+00
1.020000000000000000e+02,1.000000000000000000e+00,1.484972356749773292e-01,4.293936983023107778e+00,4.900679367130928756e-03,2.078156117070628986e-02,-2.259508559906553415e-01,-2.056796225019485114e+00,3.186364333002224269e-02,-1.560696898208117078e-01,-3.186899153204294372e-02,-1.577637727653859345e+00,-5.399714055697570902e-01,-1.763293458599582142e-01,-2.074913596531433146e+00,-2.083507186519669985e-01,-3.834591204859125191e-01,-6.023257072553094282e-01,-1.618059383726289102e+00,-2.497309943739839388e-02,-2.175613547521414448e-01,-2.088400784992916925e+00
1.030000000000000000e+02,1.000000000000000000e+00,1.484972356749773292e-01,4.293936983023107778e+00,4.900679367130928756e-03,2.078156117070628986e-02,-2.259508559906553415e-01,-2.056796225019485114e+00,3.186364333002224269e-02,-1.560696898208117078e-01,-3.186899153204294372e-02,-1.577637727653859345e+00,-5.399714055697570902e-01,-1.763293458599582142e-01,-2.074913596531433146e+00,-2.083507186519669985e-01,-3.834591204859125191e-01,-6.023257072553094282e-01,-1.618059383726289102e+00,-2.497309943739839388e-02,-2.175613547521414448e-01,-2.088400784992916925e+00
1.040000000000000000e+02,1.000000000000000000e+00,1.484972356749773292e-01,4.293936983023107778e+00,4.900679367130928756e-03,2.078156117070628986e-02,-2.259508559906553415e-01,-2.056796225019485114e+00,3.186364333002224269e-02,-1.560696898208117078e-01,-3.186899153204294372e-02,-1.577637727653859345e+00,-5.399714055697570902e-01,-1.763293458599582142e-01,-2.074913596531433146e+00,-2.083507186519669985e-01,-3.834591204859125191e-01,-6.023257072553094282e-01,-1.618059383726289102e+00,-2.497309943739839388e-02,-2.175613547521414448e-01,-2.088400784992916925e+00
1.050000000000000000e+02,1.000000000000000000e+00,1.484972356749773292e-01,4.293936983023107778e+00,4.900679367130928756e-03,2.078156117070628986e-02,-2.259508559906553415e-01,-2.056796225019485114e+00,3.186364333002224269e-02,-1.560696898208117078e-01,-3.186899153204294372e-02,-1.577637727653859345e+00,-5.399714055697570902e-01,-1.763293458599582142e-01,-2.074913596531433146e+00,-2.083507186519669985e-01,-3.834591204859125191e-01,-6.023257072553094282e-01,-1.618059383726289102e+00,-2.497309943739839388e-02,-2.175613547521414448e-01,-2.088400784992916925e+00
1.060000000000000000e+02,1.000000000000000000e+00,1.484972356749773292e-01,4.293936983023107778e+00,4.900679367130928756e-03,2.078156117070628986e-02,-2.259508559906553415e-01,-2.056796225019485114e+00,3.186364333002224269e-02,-1.560696898208117078e-01,-3.186899153204294372e-02,-1.577637727653859345e+00,-5.399714055697570902e-01,-1.763293458599582142e-01,-2.074913596531433146e+00,-2.083507186519669985e-01,-3.834591204859125191e-01,-6.023257072553094282e-01,-1.618059383726289102e+00,-2.497309943739839388e-02,-2.175613547521414448e-01,-2.088400784992916925e+00
1.070000000000000000e+02,1.000000000000000000e+00,1.484972356749773292e-01,4.293936983023107778e+00,4.900679367130928756e-03,2.078156117070628986e-02,-2.259508559906553415e-01,-2.056796225019485114e+00,3.186364333002224269e-02,-1.560696898208117078e-01,-3.186899153204294372e-02,-1.577637727653859345e+00,-5.399714055697570902e-01,-1.763293458599582142e-01,-2.074913596531433146e+00,-2.083507186519669985e-01,-3.834591204859125191e-01,-6.023257072553094282e-01,-1.618059383726289102e+00,-2.497309943739839388e-02,-2.175613547521414448e-01,-2.088400784992916925e+00
1.080000000000000000e+02,1.000000000000000000e+00,1.484972356749773292e-01,4.293936983023107778e+00,4.900679367130928756e-03,2.078156117070628986e-02,-2.259508559906553415e-01,-2.056796225019485114e+00,3.186364333002224269e-02,-1.560696898208117078e-01,-3.186899153204294372e-02,-1.577637727653859345e+00,-5.399714055697570902e-01,-1.763293458599582142e-01,-2.074913596531433146e+00,-2.083507186519669985e-01,-3.834591204859125191e-01,-6.023257072553094282e-01,-1.618059383726289102e+00,-2.497309943739839388e-02,-2.175613547521414448e-01,-2.088400784992916925e+00
1.090000000000000000e+02,1.000000000000000000e+00,1.484972356749773292e-01,4.293936983023107778e+00,4.900679367130928756e-03,2.078156117070628986e-02,-2.259508559906553415e-01,-2.056796225019485114e+00,3.186364333002224269e-02,-1.560696898208117078e-01,-3.186899153204294372e-02,-1.577637727653859345e+00,-5.399714055697570902e-01,-1.763293458599582142e-01,-2.074913596531433146e+00,-2.083507186519669985e-01,-3.834591204859125191e-01,-6.023257072553094282e-01,-1.618059383726289102e+00,-2.497309943739839388e-02,-2.175613547521414448e-01,-2.088400784992916925e+00
1.100000000000000000e+02,1.000000000000000000e+00,1.484972356749773292e-01,4.293936983023107778e+00,4.900679367130928756e-03,2.078156117070628986e-02,-2.259508559906553415e-01,-2.056796225019485114e+00,3.186364333002224269e-02,-1.560696898208117078e-01,-3.186899153204294372e-02,-1.577637727653859345e+00,-5.399714055697570902e-01,-1.763293458599582142e-01,-2.074913596531433146e+00,-2.083507186519669985e-01,-3.834591204859125191e-01,-6.023257072553094282e-01,-1.618059383726289102e+00,-2.497309943739839388e-02,-2.175613547521414448e-01,-2.088400784992916925e+00
1.110000000000000000e+02,1.000000000000000000e+00,1.484972356749773292e-01,4.293936983023107778e+00,4.900679367130928756e-03,2.078156117070628986e-02,-2.259508559906553415e-01,-2.056796225019485114e+00,3.186364333002224269e-02,-1.560696898208117078e-01,-3.186899153204294372e-02,-1.577637727653859345e+00,-5.399714055697570902e-01,-1.763293458599582142e-01,-2.074913596531433146e+00,-2.083507186519669985e-01,-3.834591204859125191e-01,-6.023257072553094282e-01,-1.618059383726289102e+00,-2.497309943739839388e-02,-2.175613547521414448e-01,-2.088400784992916925e+00
1.120000000000000000e+02,1.000000000000000000e+00,1.268413458467756438e-01,4.293936983023107778e+00,4.900679367130928756e-03,2.078156117070628986e-02,-2.259508559906553415e-01,-2.056796225019485114e+00,3.186364333002224269e-02,-1.560696898208117078e-01,-3.186899153204294372e-02,-1.577637727653859345e+00,-5.399714055697570902e-01,-1.763293458599582142e-01,-2.074913596531433146e+00,-2.083507186519669985e-01,-3.834591204859125191e-01,-6.023257072553094282e-01,-1.618059383726289102e+00,-2.497309943739839388e-02,-2.175613547521414448e-01,-2.088400784992916925e+00
1.130000000000000000e+02,1.000000000000000000e+00,1.268413458467756438e-01,4.293936983023107778e+00,4.900679367130928756e-03,2.078156117070628986e-02,-2.259508559906553415e-01,-2.056796225019485114e+00,3.186364333002224269e-02,-1.560696898208117078e-01,-3.186899153204294372e-02,-1.577637727653859345e+00,-5.399714055697570902e-01,-1.763293458599582142e-01,-2.074913596531433146e+00,-2.083507186519669985e-01,-3.834591204859125191e-01,-6.023257072553094282e-01,-1.618059383726289102e+00,-2.497309943739839388e-02,-2.175613547521414448e-01,-2.088400784992916925e+00
1.140000000000000000e+02,1.000000000000000000e+00,1.268413458467756438e-01,4.293936983023107778e+00,4.900679367130928756e-03,2.078156117070628986e-02,-2.259508559906553415e-01,-2.056796225019485114e+00,3.186364333002224269e-02,-1.560696898208117078e-01,-3.186899153204294372e-02,-1.577637727653859345e+00,-5.399714055697570902e-01,-1.763293458599582142e-01,-2.074913596531433146e+00,-2.083507186519669985e-01,-3.834591204859125191e-01,-6.023257072553094282e-01,-1.618059383726289102e+00,-2.497309943739839388e-02,-2.175613547521414448e-01,-2.088400784992916925e+00
1.150000000000000000e+02,1.000000000000000000e+00,1.268413458467756438e-01,4.293936983023107778e+00,4.900679367130928756e-03,2.078156117070628986e-02,-2.259508559906553415e-01,-2.056796225019485114e+00,3.186364333002224269e-02,-1.560696898208117078e-01,-3.186899153204294372e-02,-1.577637727653859345e+00,-5.399714055697570902e-01,-1.763293458599582142e-01,-2.074913596531433146e+00,-2.083507186519669985e-01,-3.834591204859125191e-01,-6.023257072553094282e-01,-1.618059383726289102e+00,-2.497309943739839388e-02,-2.175613547521414448e-01,-2.088400784992916925e+00
1.160000000000000000e+02,1.000000000000000000e+00,1.268413458467756438e-01,4.293936983023107778e+00,4.900679367130928756e-03,2.078156117070628986e-02,-2.259508559906553415e-01,-2.056796225019485114e+00,3.186364333002224269e-02,-1.560696898208117078e-01,-3.186899153204294372e-02,-1.577637727653859345e+00,-5.399714055697570902e-01,-1.763293458599582142e-01,-2.074913596531433146e+00,-2.083507186519669985e-01,-3.834591204859125191e-01,-6.023257072553094282e-01,-1.618059383726289102e+00,-2.497309943739839388e-02,-2.175613547521414448e-01,-2.088400784992916925e+00
1.170000000000000000e+02,1.000000000000000000e+00,1.268413458467756438e-01,4.293936983023107778e+00,4.900679367130928756e-03,2.078156117070628986e-02,-2.259508559906553415e-01,-2.056796225019485114e+00,3.186364333002224269e-02,-1.560696898208117078e-01,-3.186899153204294372e-02,-1.577637727653859345e+00,-5.399714055697570902e-01,-1.763293458599582142e-01,-2.074913596531433146e+00,-2.083507186519669985e-01,-3.834591204859125191e-01,-6.023257072553094282e-01,-1.618059383726289102e+00,-2.497309943739839388e-02,-2.175613547521414448e-01,-2.088400784992916925e+00
1.180000000000000000e+02,1.000000000000000000e+00,1.268413458467756438e-01,4.293936983023107778e+00,4.900679367130928756e-03,2.078156117070628986e-02,-2.259508559906553415e-01,-2.056796225019485114e+00,3.186364333002224269e-02,-1.560696898208117078e-01,-3.186899153204294372e-02,-1.577637727653859345e+00,-5.399714055697570902e-01,-1.763293458599582142e-01,-2.074913596531433146e+00,-2.083507186519669985e-01,-3.834591204859125191e-01,-6.023257072553094282e-01,-1.618059383726289102e+00,-2.497309943739839388e-02,-2.175613547521414448e-01,-2.088400784992916925e+00
1.190000000000000000e+02,1.000000000000000000e+00,1.268413458467756438e-01,4.293936983023107778e+00,4.900679367130928756e-03,2.078156117070628986e-02,-2.259508559906553415e-01,-2.056796225019485114e+00,3.186364333002224269e-02,-1.560696898208117078e-01,-3.186899153204294372e-02,-1.577637727653859345e+00,-5.399714055697570902e-01,-1.763293458599582142e-01,-2.074913596531433146e+00,-2.083507186519669985e-01,-3.834591204859125191e-01,-6.023257072553094282e-01,-1.618059383726289102e+00,-2.497309943739839388e-02,-2.175613547521414448e-01,-2.088400784992916925e+00
1.200000000000000000e+02,1.000000000000000000e+00,1.268413458467756438e-01,4.293936983023107778e+00,4.900679367130928756e-03,2.078156117070628986e-02,-2.259508559906553415e-01,-2.056796225019485114e+00,3.186364333002224269e-02,-1.560696898208117078e-01,-3.186899153204294372e-02,-1.577637727653859345e+00,-5.399714055697570902e-01,-1.763293458599582142e-01,-2.074913596531433146e+00,-2.083507186519669985e-01,-3.834591204859125191e-01,-6.023257072553094282e-01,-1.618059383726289102e+00,-2.497309943739839388e-02,-2.175613547521414448e-01,-2.088400784992916925e+00
1.210000000000000000e+02,1.000000000000000000e+00,1.268413458467756438e-01,4.293936983023107778e+00,4.900679367130928756e-03,2.078156117070628986e-02,-2.259508559906553415e-01,-2.056796225019485114e+00,3.186364333002224269e-02,-1.560696898208117078e-01,-3.186899153204294372e-02,-1.577637727653859345e+00,-5.399714055697570902e-01,-1.763293458599582142e-01,-2.074913596531433146e+00,-2.083507186519669985e-01,-3.834591204859125191e-01,-6.023257072553094282e-01,-1.618059383726289102e+00,-2.497309943739839388e-02,-2.175613547521414448e-01,-2.088400784992916925e+00
1.220000000000000000e+02,1.000000000000000000e+00,1.268413458467756438e-01,4.293936983023107778e+00,4.900679367130928756e-03,2.078156117070628986e-02,-2.259508559906553415e-01,-2.056796225019485114e+00,3.186364333002224269e-02,-1.560696898208117078e-01,-3.186899153204294372e-02,-1.577637727653859345e+00,-5.399714055697570902e-01,-1.763293458599582142e-01,-2.074913596531433146e+00,-2.083507186519669985e-01,-3.834591204859125191e-01,-6.023257072553094282e-01,-1.618059383726289102e+00,-2.497309943739839388e-02,-2.175613547521414448e-01,-2.088400784992916925e+00
1.230000000000000000e+02,1.000000000000000000e+00,1.268413458467756438e-01,4.293936983023107778e+00,4.900679367130928756e-03,2.078156117070628986e-02,-2.259508559906553415e-01,-2.056796225019485114e+00,3.186364333002224269e-02,-1.560696898208117078e-01,-3.186899153204294372e-02,-1.577637727653859345e+00,-5.399714055697570902e-01,-1.763293458599582142e-01,-2.074913596531433146e+00,-2.083507186519669985e-01,-3.834591204859125191e-01,-6.023257072553094282e-01,-1.618059383726289102e+00,-2.497309943739839388e-02,-2.175613547521414448e-01,-2.088400784992916925e+00
1.240000000000000000e+02,1.000000000000000000e+00,1.268413458467756438e-01,4.293936983023107778e+00,4.900679367130928756e-03,2.078156117070628986e-02,-2.259508559906553415e-01,-2.056796225019485114e+00,3.186364333002224269e-02,-1.560696898208117078e-01,-3.186899153204294372e-02,-1.577637727653859345e+00,-5.399714055697570902e-01,-1.763293458599582142e-01,-2.074913596531433146e+00,-2.083507186519669985e-01,-3.834591204859125191e-01,-6.023257072553094282e-01,-1.618059383726289102e+00,-2.497309943739839388e-02,-2.175613547521414448e-01,-2.088400784992916925e+00
1.250000000000000000e+02,1.000000000000000000e+00,1.268413458467756438e-01,4.293936983023107778e+00,4.900679367130928756e-03,2.078156117070628986e-02,-2.259508559906553415e-01,-2.056796225019485114e+00,3.186364333002224269e-02,-1.560696898208117078e-01,-3.186899153204294372e-02,-1.577637727653859345e+00,-5.399714055697570902e-01,-1.763293458599582142e-01,-2.074913596531433146e+00,-2.083507186519669985e-01,-3.834591204859125191e-01,-6.023257072553094282e-01,-1.618059383726289102e+00,-2.497309943739839388e-02,-2.175613547521414448e-01,-2.088400784992916925e+00
1.260000000000000000e+02,1.000000000000000000e+00,1.268413458467756438e-01,4.293936983023107778e+00,4.900679367130928756e-03,2.078156117070628986e-02,-2.259508559906553415e-01,-2.056796225019485114e+00,3.186364333002224269e-02,-1.560696898208117078e-01,-3.186899153204294372e-02,-1.577637727653859345e+00,-5.399714055697570902e-01,-1.763293458599582142e-01,-2.074913596531433146e+00,-2.083507186519669985e-01,-3.834591204859125191e-01,-6.023257072553094282e-01,-1.618059383726289102e+00,-2.497309943739839388e-02,-2.175613547521414448e-01,-2.088400784992916925e+00
1.270000000000000000e+02,1.000000000000000000e+00,1.268413458467756438e-01,4.293936983023107778e+00,4.900679367130928756e-03,2.078156117070628986e-02,-2.259508559906553415e-01,-2.056796225019485114e+00,3.186364333002224269e-02,-1.560696898208117078e-01,-3.186899153204294372e-02,-1.577637727653859345e+00,-5.399714055697570902e-01,-1.763293458599582142e-01,-2.074913596531433146e+00,-2.083507186519669985e-01,-3.834591204859125191e-01,-6.023257072553094282e-01,-1.618059383726289102e+00,-2.497309943739839388e-02,-2.175613547521414448e-01,-2.088400784992916925e+00
1.280000000000000000e+02,1.000000000000000000e+00,1.268413458467756438e-01,4.293936983023107778e+00,4.900679367130928756e-03,2.078156117070628986e-02,-2.259508559906553415e-01,-2.056796225019485114e+00,3.186364333002224269e-02,-1.560696898208117078e-01,-3.186899153204294372e-02,-1.577637727653859345e+00,-5.399714055697570902e-01,-1.763293458599582142e-01,-2.074913596531433146e+00,-2.083507186519669985e-01,-3.834591204859125191e-01,-6.023257072553094282e-01,-1.618059383726289102e+00,-2.497309943739839388e-02,-2.175613547521414448e-01,-2.088400784992916925e+00
1.290000000000000000e+02,1.000000000000000000e+00,1.268413458467756438e-01,4.293936983023107778e+00,4.900679367130928756e-03,2.078156117070628986e-02,-2.259508559906553415e-01,-2.056796225019485114e+00,3.186364333002224269e-02,-1.560696898208117078e-01,-3.186899153204294372e-02,-1.577637727653859345e+00,-5.399714055697570902e-01,-1.763293458599582142e-01,-2.074913596531433146e+00,-2.083507186519669985e-01,-3.834591204859125191e-01,-6.023257072553094282e-01,-1.618059383726289102e+00,-2.497309943739839388e-02,-2.175613547521414448e-01,-2.088400784992916925e+00
1.300000000000000000e+02,1.000000000000000000e+00,1.268413458467756438e-01,4.293936983023107778e+00,4.900679367130928756e-03,2.078156117070628986e-02,-2.259508559906553415e-01,-2.056796225019485114e+00,3.186364333002224269e-02,-1.560696898208117078e-01,-3.186899153204294372e-02,-1.577637727653859345e+00,-5.399714055697570902e-01,-1.763293458599582142e-01,-2.074913596531433146e+00,-2.083507186519669985e-01,-3.834591204859125191e-01,-6.023257072553094282e-01,-1.618059383726289102e+00,-2.497309943739839388e-02,-2.175613547521414448e-01,-2.088400784992916925e+00
1.310000000000000000e+02,1.000000000000000000e+00,1.268413458467756438e-01,4.293936983023107778e+00,4.900679367130928756e-03,2.078156117070628986e-02,-2.259508559906553415e-01,-2.056796225019485114e+00,3.186364333002224269e-02,-1.560696898208117078e-01,-3.186899153204294372e-02,-1.577637727653859345e+00,-5.399714055697570902e-01,-1.763293458599582142e-01,-2.074913596531433146e+00,-2.083507186519669985e-01,-3.834591204859125191e-01,-6.023257072553094282e-01,-1.618059383726289102e+00,-2.497309943739839388e-02,-2.175613547521414448e-01,-2.088400784992916925e+00
1.320000000000000000e+02,1.000000000000000000e+00,1.268413458467756438e-01,4.293936983023107778e+00,4.900679367130928756e-03,2.078156117070628986e-02,-2.259508559906553415e-01,-2.056796225019485114e+00,3.186364333002224269e-02,-1.560696898208117078e-01,-3.186899153204294372e-02,-1.577637727653859345e+00,-5.399714055697570902e-01,-1.763293458599582142e-01,-2.074913596531433146e+00,-2.083507186519669985e-01,-3.834591204859125191e-01,-6.023257072553094282e-01,-1.618059383726289102e+00,-2.497309943739839388e-02,-2.175613547521414448e-01,-2.088400784992916925e+00
1.330000000000000000e+02,1.000000000000000000e+00,1.268413458467756438e-01,4.293936983023107778e+00,4.900679367130928756e-03,2.078156117070628986e-02,-2.259508559906553415e-01,-2.056796225019485114e+00,3.186364333002224269e-02,-1.560696898208117078e-01,-3.186899153204294372e-02,-1.577637727653859345e+00,-5.399714055697570902e-01,-1.763293458599582142e-01,-2.074913596531433146e+00,-2.083507186519669985e-01,-3.834591204859125191e-01,-6.023257072553094282e-01,-1.618059383726289102e+00,-2.497309943739839388e-02,-2.175613547521414448e-01,-2.088400784992916925e+00
1.340000000000000000e+02,1.000000000000000000e+00,1.076781227781217348e-01,4.293936983023107778e+00,4.900679367130928756e-03,2.078156117070628986e-02,-2.259508559906553415e-01,-2.056796225019485114e+00,3.186364333002224269e-02,-1.560696898208117078e-01,-3.186899153204294372e-02,-1.577637727653859345e+00,-5.399714055697570902e-01,-1.763293458599582142e-01,-2.074913596531433146e+00,-2.083507186519669985e-01,-3.834591204859125191e-01,-6.023257072553094282e-01,-1.618059383726289102e+00,-2.497309943739839388e-02,-2.175613547521414448e-01,-2.088400784992916925e+00
1.350000000000000000e+02,1.000000000000000000e+00,1.076781227781217348e-01,4.293936983023107778e+00,4.900679367130928756e-03,2.078156117070628986e-02,-2.259508559906553415e-01,-2.056796225019485114e+00,3.186364333002224269e-02,-1.560696898208117078e-01,-3.186899153204294372e-02,-1.577637727653859345e+00,-5.399714055697570902e-01,-1.763293458599582142e-01,-2.074913596531433146e+00,-2.083507186519669985e-01,-3.834591204859125191e-01,-6.023257072553094282e-01,-1.618059383726289102e+00,-2.497309943739839388e-02,-2.175613547521414448e-01,-2.088400784992916925e+00
1.360000000000000000e+02,1.000000000000000000e+00,1.076781227781217348e-01,4.293936983023107778e+00,4.900679367130928756e-03,2.078156117070628986e-02,-2.259508559906553415e-01,-2.056796225019485114e+00,3.186364333002224269e-02,-1.560696898208117078e-01,-3.186899153204294372e-02,-1.577637727653859345e+00,-5.399714055697570902e-01,-1.763293458599582142e-01,-2.074913596531433146e+00,-2.083507186519669985e-01,-3.834591204859125191e-01,-6.023257072553094282e-01,-1.618059383726289102e+00,-2.497309943739839388e-02,-2.175613547521414448e-01,-2.088400784992916925e+00
1.370000000000000000e+02,1.000000000000000000e+00,1.076781227781217348e-01,4.293936983023107778e+00,4.900679367130928756e-03,2.078156117070628986e-02,-2.259508559906553415e-01,-2.056796225019485114e+00,3.186364333002224269e-02,-1.560696898208117078e-01,-3.186899153204294372e-02,-1.577637727653859345e+00,-5.399714055697570902e-01,-1.763293458599582142e-01,-2.074913596531433146e+00,-2.083507186519669985e-01,-3.834591204859125191e-01,-6.023257072553094282e-01,-1.618059383726289102e+00,-2.497309943739839388e-02,-2.175613547521414448e-01,-2.088400784992916925e+00
1.380000000000000000e+02,1.000000000000000000e+00,1.076781227781217348e-01,4.293936983023107778e+00,4.900679367130928756e-03,2.078156117070628986e-02,-2.259508559906553415e-01,-2.056796225019485114e+00,3.186364333002224269e-02,-1.560696898208117078e-01,-3.186899153204294372e-02,-1.577637727653859345e+00,-5.399714055697570902e-01,-1.763293458599582142e-01,-2.074913596531433146e+00,-2.083507186519669985e-01,-3.834591204859125191e-01,-6.023257072553094282e-01,-1.618059383726289102e+00,-2.497309943739839388e-02,-2.175613547521414448e-01,-2.088400784992916925e+00
1.390000000000000000e+02,1.000000000000000000e+00,1.076781227781217348e-01,4.293936983023107778e+00,4.900679367130928756e-03,2.078156117070628986e-02,-2.259508559906553415e-01,-2.056796225019485114e+00,3.186364333002224269e-02,-1.560696898208117078e-01,-3.186899153204294372e-02,-1.577637727653859345e+00,-5.399714055697570902e-01,-1.763293458599582142e-01,-2.074913596531433146e+00,-2.083507186519669985e-01,-3.834591204859125191e-01,-6.023257072553094282e-01,-1.618059383726289102e+00,-2.497309943739839388e-02,-2.175613547521414448e-01,-2.088400784992916925e+00
1.400000000000000000e+02,1.000000000000000000e+00,1.076781227781217348e-01,4.293936983023107778e+00,4.900679367130928756e-03,2.078156117070628986e-02,-2.259508559906553415e-01,-2.056796225019485114e+00,3.186364333002224269e-02,-1.560696898208117078e-01,-3.186899153204294372e-02,-1.577637727653859345e+00,-5.399714055697570902e-01,-1.763293458599582142e-01,-2.074913596531433146e+00,-2.083507186519669985e-01,-3.834591204859125191e-01,-6.023257072553094282e-01,-1.618059383726289102e+00,-2.497309943739839388e-02,-2.175613547521414448e-01,-2.088400784992916925e+00
1.410000000000000000e+02,1.000000000000000000e+00,1.076781227781217348e-01,4.293936983023107778e+00,4.900679367130928756e-03,2.078156117070628986e-02,-2.259508559906553415e-01,-2.056796225019485114e+00,3.186364333002224269e-02,-1.560696898208117078e-01,-3.186899153204294372e-02,-1.577637727653859345e+00,-5.399714055697570902e-01,-1.763293458599582142e-01,-2.074913596531433146e+00,-2.083507186519669985e-01,-3.834591204859125191e-01,-6.023257072553094282e-01,-1.618059383726289102e+00,-2.497309943739839388e-02,-2.175613547521414448e-01,-2.088400784992916925e+00
1.420000000000000000e+02,1.000000000000000000e+00,1.076781227781217348e-01,4.293936983023107778e+00,4.900679367130928756e-03,2.078156117070628986e-02,-2.259508559906553415e-01,-2.056796225019485114e+00,3.186364333002224269e-02,-1.560696898208117078e-01,-3.186899153204294372e-02,-1.577637727653859345e+00,-5.399714055697570902e-01,-1.763293458599582142e-01,-2.074913596531433146e+00,-2.083507186519669985e-01,-3.834591204859125191e-01,-6.023257072553094282e-01,-1.618059383726289102e+00,-2.497309943739839388e-02,-2.175613547521414448e-01,-2.088400784992916925e+00
1.430000000000000000e+02,1.000000000000000000e+00,1.076781227781217348e-01,4.293936983023107778e+00,4.900679367130928756e-03,2.078156117070628986e-02,-2.259508559906553415e-01,-2.056796225019485114e+00,3.186364333002224269e-02,-1.560696898208117078e-01,-3.186899153204294372e-02,-1.577637727653859345e+00,-5.399714055697570902e-01,-1.763293458599582142e-01,-2.074913596531433146e+00,-2.083507186519669985e-01,-3.834591204859125191e-01,-6.023257072553094282e-01,-1.618059383726289102e+00,-2.497309943739839388e-02,-2.175613547521414448e-01,-2.088400784992916925e+00
1.440000000000000000e+02,1.000000000000000000e+00,1.076781227781217348e-01,4.293936983023107778e+00,4.900679367130928756e-03,2.078156117070628986e-02,-2.259508559906553415e-01,-2.056796225019485114e+00,3.186364333002224269e-02,-1.560696898208117078e-01,-3.186899153204294372e-02,-1.577637727653859345e+00,-5.399714055697570902e-01,-1.763293458599582142e-01,-2.074913596531433146e+00,-2.083507186519669985e-01,-3.834591204859125191e-01,-6.023257072553094282e-01,-1.618059383726289102e+00,-2.497309943739839388e-02,-2.175613547521414448e-01,-2.088400784992916925e+00
1.450000000000000000e+02,1.000000000000000000e+00,1.076781227781217348e-01,4.293936983023107778e+00,4.900679367130928756e-03,2.078156117070628986e-02,-2.259508559906553415e-01,-2.056796225019485114e+00,3.186364333002224269e-02,-1.560696898208117078e-01,-3.186899153204294372e-02,-1.577637727653859345e+00,-5.399714055697570902e-01,-1.763293458599582142e-01,-2.074913596531433146e+00,-2.083507186519669985e-01,-3.834591204859125191e-01,-6.023257072553094282e-01,-1.618059383726289102e+00,-2.497309943739839388e-02,-2.175613547521414448e-01,-2.088400784992916925e+00
1.460000000000000000e+02,1.000000000000000000e+00,1.076781227781217348e-01,4.293936983023107778e+00,4.900679367130928756e-03,2.078156117070628986e-02,-2.259508559906553415e-01,-2.056796225019485114e+00,3.186364333002224269e-02,-1.560696898208117078e-01,-3.186899153204294372e-02,-1.577637727653859345e+00,-5.399714055697570902e-01,-1.763293458599582142e-01,-2.074913596531433146e+00,-2.083507186519669985e-01,-3.834591204859125191e-01,-6.023257072553094282e-01,-1.618059383726289102e+00,-2.497309943739839388e-02,-2.175613547521414448e-01,-2.088400784992916925e+00
1.470000000000000000e+02,1.000000000000000000e+00,1.076781227781217348e-01,4.293936983023107778e+00,4.900679367130928756e-03,2.078156117070628986e-02,-2.259508559906553415e-01,-2.056796225019485114e+00,3.186364333002224269e-02,-1.560696898208117078e-01,-3.186899153204294372e-02,-1.577637727653859345e+00,-5.399714055697570902e-01,-1.763293458599582142e-01,-2.074913596531433146e+00,-2.083507186519669985e-01,-3.834591204859125191e-01,-6.023257072553094282e-01,-1.618059383726289102e+00,-2.497309943739839388e-02,-2.175613547521414448e-01,-2.088400784992916925e+00
1.480000000000000000e+02,1.000000000000000000e+00,1.076781227781217348e-01,4.293936983023107778e+00,4.900679367130928756e-03,2.078156117070628986e-02,-2.259508559906553415e-01,-2.056796225019485114e+00,3.186364333002224269e-02,-1.560696898208117078e-01,-3.186899153204294372e-02,-1.577637727653859345e+00,-5.399714055697570902e-01,-1.763293458599582142e-01,-2.074913596531433146e+00,-2.083507186519669985e-01,-3.834591204859125191e-01,-6.023257072553094282e-01,-1.618059383726289102e+00,-2.497309943739839388e-02,-2.175613547521414448e-01,-2.088400784992916925e+00
1.490000000000000000e+02,1.000000000000000000e+00,1.076781227781217348e-01,4.293936983023107778e+00,4.900679367130928756e-03,2.078156117070628986e-02,-2.259508559906553415e-01,-2.056796225019485114e+00,3.186364333002224269e-02,-1.560696898208117078e-01,-3.186899153204294372e-02,-1.577637727653859345e+00,-5.399714055697570902e-01,-1.763293458599582142e-01,-2.074913596531433146e+00,-2.083507186519669985e-01,-3.834591204859125191e-01,-6.023257072553094282e-01,-1.618059383726289102e+00,-2.497309943739839388e-02,-2.175613547521414448e-01,-2.088400784992916925e+00
1.500000000000000000e+02,1.000000000000000000e+00,1.076781227781217348e-01,4.293936983023107778e+00,4.900679367130928756e-03,2.078156117070628986e-02,-2.259508559906553415e-01,-2.056796225019485114e+00,3.186364333002224269e-02,-1.560696898208117078e-01,-3.186899153204294372e-02,-1.577637727653859345e+00,-5.399714055697570902e-01,-1.763293458599582142e-01,-2.074913596531433146e+00,-2.083507186519669985e-01,-3.834591204859125191e-01,-6.023257072553094282e-01,-1.618059383726289102e+00,-2.497309943739839388e-02,-2.175613547521414448e-01,-2.088400784992916925e+00
1.510000000000000000e+02,1.000000000000000000e+00,1.076781227781217348e-01,4.293936983023107778e+00,4.900679367130928756e-03,2.078156117070628986e-02,-2.259508559906553415e-01,-2.056796225019485114e+00,3.186364333002224269e-02,-1.560696898208117078e-01,-3.186899153204294372e-02,-1.577637727653859345e+00,-5.399714055697570902e-01,-1.763293458599582142e-01,-2.074913596531433146e+00,-2.083507186519669985e-01,-3.834591204859125191e-01,-6.023257072553094282e-01,-1.618059383726289102e+00,-2.497309943739839388e-02,-2.175613547521414448e-01,-2.088400784992916925e+00
1.520000000000000000e+02,1.000000000000000000e+00,1.076781227781217348e-01,4.293936983023107778e+00,4.900679367130928756e-03,2.078156117070628986e-02,-2.259508559906553415e-01,-2.056796225019485114e+00,3.186364333002224269e-02,-1.560696898208117078e-01,-3.186899153204294372e-02,-1.577637727653859345e+00,-5.399714055697570902e-01,-1.763293458599582142e-01,-2.074913596531433146e+00,-2.083507186519669985e-01,-3.834591204859125191e-01,-6.023257072553094282e-01,-1.618059383726289102e+00,-2.497309943739839388e-02,-2.175613547521414448e-01,-2.088400784992916925e+00
1.530000000000000000e+02,1.000000000000000000e+00,1.076781227781217348e-01,4.293936983023107778e+00,4.900679367130928756e-03,2.078156117070628986e-02,-2.259508559906553415e-01,-2.056796225019485114e+00,3.186364333002224269e-02,-1.560696898208117078e-01,-3.186899153204294372e-02,-1.577637727653859345e+00,-5.399714055697570902e-01,-1.763293458599582142e-01,-2.074913596531433146e+00,-2.083507186519669985e-01,-3.834591204859125191e-01,-6.023257072553094282e-01,-1.618059383726289102e+00,-2.497309943739839388e-02,-2.175613547521414448e-01,-2.088400784992916925e+00
1.540000000000000000e+02,1.000000000000000000e+00,1.076781227781217348e-01,4.293936983023107778e+00,4.900679367130928756e-03,2.078156117070628986e-02,-2.259508559906553415e-01,-2.056796225019485114e+00,3.186364333002224269e-02,-1.560696898208117078e-01,-3.186899153204294372e-02,-1.577637727653859345e+00,-5.399714055697570902e-01,-1.763293458599582142e-01,-2.074913596531433146e+00,-2.083507186519669985e-01,-3.834591204859125191e-01,-6.023257072553094282e-01,-1.618059383726289102e+00,-2.497309943739839388e-02,-2.175613547521414448e-01,-2.088400784992916925e+00
1.550000000000000000e+02,1.000000000000000000e+00,1.076781227781217348e-01,4.293936983023107778e+00,4.900679367130928756e-03,2.078156117070628986e-02,-2.259508559906553415e-01,-2.056796225019485114e+00,3.186364333002224269e-02,-1.560696898208117078e-01,-3.186899153204294372e-02,-1.577637727653859345e+00,-5.399714055697570902e-01,-1.763293458599582142e-01,-2.074913596531433146e+00,-2.083507186519669985e-01,-3.834591204859125191e-01,-6.023257072553094282e-01,-1.618059383726289102e+00,-2.497309943739839388e-02,-2.175613547521414448e-01,-2.088400784992916925e+00
1.560000000000000000e+02,1.000000000000000000e+00,1.076781227781217348e-01,4.293936983023107778e+00,4.900679367130928756e-03,2.078156117070628986e-02,-2.259508559906553415e-01,-2.056796225019485114e+00,3.186364333002224269e-02,-1.560696898208117078e-01,-3.186899153204294372e-02,-1.577637727653859345e+00,-5.399714055697570902e-01,-1.763293458599582142e-01,-2.074913596531433146e+00,-2.083507186519669985e-01,-3.834591204859125191e-01,-6.023257072553094282e-01,-1.618059383726289102e+00,-2.497309943739839388e-02,-2.175613547521414448e-01,-2.088400784992916925e+00
1.570000000000000000e+02,1.000000000000000000e+00,1.076781227781217348e-01,4.364963890655315204e+00,-2.301062453030262508e-02,2.052672307629394011e-02,-2.153497276189823006e-01,-2.053811297079219500e+00,2.933175381481759741e-02,-1.599016538959141809e-01,-3.983610275683976271e-02,-1.577636830712401572e+00,-5.367641090459830400e-01,-1.750723211292614379e-01,-2.075643176179398530e+00,-2.097327853829680511e-01,-3.786337680396491545e-01,-6.024092410157287913e-01,-1.620206200776279193e+00,-2.619085489124275620e-02,-2.171117390468376429e-01,-2.087238861527509481e+00
1.580000000000000000e+02,1.000000000000000000e+00,1.076781227781217348e-01,4.364963890655315204e+00,-2.301062453030262508e-02,2.052672307629394011e-02,-2.153497276189823006e-01,-2.053811297079219500e+00,2.933175381481759741e-02,-1.599016538959141809e-01,-3.983610275683976271e-02,-1.577636830712401572e+00,-5.367641090459830400e-01,-1.750723211292614379e-01,-2.075643176179398530e+00,-2.097327853829680511e-01,-3.786337680396491545e-01,-6.024092410157287913e-01,-1.620206200776279193e+00,-2.619085489124275620e-02,-2.171117390468376429e-01,-2.087238861527509481e+00
1.590000000000000000e+02,1.000000000000000000e+00,1.076781227781217348e-01,4.364963890655315204e+00,-2.301062453030262508e-02,2.052672307629394011e-02,-2.153497276189823006e-01,-2.053811297079219500e+00,2.933175381481759741e-02,-1.599016538959141809e-01,-3.983610275683976271e-02,-1.577636830712401572e+00,-5.367641090459830400e-01,-1.750723211292614379e-01,-2.075643176179398530e+00,-2.097327853829680511e-01,-3.786337680396491545e-01,-6.024092410157287913e-01,-1.620206200776279193e+00,-2.619085489124275620e-02,-2.171117390468376429e-01,-2.087238861527509481e+00
1.600000000000000000e+02,1.000000000000000000e+00,9.141908010071371493e-02,4.364963890655315204e+00,-2.301062453030262508e-02,2.052672307629394011e-02,-2.153497276189823006e-01,-2.053811297079219500e+00,2.933175381481759741e-02,-1.599016538959141809e-01,-3.983610275683976271e-02,-1.577636830712401572e+00,-5.367641090459830400e-01,-1.750723211292614379e-01,-2.075643176179398530e+00,-2.097327853829680511e-01,-3.786337680396491545e-01,-6.024092410157287913e-01,-1.620206200776279193e+00,-2.619085489124275620e-02,-2.171117390468376429e-01,-2.087238861527509481e+00
1.610000000000000000e+02,1.000000000000000000e+00,9.141908010071371493e-02,4.364963890655315204e+00,-2.301062453030262508e-02,2.052672307629394011e-02,-2.153497276189823006e-01,-2.053811297079219500e+00,2.933175381481759741e-02,-1.599016538959141809e-01,-3.983610275683976271e-02,-1.577636830712401572e+00,-5.367641090459830400e-01,-1.750723211292614379e-01,-2.075643176179398530e+00,-2.097327853829680511e-01,-3.786337680396491545e-01,-6.024092410157287913e-01,-1.620206200776279193e+00,-2.619085489124275620e-02,-2.171117390468376429e-01,-2.087238861527509481e+00
1.620000000000000000e+02,1.000000000000000000e+00,9.141908010071371493e-02,4.364963890655315204e+00,-2.301062453030262508e-02,2.052672307629394011e-02,-2.153497276189823006e-01,-2.053811297079219500e+00,2.933175381481759741e-02,-1.599016538959141809e-01,-3.983610275683976271e-02,-1.577636830712401572e+00,-5.367641090459830400e-01,-1.750723211292614379e-01,-2.075643176179398530e+00,-2.097327853829680511e-01,-3.786337680396491545e-01,-6.024092410157287913e-01,-1.620206200776279193e+00,-2.619085489124275620e-02,-2.171117390468376429e-01,-2.087238861527509481e+00
1.630000000000000000e+02,1.000000000000000000e+00,9.141908010071371493e-02,4.364963890655315204e+00,-2.301062453030262508e-02,2.052672307629394011e-02,-2.153497276189823006e-01,-2.053811297079219500e+00,2.933175381481759741e-02,-1.599016538959141809e-01,-3.983610275683976271e-02,-1.577636830712401572e+00,-5.367641090459830400e-01,-1.750723211292614379e-01,-2.075643176179398530e+00,-2.097327853829680511e-01,-3.786337680396491545e-01,-6.024092410157287913e-01,-1.620206200776279193e+00,-2.619085489124275620e-02,-2.171117390468376429e-01,-2.087238861527509481e+00
1.640000000000000000e+02,1.000000000000000000e+00,9.141908010071371493e-02,4.364963890655315204e+00,-2.301062453030262508e-02,2.052672307629394011e-02,-2.153497276189823006e-01,-2.053811297079219500e+00,2.933175381481759741e-02,-1.599016538959141809e-01,-3.983610275683976271e-02,-1.577636830712401572e+00,-5.367641090459830400e-01,-1.750723211292614379e-01,-2.075643176179398530e+00,-2.097327853829680511e-01,-3.786337680396491545e-01,-6.024092410157287913e-01,-1.620206200776279193e+00,-2.619085489124275620e-02,-2.171117390468376429e-01,-2.087238861527509481e+00
1.650000000000000000e+02,1.000000000000000000e+00,9.141908010071371493e-02,4.364963890655315204e+00,-2.301062453030262508e-02,2.052672307629394011e-02,-2.153497276189823006e-01,-2.053811297079219500e+00,2.933175381481759741e-02,-1.599016538959141809e-01,-3.983610275683976271e-02,-1.577636830712401572e+00,-5.367641090459830400e-01,-1.750723211292614379e-01,-2.075643176179398530e+00,-2.097327853829680511e-01,-3.786337680396491545e-01,-6.024092410157287913e-01,-1.620206200776279193e+00,-2.619085489124275620e-02,-2.171117390468376429e-01,-2.087238861527509481e+00
1.660000000000000000e+02,1.000000000000000000e+00,9.141908010071371493e-02,4.364963890655315204e+00,-2.301062453030262508e-02,2.052672307629394011e-02,-2.153497276189823006e-01,-2.053811297079219500e+00,2.933175381481759741e-02,-1.599016538959141809e-01,-3.983610275683976271e-02,-1.577636830712401572e+00,-5.367641090459830400e-01,-1.750723211292614379e-01,-2.075643176179398530e+00,-2.097327853829680511e-01,-3.786337680396491545e-01,-6.024092410157287913e-01,-1.620206200776279193e+00,-2.619085489124275620e-02,-2.171117390468376429e-01,-2.087238861527509481e+00
1.670000000000000000e+02,1.000000000000000000e+00,9.141908010071371493e-02,4.364963890655315204e+00,-2.301062453030262508e-02,2.052672307629394011e-02,-2.153497276189823006e-01,-2.053811297079219500e+00,2.933175381481759741e-02,-1.599016538959141809e-01,-3.983610275683976271e-02,-1.577636830712401572e+00,-5.367641090459830400e-01,-1.750723211292614379e-01,-2.075643176179398530e+00,-2.097327853829680511e-01,-3.786337680396491545e-01,-6.024092410157287913e-01,-1.620206200776279193e+00,-2.619085489124275620e-02,-2.171117390468376429e-01,-2.087238861527509481e+00
1.680000000000000000e+02,1.000000000000000000e+00,9.141908010071371493e-02,4.364963890655315204e+00,-2.301062453030262508e-02,2.052672307629394011e-02,-2.153497276189823006e-01,-2.053811297079219500e+00,2.933175381481759741e-02,-1.599016538959141809e-01,-3.983610275683976271e-02,-1.577636830712401572e+00,-5.367641090459830400e-01,-1.750723211292614379e-01,-2.075643176179398530e+00,-2.097327853829680511e-01,-3.786337680396491545e-01,-6.024092410157287913e-01,-1.620206200776279193e+00,-2.619085489124275620e-02,-2.171117390468376429e-01,-2.087238861527509481e+00
1.690000000000000000e+02,1.000000000000000000e+00,9.141908010071371493e-02,4.364963890655315204e+00,-2.301062453030262508e-02,2.052672307629394011e-02,-2.153497276189823006e-01,-2.053811297079219500e+00,2.933175381481759741e-02,-1.599016538959141809e-01,-3.983610275683976271e-02,-1.577636830712401572e+00,-5.367641090459830400e-01,-1.750723211292614379e-01,-2.075643176179398530e+00,-2.097327853829680511e-01,-3.786337680396491545e-01,-6.024092410157287913e-01,-1.620206200776279193e+00,-2.619085489124275620e-02,-2.171117390468376429e-01,-2.087238861527509481e+00
1.700000000000000000e+02,1.000000000000000000e+00,9.141908010071371493e-02,4.364963890655315204e+00,-2.301062453030262508e-02,2.052672307629394011e-02,-2.153497276189823006e-01,-2.053811297079219500e+00,2.933175381481759741e-02,-1.599016538959141809e-01,-3.983610275683976271e-02,-1.577636830712401572e+00,-5.367641090459830400e-01,-1.750723211292614379e-01,-2.075643176179398530e+00,-2.097327853829680511e-01,-3.786337680396491545e-01,-6.024092410157287913e-01,-1.620206200776279193e+00,-2.619085489124275620e-02,-2.171117390468376429e-01,-2.087238861527509481e+00
1.710000000000000000e+02,1.000000000000000000e+00,9.141908010071371493e-02,4.364963890655315204e+00,-2.301062453030262508e-02,2.052672307629394011e-02,-2.153497276189823006e-01,-2.053811297079219500e+00,2.933175381481759741e-02,-1.599016538959141809e-01,-3.983610275683976271e-02,-1.577636830712401572e+00,-5.367641090459830400e-01,-1.750723211292614379e-01,-2.075643176179398530e+00,-2.097327853829680511e-01,-3.786337680396491545e-01,-6.024092410157287913e-01,-1.620206200776279193e+00,-2.619085489124275620e-02,-2.171117390468376429e-01,-2.087238861527509481e+00
1.720000000000000000e+02,1.000000000000000000e+00,9.141908010071371493e-02,4.364963890655315204e+00,-2.301062453030262508e-02,2.052672307629394011e-02,-2.153497276189823006e-01,-2.053811297079219500e+00,2.933175381481759741e-02,-1.599016538959141809e-01,-3.983610275683976271e-02,-1.577636830712401572e+00,-5.367641090459830400e-01,-1.750723211292614379e-01,-2.075643176179398530e+00,-2.097327853829680511e-01,-3.786337680396491545e-01,-6.024092410157287913e-01,-1.620206200776279193e+00,-2.619085489124275620e-02,-2.171117390468376429e-01,-2.087238861527509481e+00
1.730000000000000000e+02,1.000000000000000000e+00,9.141908010071371493e-02,4.364963890655315204e+00,-2.301062453030262508e-02,2.052672307629394011e-02,-2.153497276189823006e-01,-2.053811297079219500e+00,2.933175381481759741e-02,-1.599016538959141809e-01,-3.983610275683976271e-02,-1.577636830712401572e+00,-5.367641090459830400e-01,-1.750723211292614379e-01,-2.075643176179398530e+00,-2.097327853829680511e-01,-3.786337680396491545e-01,-6.024092410157287913e-01,-1.620206200776279193e+00,-2.619085489124275620e-02,-2.171117390468376429e-01,-2.087238861527509481e+00
1.740000000000000000e+02,1.000000000000000000e+00,9.141908010071371493e-02,4.364963890655315204e+00,-2.301062453030262508e-02,2.052672307629394011e-02,-2.153497276189823006e-01,-2.053811297079219500e+00,2.933175381481759741e-02,-1.599016538959141809e-01,-3.983610275683976271e-02,-1.577636830712401572e+00,-5.367641090459830400e-01,-1.750723211292614379e-01,-2.075643176179398530e+00,-2.097327853829680511e-01,-3.786337680396491545e-01,-6.024092410157287913e-01,-1.620206200776279193e+00,-2.619085489124275620e-02,-2.171117390468376429e-01,-2.087238861527509481e+00
1.750000000000000000e+02,1.000000000000000000e+00,9.141908010071371493e-02,4.364963890655315204e+00,-2.301062453030262508e-02,2.052672307629394011e-02,-2.153497276189823006e-01,-2.053811297079219500e+00,2.933175381481759741e-02,-1.599016538959141809e-01,-3.983610275683976271e-02,-1.577636830712401572e+00,-5.367641090459830400e-01,-1.750723211292614379e-01,-2.075643176179398530e+00,-2.097327853829680511e-01,-3.786337680396491545e-01,-6.024092410157287913e-01,-1.620206200776279193e+00,-2.619085489124275620e-02,-2.171117390468376429e-01,-2.087238861527509481e+00
1.760000000000000000e+02,1.000000000000000000e+00,9.141908010071371493e-02,4.364963890655315204e+00,-2.301062453030262508e-02,2.052672307629394011e-02,-2.153497276189823006e-01,-2.053811297079219500e+00,2.933175381481759741e-02,-1.599016538959141809e-01,-3.983610275683976271e-02,-1.577636830712401572e+00,-5.367641090459830400e-01,-1.750723211292614379e-01,-2.075643176179398530e+00,-2.097327853829680511e-01,-3.786337680396491545e-01,-6.024092410157287913e-01,-1.620206200776279193e+00,-2.619085489124275620e-02,-2.171117390468376429e-01,-2.087238861527509481e+00
1.770000000000000000e+02,1.000000000000000000e+00,9.141908010071371493e-02,4.364963890655315204e+00,-2.301062453030262508e-02,2.052672307629394011e-02,-2.153497276189823006e-01,-2.053811297079219500e+00,2.933175381481759741e-02,-1.599016538959141809e-01,-3.983610275683976271e-02,-1.577636830712401572e+00,-5.367641090459830400e-01,-1.750723211292614379e-01,-2.075643176179398530e+00,-2.097327853829680511e-01,-3.786337680396491545e-01,-6.024092410157287913e-01,-1.620206200776279193e+00,-2.619085489124275620e-02,-2.171117390468376429e-01,-2.087238861527509481e+00
1.780000000000000000e+02,1.000000000000000000e+00,9.141908010071371493e-02,4.364963890655315204e+00,-2.301062453030262508e-02,2.052672307629394011e-02,-2.153497276189823006e-01,-2.053811297079219500e+00,2.933175381481759741e-02,-1.599016538959141809e-01,-3.983610275683976271e-02,-1.577636830712401572e+00,-5.367641090459830400e-01,-1.750723211292614379e-01,-2.075643176179398530e+00,-2.097327853829680511e-01,-3.786337680396491545e-01,-6.024092410157287913e-01,-1.620206200776279193e+00,-2.619085489124275620e-02,-2.171117390468376429e-01,-2.087238861527509481e+00
1.790000000000000000e+02,1.000000000000000000e+00,9.141908010071371493e-02,4.364963890655315204e+00,-2.301062453030262508e-02,2.052672307629394011e-02,-2.153497276189823006e-01,-2.053811297079219500e+00,2.933175381481759741e-02,-1.599016538959141809e-01,-3.983610275683976271e-02,-1.577636830712401572e+00,-5.367641090459830400e-01,-1.750723211292614379e-01,-2.075643176179398530e+00,-2.097327853829680511e-01,-3.786337680396491545e-01,-6.024092410157287913e-01,-1.620206200776279193e+00,-2.619085489124275620e-02,-2.171117390468376429e-01,-2.087238861527509481e+00
1.800000000000000000e+02,1.000000000000000000e+00,9.141908010071371493e-02,4.364963890655315204e+00,-2.301062453030262508e-02,2.052672307629394011e-02,-2.153497276189823006e-01,-2.053811297079219500e+00,2.933175381481759741e-02,-1.599016538959141809e-01,-3.983610275683976271e-02,-1.577636830712401572e+00,-5.367641090459830400e-01,-1.750723211292614379e-01,-2.075643176179398530e+00,-2.097327853829680511e-01,-3.786337680396491545e-01,-6.024092410157287913e-01,-1.620206200776279193e+00,-2.619085489124275620e-02,-2.171117390468376429e-01,-2.087238861527509481e+00
1.810000000000000000e+02,1.000000000000000000e+00,9.141908010071371493e-02,4.364963890655315204e+00,-2.301062453030262508e-02,2.052672307629394011e-02,-2.153497276189823006e-01,-2.053811297079219500e+00,2.933175381481759741e-02,-1.599016538959141809e-01,-3.983610275683976271e-02,-1.577636830712401572e+00,-5.367641090459830400e-01,-1.750723211292614379e-01,-2.075643176179398530e+00,-2.097327853829680511e-01,-3.786337680396491545e-01,-6.024092410157287913e-01,-1.620206200776279193e+00,-2.619085489124275620e-02,-2.171117390468376429e-01,-2.087238861527509481e+00
1.820000000000000000e+02,1.000000000000000000e+00,9.141908010071371493e-02,4.364963890655315204e+00,-2.301062453030262508e-02,2.052672307629394011e-02,-2.153497276189823006e-01,-2.053811297079219500e+00,2.933175381481759741e-02,-1.599016538959141809e-01,-3.983610275683976271e-02,-1.577636830712401572e+00,-5.367641090459830400e-01,-1.750723211292614379e-01,-2.075643176179398530e+00,-2.097327853829680511e-01,-3.786337680396491545e-01,-6.024092410157287913e-01,-1.620206200776279193e+00,-2.619085489124275620e-02,-2.171117390468376429e-01,-2.087238861527509481e+00
1.830000000000000000e+02,1.000000000000000000e+00,9.141908010071371493e-02,4.364963890655315204e+00,-2.301062453030262508e-02,2.052672307629394011e-02,-2.153497276189823006e-01,-2.053811297079219500e+00,2.933175381481759741e-02,-1.599016538959141809e-01,-3.983610275683976271e-02,-1.577636830712401572e+00,-5.367641090459830400e-01,-1.750723211292614379e-01,-2.075643176179398530e+00,-2.097327853829680511e-01,-3.786337680396491545e-01,-6.024092410157287913e-01,-1.620206200776279193e+00,-2.619085489124275620e-02,-2.171117390468376429e-01,-2.087238861527509481e+00
1.840000000000000000e+02,1.000000000000000000e+00,9.141908010071371493e-02,4.364963890655315204e+00,-2.301062453030262508e-02,2.052672307629394011e-02,-2.153497276189823006e-01,-2.053811297079219500e+00,2.933175381481759741e-02,-1.599016538959141809e-01,-3.983610275683976271e-02,-1.577636830712401572e+00,-5.367641090459830400e-01,-1.750723211292614379e-01,-2.075643176179398530e+00,-2.097327853829680511e-01,-3.786337680396491545e-01,-6.024092410157287913e-01,-1.620206200776279193e+00,-2.619085489124275620e-02,-2.171117390468376429e-01,-2.087238861527509481e+00
1.850000000000000000e+02,1.000000000000000000e+00,9.141908010071371493e-02,4.364963890655315204e+00,-2.301062453030262508e-02,2.052672307629394011e-02,-2.153497276189823006e-01,-2.053811297079219500e+00,2.933175381481759741e-02,-1.599016538959141809e-01,-3.983610275683976271e-02,-1.577636830712401572e+00,-5.367641090459830400e-01,-1.750723211292614379e-01,-2.075643176179398530e+00,-2.097327853829680511e-01,-3.786337680396491545e-01,-6.024092410157287913e-01,-1.620206200776279193e+00,-2.619085489124275620e-02,-2.171117390468376429e-01,-2.087238861527509481e+00
1.860000000000000000e+02,1.000000000000000000e+00,9.141908010071371493e-02,4.364963890655315204e+00,-2.301062453030262508e-02,2.052672307629394011e-02,-2.153497276189823006e-01,-2.053811297079219500e+00,2.933175381481759741e-02,-1.599016538959141809e-01,-3.983610275683976271e-02,-1.577636830712401572e+00,-5.367641090459830400e-01,-1.750723211292614379e-01,-2.075643176179398530e+00,-2.097327853829680511e-01,-3.786337680396491545e-01,-6.024092410157287913e-01,-1.620206200776279193e+00,-2.619085489124275620e-02,-2.171117390468376429e-01,-2.087238861527509481e+00
1.870000000000000000e+02,1.000000000000000000e+00,9.141908010071371493e-02,4.364963890655315204e+00,-2.301062453030262508e-02,2.052672307629394011e-02,-2.153497276189823006e-01,-2.053811297079219500e+00,2.933175381481759741e-02,-1.599016538959141809e-01,-3.983610275683976271e-02,-1.577636830712401572e+00,-5.367641090459830400e-01,-1.750723211292614379e-01,-2.075643176179398530e+00,-2.097327853829680511e-01,-3.786337680396491545e-01,-6.024092410157287913e-01,-1.620206200776279193e+00,-2.619085489124275620e-02,-2.171117390468376429e-01,-2.087238861527509481e+00
1.880000000000000000e+02,1.000000000000000000e+00,9.141908010071371493e-02,4.364963890655315204e+00,-2.301062453030262508e-02,2.052672307629394011e-02,-2.153497276189823006e-01,-2.053811297079219500e+00,2.933175381481759741e-02,-1.599016538959141809e-01,-3.983610275683976271e-02,-1.577636830712401572e+00,-5.367641090459830400e-01,-1.750723211292614379e-01,-2.075643176179398530e+00,-2.097327853829680511e-01,-3.786337680396491545e-01,-6.024092410157287913e-01,-1.620206200776279193e+00,-2.619085489124275620e-02,-2.171117390468376429e-01,-2.087238861527509481e+00
1.890000000000000000e+02,1.000000000000000000e+00,9.141908010071371493e-02,4.364963890655315204e+00,-2.301062453030262508e-02,2.052672307629394011e-02,-2.153497276189823006e-01,-2.053811297079219500e+00,2.933175381481759741e-02,-1.599016538959141809e-01,-3.983610275683976271e-02,-1.577636830712401572e+00,-5.367641090459830400e-01,-1.750723211292614379e-01,-2.075643176179398530e+00,-2.097327853829680511e-01,-3.786337680396491545e-01,-6.024092410157287913e-01,-1.620206200776279193e+00,-2.619085489124275620e-02,-2.171117390468376429e-01,-2.087238861527509481e+00
1.900000000000000000e+02,1.000000000000000000e+00,9.141908010071371493e-02,4.364963890655315204e+00,-2.301062453030262508e-02,2.052672307629394011e-02,-2.153497276189823006e-01,-2.053811297079219500e+00,2.933175381481759741e-02,-1.599016538959141809e-01,-3.983610275683976271e-02,-1.577636830712401572e+00,-5.367641090459830400e-01,-1.750723211292614379e-01,-2.075643176179398530e+00,-2.097327853829680511e-01,-3.786337680396491545e-01,-6.024092410157287913e-01,-1.620206200776279193e+00,-2.619085489124275620e-02,-2.171117390468376429e-01,-2.087238861527509481e+00
1.910000000000000000e+02,1.000000000000000000e+00,7.750282247529134694e-02,4.364963890655315204e+00,-2.301062453030262508e-02,2.052672307629394011e-02,-2.153497276189823006e-01,-2.053811297079219500e+00,2.933175381481759741e-02,-1.599016538959141809e-01,-3.983610275683976271e-02,-1.577636830712401572e+00,-5.367641090459830400e-01,-1.750723211292614379e-01,-2.075643176179398530e+00,-2.097327853829680511e-01,-3.786337680396491545e-01,-6.024092410157287913e-01,-1.620206200776279193e+00,-2.619085489124275620e-02,-2.171117390468376429e-01,-2.087238861527509481e+00
1.920000000000000000e+02,1.000000000000000000e+00,7.750282247529134694e-02,4.364963890655315204e+00,-2.301062453030262508e-02,2.052672307629394011e-02,-2.153497276189823006e-01,-2.053811297079219500e+00,2.933175381481759741e-02,-1.599016538959141809e-01,-3.983610275683976271e-02,-1.577636830712401572e+00,-5.367641090459830400e-01,-1.750723211292614379e-01,-2.075643176179398530e+00,-2.097327853829680511e-01,-3.786337680396491545e-01,-6.024092410157287913e-01,-1.620206200776279193e+00,-2.619085489124275620e-02,-2.171117390468376429e-01,-2.087238861527509481e+00
1.930000000000000000e+02,1.000000000000000000e+00,7.750282247529134694e-02,4.364963890655315204e+00,-2.301062453030262508e-02,2.052672307629394011e-02,-2.153497276189823006e-01,-2.053811297079219500e+00,2.933175381481759741e-02,-1.599016538959141809e-01,-3.983610275683976271e-02,-1.577636830712401572e+00,-5.367641090459830400e-01,-1.750723211292614379e-01,-2.075643176179398530e+00,-2.097327853829680511e-01,-3.786337680396491545e-01,-6.024092410157287913e-01,-1.620206200776279193e+00,-2.619085489124275620e-02,-2.171117390468376429e-01,-2.087238861527509481e+00
1.940000000000000000e+02,1.000000000000000000e+00,7.750282247529134694e-02,4.364963890655315204e+00,-2.301062453030262508e-02,2.052672307629394011e-02,-2.153497276189823006e-01,-2.053811297079219500e+00,2.933175381481759741e-02,-1.599016538959141809e-01,-3.983610275683976271e-02,-1.577636830712401572e+00,-5.367641090459830400e-01,-1.750723211292614379e-01,-2.075643176179398530e+00,-2.097327853829680511e-01,-3.786337680396491545e-01,-6.024092410157287913e-01,-1.620206200776279193e+00,-2.619085489124275620e-02,-2.171117390468376429e-01,-2.087238861527509481e+00
1.950000000000000000e+02,1.000000000000000000e+00,7.750282247529134694e-02,4.364963890655315204e+00,-2.301062453030262508e-02,2.052672307629394011e-02,-2.153497276189823006e-01,-2.053811297079219500e+00,2.933175381481759741e-02,-1.599016538959141809e-01,-3.983610275683976271e-02,-1.577636830712401572e+00,-5.367641090459830400e-01,-1.750723211292614379e-01,-2.075643176179398530e+00,-2.097327853829680511e-01,-3.786337680396491545e-01,-6.024092410157287913e-01,-1.620206200776279193e+00,-2.619085489124275620e-02,-2.171117390468376429e-01,-2.087238861527509481e+00
1.960000000000000000e+02,1.000000000000000000e+00,7.750282247529134694e-02,4.364963890655315204e+00,-2.301062453030262508e-02,2.052672307629394011e-02,-2.153497276189823006e-01,-2.053811297079219500e+00,2.933175381481759741e-02,-1.599016538959141809e-01,-3.983610275683976271e-02,-1.577636830712401572e+00,-5.367641090459830400e-01,-1.750723211292614379e-01,-2.075643176179398530e+00,-2.097327853829680511e-01,-3.786337680396491545e-01,-6.024092410157287913e-01,-1.620206200776279193e+00,-2.619085489124275620e-02,-2.171117390468376429e-01,-2.087238861527509481e+00
1.970000000000000000e+02,1.000000000000000000e+00,7.750282247529134694e-02,4.364963890655315204e+00,-2.301062453030262508e-02,2.052672307629394011e-02,-2.153497276189823006e-01,-2.053811297079219500e+00,2.933175381481759741e-02,-1.599016538959141809e-01,-3.983610275683976271e-02,-1.577636830712401572e+00,-5.367641090459830400e-01,-1.750723211292614379e-01,-2.075643176179398530e+00,-2.097327853829680511e-01,-3.786337680396491545e-01,-6.024092410157287913e-01,-1.620206200776279193e+00,-2.619085489124275620e-02,-2.171117390468376429e-01,-2.087238861527509481e+00
1.980000000000000000e+02,1.000000000000000000e+00,7.750282247529134694e-02,4.364963890655315204e+00,-2.301062453030262508e-02,2.052672307629394011e-02,-2.153497276189823006e-01,-2.053811297079219500e+00,2.933175381481759741e-02,-1.599016538959141809e-01,-3.983610275683976271e-02,-1.577636830712401572e+00,-5.367641090459830400e-01,-1.750723211292614379e-01,-2.075643176179398530e+00,-2.097327853829680511e-01,-3.786337680396491545e-01,-6.024092410157287913e-01,-1.620206200776279193e+00,-2.619085489124275620e-02,-2.171117390468376429e-01,-2.087238861527509481e+00
1.990000000000000000e+02,1.000000000000000000e+00,7.750282247529134694e-02,4.364963890655315204e+00,-2.301062453030262508e-02,2.052672307629394011e-02,-2.153497276189823006e-01,-2.053811297079219500e+00,2.933175381481759741e-02,-1.599016538959141809e-01,-3.983610275683976271e-02,-1.577636830712401572e+00,-5.367641090459830400e-01,-1.750723211292614379e-01,-2.075643176179398530e+00,-2.097327853829680511e-01,-3.786337680396491545e-01,-6.024092410157287913e-01,-1.620206200776279193e+00,-2.619085489124275620e-02,-2.171117390468376429e-01,-2.087238861527509481e+00
2.000000000000000000e+02,1.000000000000000000e+00,7.750282247529134694e-02,4.364963890655315204e+00,-2.301062453030262508e-02,2.052672307629394011e-02,-2.153497276189823006e-01,-2.053811297079219500e+00,2.933175381481759741e-02,-1.599016538959141809e-01,-3.983610275683976271e-02,-1.577636830712401572e+00,-5.367641090459830400e-01,-1.750723211292614379e-01,-2.075643176179398530e+00,-2.097327853829680511e-01,-3.786337680396491545e-01,-6.024092410157287913e-01,-1.620206200776279193e+00,-2.619085489124275620e-02,-2.171117390468376429e-01,-2.087238861527509481e+00
2.010000000000000000e+02,1.000000000000000000e+00,7.750282247529134694e-02,4.364963890655315204e+00,-2.301062453030262508e-02,2.052672307629394011e-02,-2.153497276189823006e-01,-2.053811297079219500e+00,2.933175381481759741e-02,-1.599016538959141809e-01,-3.983610275683976271e-02,-1.577636830712401572e+00,-5.367641090459830400e-01,-1.750723211292614379e-01,-2.075643176179398530e+00,-2.097327853829680511e-01,-3.786337680396491545e-01,-6.024092410157287913e-01,-1.620206200776279193e+00,-2.619085489124275620e-02,-2.171117390468376429e-01,-2.087238861527509481e+00
2.020000000000000000e+02,1.000000000000000000e+00,7.750282247529134694e-02,4.364963890655315204e+00,-2.301062453030262508e-02,2.052672307629394011e-02,-2.153497276189823006e-01,-2.053811297079219500e+00,2.933175381481759741e-02,-1.599016538959141809e-01,-3.983610275683976271e-02,-1.577636830712401572e+00,-5.367641090459830400e-01,-1.750723211292614379e-01,-2.075643176179398530e+00,-2.097327853829680511e-01,-3.786337680396491545e-01,-6.024092410157287913e-01,-1.620206200776279193e+00,-2.619085489124275620e-02,-2.171117390468376429e-01,-2.087238861527509481e+00
2.030000000000000000e+02,1.000000000000000000e+00,7.750282247529134694e-02,4.364963890655315204e+00,-2.301062453030262508e-02,2.052672307629394011e-02,-2.153497276189823006e-01,-2.053811297079219500e+00,2.933175381481759741e-02,-1.599016538959141809e-01,-3.983610275683976271e-02,-1.577636830712401572e+00,-5.367641090459830400e-01,-1.750723211292614379e-01,-2.075643176179398530e+00,-2.097327853829680511e-01,-3.786337680396491545e-01,-6.024092410157287913e-01,-1.620206200776279193e+00,-2.619085489124275620e-02,-2.171117390468376429e-01,-2.087238861527509481e+00
2.040000000000000000e+02,1.000000000000000000e+00,7.750282247529134694e-02,4.364963890655315204e+00,-2.301062453030262508e-02,2.052672307629394011e-02,-2.153497276189823006e-01,-2.053811297079219500e+00,2.933175381481759741e-02,-1.599016538959141809e-01,-3.983610275683976271e-02,-1.577636830712401572e+00,-5.367641090459830400e-01,-1.750723211292614379e-01,-2.075643176179398530e+00,-2.097327853829680511e-01,-3.786337680396491545e-01,-6.024092410157287913e-01,-1.620206200776279193e+00,-2.619085489124275620e-02,-2.171117390468376429e-01,-2.087238861527509481e+00
2.050000000000000000e+02,1.000000000000000000e+00,7.750282247529134694e-02,4.364963890655315204e+00,-2.301062453030262508e-02,2.052672307629394011e-02,-2.153497276189823006e-01,-2.053811297079219500e+00,2.933175381481759741e-02,-1.599016538959141809e-01,-3.983610275683976271e-02,-1.577636830712401572e+00,-5.367641090459830400e-01,-1.750723211292614379e-01,-2.075643176179398530e+00,-2.097327853829680511e-01,-3.786337680396491545e-01,-6.024092410157287913e-01,-1.620206200776279193e+00,-2.619085489124275620e-02,-2.171117390468376429e-01,-2.087238861527509481e+00
2.060000000000000000e+02,1.000000000000000000e+00,7.750282247529134694e-02,4.364963890655315204e+00,-2.301062453030262508e-02,2.052672307629394011e-02,-2.153497276189823006e-01,-2.053811297079219500e+00,2.933175381481759741e-02,-1.599016538959141809e-01,-3.983610275683976271e-02,-1.577636830712401572e+00,-5.367641090459830400e-01,-1.750723211292614379e-01,-2.075643176179398530e+00,-2.097327853829680511e-01,-3.786337680396491545e-01,-6.024092410157287913e-01,-1.620206200776279193e+00,-2.619085489124275620e-02,-2.171117390468376429e-01,-2.087238861527509481e+00
2.070000000000000000e+02,1.000000000000000000e+00,7.750282247529134694e-02,4.364963890655315204e+00,-2.301062453030262508e-02,2.052672307629394011e-02,-2.153497276189823006e-01,-2.053811297079219500e+00,2.933175381481759741e-02,-1.599016538959141809e-01,-3.983610275683976271e-02,-1.577636830712401572e+00,-5.367641090459830400e-01,-1.750723211292614379e-01,-2.075643176179398530e+00,-2.097327853829680511e-01,-3.786337680396491545e-01,-6.024092410157287913e-01,-1.620206200776279193e+00,-2.619085489124275620e-02,-2.171117390468376429e-01,-2.087238861527509481e+00
2.080000000000000000e+02,1.000000000000000000e+00,7.750282247529134694e-02,4.364963890655315204e+00,-2.301062453030262508e-02,2.052672307629394011e-02,-2.153497276189823006e-01,-2.053811297079219500e+00,2.933175381481759741e-02,-1.599016538959141809e-01,-3.983610275683976271e-02,-1.577636830712401572e+00,-5.367641090459830400e-01,-1.750723211292614379e-01,-2.075643176179398530e+00,-2.097327853829680511e-01,-3.786337680396491545e-01,-6.024092410157287913e-01,-1.620206200776279193e+00,-2.619085489124275620e-02,-2.171117390468376429e-01,-2.087238861527509481e+00
2.090000000000000000e+02,1.000000000000000000e+00,7.750282247529134694e-02,4.364963890655315204e+00,-2.301062453030262508e-02,2.052672307629394011e-02,-2.153497276189823006e-01,-2.053811297079219500e+00,2.933175381481759741e-02,-1.599016538959141809e-01,-3.983610275683976271e-02,-1.577636830712401572e+00,-5.367641090459830400e-01,-1.750723211292614379e-01,-2.075643176179398530e+00,-2.097327853829680511e-01,-3.786337680396491545e-01,-6.024092410157287913e-01,-1.620206200776279193e+00,-2.619085489124275620e-02,-2.171117390468376429e-01,-2.087238861527509481e+00
2.100000000000000000e+02,1.000000000000000000e+00,7.750282247529134694e-02,4.364963890655315204e+00,-2.301062453030262508e-02,2.052672307629394011e-02,-2.153497276189823006e-01,-2.053811297079219500e+00,2.933175381481759741e-02,-1.599016538959141809e-01,-3.983610275683976271e-02,-1.577636830712401572e+00,-5.367641090459830400e-01,-1.750723211292614379e-01,-2.075643176179398530e+00,-2.097327853829680511e-01,-3.786337680396491545e-01,-6.024092410157287913e-01,-1.620206200776279193e+00,-2.619085489124275620e-02,-2.171117390468376429e-01,-2.087238861527509481e+00
2.110000000000000000e+02,1.000000000000000000e+00,7.750282247529134694e-02,4.364963890655315204e+00,-2.301062453030262508e-02,2.052672307629394011e-02,-2.153497276189823006e-01,-2.053811297079219500e+00,2.933175381481759741e-02,-1.599016538959141809e-01,-3.983610275683976271e-02,-1.577636830712401572e+00,-5.367641090459830400e-01,-1.750723211292614379e-01,-2.075643176179398530e+00,-2.097327853829680511e-01,-3.786337680396491545e-01,-6.024092410157287913e-01,-1.620206200776279193e+00,-2.619085489124275620e-02,-2.171117390468376429e-01,-2.087238861527509481e+00
2.120000000000000000e+02,1.000000000000000000e+00,7.750282247529134694e-02,4.364963890655315204e+00,-2.301062453030262508e-02,2.052672307629394011e-02,-2.153497276189823006e-01,-2.053811297079219500e+00,2.933175381481759741e-02,-1.599016538959141809e-01,-3.983610275683976271e-02,-1.577636830712401572e+00,-5.367641090459830400e-01,-1.750723211292614379e-01,-2.075643176179398530e+00,-2.097327853829680511e-01,-3.786337680396491545e-01,-6.024092410157287913e-01,-1.620206200776279193e+00,-2.619085489124275620e-02,-2.171117390468376429e-01,-2.087238861527509481e+00
2.130000000000000000e+02,1.000000000000000000e+00,7.750282247529134694e-02,4.364963890655315204e+00,-2.301062453030262508e-02,2.052672307629394011e-02,-2.153497276189823006e-01,-2.053811297079219500e+00,2.933175381481759741e-02,-1.599016538959141809e-01,-3.983610275683976271e-02,-1.577636830712401572e+00,-5.367641090459830400e-01,-1.750723211292614379e-01,-2.075643176179398530e+00,-2.097327853829680511e-01,-3.786337680396491545e-01,-6.024092410157287913e-01,-1.620206200776279193e+00,-2.619085489124275620e-02,-2.171117390468376429e-01,-2.087238861527509481e+00
2.140000000000000000e+02,1.000000000000000000e+00,7.750282247529134694e-02,4.364963890655315204e+00,-2.301062453030262508e-02,2.052672307629394011e-02,-2.153497276189823006e-01,-2.053811297079219500e+00,2.933175381481759741e-02,-1.599016538959141809e-01,-3.983610275683976271e-02,-1.577636830712401572e+00,-5.367641090459830400e-01,-1.750723211292614379e-01,-2.075643176179398530e+00,-2.097327853829680511e-01,-3.786337680396491545e-01,-6.024092410157287913e-01,-1.620206200776279193e+00,-2.619085489124275620e-02,-2.171117390468376429e-01,-2.087238861527509481e+00
2.150000000000000000e+02,1.000000000000000000e+00,7.750282247529134694e-02,4.364963890655315204e+00,-2.301062453030262508e-02,2.052672307629394011e-02,-2.153497276189823006e-01,-2.053811297079219500e+00,2.933175381481759741e-02,-1.599016538959141809e-01,-3.983610275683976271e-02,-1.577636830712401572e+00,-5.367641090459830400e-01,-1.750723211292614379e-01,-2.075643176179398530e+00,-2.097327853829680511e-01,-3.786337680396491545e-01,-6.024092410157287913e-01,-1.620206200776279193e+00,-2.619085489124275620e-02,-2.171117390468376429e-01,-2.087238861527509481e+00
2.160000000000000000e+02,1.000000000000000000e+00,7.750282247529134694e-02,4.364963890655315204e+00,-2.301062453030262508e-02,2.052672307629394011e-02,-2.153497276189823006e-01,-2.053811297079219500e+00,2.933175381481759741e-02,-1.599016538959141809e-01,-3.983610275683976271e-02,-1.577636830712401572e+00,-5.367641090459830400e-01,-1.750723211292614379e-01,-2.075643176179398530e+00,-2.097327853829680511e-01,-3.786337680396491545e-01,-6.024092410157287913e-01,-1.620206200776279193e+00,-2.619085489124275620e-02,-2.171117390468376429e-01,-2.087238861527509481e+00
2.170000000000000000e+02,1.000000000000000000e+00,7.750282247529134694e-02,4.364963890655315204e+00,-2.301062453030262508e-02,2.052672307629394011e-02,-2.153497276189823006e-01,-2.053811297079219500e+00,2.933175381481759741e-02,-1.599016538959141809e-01,-3.983610275683976271e-02,-1.577636830712401572e+00,-5.367641090459830400e-01,-1.750723211292614379e-01,-2.075643176179398530e+00,-2.097327853829680511e-01,-3.786337680396491545e-01,-6.024092410157287913e-01,-1.620206200776279193e+00,-2.619085489124275620e-02,-2.171117390468376429e-01,-2.087238861527509481e+00
2.180000000000000000e+02,1.000000000000000000e+00,7.750282247529134694e-02,4.364963890655315204e+00,-2.301062453030262508e-02,2.052672307629394011e-02,-2.153497276189823006e-01,-2.053811297079219500e+00,2.933175381481759741e-02,-1.599016538959141809e-01,-3.983610275683976271e-02,-1.577636830712401572e+00,-5.367641090459830400e-01,-1.750723211292614379e-01,-2.075643176179398530e+00,-2.097327853829680511e-01,-3.786337680396491545e-01,-6.024092410157287913e-01,-1.620206200776279193e+00,-2.619085489124275620e-02,-2.171117390468376429e-01,-2.087238861527509481e+00
2.190000000000000000e+02,1.000000000000000000e+00,7.750282247529134694e-02,4.364963890655315204e+00,-2.301062453030262508e-02,2.052672307629394011e-02,-2.153497276189823006e-01,-2.053811297079219500e+00,2.933175381481759741e-02,-1.599016538959141809e-01,-3.983610275683976271e-02,-1.577636830712401572e+00,-5.367641090459830400e-01,-1.750723211292614379e-01,-2.075643176179398530e+00,-2.097327853829680511e-01,-3.786337680396491545e-01,-6.024092410157287913e-01,-1.620206200776279193e+00,-2.619085489124275620e-02,-2.171117390468376429e-01,-2.087238861527509481e+00
2.200000000000000000e+02,1.000000000000000000e+00,7.750282247529134694e-02,4.364963890655315204e+00,-2.301062453030262508e-02,2.052672307629394011e-02,-2.153497276189823006e-01,-2.053811297079219500e+00,2.933175381481759741e-02,-1.599016538959141809e-01,-3.983610275683976271e-02,-1.577636830712401572e+00,-5.367641090459830400e-01,-1.750723211292614379e-01,-2.075643176179398530e+00,-2.097327853829680511e-01,-3.786337680396491545e-01,-6.024092410157287913e-01,-1.620206200776279193e+00,-2.619085489124275620e-02,-2.171117390468376429e-01,-2.087238861527509481e+00
2.210000000000000000e+02,1.000000000000000000e+00,7.750282247529134694e-02,4.364963890655315204e+00,-2.301062453030262508e-02,2.052672307629394011e-02,-2.153497276189823006e-01,-2.053811297079219500e+00,2.933175381481759741e-02,-1.599016538959141809e-01,-3.983610275683976271e-02,-1.577636830712401572e+00,-5.367641090459830400e-01,-1.750723211292614379e-01,-2.075643176179398530e+00,-2.097327853829680511e-01,-3.786337680396491545e-01,-6.024092410157287913e-01,-1.620206200776279193e+00,-2.619085489124275620e-02,-2.171117390468376429e-01,-2.087238861527509481e+00
2.220000000000000000e+02,1.000000000000000000e+00,7.750282247529134694e-02,4.364963890655315204e+00,-2.301062453030262508e-02,2.052672307629394011e-02,-2.153497276189823006e-01,-2.053811297079219500e+00,2.933175381481759741e-02,-1.599016538959141809e-01,-3.983610275683976271e-02,-1.577636830712401572e+00,-5.367641090459830400e-01,-1.750723211292614379e-01,-2.075643176179398530e+00,-2.097327853829680511e-01,-3.786337680396491545e-01,-6.024092410157287913e-01,-1.620206200776279193e+00,-2.619085489124275620e-02,-2.171117390468376429e-01,-2.087238861527509481e+00
2.230000000000000000e+02,1.000000000000000000e+00,7.750282247529134694e-02,4.364963890655315204e+00,-2.301062453030262508e-02,2.052672307629394011e-02,-2.153497276189823006e-01,-2.053811297079219500e+00,2.933175381481759741e-02,-1.599016538959141809e-01,-3.983610275683976271e-02,-1.577636830712401572e+00,-5.367641090459830400e-01,-1.750723211292614379e-01,-2.075643176179398530e+00,-2.097327853829680511e-01,-3.786337680396491545e-01,-6.024092410157287913e-01,-1.620206200776279193e+00,-2.619085489124275620e-02,-2.171117390468376429e-01,-2.087238861527509481e+00
2.240000000000000000e+02,1.000000000000000000e+00,7.750282247529134694e-02,4.364963890655315204e+00,-2.301062453030262508e-02,2.052672307629394011e-02,-2.153497276189823006e-01,-2.053811297079219500e+00,2.933175381481759741e-02,-1.599016538959141809e-01,-3.983610275683976271e-02,-1.577636830712401572e+00,-5.367641090459830400e-01,-1.750723211292614379e-01,-2.075643176179398530e+00,-2.097327853829680511e-01,-3.786337680396491545e-01,-6.024092410157287913e-01,-1.620206200776279193e+00,-2.619085489124275620e-02,-2.171117390468376429e-01,-2.087238861527509481e+00
2.250000000000000000e+02,1.000000000000000000e+00,7.750282247529134694e-02,4.364963890655315204e+00,-2.301062453030262508e-02,2.052672307629394011e-02,-2.153497276189823006e-01,-2.053811297079219500e+00,2.933175381481759741e-02,-1.599016538959141809e-01,-3.983610275683976271e-02,-1.577636830712401572e+00,-5.367641090459830400e-01,-1.750723211292614379e-01,-2.075643176179398530e+00,-2.097327853829680511e-01,-3.786337680396491545e-01,-6.024092410157287913e-01,-1.620206200776279193e+00,-2.619085489124275620e-02,-2.171117390468376429e-01,-2.087238861527509481e+00
2.260000000000000000e+02,1.000000000000000000e+00,7.750282247529134694e-02,4.364963890655315204e+00,-2.301062453030262508e-02,2.052672307629394011e-02,-2.153497276189823006e-01,-2.053811297079219500e+00,2.933175381481759741e-02,-1.599016538959141809e-01,-3.983610275683976271e-02,-1.577636830712401572e+00,-5.367641090459830400e-01,-1.750723211292614379e-01,-2.075643176179398530e+00,-2.097327853829680511e-01,-3.786337680396491545e-01,-6.024092410157287913e-01,-1.620206200776279193e+00,-2.619085489124275620e-02,-2.171117390468376429e-01,-2.087238861527509481e+00
2.270000000000000000e+02,1.000000000000000000e+00,7.750282247529134694e-02,4.364963890655315204e+00,-2.301062453030262508e-02,2.052672307629394011e-02,-2.153497276189823006e-01,-2.053811297079219500e+00,2.933175381481759741e-02,-1.599016538959141809e-01,-3.983610275683976271e-02,-1.577636830712401572e+00,-5.367641090459830400e-01,-1.750723211292614379e-01,-2.075643176179398530e+00,-2.097327853829680511e-01,-3.786337680396491545e-01,-6.024092410157287913e-01,-1.620206200776279193e+00,-2.619085489124275620e-02,-2.171117390468376429e-01,-2.087238861527509481e+00
2.280000000000000000e+02,1.000000000000000000e+00,6.561608638814735162e-02,4.364963890655315204e+00,-2.301062453030262508e-02,2.052672307629394011e-02,-2.153497276189823006e-01,-2.053811297079219500e+00,2.933175381481759741e-02,-1.599016538959141809e-01,-3.983610275683976271e-02,-1.577636830712401572e+00,-5.367641090459830400e-01,-1.750723211292614379e-01,-2.075643176179398530e+00,-2.097327853829680511e-01,-3.786337680396491545e-01,-6.024092410157287913e-01,-1.620206200776279193e+00,-2.619085489124275620e-02,-2.171117390468376429e-01,-2.087238861527509481e+00
2.290000000000000000e+02,1.000000000000000000e+00,6.561608638814735162e-02,4.364963890655315204e+00,-2.301062453030262508e-02,2.052672307629394011e-02,-2.153497276189823006e-01,-2.053811297079219500e+00,2.933175381481759741e-02,-1.599016538959141809e-01,-3.983610275683976271e-02,-1.577636830712401572e+00,-5.367641090459830400e-01,-1.750723211292614379e-01,-2.075643176179398530e+00,-2.097327853829680511e-01,-3.786337680396491545e-01,-6.024092410157287913e-01,-1.620206200776279193e+00,-2.619085489124275620e-02,-2.171117390468376429e-01,-2.087238861527509481e+00
2.300000000000000000e+02,1.000000000000000000e+00,6.561608638814735162e-02,4.364963890655315204e+00,-2.301062453030262508e-02,2.052672307629394011e-02,-2.153497276189823006e-01,-2.053811297079219500e+00,2.933175381481759741e-02,-1.599016538959141809e-01,-3.983610275683976271e-02,-1.577636830712401572e+00,-5.367641090459830400e-01,-1.750723211292614379e-01,-2.075643176179398530e+00,-2.097327853829680511e-01,-3.786337680396491545e-01,-6.024092410157287913e-01,-1.620206200776279193e+00,-2.619085489124275620e-02,-2.171117390468376429e-01,-2.087238861527509481e+00
2.310000000000000000e+02,1.000000000000000000e+00,6.561608638814735162e-02,4.364963890655315204e+00,-2.301062453030262508e-02,2.052672307629394011e-02,-2.153497276189823006e-01,-2.053811297079219500e+00,2.933175381481759741e-02,-1.599016538959141809e-01,-3.983610275683976271e-02,-1.577636830712401572e+00,-5.367641090459830400e-01,-1.750723211292614379e-01,-2.075643176179398530e+00,-2.097327853829680511e-01,-3.786337680396491545e-01,-6.024092410157287913e-01,-1.620206200776279193e+00,-2.619085489124275620e-02,-2.171117390468376429e-01,-2.087238861527509481e+00
2.320000000000000000e+02,1.000000000000000000e+00,6.561608638814735162e-02,4.364963890655315204e+00,-2.301062453030262508e-02,2.052672307629394011e-02,-2.153497276189823006e-01,-2.053811297079219500e+00,2.933175381481759741e-02,-1.599016538959141809e-01,-3.983610275683976271e-02,-1.577636830712401572e+00,-5.367641090459830400e-01,-1.750723211292614379e-01,-2.075643176179398530e+00,-2.097327853829680511e-01,-3.786337680396491545e-01,-6.024092410157287913e-01,-1.620206200776279193e+00,-2.619085489124275620e-02,-2.171117390468376429e-01,-2.087238861527509481e+00
2.330000000000000000e+02,1.000000000000000000e+00,6.561608638814735162e-02,4.364963890655315204e+00,-2.301062453030262508e-02,2.052672307629394011e-02,-2.153497276189823006e-01,-2.053811297079219500e+00,2.933175381481759741e-02,-1.599016538959141809e-01,-3.983610275683976271e-02,-1.577636830712401572e+00,-5.367641090459830400e-01,-1.750723211292614379e-01,-2.075643176179398530e+00,-2.097327853829680511e-01,-3.786337680396491545e-01,-6.024092410157287913e-01,-1.620206200776279193e+00,-2.619085489124275620e-02,-2.171117390468376429e-01,-2.087238861527509481e+00
2.340000000000000000e+02,1.000000000000000000e+00,6.561608638814735162e-02,4.364963890655315204e+00,-2.301062453030262508e-02,2.052672307629394011e-02,-2.153497276189823006e-01,-2.053811297079219500e+00,2.933175381481759741e-02,-1.599016538959141809e-01,-3.983610275683976271e-02,-1.577636830712401572e+00,-5.367641090459830400e-01,-1.750723211292614379e-01,-2.075643176179398530e+00,-2.097327853829680511e-01,-3.786337680396491545e-01,-6.024092410157287913e-01,-1.620206200776279193e+00,-2.619085489124275620e-02,-2.171117390468376429e-01,-2.087238861527509481e+00
2.350000000000000000e+02,1.000000000000000000e+00,6.561608638814735162e-02,4.364963890655315204e+00,-2.301062453030262508e-02,2.052672307629394011e-02,-2.153497276189823006e-01,-2.053811297079219500e+00,2.933175381481759741e-02,-1.599016538959141809e-01,-3.983610275683976271e-02,-1.577636830712401572e+00,-5.367641090459830400e-01,-1.750723211292614379e-01,-2.075643176179398530e+00,-2.097327853829680511e-01,-3.786337680396491545e-01,-6.024092410157287913e-01,-1.620206200776279193e+00,-2.619085489124275620e-02,-2.171117390468376429e-01,-2.087238861527509481e+00
2.360000000000000000e+02,1.000000000000000000e+00,6.561608638814735162e-02,4.364963890655315204e+00,-2.301062453030262508e-02,2.052672307629394011e-02,-2.153497276189823006e-01,-2.053811297079219500e+00,2.933175381481759741e-02,-1.599016538959141809e-01,-3.983610275683976271e-02,-1.577636830712401572e+00,-5.367641090459830400e-01,-1.750723211292614379e-01,-2.075643176179398530e+00,-2.097327853829680511e-01,-3.786337680396491545e-01,-6.024092410157287913e-01,-1.620206200776279193e+00,-2.619085489124275620e-02,-2.171117390468376429e-01,-2.087238861527509481e+00
2.370000000000000000e+02,1.000000000000000000e+00,6.561608638814735162e-02,4.364963890655315204e+00,-2.301062453030262508e-02,2.052672307629394011e-02,-2.153497276189823006e-01,-2.053811297079219500e+00,2.933175381481759741e-02,-1.599016538959141809e-01,-3.983610275683976271e-02,-1.577636830712401572e+00,-5.367641090459830400e-01,-1.750723211292614379e-01,-2.075643176179398530e+00,-2.097327853829680511e-01,-3.786337680396491545e-01,-6.024092410157287913e-01,-1.620206200776279193e+00,-2.619085489124275620e-02,-2.171117390468376429e-01,-2.087238861527509481e+00
2.380000000000000000e+02,1.000000000000000000e+00,6.561608638814735162e-02,4.364963890655315204e+00,-2.301062453030262508e-02,2.052672307629394011e-02,-2.153497276189823006e-01,-2.053811297079219500e+00,2.933175381481759741e-02,-1.599016538959141809e-01,-3.983610275683976271e-02,-1.577636830712401572e+00,-5.367641090459830400e-01,-1.750723211292614379e-01,-2.075643176179398530e+00,-2.097327853829680511e-01,-3.786337680396491545e-01,-6.024092410157287913e-01,-1.620206200776279193e+00,-2.619085489124275620e-02,-2.171117390468376429e-01,-2.087238861527509481e+00
2.390000000000000000e+02,1.000000000000000000e+00,6.561608638814735162e-02,4.364963890655315204e+00,-2.301062453030262508e-02,2.052672307629394011e-02,-2.153497276189823006e-01,-2.053811297079219500e+00,2.933175381481759741e-02,-1.599016538959141809e-01,-3.983610275683976271e-02,-1.577636830712401572e+00,-5.367641090459830400e-01,-1.750723211292614379e-01,-2.075643176179398530e+00,-2.097327853829680511e-01,-3.786337680396491545e-01,-6.024092410157287913e-01,-1.620206200776279193e+00,-2.619085489124275620e-02,-2.171117390468376429e-01,-2.087238861527509481e+00
2.400000000000000000e+02,1.000000000000000000e+00,6.561608638814735162e-02,4.364963890655315204e+00,-2.301062453030262508e-02,2.052672307629394011e-02,-2.153497276189823006e-01,-2.053811297079219500e+00,2.933175381481759741e-02,-1.599016538959141809e-01,-3.983610275683976271e-02,-1.577636830712401572e+00,-5.367641090459830400e-01,-1.750723211292614379e-01,-2.075643176179398530e+00,-2.097327853829680511e-01,-3.786337680396491545e-01,-6.024092410157287913e-01,-1.620206200776279193e+00,-2.619085489124275620e-02,-2.171117390468376429e-01,-2.087238861527509481e+00
2.410000000000000000e+02,1.000000000000000000e+00,6.561608638814735162e-02,4.364963890655315204e+00,-2.301062453030262508e-02,2.052672307629394011e-02,-2.153497276189823006e-01,-2.053811297079219500e+00,2.933175381481759741e-02,-1.599016538959141809e-01,-3.983610275683976271e-02,-1.577636830712401572e+00,-5.367641090459830400e-01,-1.750723211292614379e-01,-2.075643176179398530e+00,-2.097327853829680511e-01,-3.786337680396491545e-01,-6.024092410157287913e-01,-1.620206200776279193e+00,-2.619085489124275620e-02,-2.171117390468376429e-01,-2.087238861527509481e+00
2.420000000000000000e+02,1.000000000000000000e+00,6.561608638814735162e-02,4.364963890655315204e+00,-2.301062453030262508e-02,2.052672307629394011e-02,-2.153497276189823006e-01,-2.053811297079219500e+00,2.933175381481759741e-02,-1.599016538959141809e-01,-3.983610275683976271e-02,-1.577636830712401572e+00,-5.367641090459830400e-01,-1.750723211292614379e-01,-2.075643176179398530e+00,-2.097327853829680511e-01,-3.786337680396491545e-01,-6.024092410157287913e-01,-1.620206200776279193e+00,-2.619085489124275620e-02,-2.171117390468376429e-01,-2.087238861527509481e+00
2.430000000000000000e+02,1.000000000000000000e+00,6.561608638814735162e-02,4.364963890655315204e+00,-2.301062453030262508e-02,2.052672307629394011e-02,-2.153497276189823006e-01,-2.053811297079219500e+00,2.933175381481759741e-02,-1.599016538959141809e-01,-3.983610275683976271e-02,-1.577636830712401572e+00,-5.367641090459830400e-01,-1.750723211292614379e-01,-2.075643176179398530e+00,-2.097327853829680511e-01,-3.786337680396491545e-01,-6.024092410157287913e-01,-1.620206200776279193e+00,-2.619085489124275620e-02,-2.171117390468376429e-01,-2.087238861527509481e+00
2.440000000000000000e+02,1.000000000000000000e+00,6.561608638814735162e-02,4.364963890655315204e+00,-2.301062453030262508e-02,2.052672307629394011e-02,-2.153497276189823006e-01,-2.053811297079219500e+00,2.933175381481759741e-02,-1.599016538959141809e-01,-3.983610275683976271e-02,-1.577636830712401572e+00,-5.367641090459830400e-01,-1.750723211292614379e-01,-2.075643176179398530e+00,-2.097327853829680511e-01,-3.786337680396491545e-01,-6.024092410157287913e-01,-1.620206200776279193e+00,-2.619085489124275620e-02,-2.171117390468376429e-01,-2.087238861527509481e+00
2.450000000000000000e+02,1.000000000000000000e+00,6.561608638814735162e-02,4.364963890655315204e+00,-2.301062453030262508e-02,2.052672307629394011e-02,-2.153497276189823006e-01,-2.053811297079219500e+00,2.933175381481759741e-02,-1.599016538959141809e-01,-3.983610275683976271e-02,-1.577636830712401572e+00,-5.367641090459830400e-01,-1.750723211292614379e-01,-2.075643176179398530e+00,-2.097327853829680511e-01,-3.786337680396491545e-01,-6.024092410157287913e-01,-1.620206200776279193e+00,-2.619085489124275620e-02,-2.171117390468376429e-01,-2.087238861527509481e+00
2.460000000000000000e+02,1.000000000000000000e+00,6.561608638814735162e-02,4.364963890655315204e+00,-2.301062453030262508e-02,2.052672307629394011e-02,-2.153497276189823006e-01,-2.053811297079219500e+00,2.933175381481759741e-02,-1.599016538959141809e-01,-3.983610275683976271e-02,-1.577636830712401572e+00,-5.367641090459830400e-01,-1.750723211292614379e-01,-2.075643176179398530e+00,-2.097327853829680511e-01,-3.786337680396491545e-01,-6.024092410157287913e-01,-1.620206200776279193e+00,-2.619085489124275620e-02,-2.171117390468376429e-01,-2.087238861527509481e+00
2.470000000000000000e+02,1.000000000000000000e+00,6.561608638814735162e-02,4.364963890655315204e+00,-2.301062453030262508e-02,2.052672307629394011e-02,-2.153497276189823006e-01,-2.053811297079219500e+00,2.933175381481759741e-02,-1.599016538959141809e-01,-3.983610275683976271e-02,-1.577636830712401572e+00,-5.367641090459830400e-01,-1.750723211292614379e-01,-2.075643176179398530e+00,-2.097327853829680511e-01,-3.786337680396491545e-01,-6.024092410157287913e-01,-1.620206200776279193e+00,-2.619085489124275620e-02,-2.171117390468376429e-01,-2.087238861527509481e+00
2.480000000000000000e+02,1.000000000000000000e+00,6.561608638814735162e-02,4.364963890655315204e+00,-2.301062453030262508e-02,2.052672307629394011e-02,-2.153497276189823006e-01,-2.053811297079219500e+00,2.933175381481759741e-02,-1.599016538959141809e-01,-3.983610275683976271e-02,-1.577636830712401572e+00,-5.367641090459830400e-01,-1.750723211292614379e-01,-2.075643176179398530e+00,-2.097327853829680511e-01,-3.786337680396491545e-01,-6.024092410157287913e-01,-1.620206200776279193e+00,-2.619085489124275620e-02,-2.171117390468376429e-01,-2.087238861527509481e+00
2.490000000000000000e+02,1.000000000000000000e+00,6.561608638814735162e-02,4.364963890655315204e+00,-2.301062453030262508e-02,2.052672307629394011e-02,-2.153497276189823006e-01,-2.053811297079219500e+00,2.933175381481759741e-02,-1.599016538959141809e-01,-3.983610275683976271e-02,-1.577636830712401572e+00,-5.367641090459830400e-01,-1.750723211292614379e-01,-2.075643176179398530e+00,-2.097327853829680511e-01,-3.786337680396491545e-01,-6.024092410157287913e-01,-1.620206200776279193e+00,-2.619085489124275620e-02,-2.171117390468376429e-01,-2.087238861527509481e+00
2.500000000000000000e+02,1.000000000000000000e+00,6.561608638814735162e-02,4.364963890655315204e+00,-2.301062453030262508e-02,2.052672307629394011e-02,-2.153497276189823006e-01,-2.053811297079219500e+00,2.933175381481759741e-02,-1.599016538959141809e-01,-3.983610275683976271e-02,-1.577636830712401572e+00,-5.367641090459830400e-01,-1.750723211292614379e-01,-2.075643176179398530e+00,-2.097327853829680511e-01,-3.786337680396491545e-01,-6.024092410157287913e-01,-1.620206200776279193e+00,-2.619085489124275620e-02,-2.171117390468376429e-01,-2.087238861527509481e+00
2.510000000000000000e+02,1.000000000000000000e+00,6.561608638814735162e-02,4.364963890655315204e+00,-2.301062453030262508e-02,2.052672307629394011e-02,-2.153497276189823006e-01,-2.053811297079219500e+00,2.933175381481759741e-02,-1.599016538959141809e-01,-3.983610275683976271e-02,-1.577636830712401572e+00,-5.367641090459830400e-01,-1.750723211292614379e-01,-2.075643176179398530e+00,-2.097327853829680511e-01,-3.786337680396491545e-01,-6.024092410157287913e-01,-1.620206200776279193e+00,-2.619085489124275620e-02,-2.171117390468376429e-01,-2.087238861527509481e+00
2.520000000000000000e+02,1.000000000000000000e+00,6.561608638814735162e-02,4.364963890655315204e+00,-2.301062453030262508e-02,2.052672307629394011e-02,-2.153497276189823006e-01,-2.053811297079219500e+00,2.933175381481759741e-02,-1.599016538959141809e-01,-3.983610275683976271e-02,-1.577636830712401572e+00,-5.367641090459830400e-01,-1.750723211292614379e-01,-2.075643176179398530e+00,-2.097327853829680511e-01,-3.786337680396491545e-01,-6.024092410157287913e-01,-1.620206200776279193e+00,-2.619085489124275620e-02,-2.171117390468376429e-01,-2.087238861527509481e+00
2.530000000000000000e+02,1.000000000000000000e+00,6.561608638814735162e-02,4.364963890655315204e+00,-2.301062453030262508e-02,2.052672307629394011e-02,-2.153497276189823006e-01,-2.053811297079219500e+00,2.933175381481759741e-02,-1.599016538959141809e-01,-3.983610275683976271e-02,-1.577636830712401572e+00,-5.367641090459830400e-01,-1.750723211292614379e-01,-2.075643176179398530e+00,-2.097327853829680511e-01,-3.786337680396491545e-01,-6.024092410157287913e-01,-1.620206200776279193e+00,-2.619085489124275620e-02,-2.171117390468376429e-01,-2.087238861527509481e+00
2.540000000000000000e+02,1.000000000000000000e+00,6.561608638814735162e-02,4.364963890655315204e+00,-2.301062453030262508e-02,2.052672307629394011e-02,-2.153497276189823006e-01,-2.053811297079219500e+00,2.933175381481759741e-02,-1.599016538959141809e-01,-3.983610275683976271e-02,-1.577636830712401572e+00,-5.367641090459830400e-01,-1.750723211292614379e-01,-2.075643176179398530e+00,-2.097327853829680511e-01,-3.786337680396491545e-01,-6.024092410157287913e-01,-1.620206200776279193e+00,-2.619085489124275620e-02,-2.171117390468376429e-01,-2.087238861527509481e+00
2.550000000000000000e+02,1.000000000000000000e+00,6.561608638814735162e-02,4.364963890655315204e+00,-2.301062453030262508e-02,2.052672307629394011e-02,-2.153497276189823006e-01,-2.053811297079219500e+00,2.933175381481759741e-02,-1.599016538959141809e-01,-3.983610275683976271e-02,-1.577636830712401572e+00,-5.367641090459830400e-01,-1.750723211292614379e-01,-2.075643176179398530e+00,-2.097327853829680511e-01,-3.786337680396491545e-01,-6.024092410157287913e-01,-1.620206200776279193e+00,-2.619085489124275620e-02,-2.171117390468376429e-01,-2.087238861527509481e+00
2.560000000000000000e+02,1.000000000000000000e+00,6.561608638814735162e-02,4.364963890655315204e+00,-2.301062453030262508e-02,2.052672307629394011e-02,-2.153497276189823006e-01,-2.053811297079219500e+00,2.933175381481759741e-02,-1.599016538959141809e-01,-3.983610275683976271e-02,-1.577636830712401572e+00,-5.367641090459830400e-01,-1.750723211292614379e-01,-2.075643176179398530e+00,-2.097327853829680511e-01,-3.786337680396491545e-01,-6.024092410157287913e-01,-1.620206200776279193e+00,-2.619085489124275620e-02,-2.171117390468376429e-01,-2.087238861527509481e+00
2.570000000000000000e+02,1.000000000000000000e+00,6.561608638814735162e-02,4.364963890655315204e+00,-2.301062453030262508e-02,2.052672307629394011e-02,-2.153497276189823006e-01,-2.053811297079219500e+00,2.933175381481759741e-02,-1.599016538959141809e-01,-3.983610275683976271e-02,-1.577636830712401572e+00,-5.367641090459830400e-01,-1.750723211292614379e-01,-2.075643176179398530e+00,-2.097327853829680511e-01,-3.786337680396491545e-01,-6.024092410157287913e-01,-1.620206200776279193e+00,-2.619085489124275620e-02,-2.171117390468376429e-01,-2.087238861527509481e+00
2.580000000000000000e+02,1.000000000000000000e+00,6.561608638814735162e-02,4.364963890655315204e+00,-2.301062453030262508e-02,2.052672307629394011e-02,-2.153497276189823006e-01,-2.053811297079219500e+00,2.933175381481759741e-02,-1.599016538959141809e-01,-3.983610275683976271e-02,-1.577636830712401572e+00,-5.367641090459830400e-01,-1.750723211292614379e-01,-2.075643176179398530e+00,-2.097327853829680511e-01,-3.786337680396491545e-01,-6.024092410157287913e-01,-1.620206200776279193e+00,-2.619085489124275620e-02,-2.171117390468376429e-01,-2.087238861527509481e+00
2.590000000000000000e+02,1.000000000000000000e+00,6.561608638814735162e-02,4.364963890655315204e+00,-2.301062453030262508e-02,2.052672307629394011e-02,-2.153497276189823006e-01,-2.053811297079219500e+00,2.933175381481759741e-02,-1.599016538959141809e-01,-3.983610275683976271e-02,-1.577636830712401572e+00,-5.367641090459830400e-01,-1.750723211292614379e-01,-2.075643176179398530e+00,-2.097327853829680511e-01,-3.786337680396491545e-01,-6.024092410157287913e-01,-1.620206200776279193e+00,-2.619085489124275620e-02,-2.171117390468376429e-01,-2.087238861527509481e+00
2.600000000000000000e+02,1.000000000000000000e+00,6.561608638814735162e-02,4.364963890655315204e+00,-2.301062453030262508e-02,2.052672307629394011e-02,-2.153497276189823006e-01,-2.053811297079219500e+00,2.933175381481759741e-02,-1.599016538959141809e-01,-3.983610275683976271e-02,-1.577636830712401572e+00,-5.367641090459830400e-01,-1.750723211292614379e-01,-2.075643176179398530e+00,-2.097327853829680511e-01,-3.786337680396491545e-01,-6.024092410157287913e-01,-1.620206200776279193e+00,-2.619085489124275620e-02,-2.171117390468376429e-01,-2.087238861527509481e+00
2.610000000000000000e+02,1.000000000000000000e+00,6.561608638814735162e-02,4.364963890655315204e+00,-2.301062453030262508e-02,2.052672307629394011e-02,-2.153497276189823006e-01,-2.053811297079219500e+00,2.933175381481759741e-02,-1.599016538959141809e-01,-3.983610275683976271e-02,-1.577636830712401572e+00,-5.367641090459830400e-01,-1.750723211292614379e-01,-2.075643176179398530e+00,-2.097327853829680511e-01,-3.786337680396491545e-01,-6.024092410157287913e-01,-1.620206200776279193e+00,-2.619085489124275620e-02,-2.171117390468376429e-01,-2.087238861527509481e+00
2.620000000000000000e+02,1.000000000000000000e+00,6.561608638814735162e-02,4.364963890655315204e+00,-2.301062453030262508e-02,2.052672307629394011e-02,-2.153497276189823006e-01,-2.053811297079219500e+00,2.933175381481759741e-02,-1.599016538959141809e-01,-3.983610275683976271e-02,-1.577636830712401572e+00,-5.367641090459830400e-01,-1.750723211292614379e-01,-2.075643176179398530e+00,-2.097327853829680511e-01,-3.786337680396491545e-01,-6.024092410157287913e-01,-1.620206200776279193e+00,-2.619085489124275620e-02,-2.171117390468376429e-01,-2.087238861527509481e+00
2.630000000000000000e+02,1.000000000000000000e+00,6.561608638814735162e-02,4.364963890655315204e+00,-2.301062453030262508e-02,2.052672307629394011e-02,-2.153497276189823006e-01,-2.053811297079219500e+00,2.933175381481759741e-02,-1.599016538959141809e-01,-3.983610275683976271e-02,-1.577636830712401572e+00,-5.367641090459830400e-01,-1.750723211292614379e-01,-2.075643176179398530e+00,-2.097327853829680511e-01,-3.786337680396491545e-01,-6.024092410157287913e-01,-1.620206200776279193e+00,-2.619085489124275620e-02,-2.171117390468376429e-01,-2.087238861527509481e+00
2.640000000000000000e+02,1.000000000000000000e+00,6.561608638814735162e-02,4.364963890655315204e+00,-2.301062453030262508e-02,2.052672307629394011e-02,-2.153497276189823006e-01,-2.053811297079219500e+00,2.933175381481759741e-02,-1.599016538959141809e-01,-3.983610275683976271e-02,-1.577636830712401572e+00,-5.367641090459830400e-01,-1.750723211292614379e-01,-2.075643176179398530e+00,-2.097327853829680511e-01,-3.786337680396491545e-01,-6.024092410157287913e-01,-1.620206200776279193e+00,-2.619085489124275620e-02,-2.171117390468376429e-01,-2.087238861527509481e+00
2.650000000000000000e+02,1.000000000000000000e+00,6.561608638814735162e-02,4.364963890655315204e+00,-2.301062453030262508e-02,2.052672307629394011e-02,-2.153497276189823006e-01,-2.053811297079219500e+00,2.933175381481759741e-02,-1.599016538959141809e-01,-3.983610275683976271e-02,-1.577636830712401572e+00,-5.367641090459830400e-01,-1.750723211292614379e-01,-2.075643176179398530e+00,-2.097327853829680511e-01,-3.786337680396491545e-01,-6.024092410157287913e-01,-1.620206200776279193e+00,-2.619085489124275620e-02,-2.171117390468376429e-01,-2.087238861527509481e+00
2.660000000000000000e+02,1.000000000000000000e+00,6.561608638814735162e-02,4.364963890655315204e+00,-2.301062453030262508e-02,2.052672307629394011e-02,-2.153497276189823006e-01,-2.053811297079219500e+00,2.933175381481759741e-02,-1.599016538959141809e-01,-3.983610275683976271e-02,-1.577636830712401572e+00,-5.367641090459830400e-01,-1.750723211292614379e-01,-2.075643176179398530e+00,-2.097327853829680511e-01,-3.786337680396491545e-01,-6.024092410157287913e-01,-1.620206200776279193e+00,-2.619085489124275620e-02,-2.171117390468376429e-01,-2.087238861527509481e+00
2.670000000000000000e+02,1.000000000000000000e+00,6.561608638814735162e-02,4.364963890655315204e+00,-2.301062453030262508e-02,2.052672307629394011e-02,-2.153497276189823006e-01,-2.053811297079219500e+00,2.933175381481759741e-02,-1.599016538959141809e-01,-3.983610275683976271e-02,-1.577636830712401572e+00,-5.367641090459830400e-01,-1.750723211292614379e-01,-2.075643176179398530e+00,-2.097327853829680511e-01,-3.786337680396491545e-01,-6.024092410157287913e-01,-1.620206200776279193e+00,-2.619085489124275620e-02,-2.171117390468376429e-01,-2.087238861527509481e+00
2.680000000000000000e+02,1.000000000000000000e+00,6.561608638814735162e-02,4.364963890655315204e+00,-2.301062453030262508e-02,2.052672307629394011e-02,-2.153497276189823006e-01,-2.053811297079219500e+00,2.933175381481759741e-02,-1.599016538959141809e-01,-3.983610275683976271e-02,-1.577636830712401572e+00,-5.367641090459830400e-01,-1.750723211292614379e-01,-2.075643176179398530e+00,-2.097327853829680511e-01,-3.786337680396491545e-01,-6.024092410157287913e-01,-1.620206200776279193e+00,-2.619085489124275620e-02,-2.171117390468376429e-01,-2.087238861527509481e+00
2.690000000000000000e+02,1.000000000000000000e+00,6.561608638814735162e-02,4.364963890655315204e+00,-2.301062453030262508e-02,2.052672307629394011e-02,-2.153497276189823006e-01,-2.053811297079219500e+00,2.933175381481759741e-02,-1.599016538959141809e-01,-3.983610275683976271e-02,-1.577636830712401572e+00,-5.367641090459830400e-01,-1.750723211292614379e-01,-2.075643176179398530e+00,-2.097327853829680511e-01,-3.786337680396491545e-01,-6.024092410157287913e-01,-1.620206200776279193e+00,-2.619085489124275620e-02,-2.171117390468376429e-01,-2.087238861527509481e+00
2.700000000000000000e+02,1.000000000000000000e+00,6.561608638814735162e-02,4.364963890655315204e+00,-2.301062453030262508e-02,2.052672307629394011e-02,-2.153497276189823006e-01,-2.053811297079219500e+00,2.933175381481759741e-02,-1.599016538959141809e-01,-3.983610275683976271e-02,-1.577636830712401572e+00,-5.367641090459830400e-01,-1.750723211292614379e-01,-2.075643176179398530e+00,-2.097327853829680511e-01,-3.786337680396491545e-01,-6.024092410157287913e-01,-1.620206200776279193e+00,-2.619085489124275620e-02,-2.171117390468376429e-01,-2.087238861527509481e+00
2.710000000000000000e+02,1.000000000000000000e+00,5.572096359405542126e-02,4.364963890655315204e+00,-2.301062453030262508e-02,2.052672307629394011e-02,-2.153497276189823006e-01,-2.053811297079219500e+00,2.933175381481759741e-02,-1.599016538959141809e-01,-3.983610275683976271e-02,-1.577636830712401572e+00,-5.367641090459830400e-01,-1.750723211292614379e-01,-2.075643176179398530e+00,-2.097327853829680511e-01,-3.786337680396491545e-01,-6.024092410157287913e-01,-1.620206200776279193e+00,-2.619085489124275620e-02,-2.171117390468376429e-01,-2.087238861527509481e+00
2.720000000000000000e+02,1.000000000000000000e+00,5.572096359405542126e-02,4.364963890655315204e+00,-2.301062453030262508e-02,2.052672307629394011e-02,-2.153497276189823006e-01,-2.053811297079219500e+00,2.933175381481759741e-02,-1.599016538959141809e-01,-3.983610275683976271e-02,-1.577636830712401572e+00,-5.367641090459830400e-01,-1.750723211292614379e-01,-2.075643176179398530e+00,-2.097327853829680511e-01,-3.786337680396491545e-01,-6.024092410157287913e-01,-1.620206200776279193e+00,-2.619085489124275620e-02,-2.171117390468376429e-01,-2.087238861527509481e+00
2.730000000000000000e+02,1.000000000000000000e+00,5.572096359405542126e-02,4.364963890655315204e+00,-2.301062453030262508e-02,2.052672307629394011e-02,-2.153497276189823006e-01,-2.053811297079219500e+00,2.933175381481759741e-02,-1.599016538959141809e-01,-3.983610275683976271e-02,-1.577636830712401572e+00,-5.367641090459830400e-01,-1.750723211292614379e-01,-2.075643176179398530e+00,-2.097327853829680511e-01,-3.786337680396491545e-01,-6.024092410157287913e-01,-1.620206200776279193e+00,-2.619085489124275620e-02,-2.171117390468376429e-01,-2.087238861527509481e+00
2.740000000000000000e+02,1.000000000000000000e+00,5.572096359405542126e-02,4.364963890655315204e+00,-2.301062453030262508e-02,2.052672307629394011e-02,-2.153497276189823006e-01,-2.053811297079219500e+00,2.933175381481759741e-02,-1.599016538959141809e-01,-3.983610275683976271e-02,-1.577636830712401572e+00,-5.367641090459830400e-01,-1.750723211292614379e-01,-2.075643176179398530e+00,-2.097327853829680511e-01,-3.786337680396491545e-01,-6.024092410157287913e-01,-1.620206200776279193e+00,-2.619085489124275620e-02,-2.171117390468376429e-01,-2.087238861527509481e+00
2.750000000000000000e+02,1.000000000000000000e+00,5.572096359405542126e-02,4.364963890655315204e+00,-2.301062453030262508e-02,2.052672307629394011e-02,-2.153497276189823006e-01,-2.053811297079219500e+00,2.933175381481759741e-02,-1.599016538959141809e-01,-3.983610275683976271e-02,-1.577636830712401572e+00,-5.367641090459830400e-01,-1.750723211292614379e-01,-2.075643176179398530e+00,-2.097327853829680511e-01,-3.786337680396491545e-01,-6.024092410157287913e-01,-1.620206200776279193e+00,-2.619085489124275620e-02,-2.171117390468376429e-01,-2.087238861527509481e+00
2.760000000000000000e+02,1.000000000000000000e+00,5.572096359405542126e-02,4.364963890655315204e+00,-2.301062453030262508e-02,2.052672307629394011e-02,-2.153497276189823006e-01,-2.053811297079219500e+00,2.933175381481759741e-02,-1.599016538959141809e-01,-3.983610275683976271e-02,-1.577636830712401572e+00,-5.367641090459830400e-01,-1.750723211292614379e-01,-2.075643176179398530e+00,-2.097327853829680511e-01,-3.786337680396491545e-01,-6.024092410157287913e-01,-1.620206200776279193e+00,-2.619085489124275620e-02,-2.171117390468376429e-01,-2.087238861527509481e+00
2.770000000000000000e+02,1.000000000000000000e+00,5.572096359405542126e-02,4.364963890655315204e+00,-2.301062453030262508e-02,2.052672307629394011e-02,-2.153497276189823006e-01,-2.053811297079219500e+00,2.933175381481759741e-02,-1.599016538959141809e-01,-3.983610275683976271e-02,-1.577636830712401572e+00,-5.367641090459830400e-01,-1.750723211292614379e-01,-2.075643176179398530e+00,-2.097327853829680511e-01,-3.786337680396491545e-01,-6.024092410157287913e-01,-1.620206200776279193e+00,-2.619085489124275620e-02,-2.171117390468376429e-01,-2.087238861527509481e+00
2.780000000000000000e+02,1.000000000000000000e+00,5.572096359405542126e-02,4.364963890655315204e+00,-2.301062453030262508e-02,2.052672307629394011e-02,-2.153497276189823006e-01,-2.053811297079219500e+00,2.933175381481759741e-02,-1.599016538959141809e-01,-3.983610275683976271e-02,-1.577636830712401572e+00,-5.367641090459830400e-01,-1.750723211292614379e-01,-2.075643176179398530e+00,-2.097327853829680511e-01,-3.786337680396491545e-01,-6.024092410157287913e-01,-1.620206200776279193e+00,-2.619085489124275620e-02,-2.171117390468376429e-01,-2.087238861527509481e+00
2.790000000000000000e+02,1.000000000000000000e+00,5.572096359405542126e-02,4.364963890655315204e+00,-2.301062453030262508e-02,2.052672307629394011e-02,-2.153497276189823006e-01,-2.053811297079219500e+00,2.933175381481759741e-02,-1.599016538959141809e-01,-3.983610275683976271e-02,-1.577636830712401572e+00,-5.367641090459830400e-01,-1.750723211292614379e-01,-2.075643176179398530e+00,-2.097327853829680511e-01,-3.786337680396491545e-01,-6.024092410157287913e-01,-1.620206200776279193e+00,-2.619085489124275620e-02,-2.171117390468376429e-01,-2.087238861527509481e+00
2.800000000000000000e+02,1.000000000000000000e+00,5.572096359405542126e-02,4.364963890655315204e+00,-2.301062453030262508e-02,2.052672307629394011e-02,-2.153497276189823006e-01,-2.053811297079219500e+00,2.933175381481759741e-02,-1.599016538959141809e-01,-3.983610275683976271e-02,-1.577636830712401572e+00,-5.367641090459830400e-01,-1.750723211292614379e-01,-2.075643176179398530e+00,-2.097327853829680511e-01,-3.786337680396491545e-01,-6.024092410157287913e-01,-1.620206200776279193e+00,-2.619085489124275620e-02,-2.171117390468376429e-01,-2.087238861527509481e+00
2.810000000000000000e+02,1.000000000000000000e+00,5.572096359405542126e-02,4.364963890655315204e+00,-2.301062453030262508e-02,2.052672307629394011e-02,-2.153497276189823006e-01,-2.053811297079219500e+00,2.933175381481759741e-02,-1.599016538959141809e-01,-3.983610275683976271e-02,-1.577636830712401572e+00,-5.367641090459830400e-01,-1.750723211292614379e-01,-2.075643176179398530e+00,-2.097327853829680511e-01,-3.786337680396491545e-01,-6.024092410157287913e-01,-1.620206200776279193e+00,-2.619085489124275620e-02,-2.171117390468376429e-01,-2.087238861527509481e+00
2.820000000000000000e+02,1.000000000000000000e+00,5.572096359405542126e-02,4.364963890655315204e+00,-2.301062453030262508e-02,2.052672307629394011e-02,-2.153497276189823006e-01,-2.053811297079219500e+00,2.933175381481759741e-02,-1.599016538959141809e-01,-3.983610275683976271e-02,-1.577636830712401572e+00,-5.367641090459830400e-01,-1.750723211292614379e-01,-2.075643176179398530e+00,-2.097327853829680511e-01,-3.786337680396491545e-01,-6.024092410157287913e-01,-1.620206200776279193e+00,-2.619085489124275620e-02,-2.171117390468376429e-01,-2.087238861527509481e+00
2.830000000000000000e+02,1.000000000000000000e+00,5.572096359405542126e-02,4.364963890655315204e+00,-2.301062453030262508e-02,2.052672307629394011e-02,-2.153497276189823006e-01,-2.053811297079219500e+00,2.933175381481759741e-02,-1.599016538959141809e-01,-3.983610275683976271e-02,-1.577636830712401572e+00,-5.367641090459830400e-01,-1.750723211292614379e-01,-2.075643176179398530e+00,-2.097327853829680511e-01,-3.786337680396491545e-01,-6.024092410157287913e-01,-1.620206200776279193e+00,-2.619085489124275620e-02,-2.171117390468376429e-01,-2.087238861527509481e+00
2.840000000000000000e+02,1.000000000000000000e+00,5.572096359405542126e-02,4.364963890655315204e+00,-2.301062453030262508e-02,2.052672307629394011e-02,-2.153497276189823006e-01,-2.053811297079219500e+00,2.933175381481759741e-02,-1.599016538959141809e-01,-3.983610275683976271e-02,-1.577636830712401572e+00,-5.367641090459830400e-01,-1.750723211292614379e-01,-2.075643176179398530e+00,-2.097327853829680511e-01,-3.786337680396491545e-01,-6.024092410157287913e-01,-1.620206200776279193e+00,-2.619085489124275620e-02,-2.171117390468376429e-01,-2.087238861527509481e+00
2.850000000000000000e+02,1.000000000000000000e+00,5.572096359405542126e-02,4.364963890655315204e+00,-2.301062453030262508e-02,2.052672307629394011e-02,-2.153497276189823006e-01,-2.053811297079219500e+00,2.933175381481759741e-02,-1.599016538959141809e-01,-3.983610275683976271e-02,-1.577636830712401572e+00,-5.367641090459830400e-01,-1.750723211292614379e-01,-2.075643176179398530e+00,-2.097327853829680511e-01,-3.786337680396491545e-01,-6.024092410157287913e-01,-1.620206200776279193e+00,-2.619085489124275620e-02,-2.171117390468376429e-01,-2.087238861527509481e+00
2.860000000000000000e+02,1.000000000000000000e+00,5.572096359405542126e-02,4.364963890655315204e+00,-2.301062453030262508e-02,2.052672307629394011e-02,-2.153497276189823006e-01,-2.053811297079219500e+00,2.933175381481759741e-02,-1.599016538959141809e-01,-3.983610275683976271e-02,-1.577636830712401572e+00,-5.367641090459830400e-01,-1.750723211292614379e-01,-2.075643176179398530e+00,-2.097327853829680511e-01,-3.786337680396491545e-01,-6.024092410157287913e-01,-1.620206200776279193e+00,-2.619085489124275620e-02,-2.171117390468376429e-01,-2.087238861527509481e+00
2.870000000000000000e+02,1.000000000000000000e+00,5.572096359405542126e-02,4.364963890655315204e+00,-2.301062453030262508e-02,2.052672307629394011e-02,-2.153497276189823006e-01,-2.053811297079219500e+00,2.933175381481759741e-02,-1.599016538959141809e-01,-3.983610275683976271e-02,-1.577636830712401572e+00,-5.367641090459830400e-01,-1.750723211292614379e-01,-2.075643176179398530e+00,-2.097327853829680511e-01,-3.786337680396491545e-01,-6.024092410157287913e-01,-1.620206200776279193e+00,-2.619085489124275620e-02,-2.171117390468376429e-01,-2.087238861527509481e+00
2.880000000000000000e+02,1.000000000000000000e+00,5.572096359405542126e-02,4.364963890655315204e+00,-2.301062453030262508e-02,2.052672307629394011e-02,-2.153497276189823006e-01,-2.053811297079219500e+00,2.933175381481759741e-02,-1.599016538959141809e-01,-3.983610275683976271e-02,-1.577636830712401572e+00,-5.367641090459830400e-01,-1.750723211292614379e-01,-2.075643176179398530e+00,-2.097327853829680511e-01,-3.786337680396491545e-01,-6.024092410157287913e-01,-1.620206200776279193e+00,-2.619085489124275620e-02,-2.171117390468376429e-01,-2.087238861527509481e+00
2.890000000000000000e+02,1.000000000000000000e+00,5.572096359405542126e-02,4.364963890655315204e+00,-2.301062453030262508e-02,2.052672307629394011e-02,-2.153497276189823006e-01,-2.053811297079219500e+00,2.933175381481759741e-02,-1.599016538959141809e-01,-3.983610275683976271e-02,-1.577636830712401572e+00,-5.367641090459830400e-01,-1.750723211292614379e-01,-2.075643176179398530e+00,-2.097327853829680511e-01,-3.786337680396491545e-01,-6.024092410157287913e-01,-1.620206200776279193e+00,-2.619085489124275620e-02,-2.171117390468376429e-01,-2.087238861527509481e+00
2.900000000000000000e+02,1.000000000000000000e+00,5.572096359405542126e-02,4.364963890655315204e+00,-2.301062453030262508e-02,2.052672307629394011e-02,-2.153497276189823006e-01,-2.053811297079219500e+00,2.933175381481759741e-02,-1.599016538959141809e-01,-3.983610275683976271e-02,-1.577636830712401572e+00,-5.367641090459830400e-01,-1.750723211292614379e-01,-2.075643176179398530e+00,-2.097327853829680511e-01,-3.786337680396491545e-01,-6.024092410157287913e-01,-1.620206200776279193e+00,-2.619085489124275620e-02,-2.171117390468376429e-01,-2.087238861527509481e+00
2.910000000000000000e+02,1.000000000000000000e+00,5.572096359405542126e-02,4.364963890655315204e+00,-2.301062453030262508e-02,2.052672307629394011e-02,-2.153497276189823006e-01,-2.053811297079219500e+00,2.933175381481759741e-02,-1.599016538959141809e-01,-3.983610275683976271e-02,-1.577636830712401572e+00,-5.367641090459830400e-01,-1.750723211292614379e-01,-2.075643176179398530e+00,-2.097327853829680511e-01,-3.786337680396491545e-01,-6.024092410157287913e-01,-1.620206200776279193e+00,-2.619085489124275620e-02,-2.171117390468376429e-01,-2.087238861527509481e+00
2.920000000000000000e+02,1.000000000000000000e+00,5.572096359405542126e-02,4.364963890655315204e+00,-2.301062453030262508e-02,2.052672307629394011e-02,-2.153497276189823006e-01,-2.053811297079219500e+00,2.933175381481759741e-02,-1.599016538959141809e-01,-3.983610275683976271e-02,-1.577636830712401572e+00,-5.367641090459830400e-01,-1.750723211292614379e-01,-2.075643176179398530e+00,-2.097327853829680511e-01,-3.786337680396491545e-01,-6.024092410157287913e-01,-1.620206200776279193e+00,-2.619085489124275620e-02,-2.171117390468376429e-01,-2.087238861527509481e+00
2.930000000000000000e+02,1.000000000000000000e+00,5.572096359405542126e-02,4.364963890655315204e+00,-2.301062453030262508e-02,2.052672307629394011e-02,-2.153497276189823006e-01,-2.053811297079219500e+00,2.933175381481759741e-02,-1.599016538959141809e-01,-3.983610275683976271e-02,-1.577636830712401572e+00,-5.367641090459830400e-01,-1.750723211292614379e-01,-2.075643176179398530e+00,-2.097327853829680511e-01,-3.786337680396491545e-01,-6.024092410157287913e-01,-1.620206200776279193e+00,-2.619085489124275620e-02,-2.171117390468376429e-01,-2.087238861527509481e+00
2.940000000000000000e+02,1.000000000000000000e+00,5.572096359405542126e-02,4.364963890655315204e+00,-2.301062453030262508e-02,2.052672307629394011e-02,-2.153497276189823006e-01,-2.053811297079219500e+00,2.933175381481759741e-02,-1.599016538959141809e-01,-3.983610275683976271e-02,-1.577636830712401572e+00,-5.367641090459830400e-01,-1.750723211292614379e-01,-2.075643176179398530e+00,-2.097327853829680511e-01,-3.786337680396491545e-01,-6.024092410157287913e-01,-1.620206200776279193e+00,-2.619085489124275620e-02,-2.171117390468376429e-01,-2.087238861527509481e+00
2.950000000000000000e+02,1.000000000000000000e+00,5.572096359405542126e-02,4.364963890655315204e+00,-2.301062453030262508e-02,2.052672307629394011e-02,-2.153497276189823006e-01,-2.053811297079219500e+00,2.933175381481759741e-02,-1.599016538959141809e-01,-3.983610275683976271e-02,-1.577636830712401572e+00,-5.367641090459830400e-01,-1.750723211292614379e-01,-2.075643176179398530e+00,-2.097327853829680511e-01,-3.786337680396491545e-01,-6.024092410157287913e-01,-1.620206200776279193e+00,-2.619085489124275620e-02,-2.171117390468376429e-01,-2.087238861527509481e+00
2.960000000000000000e+02,1.000000000000000000e+00,5.572096359405542126e-02,4.364963890655315204e+00,-2.301062453030262508e-02,2.052672307629394011e-02,-2.153497276189823006e-01,-2.053811297079219500e+00,2.933175381481759741e-02,-1.599016538959141809e-01,-3.983610275683976271e-02,-1.577636830712401572e+00,-5.367641090459830400e-01,-1.750723211292614379e-01,-2.075643176179398530e+00,-2.097327853829680511e-01,-3.786337680396491545e-01,-6.024092410157287913e-01,-1.620206200776279193e+00,-2.619085489124275620e-02,-2.171117390468376429e-01,-2.087238861527509481e+00
2.970000000000000000e+02,1.000000000000000000e+00,5.572096359405542126e-02,4.364963890655315204e+00,-2.301062453030262508e-02,2.052672307629394011e-02,-2.153497276189823006e-01,-2.053811297079219500e+00,2.933175381481759741e-02,-1.599016538959141809e-01,-3.983610275683976271e-02,-1.577636830712401572e+00,-5.367641090459830400e-01,-1.750723211292614379e-01,-2.075643176179398530e+00,-2.097327853829680511e-01,-3.786337680396491545e-01,-6.024092410157287913e-01,-1.620206200776279193e+00,-2.619085489124275620e-02,-2.171117390468376429e-01,-2.087238861527509481e+00
2.980000000000000000e+02,1.000000000000000000e+00,5.572096359405542126e-02,4.364963890655315204e+00,-2.301062453030262508e-02,2.052672307629394011e-02,-2.153497276189823006e-01,-2.053811297079219500e+00,2.933175381481759741e-02,-1.599016538959141809e-01,-3.983610275683976271e-02,-1.577636830712401572e+00,-5.367641090459830400e-01,-1.750723211292614379e-01,-2.075643176179398530e+00,-2.097327853829680511e-01,-3.786337680396491545e-01,-6.024092410157287913e-01,-1.620206200776279193e+00,-2.619085489124275620e-02,-2.171117390468376429e-01,-2.087238861527509481e+00
2.990000000000000000e+02,1.000000000000000000e+00,5.572096359405542126e-02,4.364963890655315204e+00,-2.301062453030262508e-02,2.052672307629394011e-02,-2.153497276189823006e-01,-2.053811297079219500e+00,2.933175381481759741e-02,-1.599016538959141809e-01,-3.983610275683976271e-02,-1.577636830712401572e+00,-5.367641090459830400e-01,-1.750723211292614379e-01,-2.075643176179398530e+00,-2.097327853829680511e-01,-3.786337680396491545e-01,-6.024092410157287913e-01,-1.620206200776279193e+00,-2.619085489124275620e-02,-2.171117390468376429e-01,-2.087238861527509481e+00
3.000000000000000000e+02,1.000000000000000000e+00,5.572096359405542126e-02,4.364963890655315204e+00,-2.301062453030262508e-02,2.052672307629394011e-02,-2.153497276189823006e-01,-2.053811297079219500e+00,2.933175381481759741e-02,-1.599016538959141809e-01,-3.983610275683976271e-02,-1.577636830712401572e+00,-5.367641090459830400e-01,-1.750723211292614379e-01,-2.075643176179398530e+00,-2.097327853829680511e-01,-3.786337680396491545e-01,-6.024092410157287913e-01,-1.620206200776279193e+00,-2.619085489124275620e-02,-2.171117390468376429e-01,-2.087238861527509481e+00
3.010000000000000000e+02,1.000000000000000000e+00,5.572096359405542126e-02,4.364963890655315204e+00,-2.301062453030262508e-02,2.052672307629394011e-02,-2.153497276189823006e-01,-2.053811297079219500e+00,2.933175381481759741e-02,-1.599016538959141809e-01,-3.983610275683976271e-02,-1.577636830712401572e+00,-5.367641090459830400e-01,-1.750723211292614379e-01,-2.075643176179398530e+00,-2.097327853829680511e-01,-3.786337680396491545e-01,-6.024092410157287913e-01,-1.620206200776279193e+00,-2.619085489124275620e-02,-2.171117390468376429e-01,-2.087238861527509481e+00
3.020000000000000000e+02,1.000000000000000000e+00,5.572096359405542126e-02,4.364963890655315204e+00,-2.301062453030262508e-02,2.052672307629394011e-02,-2.153497276189823006e-01,-2.053811297079219500e+00,2.933175381481759741e-02,-1.599016538959141809e-01,-3.983610275683976271e-02,-1.577636830712401572e+00,-5.367641090459830400e-01,-1.750723211292614379e-01,-2.075643176179398530e+00,-2.097327853829680511e-01,-3.786337680396491545e-01,-6.024092410157287913e-01,-1.620206200776279193e+00,-2.619085489124275620e-02,-2.171117390468376429e-01,-2.087238861527509481e+00
3.030000000000000000e+02,1.000000000000000000e+00,5.572096359405542126e-02,4.364963890655315204e+00,-2.301062453030262508e-02,2.052672307629394011e-02,-2.153497276189823006e-01,-2.053811297079219500e+00,2.933175381481759741e-02,-1.599016538959141809e-01,-3.983610275683976271e-02,-1.577636830712401572e+00,-5.367641090459830400e-01,-1.750723211292614379e-01,-2.075643176179398530e+00,-2.097327853829680511e-01,-3.786337680396491545e-01,-6.024092410157287913e-01,-1.620206200776279193e+00,-2.619085489124275620e-02,-2.171117390468376429e-01,-2.087238861527509481e+00
3.040000000000000000e+02,1.000000000000000000e+00,5.572096359405542126e-02,4.364963890655315204e+00,-2.301062453030262508e-02,2.052672307629394011e-02,-2.153497276189823006e-01,-2.053811297079219500e+00,2.933175381481759741e-02,-1.599016538959141809e-01,-3.983610275683976271e-02,-1.577636830712401572e+00,-5.367641090459830400e-01,-1.750723211292614379e-01,-2.075643176179398530e+00,-2.097327853829680511e-01,-3.786337680396491545e-01,-6.024092410157287913e-01,-1.620206200776279193e+00,-2.619085489124275620e-02,-2.171117390468376429e-01,-2.087238861527509481e+00
3.050000000000000000e+02,1.000000000000000000e+00,5.572096359405542126e-02,4.364963890655315204e+00,-2.301062453030262508e-02,2.052672307629394011e-02,-2.153497276189823006e-01,-2.053811297079219500e+00,2.933175381481759741e-02,-1.599016538959141809e-01,-3.983610275683976271e-02,-1.577636830712401572e+00,-5.367641090459830400e-01,-1.750723211292614379e-01,-2.075643176179398530e+00,-2.097327853829680511e-01,-3.786337680396491545e-01,-6.024092410157287913e-01,-1.620206200776279193e+00,-2.619085489124275620e-02,-2.171117390468376429e-01,-2.087238861527509481e+00
3.060000000000000000e+02,1.000000000000000000e+00,5.572096359405542126e-02,4.364963890655315204e+00,-2.301062453030262508e-02,2.052672307629394011e-02,-2.153497276189823006e-01,-2.053811297079219500e+00,2.933175381481759741e-02,-1.599016538959141809e-01,-3.983610275683976271e-02,-1.577636830712401572e+00,-5.367641090459830400e-01,-1.750723211292614379e-01,-2.075643176179398530e+00,-2.097327853829680511e-01,-3.786337680396491545e-01,-6.024092410157287913e-01,-1.620206200776279193e+00,-2.619085489124275620e-02,-2.171117390468376429e-01,-2.087238861527509481e+00
3.070000000000000000e+02,1.000000000000000000e+00,5.572096359405542126e-02,4.364963890655315204e+00,-2.301062453030262508e-02,2.052672307629394011e-02,-2.153497276189823006e-01,-2.053811297079219500e+00,2.933175381481759741e-02,-1.599016538959141809e-01,-3.983610275683976271e-02,-1.577636830712401572e+00,-5.367641090459830400e-01,-1.750723211292614379e-01,-2.075643176179398530e+00,-2.097327853829680511e-01,-3.786337680396491545e-01,-6.024092410157287913e-01,-1.620206200776279193e+00,-2.619085489124275620e-02,-2.171117390468376429e-01,-2.087238861527509481e+00
3.080000000000000000e+02,1.000000000000000000e+00,5.572096359405542126e-02,4.364963890655315204e+00,-2.301062453030262508e-02,2.052672307629394011e-02,-2.153497276189823006e-01,-2.053811297079219500e+00,2.933175381481759741e-02,-1.599016538959141809e-01,-3.983610275683976271e-02,-1.577636830712401572e+00,-5.367641090459830400e-01,-1.750723211292614379e-01,-2.075643176179398530e+00,-2.097327853829680511e-01,-3.786337680396491545e-01,-6.024092410157287913e-01,-1.620206200776279193e+00,-2.619085489124275620e-02,-2.171117390468376429e-01,-2.087238861527509481e+00
3.090000000000000000e+02,1.000000000000000000e+00,5.572096359405542126e-02,4.364963890655315204e+00,-2.301062453030262508e-02,2.052672307629394011e-02,-2.153497276189823006e-01,-2.053811297079219500e+00,2.933175381481759741e-02,-1.599016538959141809e-01,-3.983610275683976271e-02,-1.577636830712401572e+00,-5.367641090459830400e-01,-1.750723211292614379e-01,-2.075643176179398530e+00,-2.097327853829680511e-01,-3.786337680396491545e-01,-6.024092410157287913e-01,-1.620206200776279193e+00,-2.619085489124275620e-02,-2.171117390468376429e-01,-2.087238861527509481e+00
3.100000000000000000e+02,1.000000000000000000e+00,5.572096359405542126e-02,4.364963890655315204e+00,-2.301062453030262508e-02,2.052672307629394011e-02,-2.153497276189823006e-01,-2.053811297079219500e+00,2.933175381481759741e-02,-1.599016538959141809e-01,-3.983610275683976271e-02,-1.577636830712401572e+00,-5.367641090459830400e-01,-1.750723211292614379e-01,-2.075643176179398530e+00,-2.097327853829680511e-01,-3.786337680396491545e-01,-6.024092410157287913e-01,-1.620206200776279193e+00,-2.619085489124275620e-02,-2.171117390468376429e-01,-2.087238861527509481e+00
3.110000000000000000e+02,1.000000000000000000e+00,5.572096359405542126e-02,4.364963890655315204e+00,-2.301062453030262508e-02,2.052672307629394011e-02,-2.153497276189823006e-01,-2.053811297079219500e+00,2.933175381481759741e-02,-1.599016538959141809e-01,-3.983610275683976271e-02,-1.577636830712401572e+00,-5.367641090459830400e-01,-1.750723211292614379e-01,-2.075643176179398530e+00,-2.097327853829680511e-01,-3.786337680396491545e-01,-6.024092410157287913e-01,-1.620206200776279193e+00,-2.619085489124275620e-02,-2.171117390468376429e-01,-2.087238861527509481e+00
3.120000000000000000e+02,1.000000000000000000e+00,5.572096359405542126e-02,4.364963890655315204e+00,-2.301062453030262508e-02,2.052672307629394011e-02,-2.153497276189823006e-01,-2.053811297079219500e+00,2.933175381481759741e-02,-1.599016538959141809e-01,-3.983610275683976271e-02,-1.577636830712401572e+00,-5.367641090459830400e-01,-1.750723211292614379e-01,-2.075643176179398530e+00,-2.097327853829680511e-01,-3.786337680396491545e-01,-6.024092410157287913e-01,-1.620206200776279193e+00,-2.619085489124275620e-02,-2.171117390468376429e-01,-2.087238861527509481e+00
3.130000000000000000e+02,1.000000000000000000e+00,5.572096359405542126e-02,4.364963890655315204e+00,-2.301062453030262508e-02,2.052672307629394011e-02,-2.153497276189823006e-01,-2.053811297079219500e+00,2.933175381481759741e-02,-1.599016538959141809e-01,-3.983610275683976271e-02,-1.577636830712401572e+00,-5.367641090459830400e-01,-1.750723211292614379e-01,-2.075643176179398530e+00,-2.097327853829680511e-01,-3.786337680396491545e-01,-6.024092410157287913e-01,-1.620206200776279193e+00,-2.619085489124275620e-02,-2.171117390468376429e-01,-2.087238861527509481e+00
3.140000000000000000e+02,1.000000000000000000e+00,5.572096359405542126e-02,4.364963890655315204e+00,-2.301062453030262508e-02,2.052672307629394011e-02,-2.153497276189823006e-01,-2.053811297079219500e+00,2.933175381481759741e-02,-1.599016538959141809e-01,-3.983610275683976271e-02,-1.577636830712401572e+00,-5.367641090459830400e-01,-1.750723211292614379e-01,-2.075643176179398530e+00,-2.097327853829680511e-01,-3.786337680396491545e-01,-6.024092410157287913e-01,-1.620206200776279193e+00,-2.619085489124275620e-02,-2.171117390468376429e-01,-2.087238861527509481e+00
3.150000000000000000e+02,1.000000000000000000e+00,5.572096359405542126e-02,4.364963890655315204e+00,-2.301062453030262508e-02,2.052672307629394011e-02,-2.153497276189823006e-01,-2.053811297079219500e+00,2.933175381481759741e-02,-1.599016538959141809e-01,-3.983610275683976271e-02,-1.577636830712401572e+00,-5.367641090459830400e-01,-1.750723211292614379e-01,-2.075643176179398530e+00,-2.097327853829680511e-01,-3.786337680396491545e-01,-6.024092410157287913e-01,-1.620206200776279193e+00,-2.619085489124275620e-02,-2.171117390468376429e-01,-2.087238861527509481e+00
3.160000000000000000e+02,1.000000000000000000e+00,5.572096359405542126e-02,4.364963890655315204e+00,-2.301062453030262508e-02,2.052672307629394011e-02,-2.153497276189823006e-01,-2.053811297079219500e+00,2.933175381481759741e-02,-1.599016538959141809e-01,-3.983610275683976271e-02,-1.577636830712401572e+00,-5.367641090459830400e-01,-1.750723211292614379e-01,-2.075643176179398530e+00,-2.097327853829680511e-01,-3.786337680396491545e-01,-6.024092410157287913e-01,-1.620206200776279193e+00,-2.619085489124275620e-02,-2.171117390468376429e-01,-2.087238861527509481e+00
3.170000000000000000e+02,1.000000000000000000e+00,5.572096359405542126e-02,4.364963890655315204e+00,-2.301062453030262508e-02,2.052672307629394011e-02,-2.153497276189823006e-01,-2.053811297079219500e+00,2.933175381481759741e-02,-1.599016538959141809e-01,-3.983610275683976271e-02,-1.577636830712401572e+00,-5.367641090459830400e-01,-1.750723211292614379e-01,-2.075643176179398530e+00,-2.097327853829680511e-01,-3.786337680396491545e-01,-6.024092410157287913e-01,-1.620206200776279193e+00,-2.619085489124275620e-02,-2.171117390468376429e-01,-2.087238861527509481e+00
3.180000000000000000e+02,1.000000000000000000e+00,5.572096359405542126e-02,4.364963890655315204e+00,-2.301062453030262508e-02,2.052672307629394011e-02,-2.153497276189823006e-01,-2.053811297079219500e+00,2.933175381481759741e-02,-1.599016538959141809e-01,-3.983610275683976271e-02,-1.577636830712401572e+00,-5.367641090459830400e-01,-1.750723211292614379e-01,-2.075643176179398530e+00,-2.097327853829680511e-01,-3.786337680396491545e-01,-6.024092410157287913e-01,-1.620206200776279193e+00,-2.619085489124275620e-02,-2.171117390468376429e-01,-2.087238861527509481e+00
3.190000000000000000e+02,1.000000000000000000e+00,5.572096359405542126e-02,4.364963890655315204e+00,-2.301062453030262508e-02,2.052672307629394011e-02,-2.153497276189823006e-01,-2.053811297079219500e+00,2.933175381481759741e-02,-1.599016538959141809e-01,-3.983610275683976271e-02,-1.577636830712401572e+00,-5.367641090459830400e-01,-1.750723211292614379e-01,-2.075643176179398530e+00,-2.097327853829680511e-01,-3.786337680396491545e-01,-6.024092410157287913e-01,-1.620206200776279193e+00,-2.619085489124275620e-02,-2.171117390468376429e-01,-2.087238861527509481e+00
3.200000000000000000e+02,1.000000000000000000e+00,5.572096359405542126e-02,4.364963890655315204e+00,-2.301062453030262508e-02,2.052672307629394011e-02,-2.153497276189823006e-01,-2.053811297079219500e+00,2.933175381481759741e-02,-1.599016538959141809e-01,-3.983610275683976271e-02,-1.577636830712401572e+00,-5.367641090459830400e-01,-1.750723211292614379e-01,-2.075643176179398530e+00,-2.097327853829680511e-01,-3.786337680396491545e-01,-6.024092410157287913e-01,-1.620206200776279193e+00,-2.619085489124275620e-02,-2.171117390468376429e-01,-2.087238861527509481e+00
3.210000000000000000e+02,1.000000000000000000e+00,5.572096359405542126e-02,4.364963890655315204e+00,-2.301062453030262508e-02,2.052672307629394011e-02,-2.153497276189823006e-01,-2.053811297079219500e+00,2.933175381481759741e-02,-1.599016538959141809e-01,-3.983610275683976271e-02,-1.577636830712401572e+00,-5.367641090459830400e-01,-1.750723211292614379e-01,-2.075643176179398530e+00,-2.097327853829680511e-01,-3.786337680396491545e-01,-6.024092410157287913e-01,-1.620206200776279193e+00,-2.619085489124275620e-02,-2.171117390468376429e-01,-2.087238861527509481e+00
3.220000000000000000e+02,1.000000000000000000e+00,4.728643543159592039e-02,4.364963890655315204e+00,-2.301062453030262508e-02,2.052672307629394011e-02,-2.153497276189823006e-01,-2.053811297079219500e+00,2.933175381481759741e-02,-1.599016538959141809e-01,-3.983610275683976271e-02,-1.577636830712401572e+00,-5.367641090459830400e-01,-1.750723211292614379e-01,-2.075643176179398530e+00,-2.097327853829680511e-01,-3.786337680396491545e-01,-6.024092410157287913e-01,-1.620206200776279193e+00,-2.619085489124275620e-02,-2.171117390468376429e-01,-2.087238861527509481e+00
3.230000000000000000e+02,1.000000000000000000e+00,4.728643543159592039e-02,4.364963890655315204e+00,-2.301062453030262508e-02,2.052672307629394011e-02,-2.153497276189823006e-01,-2.053811297079219500e+00,2.933175381481759741e-02,-1.599016538959141809e-01,-3.983610275683976271e-02,-1.577636830712401572e+00,-5.367641090459830400e-01,-1.750723211292614379e-01,-2.075643176179398530e+00,-2.097327853829680511e-01,-3.786337680396491545e-01,-6.024092410157287913e-01,-1.620206200776279193e+00,-2.619085489124275620e-02,-2.171117390468376429e-01,-2.087238861527509481e+00
3.240000000000000000e+02,1.000000000000000000e+00,4.728643543159592039e-02,4.364963890655315204e+00,-2.301062453030262508e-02,2.052672307629394011e-02,-2.153497276189823006e-01,-2.053811297079219500e+00,2.933175381481759741e-02,-1.599016538959141809e-01,-3.983610275683976271e-02,-1.577636830712401572e+00,-5.367641090459830400e-01,-1.750723211292614379e-01,-2.075643176179398530e+00,-2.097327853829680511e-01,-3.786337680396491545e-01,-6.024092410157287913e-01,-1.620206200776279193e+00,-2.619085489124275620e-02,-2.171117390468376429e-01,-2.087238861527509481e+00
3.250000000000000000e+02,1.000000000000000000e+00,4.728643543159592039e-02,4.364963890655315204e+00,-2.301062453030262508e-02,2.052672307629394011e-02,-2.153497276189823006e-01,-2.053811297079219500e+00,2.933175381481759741e-02,-1.599016538959141809e-01,-3.983610275683976271e-02,-1.577636830712401572e+00,-5.367641090459830400e-01,-1.750723211292614379e-01,-2.075643176179398530e+00,-2.097327853829680511e-01,-3.786337680396491545e-01,-6.024092410157287913e-01,-1.620206200776279193e+00,-2.619085489124275620e-02,-2.171117390468376429e-01,-2.087238861527509481e+00
3.260000000000000000e+02,1.000000000000000000e+00,4.728643543159592039e-02,4.364963890655315204e+00,-2.301062453030262508e-02,2.052672307629394011e-02,-2.153497276189823006e-01,-2.053811297079219500e+00,2.933175381481759741e-02,-1.599016538959141809e-01,-3.983610275683976271e-02,-1.577636830712401572e+00,-5.367641090459830400e-01,-1.750723211292614379e-01,-2.075643176179398530e+00,-2.097327853829680511e-01,-3.786337680396491545e-01,-6.024092410157287913e-01,-1.620206200776279193e+00,-2.619085489124275620e-02,-2.171117390468376429e-01,-2.087238861527509481e+00
3.270000000000000000e+02,1.000000000000000000e+00,4.728643543159592039e-02,4.364963890655315204e+00,-2.301062453030262508e-02,2.052672307629394011e-02,-2.153497276189823006e-01,-2.053811297079219500e+00,2.933175381481759741e-02,-1.599016538959141809e-01,-3.983610275683976271e-02,-1.577636830712401572e+00,-5.367641090459830400e-01,-1.750723211292614379e-01,-2.075643176179398530e+00,-2.097327853829680511e-01,-3.786337680396491545e-01,-6.024092410157287913e-01,-1.620206200776279193e+00,-2.619085489124275620e-02,-2.171117390468376429e-01,-2.087238861527509481e+00
3.280000000000000000e+02,1.000000000000000000e+00,4.728643543159592039e-02,4.364963890655315204e+00,-2.301062453030262508e-02,2.052672307629394011e-02,-2.153497276189823006e-01,-2.053811297079219500e+00,2.933175381481759741e-02,-1.599016538959141809e-01,-3.983610275683976271e-02,-1.577636830712401572e+00,-5.367641090459830400e-01,-1.750723211292614379e-01,-2.075643176179398530e+00,-2.097327853829680511e-01,-3.786337680396491545e-01,-6.024092410157287913e-01,-1.620206200776279193e+00,-2.619085489124275620e-02,-2.171117390468376429e-01,-2.087238861527509481e+00
3.290000000000000000e+02,1.000000000000000000e+00,4.728643543159592039e-02,4.364963890655315204e+00,-2.301062453030262508e-02,2.052672307629394011e-02,-2.153497276189823006e-01,-2.053811297079219500e+00,2.933175381481759741e-02,-1.599016538959141809e-01,-3.983610275683976271e-02,-1.577636830712401572e+00,-5.367641090459830400e-01,-1.750723211292614379e-01,-2.075643176179398530e+00,-2.097327853829680511e-01,-3.786337680396491545e-01,-6.024092410157287913e-01,-1.620206200776279193e+00,-2.619085489124275620e-02,-2.171117390468376429e-01,-2.087238861527509481e+00
3.300000000000000000e+02,1.000000000000000000e+00,4.728643543159592039e-02,4.364963890655315204e+00,-2.301062453030262508e-02,2.052672307629394011e-02,-2.153497276189823006e-01,-2.053811297079219500e+00,2.933175381481759741e-02,-1.599016538959141809e-01,-3.983610275683976271e-02,-1.577636830712401572e+00,-5.367641090459830400e-01,-1.750723211292614379e-01,-2.075643176179398530e+00,-2.097327853829680511e-01,-3.786337680396491545e-01,-6.024092410157287913e-01,-1.620206200776279193e+00,-2.619085489124275620e-02,-2.171117390468376429e-01,-2.087238861527509481e+00
3.310000000000000000e+02,1.000000000000000000e+00,4.728643543159592039e-02,4.364963890655315204e+00,-2.301062453030262508e-02,2.052672307629394011e-02,-2.153497276189823006e-01,-2.053811297079219500e+00,2.933175381481759741e-02,-1.599016538959141809e-01,-3.983610275683976271e-02,-1.577636830712401572e+00,-5.367641090459830400e-01,-1.750723211292614379e-01,-2.075643176179398530e+00,-2.097327853829680511e-01,-3.786337680396491545e-01,-6.024092410157287913e-01,-1.620206200776279193e+00,-2.619085489124275620e-02,-2.171117390468376429e-01,-2.087238861527509481e+00
3.320000000000000000e+02,1.000000000000000000e+00,4.728643543159592039e-02,4.364963890655315204e+00,-2.301062453030262508e-02,2.052672307629394011e-02,-2.153497276189823006e-01,-2.053811297079219500e+00,2.933175381481759741e-02,-1.599016538959141809e-01,-3.983610275683976271e-02,-1.577636830712401572e+00,-5.367641090459830400e-01,-1.750723211292614379e-01,-2.075643176179398530e+00,-2.097327853829680511e-01,-3.786337680396491545e-01,-6.024092410157287913e-01,-1.620206200776279193e+00,-2.619085489124275620e-02,-2.171117390468376429e-01,-2.087238861527509481e+00
3.330000000000000000e+02,1.000000000000000000e+00,4.728643543159592039e-02,4.364963890655315204e+00,-2.301062453030262508e-02,2.052672307629394011e-02,-2.153497276189823006e-01,-2.053811297079219500e+00,2.933175381481759741e-02,-1.599016538959141809e-01,-3.983610275683976271e-02,-1.577636830712401572e+00,-5.367641090459830400e-01,-1.750723211292614379e-01,-2.075643176179398530e+00,-2.097327853829680511e-01,-3.786337680396491545e-01,-6.024092410157287913e-01,-1.620206200776279193e+00,-2.619085489124275620e-02,-2.171117390468376429e-01,-2.087238861527509481e+00
3.340000000000000000e+02,1.000000000000000000e+00,4.728643543159592039e-02,4.364963890655315204e+00,-2.301062453030262508e-02,2.052672307629394011e-02,-2.153497276189823006e-01,-2.053811297079219500e+00,2.933175381481759741e-02,-1.599016538959141809e-01,-3.983610275683976271e-02,-1.577636830712401572e+00,-5.367641090459830400e-01,-1.750723211292614379e-01,-2.075643176179398530e+00,-2.097327853829680511e-01,-3.786337680396491545e-01,-6.024092410157287913e-01,-1.620206200776279193e+00,-2.619085489124275620e-02,-2.171117390468376429e-01,-2.087238861527509481e+00
3.350000000000000000e+02,1.000000000000000000e+00,4.728643543159592039e-02,4.364963890655315204e+00,-2.301062453030262508e-02,2.052672307629394011e-02,-2.153497276189823006e-01,-2.053811297079219500e+00,2.933175381481759741e-02,-1.599016538959141809e-01,-3.983610275683976271e-02,-1.577636830712401572e+00,-5.367641090459830400e-01,-1.750723211292614379e-01,-2.075643176179398530e+00,-2.097327853829680511e-01,-3.786337680396491545e-01,-6.024092410157287913e-01,-1.620206200776279193e+00,-2.619085489124275620e-02,-2.171117390468376429e-01,-2.087238861527509481e+00
3.360000000000000000e+02,1.000000000000000000e+00,4.728643543159592039e-02,4.364963890655315204e+00,-2.301062453030262508e-02,2.052672307629394011e-02,-2.153497276189823006e-01,-2.053811297079219500e+00,2.933175381481759741e-02,-1.599016538959141809e-01,-3.983610275683976271e-02,-1.577636830712401572e+00,-5.367641090459830400e-01,-1.750723211292614379e-01,-2.075643176179398530e+00,-2.097327853829680511e-01,-3.786337680396491545e-01,-6.024092410157287913e-01,-1.620206200776279193e+00,-2.619085489124275620e-02,-2.171117390468376429e-01,-2.087238861527509481e+00
3.370000000000000000e+02,1.000000000000000000e+00,4.728643543159592039e-02,4.364963890655315204e+00,-2.301062453030262508e-02,2.052672307629394011e-02,-2.153497276189823006e-01,-2.053811297079219500e+00,2.933175381481759741e-02,-1.599016538959141809e-01,-3.983610275683976271e-02,-1.577636830712401572e+00,-5.367641090459830400e-01,-1.750723211292614379e-01,-2.075643176179398530e+00,-2.097327853829680511e-01,-3.786337680396491545e-01,-6.024092410157287913e-01,-1.620206200776279193e+00,-2.619085489124275620e-02,-2.171117390468376429e-01,-2.087238861527509481e+00
3.380000000000000000e+02,1.000000000000000000e+00,4.728643543159592039e-02,4.364963890655315204e+00,-2.301062453030262508e-02,2.052672307629394011e-02,-2.153497276189823006e-01,-2.053811297079219500e+00,2.933175381481759741e-02,-1.599016538959141809e-01,-3.983610275683976271e-02,-1.577636830712401572e+00,-5.367641090459830400e-01,-1.750723211292614379e-01,-2.075643176179398530e+00,-2.097327853829680511e-01,-3.786337680396491545e-01,-6.024092410157287913e-01,-1.620206200776279193e+00,-2.619085489124275620e-02,-2.171117390468376429e-01,-2.087238861527509481e+00
3.390000000000000000e+02,1.000000000000000000e+00,4.728643543159592039e-02,4.364963890655315204e+00,-2.301062453030262508e-02,2.052672307629394011e-02,-2.153497276189823006e-01,-2.053811297079219500e+00,2.933175381481759741e-02,-1.599016538959141809e-01,-3.983610275683976271e-02,-1.577636830712401572e+00,-5.367641090459830400e-01,-1.750723211292614379e-01,-2.075643176179398530e+00,-2.097327853829680511e-01,-3.786337680396491545e-01,-6.024092410157287913e-01,-1.620206200776279193e+00,-2.619085489124275620e-02,-2.171117390468376429e-01,-2.087238861527509481e+00
3.400000000000000000e+02,1.000000000000000000e+00,4.728643543159592039e-02,4.364963890655315204e+00,-2.301062453030262508e-02,2.052672307629394011e-02,-2.153497276189823006e-01,-2.053811297079219500e+00,2.933175381481759741e-02,-1.599016538959141809e-01,-3.983610275683976271e-02,-1.577636830712401572e+00,-5.367641090459830400e-01,-1.750723211292614379e-01,-2.075643176179398530e+00,-2.097327853829680511e-01,-3.786337680396491545e-01,-6.024092410157287913e-01,-1.620206200776279193e+00,-2.619085489124275620e-02,-2.171117390468376429e-01,-2.087238861527509481e+00
3.410000000000000000e+02,1.000000000000000000e+00,4.728643543159592039e-02,4.364963890655315204e+00,-2.301062453030262508e-02,2.052672307629394011e-02,-2.153497276189823006e-01,-2.053811297079219500e+00,2.933175381481759741e-02,-1.599016538959141809e-01,-3.983610275683976271e-02,-1.577636830712401572e+00,-5.367641090459830400e-01,-1.750723211292614379e-01,-2.075643176179398530e+00,-2.097327853829680511e-01,-3.786337680396491545e-01,-6.024092410157287913e-01,-1.620206200776279193e+00,-2.619085489124275620e-02,-2.171117390468376429e-01,-2.087238861527509481e+00
3.420000000000000000e+02,1.000000000000000000e+00,4.728643543159592039e-02,4.364963890655315204e+00,-2.301062453030262508e-02,2.052672307629394011e-02,-2.153497276189823006e-01,-2.053811297079219500e+00,2.933175381481759741e-02,-1.599016538959141809e-01,-3.983610275683976271e-02,-1.577636830712401572e+00,-5.367641090459830400e-01,-1.750723211292614379e-01,-2.075643176179398530e+00,-2.097327853829680511e-01,-3.786337680396491545e-01,-6.024092410157287913e-01,-1.620206200776279193e+00,-2.619085489124275620e-02,-2.171117390468376429e-01,-2.087238861527509481e+00
3.430000000000000000e+02,1.000000000000000000e+00,4.728643543159592039e-02,4.364963890655315204e+00,-2.301062453030262508e-02,2.052672307629394011e-02,-2.153497276189823006e-01,-2.053811297079219500e+00,2.933175381481759741e-02,-1.599016538959141809e-01,-3.983610275683976271e-02,-1.577636830712401572e+00,-5.367641090459830400e-01,-1.750723211292614379e-01,-2.075643176179398530e+00,-2.097327853829680511e-01,-3.786337680396491545e-01,-6.024092410157287913e-01,-1.620206200776279193e+00,-2.619085489124275620e-02,-2.171117390468376429e-01,-2.087238861527509481e+00
3.440000000000000000e+02,1.000000000000000000e+00,4.728643543159592039e-02,4.364963890655315204e+00,-2.301062453030262508e-02,2.052672307629394011e-02,-2.153497276189823006e-01,-2.053811297079219500e+00,2.933175381481759741e-02,-1.599016538959141809e-01,-3.983610275683976271e-02,-1.577636830712401572e+00,-5.367641090459830400e-01,-1.750723211292614379e-01,-2.075643176179398530e+00,-2.097327853829680511e-01,-3.786337680396491545e-01,-6.024092410157287913e-01,-1.620206200776279193e+00,-2.619085489124275620e-02,-2.171117390468376429e-01,-2.087238861527509481e+00
3.450000000000000000e+02,1.000000000000000000e+00,4.728643543159592039e-02,4.364963890655315204e+00,-2.301062453030262508e-02,2.052672307629394011e-02,-2.153497276189823006e-01,-2.053811297079219500e+00,2.933175381481759741e-02,-1.599016538959141809e-01,-3.983610275683976271e-02,-1.577636830712401572e+00,-5.367641090459830400e-01,-1.750723211292614379e-01,-2.075643176179398530e+00,-2.097327853829680511e-01,-3.786337680396491545e-01,-6.024092410157287913e-01,-1.620206200776279193e+00,-2.619085489124275620e-02,-2.171117390468376429e-01,-2.087238861527509481e+00
3.460000000000000000e+02,1.000000000000000000e+00,4.728643543159592039e-02,4.364963890655315204e+00,-2.301062453030262508e-02,2.052672307629394011e-02,-2.153497276189823006e-01,-2.053811297079219500e+00,2.933175381481759741e-02,-1.599016538959141809e-01,-3.983610275683976271e-02,-1.577636830712401572e+00,-5.367641090459830400e-01,-1.750723211292614379e-01,-2.075643176179398530e+00,-2.097327853829680511e-01,-3.786337680396491545e-01,-6.024092410157287913e-01,-1.620206200776279193e+00,-2.619085489124275620e-02,-2.171117390468376429e-01,-2.087238861527509481e+00
3.470000000000000000e+02,1.000000000000000000e+00,4.728643543159592039e-02,4.364963890655315204e+00,-2.301062453030262508e-02,2.052672307629394011e-02,-2.153497276189823006e-01,-2.053811297079219500e+00,2.933175381481759741e-02,-1.599016538959141809e-01,-3.983610275683976271e-02,-1.577636830712401572e+00,-5.367641090459830400e-01,-1.750723211292614379e-01,-2.075643176179398530e+00,-2.097327853829680511e-01,-3.786337680396491545e-01,-6.024092410157287913e-01,-1.620206200776279193e+00,-2.619085489124275620e-02,-2.171117390468376429e-01,-2.087238861527509481e+00
3.480000000000000000e+02,1.000000000000000000e+00,4.728643543159592039e-02,4.364963890655315204e+00,-2.301062453030262508e-02,2.052672307629394011e-02,-2.153497276189823006e-01,-2.053811297079219500e+00,2.933175381481759741e-02,-1.599016538959141809e-01,-3.983610275683976271e-02,-1.577636830712401572e+00,-5.367641090459830400e-01,-1.750723211292614379e-01,-2.075643176179398530e+00,-2.097327853829680511e-01,-3.786337680396491545e-01,-6.024092410157287913e-01,-1.620206200776279193e+00,-2.619085489124275620e-02,-2.171117390468376429e-01,-2.087238861527509481e+00
3.490000000000000000e+02,1.000000000000000000e+00,4.728643543159592039e-02,4.364963890655315204e+00,-2.301062453030262508e-02,2.052672307629394011e-02,-2.153497276189823006e-01,-2.053811297079219500e+00,2.933175381481759741e-02,-1.599016538959141809e-01,-3.983610275683976271e-02,-1.577636830712401572e+00,-5.367641090459830400e-01,-1.750723211292614379e-01,-2.075643176179398530e+00,-2.097327853829680511e-01,-3.786337680396491545e-01,-6.024092410157287913e-01,-1.620206200776279193e+00,-2.619085489124275620e-02,-2.171117390468376429e-01,-2.087238861527509481e+00
3.500000000000000000e+02,1.000000000000000000e+00,4.728643543159592039e-02,4.364963890655315204e+00,-2.301062453030262508e-02,2.052672307629394011e-02,-2.153497276189823006e-01,-2.053811297079219500e+00,2.933175381481759741e-02,-1.599016538959141809e-01,-3.983610275683976271e-02,-1.577636830712401572e+00,-5.367641090459830400e-01,-1.750723211292614379e-01,-2.075643176179398530e+00,-2.097327853829680511e-01,-3.786337680396491545e-01,-6.024092410157287913e-01,-1.620206200776279193e+00,-2.619085489124275620e-02,-2.171117390468376429e-01,-2.087238861527509481e+00
3.510000000000000000e+02,1.000000000000000000e+00,4.728643543159592039e-02,4.364963890655315204e+00,-2.301062453030262508e-02,2.052672307629394011e-02,-2.153497276189823006e-01,-2.053811297079219500e+00,2.933175381481759741e-02,-1.599016538959141809e-01,-3.983610275683976271e-02,-1.577636830712401572e+00,-5.367641090459830400e-01,-1.750723211292614379e-01,-2.075643176179398530e+00,-2.097327853829680511e-01,-3.786337680396491545e-01,-6.024092410157287913e-01,-1.620206200776279193e+00,-2.619085489124275620e-02,-2.171117390468376429e-01,-2.087238861527509481e+00
3.520000000000000000e+02,1.000000000000000000e+00,4.728643543159592039e-02,4.364963890655315204e+00,-2.301062453030262508e-02,2.052672307629394011e-02,-2.153497276189823006e-01,-2.053811297079219500e+00,2.933175381481759741e-02,-1.599016538959141809e-01,-3.983610275683976271e-02,-1.577636830712401572e+00,-5.367641090459830400e-01,-1.750723211292614379e-01,-2.075643176179398530e+00,-2.097327853829680511e-01,-3.786337680396491545e-01,-6.024092410157287913e-01,-1.620206200776279193e+00,-2.619085489124275620e-02,-2.171117390468376429e-01,-2.087238861527509481e+00
3.530000000000000000e+02,1.000000000000000000e+00,4.728643543159592039e-02,4.364963890655315204e+00,-2.301062453030262508e-02,2.052672307629394011e-02,-2.153497276189823006e-01,-2.053811297079219500e+00,2.933175381481759741e-02,-1.599016538959141809e-01,-3.983610275683976271e-02,-1.577636830712401572e+00,-5.367641090459830400e-01,-1.750723211292614379e-01,-2.075643176179398530e+00,-2.097327853829680511e-01,-3.786337680396491545e-01,-6.024092410157287913e-01,-1.620206200776279193e+00,-2.619085489124275620e-02,-2.171117390468376429e-01,-2.087238861527509481e+00
3.540000000000000000e+02,1.000000000000000000e+00,4.728643543159592039e-02,4.364963890655315204e+00,-2.301062453030262508e-02,2.052672307629394011e-02,-2.153497276189823006e-01,-2.053811297079219500e+00,2.933175381481759741e-02,-1.599016538959141809e-01,-3.983610275683976271e-02,-1.577636830712401572e+00,-5.367641090459830400e-01,-1.750723211292614379e-01,-2.075643176179398530e+00,-2.097327853829680511e-01,-3.786337680396491545e-01,-6.024092410157287913e-01,-1.620206200776279193e+00,-2.619085489124275620e-02,-2.171117390468376429e-01,-2.087238861527509481e+00
3.550000000000000000e+02,1.000000000000000000e+00,4.728643543159592039e-02,4.364963890655315204e+00,-2.301062453030262508e-02,2.052672307629394011e-02,-2.153497276189823006e-01,-2.053811297079219500e+00,2.933175381481759741e-02,-1.599016538959141809e-01,-3.983610275683976271e-02,-1.577636830712401572e+00,-5.367641090459830400e-01,-1.750723211292614379e-01,-2.075643176179398530e+00,-2.097327853829680511e-01,-3.786337680396491545e-01,-6.024092410157287913e-01,-1.620206200776279193e+00,-2.619085489124275620e-02,-2.171117390468376429e-01,-2.087238861527509481e+00
3.560000000000000000e+02,1.000000000000000000e+00,4.728643543159592039e-02,4.364963890655315204e+00,-2.301062453030262508e-02,2.052672307629394011e-02,-2.153497276189823006e-01,-2.053811297079219500e+00,2.933175381481759741e-02,-1.599016538959141809e-01,-3.983610275683976271e-02,-1.577636830712401572e+00,-5.367641090459830400e-01,-1.750723211292614379e-01,-2.075643176179398530e+00,-2.097327853829680511e-01,-3.786337680396491545e-01,-6.024092410157287913e-01,-1.620206200776279193e+00,-2.619085489124275620e-02,-2.171117390468376429e-01,-2.087238861527509481e+00
3.570000000000000000e+02,1.000000000000000000e+00,4.728643543159592039e-02,4.364963890655315204e+00,-2.301062453030262508e-02,2.052672307629394011e-02,-2.153497276189823006e-01,-2.053811297079219500e+00,2.933175381481759741e-02,-1.599016538959141809e-01,-3.983610275683976271e-02,-1.577636830712401572e+00,-5.367641090459830400e-01,-1.750723211292614379e-01,-2.075643176179398530e+00,-2.097327853829680511e-01,-3.786337680396491545e-01,-6.024092410157287913e-01,-1.620206200776279193e+00,-2.619085489124275620e-02,-2.171117390468376429e-01,-2.087238861527509481e+00
3.580000000000000000e+02,1.000000000000000000e+00,4.728643543159592039e-02,4.364963890655315204e+00,-2.301062453030262508e-02,2.052672307629394011e-02,-2.153497276189823006e-01,-2.053811297079219500e+00,2.933175381481759741e-02,-1.599016538959141809e-01,-3.983610275683976271e-02,-1.577636830712401572e+00,-5.367641090459830400e-01,-1.750723211292614379e-01,-2.075643176179398530e+00,-2.097327853829680511e-01,-3.786337680396491545e-01,-6.024092410157287913e-01,-1.620206200776279193e+00,-2.619085489124275620e-02,-2.171117390468376429e-01,-2.087238861527509481e+00
3.590000000000000000e+02,1.000000000000000000e+00,4.728643543159592039e-02,4.364963890655315204e+00,-2.301062453030262508e-02,2.052672307629394011e-02,-2.153497276189823006e-01,-2.053811297079219500e+00,2.933175381481759741e-02,-1.599016538959141809e-01,-3.983610275683976271e-02,-1.577636830712401572e+00,-5.367641090459830400e-01,-1.750723211292614379e-01,-2.075643176179398530e+00,-2.097327853829680511e-01,-3.786337680396491545e-01,-6.024092410157287913e-01,-1.620206200776279193e+00,-2.619085489124275620e-02,-2.171117390468376429e-01,-2.087238861527509481e+00
3.600000000000000000e+02,1.000000000000000000e+00,4.728643543159592039e-02,4.364963890655315204e+00,-2.301062453030262508e-02,2.052672307629394011e-02,-2.153497276189823006e-01,-2.053811297079219500e+00,2.933175381481759741e-02,-1.599016538959141809e-01,-3.983610275683976271e-02,-1.577636830712401572e+00,-5.367641090459830400e-01,-1.750723211292614379e-01,-2.075643176179398530e+00,-2.097327853829680511e-01,-3.786337680396491545e-01,-6.024092410157287913e-01,-1.620206200776279193e+00,-2.619085489124275620e-02,-2.171117390468376429e-01,-2.087238861527509481e+00
3.610000000000000000e+02,1.000000000000000000e+00,4.728643543159592039e-02,4.364963890655315204e+00,-2.301062453030262508e-02,2.052672307629394011e-02,-2.153497276189823006e-01,-2.053811297079219500e+00,2.933175381481759741e-02,-1.599016538959141809e-01,-3.983610275683976271e-02,-1.577636830712401572e+00,-5.367641090459830400e-01,-1.750723211292614379e-01,-2.075643176179398530e+00,-2.097327853829680511e-01,-3.786337680396491545e-01,-6.024092410157287913e-01,-1.620206200776279193e+00,-2.619085489124275620e-02,-2.171117390468376429e-01,-2.087238861527509481e+00
3.620000000000000000e+02,1.000000000000000000e+00,4.728643543159592039e-02,4.364963890655315204e+00,-2.301062453030262508e-02,2.052672307629394011e-02,-2.153497276189823006e-01,-2.053811297079219500e+00,2.933175381481759741e-02,-1.599016538959141809e-01,-3.983610275683976271e-02,-1.577636830712401572e+00,-5.367641090459830400e-01,-1.750723211292614379e-01,-2.075643176179398530e+00,-2.097327853829680511e-01,-3.786337680396491545e-01,-6.024092410157287913e-01,-1.620206200776279193e+00,-2.619085489124275620e-02,-2.171117390468376429e-01,-2.087238861527509481e+00
3.630000000000000000e+02,1.000000000000000000e+00,4.728643543159592039e-02,4.364963890655315204e+00,-2.301062453030262508e-02,2.052672307629394011e-02,-2.153497276189823006e-01,-2.053811297079219500e+00,2.933175381481759741e-02,-1.599016538959141809e-01,-3.983610275683976271e-02,-1.577636830712401572e+00,-5.367641090459830400e-01,-1.750723211292614379e-01,-2.075643176179398530e+00,-2.097327853829680511e-01,-3.786337680396491545e-01,-6.024092410157287913e-01,-1.620206200776279193e+00,-2.619085489124275620e-02,-2.171117390468376429e-01,-2.087238861527509481e+00
3.640000000000000000e+02,1.000000000000000000e+00,4.728643543159592039e-02,4.364963890655315204e+00,-2.301062453030262508e-02,2.052672307629394011e-02,-2.153497276189823006e-01,-2.053811297079219500e+00,2.933175381481759741e-02,-1.599016538959141809e-01,-3.983610275683976271e-02,-1.577636830712401572e+00,-5.367641090459830400e-01,-1.750723211292614379e-01,-2.075643176179398530e+00,-2.097327853829680511e-01,-3.786337680396491545e-01,-6.024092410157287913e-01,-1.620206200776279193e+00,-2.619085489124275620e-02,-2.171117390468376429e-01,-2.087238861527509481e+00
3.650000000000000000e+02,1.000000000000000000e+00,4.728643543159592039e-02,4.364963890655315204e+00,-2.301062453030262508e-02,2.052672307629394011e-02,-2.153497276189823006e-01,-2.053811297079219500e+00,2.933175381481759741e-02,-1.599016538959141809e-01,-3.983610275683976271e-02,-1.577636830712401572e+00,-5.367641090459830400e-01,-1.750723211292614379e-01,-2.075643176179398530e+00,-2.097327853829680511e-01,-3.786337680396491545e-01,-6.024092410157287913e-01,-1.620206200776279193e+00,-2.619085489124275620e-02,-2.171117390468376429e-01,-2.087238861527509481e+00
3.660000000000000000e+02,1.000000000000000000e+00,4.728643543159592039e-02,4.364963890655315204e+00,-2.301062453030262508e-02,2.052672307629394011e-02,-2.153497276189823006e-01,-2.053811297079219500e+00,2.933175381481759741e-02,-1.599016538959141809e-01,-3.983610275683976271e-02,-1.577636830712401572e+00,-5.367641090459830400e-01,-1.750723211292614379e-01,-2.075643176179398530e+00,-2.097327853829680511e-01,-3.786337680396491545e-01,-6.024092410157287913e-01,-1.620206200776279193e+00,-2.619085489124275620e-02,-2.171117390468376429e-01,-2.087238861527509481e+00
3.670000000000000000e+02,1.000000000000000000e+00,4.728643543159592039e-02,4.364963890655315204e+00,-2.301062453030262508e-02,2.052672307629394011e-02,-2.153497276189823006e-01,-2.053811297079219500e+00,2.933175381481759741e-02,-1.599016538959141809e-01,-3.983610275683976271e-02,-1.577636830712401572e+00,-5.367641090459830400e-01,-1.750723211292614379e-01,-2.075643176179398530e+00,-2.097327853829680511e-01,-3.786337680396491545e-01,-6.024092410157287913e-01,-1.620206200776279193e+00,-2.619085489124275620e-02,-2.171117390468376429e-01,-2.087238861527509481e+00
3.680000000000000000e+02,1.000000000000000000e+00,4.728643543159592039e-02,4.364963890655315204e+00,-2.301062453030262508e-02,2.052672307629394011e-02,-2.153497276189823006e-01,-2.053811297079219500e+00,2.933175381481759741e-02,-1.599016538959141809e-01,-3.983610275683976271e-02,-1.577636830712401572e+00,-5.367641090459830400e-01,-1.750723211292614379e-01,-2.075643176179398530e+00,-2.097327853829680511e-01,-3.786337680396491545e-01,-6.024092410157287913e-01,-1.620206200776279193e+00,-2.619085489124275620e-02,-2.171117390468376429e-01,-2.087238861527509481e+00
3.690000000000000000e+02,1.000000000000000000e+00,4.728643543159592039e-02,4.364963890655315204e+00,-2.301062453030262508e-02,2.052672307629394011e-02,-2.153497276189823006e-01,-2.053811297079219500e+00,2.933175381481759741e-02,-1.599016538959141809e-01,-3.983610275683976271e-02,-1.577636830712401572e+00,-5.367641090459830400e-01,-1.750723211292614379e-01,-2.075643176179398530e+00,-2.097327853829680511e-01,-3.786337680396491545e-01,-6.024092410157287913e-01,-1.620206200776279193e+00,-2.619085489124275620e-02,-2.171117390468376429e-01,-2.087238861527509481e+00
3.700000000000000000e+02,1.000000000000000000e+00,4.728643543159592039e-02,4.364963890655315204e+00,-2.301062453030262508e-02,2.052672307629394011e-02,-2.153497276189823006e-01,-2.053811297079219500e+00,2.933175381481759741e-02,-1.599016538959141809e-01,-3.983610275683976271e-02,-1.577636830712401572e+00,-5.367641090459830400e-01,-1.750723211292614379e-01,-2.075643176179398530e+00,-2.097327853829680511e-01,-3.786337680396491545e-01,-6.024092410157287913e-01,-1.620206200776279193e+00,-2.619085489124275620e-02,-2.171117390468376429e-01,-2.087238861527509481e+00
3.710000000000000000e+02,1.000000000000000000e+00,4.728643543159592039e-02,4.364963890655315204e+00,-2.301062453030262508e-02,2.052672307629394011e-02,-2.153497276189823006e-01,-2.053811297079219500e+00,2.933175381481759741e-02,-1.599016538959141809e-01,-3.983610275683976271e-02,-1.577636830712401572e+00,-5.367641090459830400e-01,-1.750723211292614379e-01,-2.075643176179398530e+00,-2.097327853829680511e-01,-3.786337680396491545e-01,-6.024092410157287913e-01,-1.620206200776279193e+00,-2.619085489124275620e-02,-2.171117390468376429e-01,-2.087238861527509481e+00
3.720000000000000000e+02,1.000000000000000000e+00,4.728643543159592039e-02,4.364963890655315204e+00,-2.301062453030262508e-02,2.052672307629394011e-02,-2.153497276189823006e-01,-2.053811297079219500e+00,2.933175381481759741e-02,-1.599016538959141809e-01,-3.983610275683976271e-02,-1.577636830712401572e+00,-5.367641090459830400e-01,-1.750723211292614379e-01,-2.075643176179398530e+00,-2.097327853829680511e-01,-3.786337680396491545e-01,-6.024092410157287913e-01,-1.620206200776279193e+00,-2.619085489124275620e-02,-2.171117390468376429e-01,-2.087238861527509481e+00
3.730000000000000000e+02,1.000000000000000000e+00,4.728643543159592039e-02,4.364963890655315204e+00,-2.301062453030262508e-02,2.052672307629394011e-02,-2.153497276189823006e-01,-2.053811297079219500e+00,2.933175381481759741e-02,-1.599016538959141809e-01,-3.983610275683976271e-02,-1.577636830712401572e+00,-5.367641090459830400e-01,-1.750723211292614379e-01,-2.075643176179398530e+00,-2.097327853829680511e-01,-3.786337680396491545e-01,-6.024092410157287913e-01,-1.620206200776279193e+00,-2.619085489124275620e-02,-2.171117390468376429e-01,-2.087238861527509481e+00
3.740000000000000000e+02,1.000000000000000000e+00,4.728643543159592039e-02,4.364963890655315204e+00,-2.301062453030262508e-02,2.052672307629394011e-02,-2.153497276189823006e-01,-2.053811297079219500e+00,2.933175381481759741e-02,-1.599016538959141809e-01,-3.983610275683976271e-02,-1.577636830712401572e+00,-5.367641090459830400e-01,-1.750723211292614379e-01,-2.075643176179398530e+00,-2.097327853829680511e-01,-3.786337680396491545e-01,-6.024092410157287913e-01,-1.620206200776279193e+00,-2.619085489124275620e-02,-2.171117390468376429e-01,-2.087238861527509481e+00
3.750000000000000000e+02,1.000000000000000000e+00,4.728643543159592039e-02,4.364963890655315204e+00,-2.301062453030262508e-02,2.052672307629394011e-02,-2.153497276189823006e-01,-2.053811297079219500e+00,2.933175381481759741e-02,-1.599016538959141809e-01,-3.983610275683976271e-02,-1.577636830712401572e+00,-5.367641090459830400e-01,-1.750723211292614379e-01,-2.075643176179398530e+00,-2.097327853829680511e-01,-3.786337680396491545e-01,-6.024092410157287913e-01,-1.620206200776279193e+00,-2.619085489124275620e-02,-2.171117390468376429e-01,-2.087238861527509481e+00
3.760000000000000000e+02,1.000000000000000000e+00,4.728643543159592039e-02,4.364963890655315204e+00,-2.301062453030262508e-02,2.052672307629394011e-02,-2.153497276189823006e-01,-2.053811297079219500e+00,2.933175381481759741e-02,-1.599016538959141809e-01,-3.983610275683976271e-02,-1.577636830712401572e+00,-5.367641090459830400e-01,-1.750723211292614379e-01,-2.075643176179398530e+00,-2.097327853829680511e-01,-3.786337680396491545e-01,-6.024092410157287913e-01,-1.620206200776279193e+00,-2.619085489124275620e-02,-2.171117390468376429e-01,-2.087238861527509481e+00
3.770000000000000000e+02,1.000000000000000000e+00,4.728643543159592039e-02,4.364963890655315204e+00,-2.301062453030262508e-02,2.052672307629394011e-02,-2.153497276189823006e-01,-2.053811297079219500e+00,2.933175381481759741e-02,-1.599016538959141809e-01,-3.983610275683976271e-02,-1.577636830712401572e+00,-5.367641090459830400e-01,-1.750723211292614379e-01,-2.075643176179398530e+00,-2.097327853829680511e-01,-3.786337680396491545e-01,-6.024092410157287913e-01,-1.620206200776279193e+00,-2.619085489124275620e-02,-2.171117390468376429e-01,-2.087238861527509481e+00
3.780000000000000000e+02,1.000000000000000000e+00,4.728643543159592039e-02,4.364963890655315204e+00,-2.301062453030262508e-02,2.052672307629394011e-02,-2.153497276189823006e-01,-2.053811297079219500e+00,2.933175381481759741e-02,-1.599016538959141809e-01,-3.983610275683976271e-02,-1.577636830712401572e+00,-5.367641090459830400e-01,-1.750723211292614379e-01,-2.075643176179398530e+00,-2.097327853829680511e-01,-3.786337680396491545e-01,-6.024092410157287913e-01,-1.620206200776279193e+00,-2.619085489124275620e-02,-2.171117390468376429e-01,-2.087238861527509481e+00
3.790000000000000000e+02,1.000000000000000000e+00,4.728643543159592039e-02,4.364963890655315204e+00,-2.301062453030262508e-02,2.052672307629394011e-02,-2.153497276189823006e-01,-2.053811297079219500e+00,2.933175381481759741e-02,-1.599016538959141809e-01,-3.983610275683976271e-02,-1.577636830712401572e+00,-5.367641090459830400e-01,-1.750723211292614379e-01,-2.075643176179398530e+00,-2.097327853829680511e-01,-3.786337680396491545e-01,-6.024092410157287913e-01,-1.620206200776279193e+00,-2.619085489124275620e-02,-2.171117390468376429e-01,-2.087238861527509481e+00
3.800000000000000000e+02,1.000000000000000000e+00,4.728643543159592039e-02,4.364963890655315204e+00,-2.301062453030262508e-02,2.052672307629394011e-02,-2.153497276189823006e-01,-2.053811297079219500e+00,2.933175381481759741e-02,-1.599016538959141809e-01,-3.983610275683976271e-02,-1.577636830712401572e+00,-5.367641090459830400e-01,-1.750723211292614379e-01,-2.075643176179398530e+00,-2.097327853829680511e-01,-3.786337680396491545e-01,-6.024092410157287913e-01,-1.620206200776279193e+00,-2.619085489124275620e-02,-2.171117390468376429e-01,-2.087238861527509481e+00
3.810000000000000000e+02,1.000000000000000000e+00,4.728643543159592039e-02,4.364963890655315204e+00,-2.301062453030262508e-02,2.052672307629394011e-02,-2.153497276189823006e-01,-2.053811297079219500e+00,2.933175381481759741e-02,-1.599016538959141809e-01,-3.983610275683976271e-02,-1.577636830712401572e+00,-5.367641090459830400e-01,-1.750723211292614379e-01,-2.075643176179398530e+00,-2.097327853829680511e-01,-3.786337680396491545e-01,-6.024092410157287913e-01,-1.620206200776279193e+00,-2.619085489124275620e-02,-2.171117390468376429e-01,-2.087238861527509481e+00
3.820000000000000000e+02,1.000000000000000000e+00,4.728643543159592039e-02,4.364963890655315204e+00,-2.301062453030262508e-02,2.052672307629394011e-02,-2.153497276189823006e-01,-2.053811297079219500e+00,2.933175381481759741e-02,-1.599016538959141809e-01,-3.983610275683976271e-02,-1.577636830712401572e+00,-5.367641090459830400e-01,-1.750723211292614379e-01,-2.075643176179398530e+00,-2.097327853829680511e-01,-3.786337680396491545e-01,-6.024092410157287913e-01,-1.620206200776279193e+00,-2.619085489124275620e-02,-2.171117390468376429e-01,-2.087238861527509481e+00
3.830000000000000000e+02,1.000000000000000000e+00,4.005424156104654687e-02,4.364963890655315204e+00,-2.301062453030262508e-02,2.052672307629394011e-02,-2.153497276189823006e-01,-2.053811297079219500e+00,2.933175381481759741e-02,-1.599016538959141809e-01,-3.983610275683976271e-02,-1.577636830712401572e+00,-5.367641090459830400e-01,-1.750723211292614379e-01,-2.075643176179398530e+00,-2.097327853829680511e-01,-3.786337680396491545e-01,-6.024092410157287913e-01,-1.620206200776279193e+00,-2.619085489124275620e-02,-2.171117390468376429e-01,-2.087238861527509481e+00
3.840000000000000000e+02,1.000000000000000000e+00,4.005424156104654687e-02,4.364963890655315204e+00,-2.301062453030262508e-02,2.052672307629394011e-02,-2.153497276189823006e-01,-2.053811297079219500e+00,2.933175381481759741e-02,-1.599016538959141809e-01,-3.983610275683976271e-02,-1.577636830712401572e+00,-5.367641090459830400e-01,-1.750723211292614379e-01,-2.075643176179398530e+00,-2.097327853829680511e-01,-3.786337680396491545e-01,-6.024092410157287913e-01,-1.620206200776279193e+00,-2.619085489124275620e-02,-2.171117390468376429e-01,-2.087238861527509481e+00
3.850000000000000000e+02,1.000000000000000000e+00,4.005424156104654687e-02,4.364963890655315204e+00,-2.301062453030262508e-02,2.052672307629394011e-02,-2.153497276189823006e-01,-2.053811297079219500e+00,2.933175381481759741e-02,-1.599016538959141809e-01,-3.983610275683976271e-02,-1.577636830712401572e+00,-5.367641090459830400e-01,-1.750723211292614379e-01,-2.075643176179398530e+00,-2.097327853829680511e-01,-3.786337680396491545e-01,-6.024092410157287913e-01,-1.620206200776279193e+00,-2.619085489124275620e-02,-2.171117390468376429e-01,-2.087238861527509481e+00
3.860000000000000000e+02,1.000000000000000000e+00,4.005424156104654687e-02,4.364963890655315204e+00,-2.301062453030262508e-02,2.052672307629394011e-02,-2.153497276189823006e-01,-2.053811297079219500e+00,2.933175381481759741e-02,-1.599016538959141809e-01,-3.983610275683976271e-02,-1.577636830712401572e+00,-5.367641090459830400e-01,-1.750723211292614379e-01,-2.075643176179398530e+00,-2.097327853829680511e-01,-3.786337680396491545e-01,-6.024092410157287913e-01,-1.620206200776279193e+00,-2.619085489124275620e-02,-2.171117390468376429e-01,-2.087238861527509481e+00
3.870000000000000000e+02,1.000000000000000000e+00,4.005424156104654687e-02,4.364963890655315204e+00,-2.301062453030262508e-02,2.052672307629394011e-02,-2.153497276189823006e-01,-2.053811297079219500e+00,2.933175381481759741e-02,-1.599016538959141809e-01,-3.983610275683976271e-02,-1.577636830712401572e+00,-5.367641090459830400e-01,-1.750723211292614379e-01,-2.075643176179398530e+00,-2.097327853829680511e-01,-3.786337680396491545e-01,-6.024092410157287913e-01,-1.620206200776279193e+00,-2.619085489124275620e-02,-2.171117390468376429e-01,-2.087238861527509481e+00
3.880000000000000000e+02,1.000000000000000000e+00,4.005424156104654687e-02,4.364963890655315204e+00,-2.301062453030262508e-02,2.052672307629394011e-02,-2.153497276189823006e-01,-2.053811297079219500e+00,2.933175381481759741e-02,-1.599016538959141809e-01,-3.983610275683976271e-02,-1.577636830712401572e+00,-5.367641090459830400e-01,-1.750723211292614379e-01,-2.075643176179398530e+00,-2.097327853829680511e-01,-3.786337680396491545e-01,-6.024092410157287913e-01,-1.620206200776279193e+00,-2.619085489124275620e-02,-2.171117390468376429e-01,-2.087238861527509481e+00
3.890000000000000000e+02,1.000000000000000000e+00,4.005424156104654687e-02,4.364963890655315204e+00,-2.301062453030262508e-02,2.052672307629394011e-02,-2.153497276189823006e-01,-2.053811297079219500e+00,2.933175381481759741e-02,-1.599016538959141809e-01,-3.983610275683976271e-02,-1.577636830712401572e+00,-5.367641090459830400e-01,-1.750723211292614379e-01,-2.075643176179398530e+00,-2.097327853829680511e-01,-3.786337680396491545e-01,-6.024092410157287913e-01,-1.620206200776279193e+00,-2.619085489124275620e-02,-2.171117390468376429e-01,-2.087238861527509481e+00
3.900000000000000000e+02,1.000000000000000000e+00,4.005424156104654687e-02,4.364963890655315204e+00,-2.301062453030262508e-02,2.052672307629394011e-02,-2.153497276189823006e-01,-2.053811297079219500e+00,2.933175381481759741e-02,-1.599016538959141809e-01,-3.983610275683976271e-02,-1.577636830712401572e+00,-5.367641090459830400e-01,-1.750723211292614379e-01,-2.075643176179398530e+00,-2.097327853829680511e-01,-3.786337680396491545e-01,-6.024092410157287913e-01,-1.620206200776279193e+00,-2.619085489124275620e-02,-2.171117390468376429e-01,-2.087238861527509481e+00
3.910000000000000000e+02,1.000000000000000000e+00,4.005424156104654687e-02,4.364963890655315204e+00,-2.301062453030262508e-02,2.052672307629394011e-02,-2.153497276189823006e-01,-2.053811297079219500e+00,2.933175381481759741e-02,-1.599016538959141809e-01,-3.983610275683976271e-02,-1.577636830712401572e+00,-5.367641090459830400e-01,-1.750723211292614379e-01,-2.075643176179398530e+00,-2.097327853829680511e-01,-3.786337680396491545e-01,-6.024092410157287913e-01,-1.620206200776279193e+00,-2.619085489124275620e-02,-2.171117390468376429e-01,-2.087238861527509481e+00
3.920000000000000000e+02,1.000000000000000000e+00,4.005424156104654687e-02,4.364963890655315204e+00,-2.301062453030262508e-02,2.052672307629394011e-02,-2.153497276189823006e-01,-2.053811297079219500e+00,2.933175381481759741e-02,-1.599016538959141809e-01,-3.983610275683976271e-02,-1.577636830712401572e+00,-5.367641090459830400e-01,-1.750723211292614379e-01,-2.075643176179398530e+00,-2.097327853829680511e-01,-3.786337680396491545e-01,-6.024092410157287913e-01,-1.620206200776279193e+00,-2.619085489124275620e-02,-2.171117390468376429e-01,-2.087238861527509481e+00
3.930000000000000000e+02,1.000000000000000000e+00,4.005424156104654687e-02,4.364963890655315204e+00,-2.301062453030262508e-02,2.052672307629394011e-02,-2.153497276189823006e-01,-2.053811297079219500e+00,2.933175381481759741e-02,-1.599016538959141809e-01,-3.983610275683976271e-02,-1.577636830712401572e+00,-5.367641090459830400e-01,-1.750723211292614379e-01,-2.075643176179398530e+00,-2.097327853829680511e-01,-3.786337680396491545e-01,-6.024092410157287913e-01,-1.620206200776279193e+00,-2.619085489124275620e-02,-2.171117390468376429e-01,-2.087238861527509481e+00
3.940000000000000000e+02,1.000000000000000000e+00,4.005424156104654687e-02,4.364963890655315204e+00,-2.301062453030262508e-02,2.052672307629394011e-02,-2.153497276189823006e-01,-2.053811297079219500e+00,2.933175381481759741e-02,-1.599016538959141809e-01,-3.983610275683976271e-02,-1.577636830712401572e+00,-5.367641090459830400e-01,-1.750723211292614379e-01,-2.075643176179398530e+00,-2.097327853829680511e-01,-3.786337680396491545e-01,-6.024092410157287913e-01,-1.620206200776279193e+00,-2.619085489124275620e-02,-2.171117390468376429e-01,-2.087238861527509481e+00
3.950000000000000000e+02,1.000000000000000000e+00,4.005424156104654687e-02,4.364963890655315204e+00,-2.301062453030262508e-02,2.052672307629394011e-02,-2.153497276189823006e-01,-2.053811297079219500e+00,2.933175381481759741e-02,-1.599016538959141809e-01,-3.983610275683976271e-02,-1.577636830712401572e+00,-5.367641090459830400e-01,-1.750723211292614379e-01,-2.075643176179398530e+00,-2.097327853829680511e-01,-3.786337680396491545e-01,-6.024092410157287913e-01,-1.620206200776279193e+00,-2.619085489124275620e-02,-2.171117390468376429e-01,-2.087238861527509481e+00
3.960000000000000000e+02,1.000000000000000000e+00,4.005424156104654687e-02,4.364963890655315204e+00,-2.301062453030262508e-02,2.052672307629394011e-02,-2.153497276189823006e-01,-2.053811297079219500e+00,2.933175381481759741e-02,-1.599016538959141809e-01,-3.983610275683976271e-02,-1.577636830712401572e+00,-5.367641090459830400e-01,-1.750723211292614379e-01,-2.075643176179398530e+00,-2.097327853829680511e-01,-3.786337680396491545e-01,-6.024092410157287913e-01,-1.620206200776279193e+00,-2.619085489124275620e-02,-2.171117390468376429e-01,-2.087238861527509481e+00
3.970000000000000000e+02,1.000000000000000000e+00,4.005424156104654687e-02,4.364963890655315204e+00,-2.301062453030262508e-02,2.052672307629394011e-02,-2.153497276189823006e-01,-2.053811297079219500e+00,2.933175381481759741e-02,-1.599016538959141809e-01,-3.983610275683976271e-02,-1.577636830712401572e+00,-5.367641090459830400e-01,-1.750723211292614379e-01,-2.075643176179398530e+00,-2.097327853829680511e-01,-3.786337680396491545e-01,-6.024092410157287913e-01,-1.620206200776279193e+00,-2.619085489124275620e-02,-2.171117390468376429e-01,-2.087238861527509481e+00
3.980000000000000000e+02,1.000000000000000000e+00,4.005424156104654687e-02,4.364963890655315204e+00,-2.301062453030262508e-02,2.052672307629394011e-02,-2.153497276189823006e-01,-2.053811297079219500e+00,2.933175381481759741e-02,-1.599016538959141809e-01,-3.983610275683976271e-02,-1.577636830712401572e+00,-5.367641090459830400e-01,-1.750723211292614379e-01,-2.075643176179398530e+00,-2.097327853829680511e-01,-3.786337680396491545e-01,-6.024092410157287913e-01,-1.620206200776279193e+00,-2.619085489124275620e-02,-2.171117390468376429e-01,-2.087238861527509481e+00
3.990000000000000000e+02,1.000000000000000000e+00,4.005424156104654687e-02,4.364963890655315204e+00,-2.301062453030262508e-02,2.052672307629394011e-02,-2.153497276189823006e-01,-2.053811297079219500e+00,2.933175381481759741e-02,-1.599016538959141809e-01,-3.983610275683976271e-02,-1.577636830712401572e+00,-5.367641090459830400e-01,-1.750723211292614379e-01,-2.075643176179398530e+00,-2.097327853829680511e-01,-3.786337680396491545e-01,-6.024092410157287913e-01,-1.620206200776279193e+00,-2.619085489124275620e-02,-2.171117390468376429e-01,-2.087238861527509481e+00
4.000000000000000000e+02,1.000000000000000000e+00,4.005424156104654687e-02,4.364963890655315204e+00,-2.301062453030262508e-02,2.052672307629394011e-02,-2.153497276189823006e-01,-2.053811297079219500e+00,2.933175381481759741e-02,-1.599016538959141809e-01,-3.983610275683976271e-02,-1.577636830712401572e+00,-5.367641090459830400e-01,-1.750723211292614379e-01,-2.075643176179398530e+00,-2.097327853829680511e-01,-3.786337680396491545e-01,-6.024092410157287913e-01,-1.620206200776279193e+00,-2.619085489124275620e-02,-2.171117390468376429e-01,-2.087238861527509481e+00
4.010000000000000000e+02,1.000000000000000000e+00,4.005424156104654687e-02,4.364963890655315204e+00,-2.301062453030262508e-02,2.052672307629394011e-02,-2.153497276189823006e-01,-2.053811297079219500e+00,2.933175381481759741e-02,-1.599016538959141809e-01,-3.983610275683976271e-02,-1.577636830712401572e+00,-5.367641090459830400e-01,-1.750723211292614379e-01,-2.075643176179398530e+00,-2.097327853829680511e-01,-3.786337680396491545e-01,-6.024092410157287913e-01,-1.620206200776279193e+00,-2.619085489124275620e-02,-2.171117390468376429e-01,-2.087238861527509481e+00
4.020000000000000000e+02,1.000000000000000000e+00,4.005424156104654687e-02,4.364963890655315204e+00,-2.301062453030262508e-02,2.052672307629394011e-02,-2.153497276189823006e-01,-2.053811297079219500e+00,2.933175381481759741e-02,-1.599016538959141809e-01,-3.983610275683976271e-02,-1.577636830712401572e+00,-5.367641090459830400e-01,-1.750723211292614379e-01,-2.075643176179398530e+00,-2.097327853829680511e-01,-3.786337680396491545e-01,-6.024092410157287913e-01,-1.620206200776279193e+00,-2.619085489124275620e-02,-2.171117390468376429e-01,-2.087238861527509481e+00
4.030000000000000000e+02,1.000000000000000000e+00,4.005424156104654687e-02,4.364963890655315204e+00,-2.301062453030262508e-02,2.052672307629394011e-02,-2.153497276189823006e-01,-2.053811297079219500e+00,2.933175381481759741e-02,-1.599016538959141809e-01,-3.983610275683976271e-02,-1.577636830712401572e+00,-5.367641090459830400e-01,-1.750723211292614379e-01,-2.075643176179398530e+00,-2.097327853829680511e-01,-3.786337680396491545e-01,-6.024092410157287913e-01,-1.620206200776279193e+00,-2.619085489124275620e-02,-2.171117390468376429e-01,-2.087238861527509481e+00
4.040000000000000000e+02,1.000000000000000000e+00,4.005424156104654687e-02,4.364963890655315204e+00,-2.301062453030262508e-02,2.052672307629394011e-02,-2.153497276189823006e-01,-2.053811297079219500e+00,2.933175381481759741e-02,-1.599016538959141809e-01,-3.983610275683976271e-02,-1.577636830712401572e+00,-5.367641090459830400e-01,-1.750723211292614379e-01,-2.075643176179398530e+00,-2.097327853829680511e-01,-3.786337680396491545e-01,-6.024092410157287913e-01,-1.620206200776279193e+00,-2.619085489124275620e-02,-2.171117390468376429e-01,-2.087238861527509481e+00
4.050000000000000000e+02,1.000000000000000000e+00,4.005424156104654687e-02,4.364963890655315204e+00,-2.301062453030262508e-02,2.052672307629394011e-02,-2.153497276189823006e-01,-2.053811297079219500e+00,2.933175381481759741e-02,-1.599016538959141809e-01,-3.983610275683976271e-02,-1.577636830712401572e+00,-5.367641090459830400e-01,-1.750723211292614379e-01,-2.075643176179398530e+00,-2.097327853829680511e-01,-3.786337680396491545e-01,-6.024092410157287913e-01,-1.620206200776279193e+00,-2.619085489124275620e-02,-2.171117390468376429e-01,-2.087238861527509481e+00
4.060000000000000000e+02,1.000000000000000000e+00,4.005424156104654687e-02,4.364963890655315204e+00,-2.301062453030262508e-02,2.052672307629394011e-02,-2.153497276189823006e-01,-2.053811297079219500e+00,2.933175381481759741e-02,-1.599016538959141809e-01,-3.983610275683976271e-02,-1.577636830712401572e+00,-5.367641090459830400e-01,-1.750723211292614379e-01,-2.075643176179398530e+00,-2.097327853829680511e-01,-3.786337680396491545e-01,-6.024092410157287913e-01,-1.620206200776279193e+00,-2.619085489124275620e-02,-2.171117390468376429e-01,-2.087238861527509481e+00
4.070000000000000000e+02,1.000000000000000000e+00,4.005424156104654687e-02,4.364963890655315204e+00,-2.301062453030262508e-02,2.052672307629394011e-02,-2.153497276189823006e-01,-2.053811297079219500e+00,2.933175381481759741e-02,-1.599016538959141809e-01,-3.983610275683976271e-02,-1.577636830712401572e+00,-5.367641090459830400e-01,-1.750723211292614379e-01,-2.075643176179398530e+00,-2.097327853829680511e-01,-3.786337680396491545e-01,-6.024092410157287913e-01,-1.620206200776279193e+00,-2.619085489124275620e-02,-2.171117390468376429e-01,-2.087238861527509481e+00
4.080000000000000000e+02,1.000000000000000000e+00,4.005424156104654687e-02,4.364963890655315204e+00,-2.301062453030262508e-02,2.052672307629394011e-02,-2.153497276189823006e-01,-2.053811297079219500e+00,2.933175381481759741e-02,-1.599016538959141809e-01,-3.983610275683976271e-02,-1.577636830712401572e+00,-5.367641090459830400e-01,-1.750723211292614379e-01,-2.075643176179398530e+00,-2.097327853829680511e-01,-3.786337680396491545e-01,-6.024092410157287913e-01,-1.620206200776279193e+00,-2.619085489124275620e-02,-2.171117390468376429e-01,-2.087238861527509481e+00
4.090000000000000000e+02,1.000000000000000000e+00,4.005424156104654687e-02,4.364963890655315204e+00,-2.301062453030262508e-02,2.052672307629394011e-02,-2.153497276189823006e-01,-2.053811297079219500e+00,2.933175381481759741e-02,-1.599016538959141809e-01,-3.983610275683976271e-02,-1.577636830712401572e+00,-5.367641090459830400e-01,-1.750723211292614379e-01,-2.075643176179398530e+00,-2.097327853829680511e-01,-3.786337680396491545e-01,-6.024092410157287913e-01,-1.620206200776279193e+00,-2.619085489124275620e-02,-2.171117390468376429e-01,-2.087238861527509481e+00
4.100000000000000000e+02,1.000000000000000000e+00,4.005424156104654687e-02,4.364963890655315204e+00,-2.301062453030262508e-02,2.052672307629394011e-02,-2.153497276189823006e-01,-2.053811297079219500e+00,2.933175381481759741e-02,-1.599016538959141809e-01,-3.983610275683976271e-02,-1.577636830712401572e+00,-5.367641090459830400e-01,-1.750723211292614379e-01,-2.075643176179398530e+00,-2.097327853829680511e-01,-3.786337680396491545e-01,-6.024092410157287913e-01,-1.620206200776279193e+00,-2.619085489124275620e-02,-2.171117390468376429e-01,-2.087238861527509481e+00
4.110000000000000000e+02,1.000000000000000000e+00,4.005424156104654687e-02,4.364963890655315204e+00,-2.301062453030262508e-02,2.052672307629394011e-02,-2.153497276189823006e-01,-2.053811297079219500e+00,2.933175381481759741e-02,-1.599016538959141809e-01,-3.983610275683976271e-02,-1.577636830712401572e+00,-5.367641090459830400e-01,-1.750723211292614379e-01,-2.075643176179398530e+00,-2.097327853829680511e-01,-3.786337680396491545e-01,-6.024092410157287913e-01,-1.620206200776279193e+00,-2.619085489124275620e-02,-2.171117390468376429e-01,-2.087238861527509481e+00
4.120000000000000000e+02,1.000000000000000000e+00,4.005424156104654687e-02,4.364963890655315204e+00,-2.301062453030262508e-02,2.052672307629394011e-02,-2.153497276189823006e-01,-2.053811297079219500e+00,2.933175381481759741e-02,-1.599016538959141809e-01,-3.983610275683976271e-02,-1.577636830712401572e+00,-5.367641090459830400e-01,-1.750723211292614379e-01,-2.075643176179398530e+00,-2.097327853829680511e-01,-3.786337680396491545e-01,-6.024092410157287913e-01,-1.620206200776279193e+00,-2.619085489124275620e-02,-2.171117390468376429e-01,-2.087238861527509481e+00
4.130000000000000000e+02,1.000000000000000000e+00,4.005424156104654687e-02,4.364963890655315204e+00,-2.301062453030262508e-02,2.052672307629394011e-02,-2.153497276189823006e-01,-2.053811297079219500e+00,2.933175381481759741e-02,-1.599016538959141809e-01,-3.983610275683976271e-02,-1.577636830712401572e+00,-5.367641090459830400e-01,-1.750723211292614379e-01,-2.075643176179398530e+00,-2.097327853829680511e-01,-3.786337680396491545e-01,-6.024092410157287913e-01,-1.620206200776279193e+00,-2.619085489124275620e-02,-2.171117390468376429e-01,-2.087238861527509481e+00
4.140000000000000000e+02,1.000000000000000000e+00,4.005424156104654687e-02,4.364963890655315204e+00,-2.301062453030262508e-02,2.052672307629394011e-02,-2.153497276189823006e-01,-2.053811297079219500e+00,2.933175381481759741e-02,-1.599016538959141809e-01,-3.983610275683976271e-02,-1.577636830712401572e+00,-5.367641090459830400e-01,-1.750723211292614379e-01,-2.075643176179398530e+00,-2.097327853829680511e-01,-3.786337680396491545e-01,-6.024092410157287913e-01,-1.620206200776279193e+00,-2.619085489124275620e-02,-2.171117390468376429e-01,-2.087238861527509481e+00
4.150000000000000000e+02,1.000000000000000000e+00,4.005424156104654687e-02,4.364963890655315204e+00,-2.301062453030262508e-02,2.052672307629394011e-02,-2.153497276189823006e-01,-2.053811297079219500e+00,2.933175381481759741e-02,-1.599016538959141809e-01,-3.983610275683976271e-02,-1.577636830712401572e+00,-5.367641090459830400e-01,-1.750723211292614379e-01,-2.075643176179398530e+00,-2.097327853829680511e-01,-3.786337680396491545e-01,-6.024092410157287913e-01,-1.620206200776279193e+00,-2.619085489124275620e-02,-2.171117390468376429e-01,-2.087238861527509481e+00
4.160000000000000000e+02,1.000000000000000000e+00,4.005424156104654687e-02,4.364963890655315204e+00,-2.301062453030262508e-02,2.052672307629394011e-02,-2.153497276189823006e-01,-2.053811297079219500e+00,2.933175381481759741e-02,-1.599016538959141809e-01,-3.983610275683976271e-02,-1.577636830712401572e+00,-5.367641090459830400e-01,-1.750723211292614379e-01,-2.075643176179398530e+00,-2.097327853829680511e-01,-3.786337680396491545e-01,-6.024092410157287913e-01,-1.620206200776279193e+00,-2.619085489124275620e-02,-2.171117390468376429e-01,-2.087238861527509481e+00
4.170000000000000000e+02,1.000000000000000000e+00,4.005424156104654687e-02,4.364963890655315204e+00,-2.301062453030262508e-02,2.052672307629394011e-02,-2.153497276189823006e-01,-2.053811297079219500e+00,2.933175381481759741e-02,-1.599016538959141809e-01,-3.983610275683976271e-02,-1.577636830712401572e+00,-5.367641090459830400e-01,-1.750723211292614379e-01,-2.075643176179398530e+00,-2.097327853829680511e-01,-3.786337680396491545e-01,-6.024092410157287913e-01,-1.620206200776279193e+00,-2.619085489124275620e-02,-2.171117390468376429e-01,-2.087238861527509481e+00
4.180000000000000000e+02,1.000000000000000000e+00,4.005424156104654687e-02,4.364963890655315204e+00,-2.301062453030262508e-02,2.052672307629394011e-02,-2.153497276189823006e-01,-2.053811297079219500e+00,2.933175381481759741e-02,-1.599016538959141809e-01,-3.983610275683976271e-02,-1.577636830712401572e+00,-5.367641090459830400e-01,-1.750723211292614379e-01,-2.075643176179398530e+00,-2.097327853829680511e-01,-3.786337680396491545e-01,-6.024092410157287913e-01,-1.620206200776279193e+00,-2.619085489124275620e-02,-2.171117390468376429e-01,-2.087238861527509481e+00
4.190000000000000000e+02,1.000000000000000000e+00,4.005424156104654687e-02,4.364963890655315204e+00,-2.301062453030262508e-02,2.052672307629394011e-02,-2.153497276189823006e-01,-2.053811297079219500e+00,2.933175381481759741e-02,-1.599016538959141809e-01,-3.983610275683976271e-02,-1.577636830712401572e+00,-5.367641090459830400e-01,-1.750723211292614379e-01,-2.075643176179398530e+00,-2.097327853829680511e-01,-3.786337680396491545e-01,-6.024092410157287913e-01,-1.620206200776279193e+00,-2.619085489124275620e-02,-2.171117390468376429e-01,-2.087238861527509481e+00
4.200000000000000000e+02,1.000000000000000000e+00,4.005424156104654687e-02,4.364963890655315204e+00,-2.301062453030262508e-02,2.052672307629394011e-02,-2.153497276189823006e-01,-2.053811297079219500e+00,2.933175381481759741e-02,-1.599016538959141809e-01,-3.983610275683976271e-02,-1.577636830712401572e+00,-5.367641090459830400e-01,-1.750723211292614379e-01,-2.075643176179398530e+00,-2.097327853829680511e-01,-3.786337680396491545e-01,-6.024092410157287913e-01,-1.620206200776279193e+00,-2.619085489124275620e-02,-2.171117390468376429e-01,-2.087238861527509481e+00
4.210000000000000000e+02,1.000000000000000000e+00,4.005424156104654687e-02,4.364963890655315204e+00,-2.301062453030262508e-02,2.052672307629394011e-02,-2.153497276189823006e-01,-2.053811297079219500e+00,2.933175381481759741e-02,-1.599016538959141809e-01,-3.983610275683976271e-02,-1.577636830712401572e+00,-5.367641090459830400e-01,-1.750723211292614379e-01,-2.075643176179398530e+00,-2.097327853829680511e-01,-3.786337680396491545e-01,-6.024092410157287913e-01,-1.620206200776279193e+00,-2.619085489124275620e-02,-2.171117390468376429e-01,-2.087238861527509481e+00
4.220000000000000000e+02,1.000000000000000000e+00,4.005424156104654687e-02,4.364963890655315204e+00,-2.301062453030262508e-02,2.052672307629394011e-02,-2.153497276189823006e-01,-2.053811297079219500e+00,2.933175381481759741e-02,-1.599016538959141809e-01,-3.983610275683976271e-02,-1.577636830712401572e+00,-5.367641090459830400e-01,-1.750723211292614379e-01,-2.075643176179398530e+00,-2.097327853829680511e-01,-3.786337680396491545e-01,-6.024092410157287913e-01,-1.620206200776279193e+00,-2.619085489124275620e-02,-2.171117390468376429e-01,-2.087238861527509481e+00
4.230000000000000000e+02,1.000000000000000000e+00,4.005424156104654687e-02,4.364963890655315204e+00,-2.301062453030262508e-02,2.052672307629394011e-02,-2.153497276189823006e-01,-2.053811297079219500e+00,2.933175381481759741e-02,-1.599016538959141809e-01,-3.983610275683976271e-02,-1.577636830712401572e+00,-5.367641090459830400e-01,-1.750723211292614379e-01,-2.075643176179398530e+00,-2.097327853829680511e-01,-3.786337680396491545e-01,-6.024092410157287913e-01,-1.620206200776279193e+00,-2.619085489124275620e-02,-2.171117390468376429e-01,-2.087238861527509481e+00
4.240000000000000000e+02,1.000000000000000000e+00,4.005424156104654687e-02,4.364963890655315204e+00,-2.301062453030262508e-02,2.052672307629394011e-02,-2.153497276189823006e-01,-2.053811297079219500e+00,2.933175381481759741e-02,-1.599016538959141809e-01,-3.983610275683976271e-02,-1.577636830712401572e+00,-5.367641090459830400e-01,-1.750723211292614379e-01,-2.075643176179398530e+00,-2.097327853829680511e-01,-3.786337680396491545e-01,-6.024092410157287913e-01,-1.620206200776279193e+00,-2.619085489124275620e-02,-2.171117390468376429e-01,-2.087238861527509481e+00
4.250000000000000000e+02,1.000000000000000000e+00,4.005424156104654687e-02,4.364963890655315204e+00,-2.301062453030262508e-02,2.052672307629394011e-02,-2.153497276189823006e-01,-2.053811297079219500e+00,2.933175381481759741e-02,-1.599016538959141809e-01,-3.983610275683976271e-02,-1.577636830712401572e+00,-5.367641090459830400e-01,-1.750723211292614379e-01,-2.075643176179398530e+00,-2.097327853829680511e-01,-3.786337680396491545e-01,-6.024092410157287913e-01,-1.620206200776279193e+00,-2.619085489124275620e-02,-2.171117390468376429e-01,-2.087238861527509481e+00
4.260000000000000000e+02,1.000000000000000000e+00,4.005424156104654687e-02,4.364963890655315204e+00,-2.301062453030262508e-02,2.052672307629394011e-02,-2.153497276189823006e-01,-2.053811297079219500e+00,2.933175381481759741e-02,-1.599016538959141809e-01,-3.983610275683976271e-02,-1.577636830712401572e+00,-5.367641090459830400e-01,-1.750723211292614379e-01,-2.075643176179398530e+00,-2.097327853829680511e-01,-3.786337680396491545e-01,-6.024092410157287913e-01,-1.620206200776279193e+00,-2.619085489124275620e-02,-2.171117390468376429e-01,-2.087238861527509481e+00
4.270000000000000000e+02,1.000000000000000000e+00,4.005424156104654687e-02,4.364963890655315204e+00,-2.301062453030262508e-02,2.052672307629394011e-02,-2.153497276189823006e-01,-2.053811297079219500e+00,2.933175381481759741e-02,-1.599016538959141809e-01,-3.983610275683976271e-02,-1.577636830712401572e+00,-5.367641090459830400e-01,-1.750723211292614379e-01,-2.075643176179398530e+00,-2.097327853829680511e-01,-3.786337680396491545e-01,-6.024092410157287913e-01,-1.620206200776279193e+00,-2.619085489124275620e-02,-2.171117390468376429e-01,-2.087238861527509481e+00
4.280000000000000000e+02,1.000000000000000000e+00,4.005424156104654687e-02,4.364963890655315204e+00,-2.301062453030262508e-02,2.052672307629394011e-02,-2.153497276189823006e-01,-2.053811297079219500e+00,2.933175381481759741e-02,-1.599016538959141809e-01,-3.983610275683976271e-02,-1.577636830712401572e+00,-5.367641090459830400e-01,-1.750723211292614379e-01,-2.075643176179398530e+00,-2.097327853829680511e-01,-3.786337680396491545e-01,-6.024092410157287913e-01,-1.620206200776279193e+00,-2.619085489124275620e-02,-2.171117390468376429e-01,-2.087238861527509481e+00
4.290000000000000000e+02,1.000000000000000000e+00,4.005424156104654687e-02,4.364963890655315204e+00,-2.301062453030262508e-02,2.052672307629394011e-02,-2.153497276189823006e-01,-2.053811297079219500e+00,2.933175381481759741e-02,-1.599016538959141809e-01,-3.983610275683976271e-02,-1.577636830712401572e+00,-5.367641090459830400e-01,-1.750723211292614379e-01,-2.075643176179398530e+00,-2.097327853829680511e-01,-3.786337680396491545e-01,-6.024092410157287913e-01,-1.620206200776279193e+00,-2.619085489124275620e-02,-2.171117390468376429e-01,-2.087238861527509481e+00
4.300000000000000000e+02,1.000000000000000000e+00,4.005424156104654687e-02,4.364963890655315204e+00,-2.301062453030262508e-02,2.052672307629394011e-02,-2.153497276189823006e-01,-2.053811297079219500e+00,2.933175381481759741e-02,-1.599016538959141809e-01,-3.983610275683976271e-02,-1.577636830712401572e+00,-5.367641090459830400e-01,-1.750723211292614379e-01,-2.075643176179398530e+00,-2.097327853829680511e-01,-3.786337680396491545e-01,-6.024092410157287913e-01,-1.620206200776279193e+00,-2.619085489124275620e-02,-2.171117390468376429e-01,-2.087238861527509481e+00
4.310000000000000000e+02,1.000000000000000000e+00,4.005424156104654687e-02,4.364963890655315204e+00,-2.301062453030262508e-02,2.052672307629394011e-02,-2.153497276189823006e-01,-2.053811297079219500e+00,2.933175381481759741e-02,-1.599016538959141809e-01,-3.983610275683976271e-02,-1.577636830712401572e+00,-5.367641090459830400e-01,-1.750723211292614379e-01,-2.075643176179398530e+00,-2.097327853829680511e-01,-3.786337680396491545e-01,-6.024092410157287913e-01,-1.620206200776279193e+00,-2.619085489124275620e-02,-2.171117390468376429e-01,-2.087238861527509481e+00
4.320000000000000000e+02,1.000000000000000000e+00,4.005424156104654687e-02,4.364963890655315204e+00,-2.301062453030262508e-02,2.052672307629394011e-02,-2.153497276189823006e-01,-2.053811297079219500e+00,2.933175381481759741e-02,-1.599016538959141809e-01,-3.983610275683976271e-02,-1.577636830712401572e+00,-5.367641090459830400e-01,-1.750723211292614379e-01,-2.075643176179398530e+00,-2.097327853829680511e-01,-3.786337680396491545e-01,-6.024092410157287913e-01,-1.620206200776279193e+00,-2.619085489124275620e-02,-2.171117390468376429e-01,-2.087238861527509481e+00
4.330000000000000000e+02,1.000000000000000000e+00,4.005424156104654687e-02,4.364963890655315204e+00,-2.301062453030262508e-02,2.052672307629394011e-02,-2.153497276189823006e-01,-2.053811297079219500e+00,2.933175381481759741e-02,-1.599016538959141809e-01,-3.983610275683976271e-02,-1.577636830712401572e+00,-5.367641090459830400e-01,-1.750723211292614379e-01,-2.075643176179398530e+00,-2.097327853829680511e-01,-3.786337680396491545e-01,-6.024092410157287913e-01,-1.620206200776279193e+00,-2.619085489124275620e-02,-2.171117390468376429e-01,-2.087238861527509481e+00
4.340000000000000000e+02,1.000000000000000000e+00,4.005424156104654687e-02,4.364963890655315204e+00,-2.301062453030262508e-02,2.052672307629394011e-02,-2.153497276189823006e-01,-2.053811297079219500e+00,2.933175381481759741e-02,-1.599016538959141809e-01,-3.983610275683976271e-02,-1.577636830712401572e+00,-5.367641090459830400e-01,-1.750723211292614379e-01,-2.075643176179398530e+00,-2.097327853829680511e-01,-3.786337680396491545e-01,-6.024092410157287913e-01,-1.620206200776279193e+00,-2.619085489124275620e-02,-2.171117390468376429e-01,-2.087238861527509481e+00
4.350000000000000000e+02,1.000000000000000000e+00,4.005424156104654687e-02,4.364963890655315204e+00,-2.301062453030262508e-02,2.052672307629394011e-02,-2.153497276189823006e-01,-2.053811297079219500e+00,2.933175381481759741e-02,-1.599016538959141809e-01,-3.983610275683976271e-02,-1.577636830712401572e+00,-5.367641090459830400e-01,-1.750723211292614379e-01,-2.075643176179398530e+00,-2.097327853829680511e-01,-3.786337680396491545e-01,-6.024092410157287913e-01,-1.620206200776279193e+00,-2.619085489124275620e-02,-2.171117390468376429e-01,-2.087238861527509481e+00
4.360000000000000000e+02,1.000000000000000000e+00,4.005424156104654687e-02,4.364963890655315204e+00,-2.301062453030262508e-02,2.052672307629394011e-02,-2.153497276189823006e-01,-2.053811297079219500e+00,2.933175381481759741e-02,-1.599016538959141809e-01,-3.983610275683976271e-02,-1.577636830712401572e+00,-5.367641090459830400e-01,-1.750723211292614379e-01,-2.075643176179398530e+00,-2.097327853829680511e-01,-3.786337680396491545e-01,-6.024092410157287913e-01,-1.620206200776279193e+00,-2.619085489124275620e-02,-2.171117390468376429e-01,-2.087238861527509481e+00
4.370000000000000000e+02,1.000000000000000000e+00,4.005424156104654687e-02,4.364963890655315204e+00,-2.301062453030262508e-02,2.052672307629394011e-02,-2.153497276189823006e-01,-2.053811297079219500e+00,2.933175381481759741e-02,-1.599016538959141809e-01,-3.983610275683976271e-02,-1.577636830712401572e+00,-5.367641090459830400e-01,-1.750723211292614379e-01,-2.075643176179398530e+00,-2.097327853829680511e-01,-3.786337680396491545e-01,-6.024092410157287913e-01,-1.620206200776279193e+00,-2.619085489124275620e-02,-2.171117390468376429e-01,-2.087238861527509481e+00
4.380000000000000000e+02,1.000000000000000000e+00,4.005424156104654687e-02,4.364963890655315204e+00,-2.301062453030262508e-02,2.052672307629394011e-02,-2.153497276189823006e-01,-2.053811297079219500e+00,2.933175381481759741e-02,-1.599016538959141809e-01,-3.983610275683976271e-02,-1.577636830712401572e+00,-5.367641090459830400e-01,-1.750723211292614379e-01,-2.075643176179398530e+00,-2.097327853829680511e-01,-3.786337680396491545e-01,-6.024092410157287913e-01,-1.620206200776279193e+00,-2.619085489124275620e-02,-2.171117390468376429e-01,-2.087238861527509481e+00
4.390000000000000000e+02,1.000000000000000000e+00,4.005424156104654687e-02,4.364963890655315204e+00,-2.301062453030262508e-02,2.052672307629394011e-02,-2.153497276189823006e-01,-2.053811297079219500e+00,2.933175381481759741e-02,-1.599016538959141809e-01,-3.983610275683976271e-02,-1.577636830712401572e+00,-5.367641090459830400e-01,-1.750723211292614379e-01,-2.075643176179398530e+00,-2.097327853829680511e-01,-3.786337680396491545e-01,-6.024092410157287913e-01,-1.620206200776279193e+00,-2.619085489124275620e-02,-2.171117390468376429e-01,-2.087238861527509481e+00
4.400000000000000000e+02,1.000000000000000000e+00,4.005424156104654687e-02,4.364963890655315204e+00,-2.301062453030262508e-02,2.052672307629394011e-02,-2.153497276189823006e-01,-2.053811297079219500e+00,2.933175381481759741e-02,-1.599016538959141809e-01,-3.983610275683976271e-02,-1.577636830712401572e+00,-5.367641090459830400e-01,-1.750723211292614379e-01,-2.075643176179398530e+00,-2.097327853829680511e-01,-3.786337680396491545e-01,-6.024092410157287913e-01,-1.620206200776279193e+00,-2.619085489124275620e-02,-2.171117390468376429e-01,-2.087238861527509481e+00
4.410000000000000000e+02,1.000000000000000000e+00,4.005424156104654687e-02,4.364963890655315204e+00,-2.301062453030262508e-02,2.052672307629394011e-02,-2.153497276189823006e-01,-2.053811297079219500e+00,2.933175381481759741e-02,-1.599016538959141809e-01,-3.983610275683976271e-02,-1.577636830712401572e+00,-5.367641090459830400e-01,-1.750723211292614379e-01,-2.075643176179398530e+00,-2.097327853829680511e-01,-3.786337680396491545e-01,-6.024092410157287913e-01,-1.620206200776279193e+00,-2.619085489124275620e-02,-2.171117390468376429e-01,-2.087238861527509481e+00
4.420000000000000000e+02,1.000000000000000000e+00,4.005424156104654687e-02,4.364963890655315204e+00,-2.301062453030262508e-02,2.052672307629394011e-02,-2.153497276189823006e-01,-2.053811297079219500e+00,2.933175381481759741e-02,-1.599016538959141809e-01,-3.983610275683976271e-02,-1.577636830712401572e+00,-5.367641090459830400e-01,-1.750723211292614379e-01,-2.075643176179398530e+00,-2.097327853829680511e-01,-3.786337680396491545e-01,-6.024092410157287913e-01,-1.620206200776279193e+00,-2.619085489124275620e-02,-2.171117390468376429e-01,-2.087238861527509481e+00
4.430000000000000000e+02,1.000000000000000000e+00,4.005424156104654687e-02,4.364963890655315204e+00,-2.301062453030262508e-02,2.052672307629394011e-02,-2.153497276189823006e-01,-2.053811297079219500e+00,2.933175381481759741e-02,-1.599016538959141809e-01,-3.983610275683976271e-02,-1.577636830712401572e+00,-5.367641090459830400e-01,-1.750723211292614379e-01,-2.075643176179398530e+00,-2.097327853829680511e-01,-3.786337680396491545e-01,-6.024092410157287913e-01,-1.620206200776279193e+00,-2.619085489124275620e-02,-2.171117390468376429e-01,-2.087238861527509481e+00
4.440000000000000000e+02,1.000000000000000000e+00,4.005424156104654687e-02,4.364963890655315204e+00,-2.301062453030262508e-02,2.052672307629394011e-02,-2.153497276189823006e-01,-2.053811297079219500e+00,2.933175381481759741e-02,-1.599016538959141809e-01,-3.983610275683976271e-02,-1.577636830712401572e+00,-5.367641090459830400e-01,-1.750723211292614379e-01,-2.075643176179398530e+00,-2.097327853829680511e-01,-3.786337680396491545e-01,-6.024092410157287913e-01,-1.620206200776279193e+00,-2.619085489124275620e-02,-2.171117390468376429e-01,-2.087238861527509481e+00
4.450000000000000000e+02,1.000000000000000000e+00,4.005424156104654687e-02,4.364963890655315204e+00,-2.301062453030262508e-02,2.052672307629394011e-02,-2.153497276189823006e-01,-2.053811297079219500e+00,2.933175381481759741e-02,-1.599016538959141809e-01,-3.983610275683976271e-02,-1.577636830712401572e+00,-5.367641090459830400e-01,-1.750723211292614379e-01,-2.075643176179398530e+00,-2.097327853829680511e-01,-3.786337680396491545e-01,-6.024092410157287913e-01,-1.620206200776279193e+00,-2.619085489124275620e-02,-2.171117390468376429e-01,-2.087238861527509481e+00
4.460000000000000000e+02,1.000000000000000000e+00,4.005424156104654687e-02,4.364963890655315204e+00,-2.301062453030262508e-02,2.052672307629394011e-02,-2.153497276189823006e-01,-2.053811297079219500e+00,2.933175381481759741e-02,-1.599016538959141809e-01,-3.983610275683976271e-02,-1.577636830712401572e+00,-5.367641090459830400e-01,-1.750723211292614379e-01,-2.075643176179398530e+00,-2.097327853829680511e-01,-3.786337680396491545e-01,-6.024092410157287913e-01,-1.620206200776279193e+00,-2.619085489124275620e-02,-2.171117390468376429e-01,-2.087238861527509481e+00
4.470000000000000000e+02,1.000000000000000000e+00,4.005424156104654687e-02,4.364963890655315204e+00,-2.301062453030262508e-02,2.052672307629394011e-02,-2.153497276189823006e-01,-2.053811297079219500e+00,2.933175381481759741e-02,-1.599016538959141809e-01,-3.983610275683976271e-02,-1.577636830712401572e+00,-5.367641090459830400e-01,-1.750723211292614379e-01,-2.075643176179398530e+00,-2.097327853829680511e-01,-3.786337680396491545e-01,-6.024092410157287913e-01,-1.620206200776279193e+00,-2.619085489124275620e-02,-2.171117390468376429e-01,-2.087238861527509481e+00
4.480000000000000000e+02,1.000000000000000000e+00,4.005424156104654687e-02,4.364963890655315204e+00,-2.301062453030262508e-02,2.052672307629394011e-02,-2.153497276189823006e-01,-2.053811297079219500e+00,2.933175381481759741e-02,-1.599016538959141809e-01,-3.983610275683976271e-02,-1.577636830712401572e+00,-5.367641090459830400e-01,-1.750723211292614379e-01,-2.075643176179398530e+00,-2.097327853829680511e-01,-3.786337680396491545e-01,-6.024092410157287913e-01,-1.620206200776279193e+00,-2.619085489124275620e-02,-2.171117390468376429e-01,-2.087238861527509481e+00
4.490000000000000000e+02,1.000000000000000000e+00,4.005424156104654687e-02,4.364963890655315204e+00,-2.301062453030262508e-02,2.052672307629394011e-02,-2.153497276189823006e-01,-2.053811297079219500e+00,2.933175381481759741e-02,-1.599016538959141809e-01,-3.983610275683976271e-02,-1.577636830712401572e+00,-5.367641090459830400e-01,-1.750723211292614379e-01,-2.075643176179398530e+00,-2.097327853829680511e-01,-3.786337680396491545e-01,-6.024092410157287913e-01,-1.620206200776279193e+00,-2.619085489124275620e-02,-2.171117390468376429e-01,-2.087238861527509481e+00
4.500000000000000000e+02,1.000000000000000000e+00,4.005424156104654687e-02,4.364963890655315204e+00,-2.301062453030262508e-02,2.052672307629394011e-02,-2.153497276189823006e-01,-2.053811297079219500e+00,2.933175381481759741e-02,-1.599016538959141809e-01,-3.983610275683976271e-02,-1.577636830712401572e+00,-5.367641090459830400e-01,-1.750723211292614379e-01,-2.075643176179398530e+00,-2.097327853829680511e-01,-3.786337680396491545e-01,-6.024092410157287913e-01,-1.620206200776279193e+00,-2.619085489124275620e-02,-2.171117390468376429e-01,-2.087238861527509481e+00
4.510000000000000000e+02,1.000000000000000000e+00,4.005424156104654687e-02,4.364963890655315204e+00,-2.301062453030262508e-02,2.052672307629394011e-02,-2.153497276189823006e-01,-2.053811297079219500e+00,2.933175381481759741e-02,-1.599016538959141809e-01,-3.983610275683976271e-02,-1.577636830712401572e+00,-5.367641090459830400e-01,-1.750723211292614379e-01,-2.075643176179398530e+00,-2.097327853829680511e-01,-3.786337680396491545e-01,-6.024092410157287913e-01,-1.620206200776279193e+00,-2.619085489124275620e-02,-2.171117390468376429e-01,-2.087238861527509481e+00
4.520000000000000000e+02,1.000000000000000000e+00,4.005424156104654687e-02,4.364963890655315204e+00,-2.301062453030262508e-02,2.052672307629394011e-02,-2.153497276189823006e-01,-2.053811297079219500e+00,2.933175381481759741e-02,-1.599016538959141809e-01,-3.983610275683976271e-02,-1.577636830712401572e+00,-5.367641090459830400e-01,-1.750723211292614379e-01,-2.075643176179398530e+00,-2.097327853829680511e-01,-3.786337680396491545e-01,-6.024092410157287913e-01,-1.620206200776279193e+00,-2.619085489124275620e-02,-2.171117390468376429e-01,-2.087238861527509481e+00
4.530000000000000000e+02,1.000000000000000000e+00,4.005424156104654687e-02,4.364963890655315204e+00,-2.301062453030262508e-02,2.052672307629394011e-02,-2.153497276189823006e-01,-2.053811297079219500e+00,2.933175381481759741e-02,-1.599016538959141809e-01,-3.983610275683976271e-02,-1.577636830712401572e+00,-5.367641090459830400e-01,-1.750723211292614379e-01,-2.075643176179398530e+00,-2.097327853829680511e-01,-3.786337680396491545e-01,-6.024092410157287913e-01,-1.620206200776279193e+00,-2.619085489124275620e-02,-2.171117390468376429e-01,-2.087238861527509481e+00
4.540000000000000000e+02,1.000000000000000000e+00,3.401703680765100907e-02,4.364963890655315204e+00,-2.301062453030262508e-02,2.052672307629394011e-02,-2.153497276189823006e-01,-2.053811297079219500e+00,2.933175381481759741e-02,-1.599016538959141809e-01,-3.983610275683976271e-02,-1.577636830712401572e+00,-5.367641090459830400e-01,-1.750723211292614379e-01,-2.075643176179398530e+00,-2.097327853829680511e-01,-3.786337680396491545e-01,-6.024092410157287913e-01,-1.620206200776279193e+00,-2.619085489124275620e-02,-2.171117390468376429e-01,-2.087238861527509481e+00
4.550000000000000000e+02,1.000000000000000000e+00,3.401703680765100907e-02,4.364963890655315204e+00,-2.301062453030262508e-02,2.052672307629394011e-02,-2.153497276189823006e-01,-2.053811297079219500e+00,2.933175381481759741e-02,-1.599016538959141809e-01,-3.983610275683976271e-02,-1.577636830712401572e+00,-5.367641090459830400e-01,-1.750723211292614379e-01,-2.075643176179398530e+00,-2.097327853829680511e-01,-3.786337680396491545e-01,-6.024092410157287913e-01,-1.620206200776279193e+00,-2.619085489124275620e-02,-2.171117390468376429e-01,-2.087238861527509481e+00
4.560000000000000000e+02,1.000000000000000000e+00,3.401703680765100907e-02,4.364963890655315204e+00,-2.301062453030262508e-02,2.052672307629394011e-02,-2.153497276189823006e-01,-2.053811297079219500e+00,2.933175381481759741e-02,-1.599016538959141809e-01,-3.983610275683976271e-02,-1.577636830712401572e+00,-5.367641090459830400e-01,-1.750723211292614379e-01,-2.075643176179398530e+00,-2.097327853829680511e-01,-3.786337680396491545e-01,-6.024092410157287913e-01,-1.620206200776279193e+00,-2.619085489124275620e-02,-2.171117390468376429e-01,-2.087238861527509481e+00
4.570000000000000000e+02,1.000000000000000000e+00,3.401703680765100907e-02,4.364963890655315204e+00,-2.301062453030262508e-02,2.052672307629394011e-02,-2.153497276189823006e-01,-2.053811297079219500e+00,2.933175381481759741e-02,-1.599016538959141809e-01,-3.983610275683976271e-02,-1.577636830712401572e+00,-5.367641090459830400e-01,-1.750723211292614379e-01,-2.075643176179398530e+00,-2.097327853829680511e-01,-3.786337680396491545e-01,-6.024092410157287913e-01,-1.620206200776279193e+00,-2.619085489124275620e-02,-2.171117390468376429e-01,-2.087238861527509481e+00
4.580000000000000000e+02,1.000000000000000000e+00,3.401703680765100907e-02,4.364963890655315204e+00,-2.301062453030262508e-02,2.052672307629394011e-02,-2.153497276189823006e-01,-2.053811297079219500e+00,2.933175381481759741e-02,-1.599016538959141809e-01,-3.983610275683976271e-02,-1.577636830712401572e+00,-5.367641090459830400e-01,-1.750723211292614379e-01,-2.075643176179398530e+00,-2.097327853829680511e-01,-3.786337680396491545e-01,-6.024092410157287913e-01,-1.620206200776279193e+00,-2.619085489124275620e-02,-2.171117390468376429e-01,-2.087238861527509481e+00
4.590000000000000000e+02,1.000000000000000000e+00,3.401703680765100907e-02,4.364963890655315204e+00,-2.301062453030262508e-02,2.052672307629394011e-02,-2.153497276189823006e-01,-2.053811297079219500e+00,2.933175381481759741e-02,-1.599016538959141809e-01,-3.983610275683976271e-02,-1.577636830712401572e+00,-5.367641090459830400e-01,-1.750723211292614379e-01,-2.075643176179398530e+00,-2.097327853829680511e-01,-3.786337680396491545e-01,-6.024092410157287913e-01,-1.620206200776279193e+00,-2.619085489124275620e-02,-2.171117390468376429e-01,-2.087238861527509481e+00
4.600000000000000000e+02,1.000000000000000000e+00,3.401703680765100907e-02,4.364963890655315204e+00,-2.301062453030262508e-02,2.052672307629394011e-02,-2.153497276189823006e-01,-2.053811297079219500e+00,2.933175381481759741e-02,-1.599016538959141809e-01,-3.983610275683976271e-02,-1.577636830712401572e+00,-5.367641090459830400e-01,-1.750723211292614379e-01,-2.075643176179398530e+00,-2.097327853829680511e-01,-3.786337680396491545e-01,-6.024092410157287913e-01,-1.620206200776279193e+00,-2.619085489124275620e-02,-2.171117390468376429e-01,-2.087238861527509481e+00
4.610000000000000000e+02,1.000000000000000000e+00,3.401703680765100907e-02,4.364963890655315204e+00,-2.301062453030262508e-02,2.052672307629394011e-02,-2.153497276189823006e-01,-2.053811297079219500e+00,2.933175381481759741e-02,-1.599016538959141809e-01,-3.983610275683976271e-02,-1.577636830712401572e+00,-5.367641090459830400e-01,-1.750723211292614379e-01,-2.075643176179398530e+00,-2.097327853829680511e-01,-3.786337680396491545e-01,-6.024092410157287913e-01,-1.620206200776279193e+00,-2.619085489124275620e-02,-2.171117390468376429e-01,-2.087238861527509481e+00
4.620000000000000000e+02,1.000000000000000000e+00,3.401703680765100907e-02,4.364963890655315204e+00,-2.301062453030262508e-02,2.052672307629394011e-02,-2.153497276189823006e-01,-2.053811297079219500e+00,2.933175381481759741e-02,-1.599016538959141809e-01,-3.983610275683976271e-02,-1.577636830712401572e+00,-5.367641090459830400e-01,-1.750723211292614379e-01,-2.075643176179398530e+00,-2.097327853829680511e-01,-3.786337680396491545e-01,-6.024092410157287913e-01,-1.620206200776279193e+00,-2.619085489124275620e-02,-2.171117390468376429e-01,-2.087238861527509481e+00
4.630000000000000000e+02,1.000000000000000000e+00,3.401703680765100907e-02,4.364963890655315204e+00,-2.301062453030262508e-02,2.052672307629394011e-02,-2.153497276189823006e-01,-2.053811297079219500e+00,2.933175381481759741e-02,-1.599016538959141809e-01,-3.983610275683976271e-02,-1.577636830712401572e+00,-5.367641090459830400e-01,-1.750723211292614379e-01,-2.075643176179398530e+00,-2.097327853829680511e-01,-3.786337680396491545e-01,-6.024092410157287913e-01,-1.620206200776279193e+00,-2.619085489124275620e-02,-2.171117390468376429e-01,-2.087238861527509481e+00
4.640000000000000000e+02,1.000000000000000000e+00,3.401703680765100907e-02,4.364963890655315204e+00,-2.301062453030262508e-02,2.052672307629394011e-02,-2.153497276189823006e-01,-2.053811297079219500e+00,2.933175381481759741e-02,-1.599016538959141809e-01,-3.983610275683976271e-02,-1.577636830712401572e+00,-5.367641090459830400e-01,-1.750723211292614379e-01,-2.075643176179398530e+00,-2.097327853829680511e-01,-3.786337680396491545e-01,-6.024092410157287913e-01,-1.620206200776279193e+00,-2.619085489124275620e-02,-2.171117390468376429e-01,-2.087238861527509481e+00
4.650000000000000000e+02,1.000000000000000000e+00,3.401703680765100907e-02,4.364963890655315204e+00,-2.301062453030262508e-02,2.052672307629394011e-02,-2.153497276189823006e-01,-2.053811297079219500e+00,2.933175381481759741e-02,-1.599016538959141809e-01,-3.983610275683976271e-02,-1.577636830712401572e+00,-5.367641090459830400e-01,-1.750723211292614379e-01,-2.075643176179398530e+00,-2.097327853829680511e-01,-3.786337680396491545e-01,-6.024092410157287913e-01,-1.620206200776279193e+00,-2.619085489124275620e-02,-2.171117390468376429e-01,-2.087238861527509481e+00
4.660000000000000000e+02,1.000000000000000000e+00,3.401703680765100907e-02,4.364963890655315204e+00,-2.301062453030262508e-02,2.052672307629394011e-02,-2.153497276189823006e-01,-2.053811297079219500e+00,2.933175381481759741e-02,-1.599016538959141809e-01,-3.983610275683976271e-02,-1.577636830712401572e+00,-5.367641090459830400e-01,-1.750723211292614379e-01,-2.075643176179398530e+00,-2.097327853829680511e-01,-3.786337680396491545e-01,-6.024092410157287913e-01,-1.620206200776279193e+00,-2.619085489124275620e-02,-2.171117390468376429e-01,-2.087238861527509481e+00
4.670000000000000000e+02,1.000000000000000000e+00,3.401703680765100907e-02,4.364963890655315204e+00,-2.301062453030262508e-02,2.052672307629394011e-02,-2.153497276189823006e-01,-2.053811297079219500e+00,2.933175381481759741e-02,-1.599016538959141809e-01,-3.983610275683976271e-02,-1.577636830712401572e+00,-5.367641090459830400e-01,-1.750723211292614379e-01,-2.075643176179398530e+00,-2.097327853829680511e-01,-3.786337680396491545e-01,-6.024092410157287913e-01,-1.620206200776279193e+00,-2.619085489124275620e-02,-2.171117390468376429e-01,-2.087238861527509481e+00
4.680000000000000000e+02,1.000000000000000000e+00,3.401703680765100907e-02,4.364963890655315204e+00,-2.301062453030262508e-02,2.052672307629394011e-02,-2.153497276189823006e-01,-2.053811297079219500e+00,2.933175381481759741e-02,-1.599016538959141809e-01,-3.983610275683976271e-02,-1.577636830712401572e+00,-5.367641090459830400e-01,-1.750723211292614379e-01,-2.075643176179398530e+00,-2.097327853829680511e-01,-3.786337680396491545e-01,-6.024092410157287913e-01,-1.620206200776279193e+00,-2.619085489124275620e-02,-2.171117390468376429e-01,-2.087238861527509481e+00
4.690000000000000000e+02,1.000000000000000000e+00,3.401703680765100907e-02,4.364963890655315204e+00,-2.301062453030262508e-02,2.052672307629394011e-02,-2.153497276189823006e-01,-2.053811297079219500e+00,2.933175381481759741e-02,-1.599016538959141809e-01,-3.983610275683976271e-02,-1.577636830712401572e+00,-5.367641090459830400e-01,-1.750723211292614379e-01,-2.075643176179398530e+00,-2.097327853829680511e-01,-3.786337680396491545e-01,-6.024092410157287913e-01,-1.620206200776279193e+00,-2.619085489124275620e-02,-2.171117390468376429e-01,-2.087238861527509481e+00
4.700000000000000000e+02,1.000000000000000000e+00,3.401703680765100907e-02,4.364963890655315204e+00,-2.301062453030262508e-02,2.052672307629394011e-02,-2.153497276189823006e-01,-2.053811297079219500e+00,2.933175381481759741e-02,-1.599016538959141809e-01,-3.983610275683976271e-02,-1.577636830712401572e+00,-5.367641090459830400e-01,-1.750723211292614379e-01,-2.075643176179398530e+00,-2.097327853829680511e-01,-3.786337680396491545e-01,-6.024092410157287913e-01,-1.620206200776279193e+00,-2.619085489124275620e-02,-2.171117390468376429e-01,-2.087238861527509481e+00
4.710000000000000000e+02,1.000000000000000000e+00,3.401703680765100907e-02,4.364963890655315204e+00,-2.301062453030262508e-02,2.052672307629394011e-02,-2.153497276189823006e-01,-2.053811297079219500e+00,2.933175381481759741e-02,-1.599016538959141809e-01,-3.983610275683976271e-02,-1.577636830712401572e+00,-5.367641090459830400e-01,-1.750723211292614379e-01,-2.075643176179398530e+00,-2.097327853829680511e-01,-3.786337680396491545e-01,-6.024092410157287913e-01,-1.620206200776279193e+00,-2.619085489124275620e-02,-2.171117390468376429e-01,-2.087238861527509481e+00
4.720000000000000000e+02,1.000000000000000000e+00,3.401703680765100907e-02,4.364963890655315204e+00,-2.301062453030262508e-02,2.052672307629394011e-02,-2.153497276189823006e-01,-2.053811297079219500e+00,2.933175381481759741e-02,-1.599016538959141809e-01,-3.983610275683976271e-02,-1.577636830712401572e+00,-5.367641090459830400e-01,-1.750723211292614379e-01,-2.075643176179398530e+00,-2.097327853829680511e-01,-3.786337680396491545e-01,-6.024092410157287913e-01,-1.620206200776279193e+00,-2.619085489124275620e-02,-2.171117390468376429e-01,-2.087238861527509481e+00
4.730000000000000000e+02,1.000000000000000000e+00,3.401703680765100907e-02,4.364963890655315204e+00,-2.301062453030262508e-02,2.052672307629394011e-02,-2.153497276189823006e-01,-2.053811297079219500e+00,2.933175381481759741e-02,-1.599016538959141809e-01,-3.983610275683976271e-02,-1.577636830712401572e+00,-5.367641090459830400e-01,-1.750723211292614379e-01,-2.075643176179398530e+00,-2.097327853829680511e-01,-3.786337680396491545e-01,-6.024092410157287913e-01,-1.620206200776279193e+00,-2.619085489124275620e-02,-2.171117390468376429e-01,-2.087238861527509481e+00
4.740000000000000000e+02,1.000000000000000000e+00,3.401703680765100907e-02,4.364963890655315204e+00,-2.301062453030262508e-02,2.052672307629394011e-02,-2.153497276189823006e-01,-2.053811297079219500e+00,2.933175381481759741e-02,-1.599016538959141809e-01,-3.983610275683976271e-02,-1.577636830712401572e+00,-5.367641090459830400e-01,-1.750723211292614379e-01,-2.075643176179398530e+00,-2.097327853829680511e-01,-3.786337680396491545e-01,-6.024092410157287913e-01,-1.620206200776279193e+00,-2.619085489124275620e-02,-2.171117390468376429e-01,-2.087238861527509481e+00
4.750000000000000000e+02,1.000000000000000000e+00,3.401703680765100907e-02,4.364963890655315204e+00,-2.301062453030262508e-02,2.052672307629394011e-02,-2.153497276189823006e-01,-2.053811297079219500e+00,2.933175381481759741e-02,-1.599016538959141809e-01,-3.983610275683976271e-02,-1.577636830712401572e+00,-5.367641090459830400e-01,-1.750723211292614379e-01,-2.075643176179398530e+00,-2.097327853829680511e-01,-3.786337680396491545e-01,-6.024092410157287913e-01,-1.620206200776279193e+00,-2.619085489124275620e-02,-2.171117390468376429e-01,-2.087238861527509481e+00
4.760000000000000000e+02,1.000000000000000000e+00,3.401703680765100907e-02,4.364963890655315204e+00,-2.301062453030262508e-02,2.052672307629394011e-02,-2.153497276189823006e-01,-2.053811297079219500e+00,2.933175381481759741e-02,-1.599016538959141809e-01,-3.983610275683976271e-02,-1.577636830712401572e+00,-5.367641090459830400e-01,-1.750723211292614379e-01,-2.075643176179398530e+00,-2.097327853829680511e-01,-3.786337680396491545e-01,-6.024092410157287913e-01,-1.620206200776279193e+00,-2.619085489124275620e-02,-2.171117390468376429e-01,-2.087238861527509481e+00
4.770000000000000000e+02,1.000000000000000000e+00,3.401703680765100907e-02,4.364963890655315204e+00,-2.301062453030262508e-02,2.052672307629394011e-02,-2.153497276189823006e-01,-2.053811297079219500e+00,2.933175381481759741e-02,-1.599016538959141809e-01,-3.983610275683976271e-02,-1.577636830712401572e+00,-5.367641090459830400e-01,-1.750723211292614379e-01,-2.075643176179398530e+00,-2.097327853829680511e-01,-3.786337680396491545e-01,-6.024092410157287913e-01,-1.620206200776279193e+00,-2.619085489124275620e-02,-2.171117390468376429e-01,-2.087238861527509481e+00
4.780000000000000000e+02,1.000000000000000000e+00,3.401703680765100907e-02,4.364963890655315204e+00,-2.301062453030262508e-02,2.052672307629394011e-02,-2.153497276189823006e-01,-2.053811297079219500e+00,2.933175381481759741e-02,-1.599016538959141809e-01,-3.983610275683976271e-02,-1.577636830712401572e+00,-5.367641090459830400e-01,-1.750723211292614379e-01,-2.075643176179398530e+00,-2.097327853829680511e-01,-3.786337680396491545e-01,-6.024092410157287913e-01,-1.620206200776279193e+00,-2.619085489124275620e-02,-2.171117390468376429e-01,-2.087238861527509481e+00
4.790000000000000000e+02,1.000000000000000000e+00,3.401703680765100907e-02,4.364963890655315204e+00,-2.301062453030262508e-02,2.052672307629394011e-02,-2.153497276189823006e-01,-2.053811297079219500e+00,2.933175381481759741e-02,-1.599016538959141809e-01,-3.983610275683976271e-02,-1.577636830712401572e+00,-5.367641090459830400e-01,-1.750723211292614379e-01,-2.075643176179398530e+00,-2.097327853829680511e-01,-3.786337680396491545e-01,-6.024092410157287913e-01,-1.620206200776279193e+00,-2.619085489124275620e-02,-2.171117390468376429e-01,-2.087238861527509481e+00
4.800000000000000000e+02,1.000000000000000000e+00,3.401703680765100907e-02,4.364963890655315204e+00,-2.301062453030262508e-02,2.052672307629394011e-02,-2.153497276189823006e-01,-2.053811297079219500e+00,2.933175381481759741e-02,-1.599016538959141809e-01,-3.983610275683976271e-02,-1.577636830712401572e+00,-5.367641090459830400e-01,-1.750723211292614379e-01,-2.075643176179398530e+00,-2.097327853829680511e-01,-3.786337680396491545e-01,-6.024092410157287913e-01,-1.620206200776279193e+00,-2.619085489124275620e-02,-2.171117390468376429e-01,-2.087238861527509481e+00
4.810000000000000000e+02,1.000000000000000000e+00,3.401703680765100907e-02,4.364963890655315204e+00,-2.301062453030262508e-02,2.052672307629394011e-02,-2.153497276189823006e-01,-2.053811297079219500e+00,2.933175381481759741e-02,-1.599016538959141809e-01,-3.983610275683976271e-02,-1.577636830712401572e+00,-5.367641090459830400e-01,-1.750723211292614379e-01,-2.075643176179398530e+00,-2.097327853829680511e-01,-3.786337680396491545e-01,-6.024092410157287913e-01,-1.620206200776279193e+00,-2.619085489124275620e-02,-2.171117390468376429e-01,-2.087238861527509481e+00
4.820000000000000000e+02,1.000000000000000000e+00,3.401703680765100907e-02,4.364963890655315204e+00,-2.301062453030262508e-02,2.052672307629394011e-02,-2.153497276189823006e-01,-2.053811297079219500e+00,2.933175381481759741e-02,-1.599016538959141809e-01,-3.983610275683976271e-02,-1.577636830712401572e+00,-5.367641090459830400e-01,-1.750723211292614379e-01,-2.075643176179398530e+00,-2.097327853829680511e-01,-3.786337680396491545e-01,-6.024092410157287913e-01,-1.620206200776279193e+00,-2.619085489124275620e-02,-2.171117390468376429e-01,-2.087238861527509481e+00
4.830000000000000000e+02,1.000000000000000000e+00,3.401703680765100907e-02,4.364963890655315204e+00,-2.301062453030262508e-02,2.052672307629394011e-02,-2.153497276189823006e-01,-2.053811297079219500e+00,2.933175381481759741e-02,-1.599016538959141809e-01,-3.983610275683976271e-02,-1.577636830712401572e+00,-5.367641090459830400e-01,-1.750723211292614379e-01,-2.075643176179398530e+00,-2.097327853829680511e-01,-3.786337680396491545e-01,-6.024092410157287913e-01,-1.620206200776279193e+00,-2.619085489124275620e-02,-2.171117390468376429e-01,-2.087238861527509481e+00
4.840000000000000000e+02,1.000000000000000000e+00,3.401703680765100907e-02,4.364963890655315204e+00,-2.301062453030262508e-02,2.052672307629394011e-02,-2.153497276189823006e-01,-2.053811297079219500e+00,2.933175381481759741e-02,-1.599016538959141809e-01,-3.983610275683976271e-02,-1.577636830712401572e+00,-5.367641090459830400e-01,-1.750723211292614379e-01,-2.075643176179398530e+00,-2.097327853829680511e-01,-3.786337680396491545e-01,-6.024092410157287913e-01,-1.620206200776279193e+00,-2.619085489124275620e-02,-2.171117390468376429e-01,-2.087238861527509481e+00
4.850000000000000000e+02,1.000000000000000000e+00,3.401703680765100907e-02,4.364963890655315204e+00,-2.301062453030262508e-02,2.052672307629394011e-02,-2.153497276189823006e-01,-2.053811297079219500e+00,2.933175381481759741e-02,-1.599016538959141809e-01,-3.983610275683976271e-02,-1.577636830712401572e+00,-5.367641090459830400e-01,-1.750723211292614379e-01,-2.075643176179398530e+00,-2.097327853829680511e-01,-3.786337680396491545e-01,-6.024092410157287913e-01,-1.620206200776279193e+00,-2.619085489124275620e-02,-2.171117390468376429e-01,-2.087238861527509481e+00
4.860000000000000000e+02,1.000000000000000000e+00,3.401703680765100907e-02,4.364963890655315204e+00,-2.301062453030262508e-02,2.052672307629394011e-02,-2.153497276189823006e-01,-2.053811297079219500e+00,2.933175381481759741e-02,-1.599016538959141809e-01,-3.983610275683976271e-02,-1.577636830712401572e+00,-5.367641090459830400e-01,-1.750723211292614379e-01,-2.075643176179398530e+00,-2.097327853829680511e-01,-3.786337680396491545e-01,-6.024092410157287913e-01,-1.620206200776279193e+00,-2.619085489124275620e-02,-2.171117390468376429e-01,-2.087238861527509481e+00
4.870000000000000000e+02,1.000000000000000000e+00,3.401703680765100907e-02,4.364963890655315204e+00,-2.301062453030262508e-02,2.052672307629394011e-02,-2.153497276189823006e-01,-2.053811297079219500e+00,2.933175381481759741e-02,-1.599016538959141809e-01,-3.983610275683976271e-02,-1.577636830712401572e+00,-5.367641090459830400e-01,-1.750723211292614379e-01,-2.075643176179398530e+00,-2.097327853829680511e-01,-3.786337680396491545e-01,-6.024092410157287913e-01,-1.620206200776279193e+00,-2.619085489124275620e-02,-2.171117390468376429e-01,-2.087238861527509481e+00
4.880000000000000000e+02,1.000000000000000000e+00,3.401703680765100907e-02,4.364963890655315204e+00,-2.301062453030262508e-02,2.052672307629394011e-02,-2.153497276189823006e-01,-2.053811297079219500e+00,2.933175381481759741e-02,-1.599016538959141809e-01,-3.983610275683976271e-02,-1.577636830712401572e+00,-5.367641090459830400e-01,-1.750723211292614379e-01,-2.075643176179398530e+00,-2.097327853829680511e-01,-3.786337680396491545e-01,-6.024092410157287913e-01,-1.620206200776279193e+00,-2.619085489124275620e-02,-2.171117390468376429e-01,-2.087238861527509481e+00
4.890000000000000000e+02,1.000000000000000000e+00,3.401703680765100907e-02,4.364963890655315204e+00,-2.301062453030262508e-02,2.052672307629394011e-02,-2.153497276189823006e-01,-2.053811297079219500e+00,2.933175381481759741e-02,-1.599016538959141809e-01,-3.983610275683976271e-02,-1.577636830712401572e+00,-5.367641090459830400e-01,-1.750723211292614379e-01,-2.075643176179398530e+00,-2.097327853829680511e-01,-3.786337680396491545e-01,-6.024092410157287913e-01,-1.620206200776279193e+00,-2.619085489124275620e-02,-2.171117390468376429e-01,-2.087238861527509481e+00
4.900000000000000000e+02,1.000000000000000000e+00,3.401703680765100907e-02,4.364963890655315204e+00,-2.301062453030262508e-02,2.052672307629394011e-02,-2.153497276189823006e-01,-2.053811297079219500e+00,2.933175381481759741e-02,-1.599016538959141809e-01,-3.983610275683976271e-02,-1.577636830712401572e+00,-5.367641090459830400e-01,-1.750723211292614379e-01,-2.075643176179398530e+00,-2.097327853829680511e-01,-3.786337680396491545e-01,-6.024092410157287913e-01,-1.620206200776279193e+00,-2.619085489124275620e-02,-2.171117390468376429e-01,-2.087238861527509481e+00
4.910000000000000000e+02,1.000000000000000000e+00,3.401703680765100907e-02,4.364963890655315204e+00,-2.301062453030262508e-02,2.052672307629394011e-02,-2.153497276189823006e-01,-2.053811297079219500e+00,2.933175381481759741e-02,-1.599016538959141809e-01,-3.983610275683976271e-02,-1.577636830712401572e+00,-5.367641090459830400e-01,-1.750723211292614379e-01,-2.075643176179398530e+00,-2.097327853829680511e-01,-3.786337680396491545e-01,-6.024092410157287913e-01,-1.620206200776279193e+00,-2.619085489124275620e-02,-2.171117390468376429e-01,-2.087238861527509481e+00
4.920000000000000000e+02,1.000000000000000000e+00,3.401703680765100907e-02,4.364963890655315204e+00,-2.301062453030262508e-02,2.052672307629394011e-02,-2.153497276189823006e-01,-2.053811297079219500e+00,2.933175381481759741e-02,-1.599016538959141809e-01,-3.983610275683976271e-02,-1.577636830712401572e+00,-5.367641090459830400e-01,-1.750723211292614379e-01,-2.075643176179398530e+00,-2.097327853829680511e-01,-3.786337680396491545e-01,-6.024092410157287913e-01,-1.620206200776279193e+00,-2.619085489124275620e-02,-2.171117390468376429e-01,-2.087238861527509481e+00
4.930000000000000000e+02,1.000000000000000000e+00,3.401703680765100907e-02,4.364963890655315204e+00,-2.301062453030262508e-02,2.052672307629394011e-02,-2.153497276189823006e-01,-2.053811297079219500e+00,2.933175381481759741e-02,-1.599016538959141809e-01,-3.983610275683976271e-02,-1.577636830712401572e+00,-5.367641090459830400e-01,-1.750723211292614379e-01,-2.075643176179398530e+00,-2.097327853829680511e-01,-3.786337680396491545e-01,-6.024092410157287913e-01,-1.620206200776279193e+00,-2.619085489124275620e-02,-2.171117390468376429e-01,-2.087238861527509481e+00
4.940000000000000000e+02,1.000000000000000000e+00,3.401703680765100907e-02,4.364963890655315204e+00,-2.301062453030262508e-02,2.052672307629394011e-02,-2.153497276189823006e-01,-2.053811297079219500e+00,2.933175381481759741e-02,-1.599016538959141809e-01,-3.983610275683976271e-02,-1.577636830712401572e+00,-5.367641090459830400e-01,-1.750723211292614379e-01,-2.075643176179398530e+00,-2.097327853829680511e-01,-3.786337680396491545e-01,-6.024092410157287913e-01,-1.620206200776279193e+00,-2.619085489124275620e-02,-2.171117390468376429e-01,-2.087238861527509481e+00
4.950000000000000000e+02,1.000000000000000000e+00,3.401703680765100907e-02,4.364963890655315204e+00,-2.301062453030262508e-02,2.052672307629394011e-02,-2.153497276189823006e-01,-2.053811297079219500e+00,2.933175381481759741e-02,-1.599016538959141809e-01,-3.983610275683976271e-02,-1.577636830712401572e+00,-5.367641090459830400e-01,-1.750723211292614379e-01,-2.075643176179398530e+00,-2.097327853829680511e-01,-3.786337680396491545e-01,-6.024092410157287913e-01,-1.620206200776279193e+00,-2.619085489124275620e-02,-2.171117390468376429e-01,-2.087238861527509481e+00
4.960000000000000000e+02,1.000000000000000000e+00,3.401703680765100907e-02,4.364963890655315204e+00,-2.301062453030262508e-02,2.052672307629394011e-02,-2.153497276189823006e-01,-2.053811297079219500e+00,2.933175381481759741e-02,-1.599016538959141809e-01,-3.983610275683976271e-02,-1.577636830712401572e+00,-5.367641090459830400e-01,-1.750723211292614379e-01,-2.075643176179398530e+00,-2.097327853829680511e-01,-3.786337680396491545e-01,-6.024092410157287913e-01,-1.620206200776279193e+00,-2.619085489124275620e-02,-2.171117390468376429e-01,-2.087238861527509481e+00
4.970000000000000000e+02,1.000000000000000000e+00,3.401703680765100907e-02,4.364963890655315204e+00,-2.301062453030262508e-02,2.052672307629394011e-02,-2.153497276189823006e-01,-2.053811297079219500e+00,2.933175381481759741e-02,-1.599016538959141809e-01,-3.983610275683976271e-02,-1.577636830712401572e+00,-5.367641090459830400e-01,-1.750723211292614379e-01,-2.075643176179398530e+00,-2.097327853829680511e-01,-3.786337680396491545e-01,-6.024092410157287913e-01,-1.620206200776279193e+00,-2.619085489124275620e-02,-2.171117390468376429e-01,-2.087238861527509481e+00
4.980000000000000000e+02,1.000000000000000000e+00,3.401703680765100907e-02,4.364963890655315204e+00,-2.301062453030262508e-02,2.052672307629394011e-02,-2.153497276189823006e-01,-2.053811297079219500e+00,2.933175381481759741e-02,-1.599016538959141809e-01,-3.983610275683976271e-02,-1.577636830712401572e+00,-5.367641090459830400e-01,-1.750723211292614379e-01,-2.075643176179398530e+00,-2.097327853829680511e-01,-3.786337680396491545e-01,-6.024092410157287913e-01,-1.620206200776279193e+00,-2.619085489124275620e-02,-2.171117390468376429e-01,-2.087238861527509481e+00
4.990000000000000000e+02,1.000000000000000000e+00,3.401703680765100907e-02,4.364963890655315204e+00,-2.301062453030262508e-02,2.052672307629394011e-02,-2.153497276189823006e-01,-2.053811297079219500e+00,2.933175381481759741e-02,-1.599016538959141809e-01,-3.983610275683976271e-02,-1.577636830712401572e+00,-5.367641090459830400e-01,-1.750723211292614379e-01,-2.075643176179398530e+00,-2.097327853829680511e-01,-3.786337680396491545e-01,-6.024092410157287913e-01,-1.620206200776279193e+00,-2.619085489124275620e-02,-2.171117390468376429e-01,-2.087238861527509481e+00
5.000000000000000000e+02,1.000000000000000000e+00,3.401703680765100907e-02,4.364963890655315204e+00,-2.301062453030262508e-02,2.052672307629394011e-02,-2.153497276189823006e-01,-2.053811297079219500e+00,2.933175381481759741e-02,-1.599016538959141809e-01,-3.983610275683976271e-02,-1.577636830712401572e+00,-5.367641090459830400e-01,-1.750723211292614379e-01,-2.075643176179398530e+00,-2.097327853829680511e-01,-3.786337680396491545e-01,-6.024092410157287913e-01,-1.620206200776279193e+00,-2.619085489124275620e-02,-2.171117390468376429e-01,-2.087238861527509481e+00
5.010000000000000000e+02,1.000000000000000000e+00,3.401703680765100907e-02,4.364963890655315204e+00,-2.301062453030262508e-02,2.052672307629394011e-02,-2.153497276189823006e-01,-2.053811297079219500e+00,2.933175381481759741e-02,-1.599016538959141809e-01,-3.983610275683976271e-02,-1.577636830712401572e+00,-5.367641090459830400e-01,-1.750723211292614379e-01,-2.075643176179398530e+00,-2.097327853829680511e-01,-3.786337680396491545e-01,-6.024092410157287913e-01,-1.620206200776279193e+00,-2.619085489124275620e-02,-2.171117390468376429e-01,-2.087238861527509481e+00
5.020000000000000000e+02,1.000000000000000000e+00,3.401703680765100907e-02,4.364963890655315204e+00,-2.301062453030262508e-02,2.052672307629394011e-02,-2.153497276189823006e-01,-2.053811297079219500e+00,2.933175381481759741e-02,-1.599016538959141809e-01,-3.983610275683976271e-02,-1.577636830712401572e+00,-5.367641090459830400e-01,-1.750723211292614379e-01,-2.075643176179398530e+00,-2.097327853829680511e-01,-3.786337680396491545e-01,-6.024092410157287913e-01,-1.620206200776279193e+00,-2.619085489124275620e-02,-2.171117390468376429e-01,-2.087238861527509481e+00
5.030000000000000000e+02,1.000000000000000000e+00,3.401703680765100907e-02,4.364963890655315204e+00,-2.301062453030262508e-02,2.052672307629394011e-02,-2.153497276189823006e-01,-2.053811297079219500e+00,2.933175381481759741e-02,-1.599016538959141809e-01,-3.983610275683976271e-02,-1.577636830712401572e+00,-5.367641090459830400e-01,-1.750723211292614379e-01,-2.075643176179398530e+00,-2.097327853829680511e-01,-3.786337680396491545e-01,-6.024092410157287913e-01,-1.620206200776279193e+00,-2.619085489124275620e-02,-2.171117390468376429e-01,-2.087238861527509481e+00
5.040000000000000000e+02,1.000000000000000000e+00,3.401703680765100907e-02,4.364963890655315204e+00,-2.301062453030262508e-02,2.052672307629394011e-02,-2.153497276189823006e-01,-2.053811297079219500e+00,2.933175381481759741e-02,-1.599016538959141809e-01,-3.983610275683976271e-02,-1.577636830712401572e+00,-5.367641090459830400e-01,-1.750723211292614379e-01,-2.075643176179398530e+00,-2.097327853829680511e-01,-3.786337680396491545e-01,-6.024092410157287913e-01,-1.620206200776279193e+00,-2.619085489124275620e-02,-2.171117390468376429e-01,-2.087238861527509481e+00
5.050000000000000000e+02,1.000000000000000000e+00,3.401703680765100907e-02,4.364963890655315204e+00,-2.301062453030262508e-02,2.052672307629394011e-02,-2.153497276189823006e-01,-2.053811297079219500e+00,2.933175381481759741e-02,-1.599016538959141809e-01,-3.983610275683976271e-02,-1.577636830712401572e+00,-5.367641090459830400e-01,-1.750723211292614379e-01,-2.075643176179398530e+00,-2.097327853829680511e-01,-3.786337680396491545e-01,-6.024092410157287913e-01,-1.620206200776279193e+00,-2.619085489124275620e-02,-2.171117390468376429e-01,-2.087238861527509481e+00
5.060000000000000000e+02,1.000000000000000000e+00,3.401703680765100907e-02,4.364963890655315204e+00,-2.301062453030262508e-02,2.052672307629394011e-02,-2.153497276189823006e-01,-2.053811297079219500e+00,2.933175381481759741e-02,-1.599016538959141809e-01,-3.983610275683976271e-02,-1.577636830712401572e+00,-5.367641090459830400e-01,-1.750723211292614379e-01,-2.075643176179398530e+00,-2.097327853829680511e-01,-3.786337680396491545e-01,-6.024092410157287913e-01,-1.620206200776279193e+00,-2.619085489124275620e-02,-2.171117390468376429e-01,-2.087238861527509481e+00
5.070000000000000000e+02,1.000000000000000000e+00,3.401703680765100907e-02,4.364963890655315204e+00,-2.301062453030262508e-02,2.052672307629394011e-02,-2.153497276189823006e-01,-2.053811297079219500e+00,2.933175381481759741e-02,-1.599016538959141809e-01,-3.983610275683976271e-02,-1.577636830712401572e+00,-5.367641090459830400e-01,-1.750723211292614379e-01,-2.075643176179398530e+00,-2.097327853829680511e-01,-3.786337680396491545e-01,-6.024092410157287913e-01,-1.620206200776279193e+00,-2.619085489124275620e-02,-2.171117390468376429e-01,-2.087238861527509481e+00
5.080000000000000000e+02,1.000000000000000000e+00,3.401703680765100907e-02,4.364963890655315204e+00,-2.301062453030262508e-02,2.052672307629394011e-02,-2.153497276189823006e-01,-2.053811297079219500e+00,2.933175381481759741e-02,-1.599016538959141809e-01,-3.983610275683976271e-02,-1.577636830712401572e+00,-5.367641090459830400e-01,-1.750723211292614379e-01,-2.075643176179398530e+00,-2.097327853829680511e-01,-3.786337680396491545e-01,-6.024092410157287913e-01,-1.620206200776279193e+00,-2.619085489124275620e-02,-2.171117390468376429e-01,-2.087238861527509481e+00
5.090000000000000000e+02,1.000000000000000000e+00,3.401703680765100907e-02,4.364963890655315204e+00,-2.301062453030262508e-02,2.052672307629394011e-02,-2.153497276189823006e-01,-2.053811297079219500e+00,2.933175381481759741e-02,-1.599016538959141809e-01,-3.983610275683976271e-02,-1.577636830712401572e+00,-5.367641090459830400e-01,-1.750723211292614379e-01,-2.075643176179398530e+00,-2.097327853829680511e-01,-3.786337680396491545e-01,-6.024092410157287913e-01,-1.620206200776279193e+00,-2.619085489124275620e-02,-2.171117390468376429e-01,-2.087238861527509481e+00
5.100000000000000000e+02,1.000000000000000000e+00,3.401703680765100907e-02,4.364963890655315204e+00,-2.301062453030262508e-02,2.052672307629394011e-02,-2.153497276189823006e-01,-2.053811297079219500e+00,2.933175381481759741e-02,-1.599016538959141809e-01,-3.983610275683976271e-02,-1.577636830712401572e+00,-5.367641090459830400e-01,-1.750723211292614379e-01,-2.075643176179398530e+00,-2.097327853829680511e-01,-3.786337680396491545e-01,-6.024092410157287913e-01,-1.620206200776279193e+00,-2.619085489124275620e-02,-2.171117390468376429e-01,-2.087238861527509481e+00
5.110000000000000000e+02,1.000000000000000000e+00,3.401703680765100907e-02,4.364963890655315204e+00,-2.301062453030262508e-02,2.052672307629394011e-02,-2.153497276189823006e-01,-2.053811297079219500e+00,2.933175381481759741e-02,-1.599016538959141809e-01,-3.983610275683976271e-02,-1.577636830712401572e+00,-5.367641090459830400e-01,-1.750723211292614379e-01,-2.075643176179398530e+00,-2.097327853829680511e-01,-3.786337680396491545e-01,-6.024092410157287913e-01,-1.620206200776279193e+00,-2.619085489124275620e-02,-2.171117390468376429e-01,-2.087238861527509481e+00
5.120000000000000000e+02,1.000000000000000000e+00,3.401703680765100907e-02,4.364963890655315204e+00,-2.301062453030262508e-02,2.052672307629394011e-02,-2.153497276189823006e-01,-2.053811297079219500e+00,2.933175381481759741e-02,-1.599016538959141809e-01,-3.983610275683976271e-02,-1.577636830712401572e+00,-5.367641090459830400e-01,-1.750723211292614379e-01,-2.075643176179398530e+00,-2.097327853829680511e-01,-3.786337680396491545e-01,-6.024092410157287913e-01,-1.620206200776279193e+00,-2.619085489124275620e-02,-2.171117390468376429e-01,-2.087238861527509481e+00
5.130000000000000000e+02,1.000000000000000000e+00,3.401703680765100907e-02,4.364963890655315204e+00,-2.301062453030262508e-02,2.052672307629394011e-02,-2.153497276189823006e-01,-2.053811297079219500e+00,2.933175381481759741e-02,-1.599016538959141809e-01,-3.983610275683976271e-02,-1.577636830712401572e+00,-5.367641090459830400e-01,-1.750723211292614379e-01,-2.075643176179398530e+00,-2.097327853829680511e-01,-3.786337680396491545e-01,-6.024092410157287913e-01,-1.620206200776279193e+00,-2.619085489124275620e-02,-2.171117390468376429e-01,-2.087238861527509481e+00
5.140000000000000000e+02,1.000000000000000000e+00,3.401703680765100907e-02,4.364963890655315204e+00,-2.301062453030262508e-02,2.052672307629394011e-02,-2.153497276189823006e-01,-2.053811297079219500e+00,2.933175381481759741e-02,-1.599016538959141809e-01,-3.983610275683976271e-02,-1.577636830712401572e+00,-5.367641090459830400e-01,-1.750723211292614379e-01,-2.075643176179398530e+00,-2.097327853829680511e-01,-3.786337680396491545e-01,-6.024092410157287913e-01,-1.620206200776279193e+00,-2.619085489124275620e-02,-2.171117390468376429e-01,-2.087238861527509481e+00
5.150000000000000000e+02,1.000000000000000000e+00,3.401703680765100907e-02,4.364963890655315204e+00,-2.301062453030262508e-02,2.052672307629394011e-02,-2.153497276189823006e-01,-2.053811297079219500e+00,2.933175381481759741e-02,-1.599016538959141809e-01,-3.983610275683976271e-02,-1.577636830712401572e+00,-5.367641090459830400e-01,-1.750723211292614379e-01,-2.075643176179398530e+00,-2.097327853829680511e-01,-3.786337680396491545e-01,-6.024092410157287913e-01,-1.620206200776279193e+00,-2.619085489124275620e-02,-2.171117390468376429e-01,-2.087238861527509481e+00
5.160000000000000000e+02,1.000000000000000000e+00,3.401703680765100907e-02,4.364963890655315204e+00,-2.301062453030262508e-02,2.052672307629394011e-02,-2.153497276189823006e-01,-2.053811297079219500e+00,2.933175381481759741e-02,-1.599016538959141809e-01,-3.983610275683976271e-02,-1.577636830712401572e+00,-5.367641090459830400e-01,-1.750723211292614379e-01,-2.075643176179398530e+00,-2.097327853829680511e-01,-3.786337680396491545e-01,-6.024092410157287913e-01,-1.620206200776279193e+00,-2.619085489124275620e-02,-2.171117390468376429e-01,-2.087238861527509481e+00
5.170000000000000000e+02,1.000000000000000000e+00,3.401703680765100907e-02,4.364963890655315204e+00,-2.301062453030262508e-02,2.052672307629394011e-02,-2.153497276189823006e-01,-2.053811297079219500e+00,2.933175381481759741e-02,-1.599016538959141809e-01,-3.983610275683976271e-02,-1.577636830712401572e+00,-5.367641090459830400e-01,-1.750723211292614379e-01,-2.075643176179398530e+00,-2.097327853829680511e-01,-3.786337680396491545e-01,-6.024092410157287913e-01,-1.620206200776279193e+00,-2.619085489124275620e-02,-2.171117390468376429e-01,-2.087238861527509481e+00
5.180000000000000000e+02,1.000000000000000000e+00,3.401703680765100907e-02,4.364963890655315204e+00,-2.301062453030262508e-02,2.052672307629394011e-02,-2.153497276189823006e-01,-2.053811297079219500e+00,2.933175381481759741e-02,-1.599016538959141809e-01,-3.983610275683976271e-02,-1.577636830712401572e+00,-5.367641090459830400e-01,-1.750723211292614379e-01,-2.075643176179398530e+00,-2.097327853829680511e-01,-3.786337680396491545e-01,-6.024092410157287913e-01,-1.620206200776279193e+00,-2.619085489124275620e-02,-2.171117390468376429e-01,-2.087238861527509481e+00
5.190000000000000000e+02,1.000000000000000000e+00,3.401703680765100907e-02,4.364963890655315204e+00,-2.301062453030262508e-02,2.052672307629394011e-02,-2.153497276189823006e-01,-2.053811297079219500e+00,2.933175381481759741e-02,-1.599016538959141809e-01,-3.983610275683976271e-02,-1.577636830712401572e+00,-5.367641090459830400e-01,-1.750723211292614379e-01,-2.075643176179398530e+00,-2.097327853829680511e-01,-3.786337680396491545e-01,-6.024092410157287913e-01,-1.620206200776279193e+00,-2.619085489124275620e-02,-2.171117390468376429e-01,-2.087238861527509481e+00
5.200000000000000000e+02,1.000000000000000000e+00,3.401703680765100907e-02,4.364963890655315204e+00,-2.301062453030262508e-02,2.052672307629394011e-02,-2.153497276189823006e-01,-2.053811297079219500e+00,2.933175381481759741e-02,-1.599016538959141809e-01,-3.983610275683976271e-02,-1.577636830712401572e+00,-5.367641090459830400e-01,-1.750723211292614379e-01,-2.075643176179398530e+00,-2.097327853829680511e-01,-3.786337680396491545e-01,-6.024092410157287913e-01,-1.620206200776279193e+00,-2.619085489124275620e-02,-2.171117390468376429e-01,-2.087238861527509481e+00
5.210000000000000000e+02,1.000000000000000000e+00,3.401703680765100907e-02,4.364963890655315204e+00,-2.301062453030262508e-02,2.052672307629394011e-02,-2.153497276189823006e-01,-2.053811297079219500e+00,2.933175381481759741e-02,-1.599016538959141809e-01,-3.983610275683976271e-02,-1.577636830712401572e+00,-5.367641090459830400e-01,-1.750723211292614379e-01,-2.075643176179398530e+00,-2.097327853829680511e-01,-3.786337680396491545e-01,-6.024092410157287913e-01,-1.620206200776279193e+00,-2.619085489124275620e-02,-2.171117390468376429e-01,-2.087238861527509481e+00
5.220000000000000000e+02,1.000000000000000000e+00,3.401703680765100907e-02,4.364963890655315204e+00,-2.301062453030262508e-02,2.052672307629394011e-02,-2.153497276189823006e-01,-2.053811297079219500e+00,2.933175381481759741e-02,-1.599016538959141809e-01,-3.983610275683976271e-02,-1.577636830712401572e+00,-5.367641090459830400e-01,-1.750723211292614379e-01,-2.075643176179398530e+00,-2.097327853829680511e-01,-3.786337680396491545e-01,-6.024092410157287913e-01,-1.620206200776279193e+00,-2.619085489124275620e-02,-2.171117390468376429e-01,-2.087238861527509481e+00
5.230000000000000000e+02,1.000000000000000000e+00,3.401703680765100907e-02,4.364963890655315204e+00,-2.301062453030262508e-02,2.052672307629394011e-02,-2.153497276189823006e-01,-2.053811297079219500e+00,2.933175381481759741e-02,-1.599016538959141809e-01,-3.983610275683976271e-02,-1.577636830712401572e+00,-5.367641090459830400e-01,-1.750723211292614379e-01,-2.075643176179398530e+00,-2.097327853829680511e-01,-3.786337680396491545e-01,-6.024092410157287913e-01,-1.620206200776279193e+00,-2.619085489124275620e-02,-2.171117390468376429e-01,-2.087238861527509481e+00
5.240000000000000000e+02,1.000000000000000000e+00,3.401703680765100907e-02,4.364963890655315204e+00,-2.301062453030262508e-02,2.052672307629394011e-02,-2.153497276189823006e-01,-2.053811297079219500e+00,2.933175381481759741e-02,-1.599016538959141809e-01,-3.983610275683976271e-02,-1.577636830712401572e+00,-5.367641090459830400e-01,-1.750723211292614379e-01,-2.075643176179398530e+00,-2.097327853829680511e-01,-3.786337680396491545e-01,-6.024092410157287913e-01,-1.620206200776279193e+00,-2.619085489124275620e-02,-2.171117390468376429e-01,-2.087238861527509481e+00
5.250000000000000000e+02,1.000000000000000000e+00,3.401703680765100907e-02,4.364963890655315204e+00,-2.301062453030262508e-02,2.052672307629394011e-02,-2.153497276189823006e-01,-2.053811297079219500e+00,2.933175381481759741e-02,-1.599016538959141809e-01,-3.983610275683976271e-02,-1.577636830712401572e+00,-5.367641090459830400e-01,-1.750723211292614379e-01,-2.075643176179398530e+00,-2.097327853829680511e-01,-3.786337680396491545e-01,-6.024092410157287913e-01,-1.620206200776279193e+00,-2.619085489124275620e-02,-2.171117390468376429e-01,-2.087238861527509481e+00
5.260000000000000000e+02,1.000000000000000000e+00,3.401703680765100907e-02,4.364963890655315204e+00,-2.301062453030262508e-02,2.052672307629394011e-02,-2.153497276189823006e-01,-2.053811297079219500e+00,2.933175381481759741e-02,-1.599016538959141809e-01,-3.983610275683976271e-02,-1.577636830712401572e+00,-5.367641090459830400e-01,-1.750723211292614379e-01,-2.075643176179398530e+00,-2.097327853829680511e-01,-3.786337680396491545e-01,-6.024092410157287913e-01,-1.620206200776279193e+00,-2.619085489124275620e-02,-2.171117390468376429e-01,-2.087238861527509481e+00
5.270000000000000000e+02,1.000000000000000000e+00,3.401703680765100907e-02,4.364963890655315204e+00,-2.301062453030262508e-02,2.052672307629394011e-02,-2.153497276189823006e-01,-2.053811297079219500e+00,2.933175381481759741e-02,-1.599016538959141809e-01,-3.983610275683976271e-02,-1.577636830712401572e+00,-5.367641090459830400e-01,-1.750723211292614379e-01,-2.075643176179398530e+00,-2.097327853829680511e-01,-3.786337680396491545e-01,-6.024092410157287913e-01,-1.620206200776279193e+00,-2.619085489124275620e-02,-2.171117390468376429e-01,-2.087238861527509481e+00
5.280000000000000000e+02,1.000000000000000000e+00,3.401703680765100907e-02,4.364963890655315204e+00,-2.301062453030262508e-02,2.052672307629394011e-02,-2.153497276189823006e-01,-2.053811297079219500e+00,2.933175381481759741e-02,-1.599016538959141809e-01,-3.983610275683976271e-02,-1.577636830712401572e+00,-5.367641090459830400e-01,-1.750723211292614379e-01,-2.075643176179398530e+00,-2.097327853829680511e-01,-3.786337680396491545e-01,-6.024092410157287913e-01,-1.620206200776279193e+00,-2.619085489124275620e-02,-2.171117390468376429e-01,-2.087238861527509481e+00
5.290000000000000000e+02,1.000000000000000000e+00,3.401703680765100907e-02,4.364963890655315204e+00,-2.301062453030262508e-02,2.052672307629394011e-02,-2.153497276189823006e-01,-2.053811297079219500e+00,2.933175381481759741e-02,-1.599016538959141809e-01,-3.983610275683976271e-02,-1.577636830712401572e+00,-5.367641090459830400e-01,-1.750723211292614379e-01,-2.075643176179398530e+00,-2.097327853829680511e-01,-3.786337680396491545e-01,-6.024092410157287913e-01,-1.620206200776279193e+00,-2.619085489124275620e-02,-2.171117390468376429e-01,-2.087238861527509481e+00
5.300000000000000000e+02,1.000000000000000000e+00,3.401703680765100907e-02,4.364963890655315204e+00,-2.301062453030262508e-02,2.052672307629394011e-02,-2.153497276189823006e-01,-2.053811297079219500e+00,2.933175381481759741e-02,-1.599016538959141809e-01,-3.983610275683976271e-02,-1.577636830712401572e+00,-5.367641090459830400e-01,-1.750723211292614379e-01,-2.075643176179398530e+00,-2.097327853829680511e-01,-3.786337680396491545e-01,-6.024092410157287913e-01,-1.620206200776279193e+00,-2.619085489124275620e-02,-2.171117390468376429e-01,-2.087238861527509481e+00
5.310000000000000000e+02,1.000000000000000000e+00,3.401703680765100907e-02,4.364963890655315204e+00,-2.301062453030262508e-02,2.052672307629394011e-02,-2.153497276189823006e-01,-2.053811297079219500e+00,2.933175381481759741e-02,-1.599016538959141809e-01,-3.983610275683976271e-02,-1.577636830712401572e+00,-5.367641090459830400e-01,-1.750723211292614379e-01,-2.075643176179398530e+00,-2.097327853829680511e-01,-3.786337680396491545e-01,-6.024092410157287913e-01,-1.620206200776279193e+00,-2.619085489124275620e-02,-2.171117390468376429e-01,-2.087238861527509481e+00
5.320000000000000000e+02,1.000000000000000000e+00,3.401703680765100907e-02,4.364963890655315204e+00,-2.301062453030262508e-02,2.052672307629394011e-02,-2.153497276189823006e-01,-2.053811297079219500e+00,2.933175381481759741e-02,-1.599016538959141809e-01,-3.983610275683976271e-02,-1.577636830712401572e+00,-5.367641090459830400e-01,-1.750723211292614379e-01,-2.075643176179398530e+00,-2.097327853829680511e-01,-3.786337680396491545e-01,-6.024092410157287913e-01,-1.620206200776279193e+00,-2.619085489124275620e-02,-2.171117390468376429e-01,-2.087238861527509481e+00
5.330000000000000000e+02,1.000000000000000000e+00,3.401703680765100907e-02,4.364963890655315204e+00,-2.301062453030262508e-02,2.052672307629394011e-02,-2.153497276189823006e-01,-2.053811297079219500e+00,2.933175381481759741e-02,-1.599016538959141809e-01,-3.983610275683976271e-02,-1.577636830712401572e+00,-5.367641090459830400e-01,-1.750723211292614379e-01,-2.075643176179398530e+00,-2.097327853829680511e-01,-3.786337680396491545e-01,-6.024092410157287913e-01,-1.620206200776279193e+00,-2.619085489124275620e-02,-2.171117390468376429e-01,-2.087238861527509481e+00
5.340000000000000000e+02,1.000000000000000000e+00,3.401703680765100907e-02,4.364963890655315204e+00,-2.301062453030262508e-02,2.052672307629394011e-02,-2.153497276189823006e-01,-2.053811297079219500e+00,2.933175381481759741e-02,-1.599016538959141809e-01,-3.983610275683976271e-02,-1.577636830712401572e+00,-5.367641090459830400e-01,-1.750723211292614379e-01,-2.075643176179398530e+00,-2.097327853829680511e-01,-3.786337680396491545e-01,-6.024092410157287913e-01,-1.620206200776279193e+00,-2.619085489124275620e-02,-2.171117390468376429e-01,-2.087238861527509481e+00
5.350000000000000000e+02,1.000000000000000000e+00,3.401703680765100907e-02,4.364963890655315204e+00,-2.301062453030262508e-02,2.052672307629394011e-02,-2.153497276189823006e-01,-2.053811297079219500e+00,2.933175381481759741e-02,-1.599016538959141809e-01,-3.983610275683976271e-02,-1.577636830712401572e+00,-5.367641090459830400e-01,-1.750723211292614379e-01,-2.075643176179398530e+00,-2.097327853829680511e-01,-3.786337680396491545e-01,-6.024092410157287913e-01,-1.620206200776279193e+00,-2.619085489124275620e-02,-2.171117390468376429e-01,-2.087238861527509481e+00
5.360000000000000000e+02,1.000000000000000000e+00,3.401703680765100907e-02,4.364963890655315204e+00,-2.301062453030262508e-02,2.052672307629394011e-02,-2.153497276189823006e-01,-2.053811297079219500e+00,2.933175381481759741e-02,-1.599016538959141809e-01,-3.983610275683976271e-02,-1.577636830712401572e+00,-5.367641090459830400e-01,-1.750723211292614379e-01,-2.075643176179398530e+00,-2.097327853829680511e-01,-3.786337680396491545e-01,-6.024092410157287913e-01,-1.620206200776279193e+00,-2.619085489124275620e-02,-2.171117390468376429e-01,-2.087238861527509481e+00
5.370000000000000000e+02,1.000000000000000000e+00,3.401703680765100907e-02,4.364963890655315204e+00,-2.301062453030262508e-02,2.052672307629394011e-02,-2.153497276189823006e-01,-2.053811297079219500e+00,2.933175381481759741e-02,-1.599016538959141809e-01,-3.983610275683976271e-02,-1.577636830712401572e+00,-5.367641090459830400e-01,-1.750723211292614379e-01,-2.075643176179398530e+00,-2.097327853829680511e-01,-3.786337680396491545e-01,-6.024092410157287913e-01,-1.620206200776279193e+00,-2.619085489124275620e-02,-2.171117390468376429e-01,-2.087238861527509481e+00
5.380000000000000000e+02,1.000000000000000000e+00,2.888093421081690260e-02,4.364963890655315204e+00,-2.301062453030262508e-02,2.052672307629394011e-02,-2.153497276189823006e-01,-2.053811297079219500e+00,2.933175381481759741e-02,-1.599016538959141809e-01,-3.983610275683976271e-02,-1.577636830712401572e+00,-5.367641090459830400e-01,-1.750723211292614379e-01,-2.075643176179398530e+00,-2.097327853829680511e-01,-3.786337680396491545e-01,-6.024092410157287913e-01,-1.620206200776279193e+00,-2.619085489124275620e-02,-2.171117390468376429e-01,-2.087238861527509481e+00
5.390000000000000000e+02,1.000000000000000000e+00,2.888093421081690260e-02,4.364963890655315204e+00,-2.301062453030262508e-02,2.052672307629394011e-02,-2.153497276189823006e-01,-2.053811297079219500e+00,2.933175381481759741e-02,-1.599016538959141809e-01,-3.983610275683976271e-02,-1.577636830712401572e+00,-5.367641090459830400e-01,-1.750723211292614379e-01,-2.075643176179398530e+00,-2.097327853829680511e-01,-3.786337680396491545e-01,-6.024092410157287913e-01,-1.620206200776279193e+00,-2.619085489124275620e-02,-2.171117390468376429e-01,-2.087238861527509481e+00
5.400000000000000000e+02,1.000000000000000000e+00,2.888093421081690260e-02,4.364963890655315204e+00,-2.301062453030262508e-02,2.052672307629394011e-02,-2.153497276189823006e-01,-2.053811297079219500e+00,2.933175381481759741e-02,-1.599016538959141809e-01,-3.983610275683976271e-02,-1.577636830712401572e+00,-5.367641090459830400e-01,-1.750723211292614379e-01,-2.075643176179398530e+00,-2.097327853829680511e-01,-3.786337680396491545e-01,-6.024092410157287913e-01,-1.620206200776279193e+00,-2.619085489124275620e-02,-2.171117390468376429e-01,-2.087238861527509481e+00
5.410000000000000000e+02,1.000000000000000000e+00,2.888093421081690260e-02,4.364963890655315204e+00,-2.301062453030262508e-02,2.052672307629394011e-02,-2.153497276189823006e-01,-2.053811297079219500e+00,2.933175381481759741e-02,-1.599016538959141809e-01,-3.983610275683976271e-02,-1.577636830712401572e+00,-5.367641090459830400e-01,-1.750723211292614379e-01,-2.075643176179398530e+00,-2.097327853829680511e-01,-3.786337680396491545e-01,-6.024092410157287913e-01,-1.620206200776279193e+00,-2.619085489124275620e-02,-2.171117390468376429e-01,-2.087238861527509481e+00
5.420000000000000000e+02,1.000000000000000000e+00,2.888093421081690260e-02,4.364963890655315204e+00,-2.301062453030262508e-02,2.052672307629394011e-02,-2.153497276189823006e-01,-2.053811297079219500e+00,2.933175381481759741e-02,-1.599016538959141809e-01,-3.983610275683976271e-02,-1.577636830712401572e+00,-5.367641090459830400e-01,-1.750723211292614379e-01,-2.075643176179398530e+00,-2.097327853829680511e-01,-3.786337680396491545e-01,-6.024092410157287913e-01,-1.620206200776279193e+00,-2.619085489124275620e-02,-2.171117390468376429e-01,-2.087238861527509481e+00
5.430000000000000000e+02,1.000000000000000000e+00,2.888093421081690260e-02,4.364963890655315204e+00,-2.301062453030262508e-02,2.052672307629394011e-02,-2.153497276189823006e-01,-2.053811297079219500e+00,2.933175381481759741e-02,-1.599016538959141809e-01,-3.983610275683976271e-02,-1.577636830712401572e+00,-5.367641090459830400e-01,-1.750723211292614379e-01,-2.075643176179398530e+00,-2.097327853829680511e-01,-3.786337680396491545e-01,-6.024092410157287913e-01,-1.620206200776279193e+00,-2.619085489124275620e-02,-2.171117390468376429e-01,-2.087238861527509481e+00
5.440000000000000000e+02,1.000000000000000000e+00,2.888093421081690260e-02,4.364963890655315204e+00,-2.301062453030262508e-02,2.052672307629394011e-02,-2.153497276189823006e-01,-2.053811297079219500e+00,2.933175381481759741e-02,-1.599016538959141809e-01,-3.983610275683976271e-02,-1.577636830712401572e+00,-5.367641090459830400e-01,-1.750723211292614379e-01,-2.075643176179398530e+00,-2.097327853829680511e-01,-3.786337680396491545e-01,-6.024092410157287913e-01,-1.620206200776279193e+00,-2.619085489124275620e-02,-2.171117390468376429e-01,-2.087238861527509481e+00
5.450000000000000000e+02,1.000000000000000000e+00,2.888093421081690260e-02,4.364963890655315204e+00,-2.301062453030262508e-02,2.052672307629394011e-02,-2.153497276189823006e-01,-2.053811297079219500e+00,2.933175381481759741e-02,-1.599016538959141809e-01,-3.983610275683976271e-02,-1.577636830712401572e+00,-5.367641090459830400e-01,-1.750723211292614379e-01,-2.075643176179398530e+00,-2.097327853829680511e-01,-3.786337680396491545e-01,-6.024092410157287913e-01,-1.620206200776279193e+00,-2.619085489124275620e-02,-2.171117390468376429e-01,-2.087238861527509481e+00
5.460000000000000000e+02,1.000000000000000000e+00,2.888093421081690260e-02,4.364963890655315204e+00,-2.301062453030262508e-02,2.052672307629394011e-02,-2.153497276189823006e-01,-2.053811297079219500e+00,2.933175381481759741e-02,-1.599016538959141809e-01,-3.983610275683976271e-02,-1.577636830712401572e+00,-5.367641090459830400e-01,-1.750723211292614379e-01,-2.075643176179398530e+00,-2.097327853829680511e-01,-3.786337680396491545e-01,-6.024092410157287913e-01,-1.620206200776279193e+00,-2.619085489124275620e-02,-2.171117390468376429e-01,-2.087238861527509481e+00
5.470000000000000000e+02,1.000000000000000000e+00,2.888093421081690260e-02,4.364963890655315204e+00,-2.301062453030262508e-02,2.052672307629394011e-02,-2.153497276189823006e-01,-2.053811297079219500e+00,2.933175381481759741e-02,-1.599016538959141809e-01,-3.983610275683976271e-02,-1.577636830712401572e+00,-5.367641090459830400e-01,-1.750723211292614379e-01,-2.075643176179398530e+00,-2.097327853829680511e-01,-3.786337680396491545e-01,-6.024092410157287913e-01,-1.620206200776279193e+00,-2.619085489124275620e-02,-2.171117390468376429e-01,-2.087238861527509481e+00
5.480000000000000000e+02,1.000000000000000000e+00,2.888093421081690260e-02,4.364963890655315204e+00,-2.301062453030262508e-02,2.052672307629394011e-02,-2.153497276189823006e-01,-2.053811297079219500e+00,2.933175381481759741e-02,-1.599016538959141809e-01,-3.983610275683976271e-02,-1.577636830712401572e+00,-5.367641090459830400e-01,-1.750723211292614379e-01,-2.075643176179398530e+00,-2.097327853829680511e-01,-3.786337680396491545e-01,-6.024092410157287913e-01,-1.620206200776279193e+00,-2.619085489124275620e-02,-2.171117390468376429e-01,-2.087238861527509481e+00
5.490000000000000000e+02,1.000000000000000000e+00,2.888093421081690260e-02,4.364963890655315204e+00,-2.301062453030262508e-02,2.052672307629394011e-02,-2.153497276189823006e-01,-2.053811297079219500e+00,2.933175381481759741e-02,-1.599016538959141809e-01,-3.983610275683976271e-02,-1.577636830712401572e+00,-5.367641090459830400e-01,-1.750723211292614379e-01,-2.075643176179398530e+00,-2.097327853829680511e-01,-3.786337680396491545e-01,-6.024092410157287913e-01,-1.620206200776279193e+00,-2.619085489124275620e-02,-2.171117390468376429e-01,-2.087238861527509481e+00
5.500000000000000000e+02,1.000000000000000000e+00,2.888093421081690260e-02,4.364963890655315204e+00,-2.301062453030262508e-02,2.052672307629394011e-02,-2.153497276189823006e-01,-2.053811297079219500e+00,2.933175381481759741e-02,-1.599016538959141809e-01,-3.983610275683976271e-02,-1.577636830712401572e+00,-5.367641090459830400e-01,-1.750723211292614379e-01,-2.075643176179398530e+00,-2.097327853829680511e-01,-3.786337680396491545e-01,-6.024092410157287913e-01,-1.620206200776279193e+00,-2.619085489124275620e-02,-2.171117390468376429e-01,-2.087238861527509481e+00
5.510000000000000000e+02,1.000000000000000000e+00,2.888093421081690260e-02,4.364963890655315204e+00,-2.301062453030262508e-02,2.052672307629394011e-02,-2.153497276189823006e-01,-2.053811297079219500e+00,2.933175381481759741e-02,-1.599016538959141809e-01,-3.983610275683976271e-02,-1.577636830712401572e+00,-5.367641090459830400e-01,-1.750723211292614379e-01,-2.075643176179398530e+00,-2.097327853829680511e-01,-3.786337680396491545e-01,-6.024092410157287913e-01,-1.620206200776279193e+00,-2.619085489124275620e-02,-2.171117390468376429e-01,-2.087238861527509481e+00
5.520000000000000000e+02,1.000000000000000000e+00,2.888093421081690260e-02,4.364963890655315204e+00,-2.301062453030262508e-02,2.052672307629394011e-02,-2.153497276189823006e-01,-2.053811297079219500e+00,2.933175381481759741e-02,-1.599016538959141809e-01,-3.983610275683976271e-02,-1.577636830712401572e+00,-5.367641090459830400e-01,-1.750723211292614379e-01,-2.075643176179398530e+00,-2.097327853829680511e-01,-3.786337680396491545e-01,-6.024092410157287913e-01,-1.620206200776279193e+00,-2.619085489124275620e-02,-2.171117390468376429e-01,-2.087238861527509481e+00
5.530000000000000000e+02,1.000000000000000000e+00,2.888093421081690260e-02,4.364963890655315204e+00,-2.301062453030262508e-02,2.052672307629394011e-02,-2.153497276189823006e-01,-2.053811297079219500e+00,2.933175381481759741e-02,-1.599016538959141809e-01,-3.983610275683976271e-02,-1.577636830712401572e+00,-5.367641090459830400e-01,-1.750723211292614379e-01,-2.075643176179398530e+00,-2.097327853829680511e-01,-3.786337680396491545e-01,-6.024092410157287913e-01,-1.620206200776279193e+00,-2.619085489124275620e-02,-2.171117390468376429e-01,-2.087238861527509481e+00
5.540000000000000000e+02,1.000000000000000000e+00,2.888093421081690260e-02,4.364963890655315204e+00,-2.301062453030262508e-02,2.052672307629394011e-02,-2.153497276189823006e-01,-2.053811297079219500e+00,2.933175381481759741e-02,-1.599016538959141809e-01,-3.983610275683976271e-02,-1.577636830712401572e+00,-5.367641090459830400e-01,-1.750723211292614379e-01,-2.075643176179398530e+00,-2.097327853829680511e-01,-3.786337680396491545e-01,-6.024092410157287913e-01,-1.620206200776279193e+00,-2.619085489124275620e-02,-2.171117390468376429e-01,-2.087238861527509481e+00
5.550000000000000000e+02,1.000000000000000000e+00,2.888093421081690260e-02,4.364963890655315204e+00,-2.301062453030262508e-02,2.052672307629394011e-02,-2.153497276189823006e-01,-2.053811297079219500e+00,2.933175381481759741e-02,-1.599016538959141809e-01,-3.983610275683976271e-02,-1.577636830712401572e+00,-5.367641090459830400e-01,-1.750723211292614379e-01,-2.075643176179398530e+00,-2.097327853829680511e-01,-3.786337680396491545e-01,-6.024092410157287913e-01,-1.620206200776279193e+00,-2.619085489124275620e-02,-2.171117390468376429e-01,-2.087238861527509481e+00
5.560000000000000000e+02,1.000000000000000000e+00,2.888093421081690260e-02,4.364963890655315204e+00,-2.301062453030262508e-02,2.052672307629394011e-02,-2.153497276189823006e-01,-2.053811297079219500e+00,2.933175381481759741e-02,-1.599016538959141809e-01,-3.983610275683976271e-02,-1.577636830712401572e+00,-5.367641090459830400e-01,-1.750723211292614379e-01,-2.075643176179398530e+00,-2.097327853829680511e-01,-3.786337680396491545e-01,-6.024092410157287913e-01,-1.620206200776279193e+00,-2.619085489124275620e-02,-2.171117390468376429e-01,-2.087238861527509481e+00
5.570000000000000000e+02,1.000000000000000000e+00,2.888093421081690260e-02,4.364963890655315204e+00,-2.301062453030262508e-02,2.052672307629394011e-02,-2.153497276189823006e-01,-2.053811297079219500e+00,2.933175381481759741e-02,-1.599016538959141809e-01,-3.983610275683976271e-02,-1.577636830712401572e+00,-5.367641090459830400e-01,-1.750723211292614379e-01,-2.075643176179398530e+00,-2.097327853829680511e-01,-3.786337680396491545e-01,-6.024092410157287913e-01,-1.620206200776279193e+00,-2.619085489124275620e-02,-2.171117390468376429e-01,-2.087238861527509481e+00
5.580000000000000000e+02,1.000000000000000000e+00,2.888093421081690260e-02,4.364963890655315204e+00,-2.301062453030262508e-02,2.052672307629394011e-02,-2.153497276189823006e-01,-2.053811297079219500e+00,2.933175381481759741e-02,-1.599016538959141809e-01,-3.983610275683976271e-02,-1.577636830712401572e+00,-5.367641090459830400e-01,-1.750723211292614379e-01,-2.075643176179398530e+00,-2.097327853829680511e-01,-3.786337680396491545e-01,-6.024092410157287913e-01,-1.620206200776279193e+00,-2.619085489124275620e-02,-2.171117390468376429e-01,-2.087238861527509481e+00
5.590000000000000000e+02,1.000000000000000000e+00,2.888093421081690260e-02,4.364963890655315204e+00,-2.301062453030262508e-02,2.052672307629394011e-02,-2.153497276189823006e-01,-2.053811297079219500e+00,2.933175381481759741e-02,-1.599016538959141809e-01,-3.983610275683976271e-02,-1.577636830712401572e+00,-5.367641090459830400e-01,-1.750723211292614379e-01,-2.075643176179398530e+00,-2.097327853829680511e-01,-3.786337680396491545e-01,-6.024092410157287913e-01,-1.620206200776279193e+00,-2.619085489124275620e-02,-2.171117390468376429e-01,-2.087238861527509481e+00
5.600000000000000000e+02,1.000000000000000000e+00,2.888093421081690260e-02,4.364963890655315204e+00,-2.301062453030262508e-02,2.052672307629394011e-02,-2.153497276189823006e-01,-2.053811297079219500e+00,2.933175381481759741e-02,-1.599016538959141809e-01,-3.983610275683976271e-02,-1.577636830712401572e+00,-5.367641090459830400e-01,-1.750723211292614379e-01,-2.075643176179398530e+00,-2.097327853829680511e-01,-3.786337680396491545e-01,-6.024092410157287913e-01,-1.620206200776279193e+00,-2.619085489124275620e-02,-2.171117390468376429e-01,-2.087238861527509481e+00
5.610000000000000000e+02,1.000000000000000000e+00,2.888093421081690260e-02,4.364963890655315204e+00,-2.301062453030262508e-02,2.052672307629394011e-02,-2.153497276189823006e-01,-2.053811297079219500e+00,2.933175381481759741e-02,-1.599016538959141809e-01,-3.983610275683976271e-02,-1.577636830712401572e+00,-5.367641090459830400e-01,-1.750723211292614379e-01,-2.075643176179398530e+00,-2.097327853829680511e-01,-3.786337680396491545e-01,-6.024092410157287913e-01,-1.620206200776279193e+00,-2.619085489124275620e-02,-2.171117390468376429e-01,-2.087238861527509481e+00
5.620000000000000000e+02,1.000000000000000000e+00,2.888093421081690260e-02,4.364963890655315204e+00,-2.301062453030262508e-02,2.052672307629394011e-02,-2.153497276189823006e-01,-2.053811297079219500e+00,2.933175381481759741e-02,-1.599016538959141809e-01,-3.983610275683976271e-02,-1.577636830712401572e+00,-5.367641090459830400e-01,-1.750723211292614379e-01,-2.075643176179398530e+00,-2.097327853829680511e-01,-3.786337680396491545e-01,-6.024092410157287913e-01,-1.620206200776279193e+00,-2.619085489124275620e-02,-2.171117390468376429e-01,-2.087238861527509481e+00
5.630000000000000000e+02,1.000000000000000000e+00,2.888093421081690260e-02,4.364963890655315204e+00,-2.301062453030262508e-02,2.052672307629394011e-02,-2.153497276189823006e-01,-2.053811297079219500e+00,2.933175381481759741e-02,-1.599016538959141809e-01,-3.983610275683976271e-02,-1.577636830712401572e+00,-5.367641090459830400e-01,-1.750723211292614379e-01,-2.075643176179398530e+00,-2.097327853829680511e-01,-3.786337680396491545e-01,-6.024092410157287913e-01,-1.620206200776279193e+00,-2.619085489124275620e-02,-2.171117390468376429e-01,-2.087238861527509481e+00
5.640000000000000000e+02,1.000000000000000000e+00,2.888093421081690260e-02,4.364963890655315204e+00,-2.301062453030262508e-02,2.052672307629394011e-02,-2.153497276189823006e-01,-2.053811297079219500e+00,2.933175381481759741e-02,-1.599016538959141809e-01,-3.983610275683976271e-02,-1.577636830712401572e+00,-5.367641090459830400e-01,-1.750723211292614379e-01,-2.075643176179398530e+00,-2.097327853829680511e-01,-3.786337680396491545e-01,-6.024092410157287913e-01,-1.620206200776279193e+00,-2.619085489124275620e-02,-2.171117390468376429e-01,-2.087238861527509481e+00
5.650000000000000000e+02,1.000000000000000000e+00,2.888093421081690260e-02,4.364963890655315204e+00,-2.301062453030262508e-02,2.052672307629394011e-02,-2.153497276189823006e-01,-2.053811297079219500e+00,2.933175381481759741e-02,-1.599016538959141809e-01,-3.983610275683976271e-02,-1.577636830712401572e+00,-5.367641090459830400e-01,-1.750723211292614379e-01,-2.075643176179398530e+00,-2.097327853829680511e-01,-3.786337680396491545e-01,-6.024092410157287913e-01,-1.620206200776279193e+00,-2.619085489124275620e-02,-2.171117390468376429e-01,-2.087238861527509481e+00
5.660000000000000000e+02,1.000000000000000000e+00,2.888093421081690260e-02,4.364963890655315204e+00,-2.301062453030262508e-02,2.052672307629394011e-02,-2.153497276189823006e-01,-2.053811297079219500e+00,2.933175381481759741e-02,-1.599016538959141809e-01,-3.983610275683976271e-02,-1.577636830712401572e+00,-5.367641090459830400e-01,-1.750723211292614379e-01,-2.075643176179398530e+00,-2.097327853829680511e-01,-3.786337680396491545e-01,-6.024092410157287913e-01,-1.620206200776279193e+00,-2.619085489124275620e-02,-2.171117390468376429e-01,-2.087238861527509481e+00
5.670000000000000000e+02,1.000000000000000000e+00,2.888093421081690260e-02,4.364963890655315204e+00,-2.301062453030262508e-02,2.052672307629394011e-02,-2.153497276189823006e-01,-2.053811297079219500e+00,2.933175381481759741e-02,-1.599016538959141809e-01,-3.983610275683976271e-02,-1.577636830712401572e+00,-5.367641090459830400e-01,-1.750723211292614379e-01,-2.075643176179398530e+00,-2.097327853829680511e-01,-3.786337680396491545e-01,-6.024092410157287913e-01,-1.620206200776279193e+00,-2.619085489124275620e-02,-2.171117390468376429e-01,-2.087238861527509481e+00
5.680000000000000000e+02,1.000000000000000000e+00,2.888093421081690260e-02,4.364963890655315204e+00,-2.301062453030262508e-02,2.052672307629394011e-02,-2.153497276189823006e-01,-2.053811297079219500e+00,2.933175381481759741e-02,-1.599016538959141809e-01,-3.983610275683976271e-02,-1.577636830712401572e+00,-5.367641090459830400e-01,-1.750723211292614379e-01,-2.075643176179398530e+00,-2.097327853829680511e-01,-3.786337680396491545e-01,-6.024092410157287913e-01,-1.620206200776279193e+00,-2.619085489124275620e-02,-2.171117390468376429e-01,-2.087238861527509481e+00
5.690000000000000000e+02,1.000000000000000000e+00,2.888093421081690260e-02,4.364963890655315204e+00,-2.301062453030262508e-02,2.052672307629394011e-02,-2.153497276189823006e-01,-2.053811297079219500e+00,2.933175381481759741e-02,-1.599016538959141809e-01,-3.983610275683976271e-02,-1.577636830712401572e+00,-5.367641090459830400e-01,-1.750723211292614379e-01,-2.075643176179398530e+00,-2.097327853829680511e-01,-3.786337680396491545e-01,-6.024092410157287913e-01,-1.620206200776279193e+00,-2.619085489124275620e-02,-2.171117390468376429e-01,-2.087238861527509481e+00
5.700000000000000000e+02,1.000000000000000000e+00,2.888093421081690260e-02,4.364963890655315204e+00,-2.301062453030262508e-02,2.052672307629394011e-02,-2.153497276189823006e-01,-2.053811297079219500e+00,2.933175381481759741e-02,-1.599016538959141809e-01,-3.983610275683976271e-02,-1.577636830712401572e+00,-5.367641090459830400e-01,-1.750723211292614379e-01,-2.075643176179398530e+00,-2.097327853829680511e-01,-3.786337680396491545e-01,-6.024092410157287913e-01,-1.620206200776279193e+00,-2.619085489124275620e-02,-2.171117390468376429e-01,-2.087238861527509481e+00
5.710000000000000000e+02,1.000000000000000000e+00,2.888093421081690260e-02,4.364963890655315204e+00,-2.301062453030262508e-02,2.052672307629394011e-02,-2.153497276189823006e-01,-2.053811297079219500e+00,2.933175381481759741e-02,-1.599016538959141809e-01,-3.983610275683976271e-02,-1.577636830712401572e+00,-5.367641090459830400e-01,-1.750723211292614379e-01,-2.075643176179398530e+00,-2.097327853829680511e-01,-3.786337680396491545e-01,-6.024092410157287913e-01,-1.620206200776279193e+00,-2.619085489124275620e-02,-2.171117390468376429e-01,-2.087238861527509481e+00
5.720000000000000000e+02,1.000000000000000000e+00,2.888093421081690260e-02,4.364963890655315204e+00,-2.301062453030262508e-02,2.052672307629394011e-02,-2.153497276189823006e-01,-2.053811297079219500e+00,2.933175381481759741e-02,-1.599016538959141809e-01,-3.983610275683976271e-02,-1.577636830712401572e+00,-5.367641090459830400e-01,-1.750723211292614379e-01,-2.075643176179398530e+00,-2.097327853829680511e-01,-3.786337680396491545e-01,-6.024092410157287913e-01,-1.620206200776279193e+00,-2.619085489124275620e-02,-2.171117390468376429e-01,-2.087238861527509481e+00
5.730000000000000000e+02,1.000000000000000000e+00,2.888093421081690260e-02,4.364963890655315204e+00,-2.301062453030262508e-02,2.052672307629394011e-02,-2.153497276189823006e-01,-2.053811297079219500e+00,2.933175381481759741e-02,-1.599016538959141809e-01,-3.983610275683976271e-02,-1.577636830712401572e+00,-5.367641090459830400e-01,-1.750723211292614379e-01,-2.075643176179398530e+00,-2.097327853829680511e-01,-3.786337680396491545e-01,-6.024092410157287913e-01,-1.620206200776279193e+00,-2.619085489124275620e-02,-2.171117390468376429e-01,-2.087238861527509481e+00
5.740000000000000000e+02,1.000000000000000000e+00,2.888093421081690260e-02,4.364963890655315204e+00,-2.301062453030262508e-02,2.052672307629394011e-02,-2.153497276189823006e-01,-2.053811297079219500e+00,2.933175381481759741e-02,-1.599016538959141809e-01,-3.983610275683976271e-02,-1.577636830712401572e+00,-5.367641090459830400e-01,-1.750723211292614379e-01,-2.075643176179398530e+00,-2.097327853829680511e-01,-3.786337680396491545e-01,-6.024092410157287913e-01,-1.620206200776279193e+00,-2.619085489124275620e-02,-2.171117390468376429e-01,-2.087238861527509481e+00
5.750000000000000000e+02,1.000000000000000000e+00,2.888093421081690260e-02,4.364963890655315204e+00,-2.301062453030262508e-02,2.052672307629394011e-02,-2.153497276189823006e-01,-2.053811297079219500e+00,2.933175381481759741e-02,-1.599016538959141809e-01,-3.983610275683976271e-02,-1.577636830712401572e+00,-5.367641090459830400e-01,-1.750723211292614379e-01,-2.075643176179398530e+00,-2.097327853829680511e-01,-3.786337680396491545e-01,-6.024092410157287913e-01,-1.620206200776279193e+00,-2.619085489124275620e-02,-2.171117390468376429e-01,-2.087238861527509481e+00
5.760000000000000000e+02,1.000000000000000000e+00,2.888093421081690260e-02,4.364963890655315204e+00,-2.301062453030262508e-02,2.052672307629394011e-02,-2.153497276189823006e-01,-2.053811297079219500e+00,2.933175381481759741e-02,-1.599016538959141809e-01,-3.983610275683976271e-02,-1.577636830712401572e+00,-5.367641090459830400e-01,-1.750723211292614379e-01,-2.075643176179398530e+00,-2.097327853829680511e-01,-3.786337680396491545e-01,-6.024092410157287913e-01,-1.620206200776279193e+00,-2.619085489124275620e-02,-2.171117390468376429e-01,-2.087238861527509481e+00
5.770000000000000000e+02,1.000000000000000000e+00,2.888093421081690260e-02,4.364963890655315204e+00,-2.301062453030262508e-02,2.052672307629394011e-02,-2.153497276189823006e-01,-2.053811297079219500e+00,2.933175381481759741e-02,-1.599016538959141809e-01,-3.983610275683976271e-02,-1.577636830712401572e+00,-5.367641090459830400e-01,-1.750723211292614379e-01,-2.075643176179398530e+00,-2.097327853829680511e-01,-3.786337680396491545e-01,-6.024092410157287913e-01,-1.620206200776279193e+00,-2.619085489124275620e-02,-2.171117390468376429e-01,-2.087238861527509481e+00
5.780000000000000000e+02,1.000000000000000000e+00,2.888093421081690260e-02,4.364963890655315204e+00,-2.301062453030262508e-02,2.052672307629394011e-02,-2.153497276189823006e-01,-2.053811297079219500e+00,2.933175381481759741e-02,-1.599016538959141809e-01,-3.983610275683976271e-02,-1.577636830712401572e+00,-5.367641090459830400e-01,-1.750723211292614379e-01,-2.075643176179398530e+00,-2.097327853829680511e-01,-3.786337680396491545e-01,-6.024092410157287913e-01,-1.620206200776279193e+00,-2.619085489124275620e-02,-2.171117390468376429e-01,-2.087238861527509481e+00
5.790000000000000000e+02,1.000000000000000000e+00,2.888093421081690260e-02,4.364963890655315204e+00,-2.301062453030262508e-02,2.052672307629394011e-02,-2.153497276189823006e-01,-2.053811297079219500e+00,2.933175381481759741e-02,-1.599016538959141809e-01,-3.983610275683976271e-02,-1.577636830712401572e+00,-5.367641090459830400e-01,-1.750723211292614379e-01,-2.075643176179398530e+00,-2.097327853829680511e-01,-3.786337680396491545e-01,-6.024092410157287913e-01,-1.620206200776279193e+00,-2.619085489124275620e-02,-2.171117390468376429e-01,-2.087238861527509481e+00
5.800000000000000000e+02,1.000000000000000000e+00,2.888093421081690260e-02,4.364963890655315204e+00,-2.301062453030262508e-02,2.052672307629394011e-02,-2.153497276189823006e-01,-2.053811297079219500e+00,2.933175381481759741e-02,-1.599016538959141809e-01,-3.983610275683976271e-02,-1.577636830712401572e+00,-5.367641090459830400e-01,-1.750723211292614379e-01,-2.075643176179398530e+00,-2.097327853829680511e-01,-3.786337680396491545e-01,-6.024092410157287913e-01,-1.620206200776279193e+00,-2.619085489124275620e-02,-2.171117390468376429e-01,-2.087238861527509481e+00
5.810000000000000000e+02,1.000000000000000000e+00,2.888093421081690260e-02,4.364963890655315204e+00,-2.301062453030262508e-02,2.052672307629394011e-02,-2.153497276189823006e-01,-2.053811297079219500e+00,2.933175381481759741e-02,-1.599016538959141809e-01,-3.983610275683976271e-02,-1.577636830712401572e+00,-5.367641090459830400e-01,-1.750723211292614379e-01,-2.075643176179398530e+00,-2.097327853829680511e-01,-3.786337680396491545e-01,-6.024092410157287913e-01,-1.620206200776279193e+00,-2.619085489124275620e-02,-2.171117390468376429e-01,-2.087238861527509481e+00
5.820000000000000000e+02,1.000000000000000000e+00,2.888093421081690260e-02,4.364963890655315204e+00,-2.301062453030262508e-02,2.052672307629394011e-02,-2.153497276189823006e-01,-2.053811297079219500e+00,2.933175381481759741e-02,-1.599016538959141809e-01,-3.983610275683976271e-02,-1.577636830712401572e+00,-5.367641090459830400e-01,-1.750723211292614379e-01,-2.075643176179398530e+00,-2.097327853829680511e-01,-3.786337680396491545e-01,-6.024092410157287913e-01,-1.620206200776279193e+00,-2.619085489124275620e-02,-2.171117390468376429e-01,-2.087238861527509481e+00
5.830000000000000000e+02,1.000000000000000000e+00,2.888093421081690260e-02,4.364963890655315204e+00,-2.301062453030262508e-02,2.052672307629394011e-02,-2.153497276189823006e-01,-2.053811297079219500e+00,2.933175381481759741e-02,-1.599016538959141809e-01,-3.983610275683976271e-02,-1.577636830712401572e+00,-5.367641090459830400e-01,-1.750723211292614379e-01,-2.075643176179398530e+00,-2.097327853829680511e-01,-3.786337680396491545e-01,-6.024092410157287913e-01,-1.620206200776279193e+00,-2.619085489124275620e-02,-2.171117390468376429e-01,-2.087238861527509481e+00
5.840000000000000000e+02,1.000000000000000000e+00,2.888093421081690260e-02,4.364963890655315204e+00,-2.301062453030262508e-02,2.052672307629394011e-02,-2.153497276189823006e-01,-2.053811297079219500e+00,2.933175381481759741e-02,-1.599016538959141809e-01,-3.983610275683976271e-02,-1.577636830712401572e+00,-5.367641090459830400e-01,-1.750723211292614379e-01,-2.075643176179398530e+00,-2.097327853829680511e-01,-3.786337680396491545e-01,-6.024092410157287913e-01,-1.620206200776279193e+00,-2.619085489124275620e-02,-2.171117390468376429e-01,-2.087238861527509481e+00
5.850000000000000000e+02,1.000000000000000000e+00,2.888093421081690260e-02,4.364963890655315204e+00,-2.301062453030262508e-02,2.052672307629394011e-02,-2.153497276189823006e-01,-2.053811297079219500e+00,2.933175381481759741e-02,-1.599016538959141809e-01,-3.983610275683976271e-02,-1.577636830712401572e+00,-5.367641090459830400e-01,-1.750723211292614379e-01,-2.075643176179398530e+00,-2.097327853829680511e-01,-3.786337680396491545e-01,-6.024092410157287913e-01,-1.620206200776279193e+00,-2.619085489124275620e-02,-2.171117390468376429e-01,-2.087238861527509481e+00
5.860000000000000000e+02,1.000000000000000000e+00,2.888093421081690260e-02,4.364963890655315204e+00,-2.301062453030262508e-02,2.052672307629394011e-02,-2.153497276189823006e-01,-2.053811297079219500e+00,2.933175381481759741e-02,-1.599016538959141809e-01,-3.983610275683976271e-02,-1.577636830712401572e+00,-5.367641090459830400e-01,-1.750723211292614379e-01,-2.075643176179398530e+00,-2.097327853829680511e-01,-3.786337680396491545e-01,-6.024092410157287913e-01,-1.620206200776279193e+00,-2.619085489124275620e-02,-2.171117390468376429e-01,-2.087238861527509481e+00
5.870000000000000000e+02,1.000000000000000000e+00,2.888093421081690260e-02,4.364963890655315204e+00,-2.301062453030262508e-02,2.052672307629394011e-02,-2.153497276189823006e-01,-2.053811297079219500e+00,2.933175381481759741e-02,-1.599016538959141809e-01,-3.983610275683976271e-02,-1.577636830712401572e+00,-5.367641090459830400e-01,-1.750723211292614379e-01,-2.075643176179398530e+00,-2.097327853829680511e-01,-3.786337680396491545e-01,-6.024092410157287913e-01,-1.620206200776279193e+00,-2.619085489124275620e-02,-2.171117390468376429e-01,-2.087238861527509481e+00
5.880000000000000000e+02,1.000000000000000000e+00,2.888093421081690260e-02,4.364963890655315204e+00,-2.301062453030262508e-02,2.052672307629394011e-02,-2.153497276189823006e-01,-2.053811297079219500e+00,2.933175381481759741e-02,-1.599016538959141809e-01,-3.983610275683976271e-02,-1.577636830712401572e+00,-5.367641090459830400e-01,-1.750723211292614379e-01,-2.075643176179398530e+00,-2.097327853829680511e-01,-3.786337680396491545e-01,-6.024092410157287913e-01,-1.620206200776279193e+00,-2.619085489124275620e-02,-2.171117390468376429e-01,-2.087238861527509481e+00
5.890000000000000000e+02,1.000000000000000000e+00,2.888093421081690260e-02,4.364963890655315204e+00,-2.301062453030262508e-02,2.052672307629394011e-02,-2.153497276189823006e-01,-2.053811297079219500e+00,2.933175381481759741e-02,-1.599016538959141809e-01,-3.983610275683976271e-02,-1.577636830712401572e+00,-5.367641090459830400e-01,-1.750723211292614379e-01,-2.075643176179398530e+00,-2.097327853829680511e-01,-3.786337680396491545e-01,-6.024092410157287913e-01,-1.620206200776279193e+00,-2.619085489124275620e-02,-2.171117390468376429e-01,-2.087238861527509481e+00
5.900000000000000000e+02,1.000000000000000000e+00,2.888093421081690260e-02,4.364963890655315204e+00,-2.301062453030262508e-02,2.052672307629394011e-02,-2.153497276189823006e-01,-2.053811297079219500e+00,2.933175381481759741e-02,-1.599016538959141809e-01,-3.983610275683976271e-02,-1.577636830712401572e+00,-5.367641090459830400e-01,-1.750723211292614379e-01,-2.075643176179398530e+00,-2.097327853829680511e-01,-3.786337680396491545e-01,-6.024092410157287913e-01,-1.620206200776279193e+00,-2.619085489124275620e-02,-2.171117390468376429e-01,-2.087238861527509481e+00
5.910000000000000000e+02,1.000000000000000000e+00,2.888093421081690260e-02,4.364963890655315204e+00,-2.301062453030262508e-02,2.052672307629394011e-02,-2.153497276189823006e-01,-2.053811297079219500e+00,2.933175381481759741e-02,-1.599016538959141809e-01,-3.983610275683976271e-02,-1.577636830712401572e+00,-5.367641090459830400e-01,-1.750723211292614379e-01,-2.075643176179398530e+00,-2.097327853829680511e-01,-3.786337680396491545e-01,-6.024092410157287913e-01,-1.620206200776279193e+00,-2.619085489124275620e-02,-2.171117390468376429e-01,-2.087238861527509481e+00
5.920000000000000000e+02,1.000000000000000000e+00,2.888093421081690260e-02,4.364963890655315204e+00,-2.301062453030262508e-02,2.052672307629394011e-02,-2.153497276189823006e-01,-2.053811297079219500e+00,2.933175381481759741e-02,-1.599016538959141809e-01,-3.983610275683976271e-02,-1.577636830712401572e+00,-5.367641090459830400e-01,-1.750723211292614379e-01,-2.075643176179398530e+00,-2.097327853829680511e-01,-3.786337680396491545e-01,-6.024092410157287913e-01,-1.620206200776279193e+00,-2.619085489124275620e-02,-2.171117390468376429e-01,-2.087238861527509481e+00
5.930000000000000000e+02,1.000000000000000000e+00,2.888093421081690260e-02,4.364963890655315204e+00,-2.301062453030262508e-02,2.052672307629394011e-02,-2.153497276189823006e-01,-2.053811297079219500e+00,2.933175381481759741e-02,-1.599016538959141809e-01,-3.983610275683976271e-02,-1.577636830712401572e+00,-5.367641090459830400e-01,-1.750723211292614379e-01,-2.075643176179398530e+00,-2.097327853829680511e-01,-3.786337680396491545e-01,-6.024092410157287913e-01,-1.620206200776279193e+00,-2.619085489124275620e-02,-2.171117390468376429e-01,-2.087238861527509481e+00
5.940000000000000000e+02,1.000000000000000000e+00,2.888093421081690260e-02,4.364963890655315204e+00,-2.301062453030262508e-02,2.052672307629394011e-02,-2.153497276189823006e-01,-2.053811297079219500e+00,2.933175381481759741e-02,-1.599016538959141809e-01,-3.983610275683976271e-02,-1.577636830712401572e+00,-5.367641090459830400e-01,-1.750723211292614379e-01,-2.075643176179398530e+00,-2.097327853829680511e-01,-3.786337680396491545e-01,-6.024092410157287913e-01,-1.620206200776279193e+00,-2.619085489124275620e-02,-2.171117390468376429e-01,-2.087238861527509481e+00
5.950000000000000000e+02,1.000000000000000000e+00,2.888093421081690260e-02,4.364963890655315204e+00,-2.301062453030262508e-02,2.052672307629394011e-02,-2.153497276189823006e-01,-2.053811297079219500e+00,2.933175381481759741e-02,-1.599016538959141809e-01,-3.983610275683976271e-02,-1.577636830712401572e+00,-5.367641090459830400e-01,-1.750723211292614379e-01,-2.075643176179398530e+00,-2.097327853829680511e-01,-3.786337680396491545e-01,-6.024092410157287913e-01,-1.620206200776279193e+00,-2.619085489124275620e-02,-2.171117390468376429e-01,-2.087238861527509481e+00
5.960000000000000000e+02,1.000000000000000000e+00,2.888093421081690260e-02,4.364963890655315204e+00,-2.301062453030262508e-02,2.052672307629394011e-02,-2.153497276189823006e-01,-2.053811297079219500e+00,2.933175381481759741e-02,-1.599016538959141809e-01,-3.983610275683976271e-02,-1.577636830712401572e+00,-5.367641090459830400e-01,-1.750723211292614379e-01,-2.075643176179398530e+00,-2.097327853829680511e-01,-3.786337680396491545e-01,-6.024092410157287913e-01,-1.620206200776279193e+00,-2.619085489124275620e-02,-2.171117390468376429e-01,-2.087238861527509481e+00
5.970000000000000000e+02,1.000000000000000000e+00,2.888093421081690260e-02,4.364963890655315204e+00,-2.301062453030262508e-02,2.052672307629394011e-02,-2.153497276189823006e-01,-2.053811297079219500e+00,2.933175381481759741e-02,-1.599016538959141809e-01,-3.983610275683976271e-02,-1.577636830712401572e+00,-5.367641090459830400e-01,-1.750723211292614379e-01,-2.075643176179398530e+00,-2.097327853829680511e-01,-3.786337680396491545e-01,-6.024092410157287913e-01,-1.620206200776279193e+00,-2.619085489124275620e-02,-2.171117390468376429e-01,-2.087238861527509481e+00
5.980000000000000000e+02,1.000000000000000000e+00,2.888093421081690260e-02,4.364963890655315204e+00,-2.301062453030262508e-02,2.052672307629394011e-02,-2.153497276189823006e-01,-2.053811297079219500e+00,2.933175381481759741e-02,-1.599016538959141809e-01,-3.983610275683976271e-02,-1.577636830712401572e+00,-5.367641090459830400e-01,-1.750723211292614379e-01,-2.075643176179398530e+00,-2.097327853829680511e-01,-3.786337680396491545e-01,-6.024092410157287913e-01,-1.620206200776279193e+00,-2.619085489124275620e-02,-2.171117390468376429e-01,-2.087238861527509481e+00
5.990000000000000000e+02,1.000000000000000000e+00,2.888093421081690260e-02,4.364963890655315204e+00,-2.301062453030262508e-02,2.052672307629394011e-02,-2.153497276189823006e-01,-2.053811297079219500e+00,2.933175381481759741e-02,-1.599016538959141809e-01,-3.983610275683976271e-02,-1.577636830712401572e+00,-5.367641090459830400e-01,-1.750723211292614379e-01,-2.075643176179398530e+00,-2.097327853829680511e-01,-3.786337680396491545e-01,-6.024092410157287913e-01,-1.620206200776279193e+00,-2.619085489124275620e-02,-2.171117390468376429e-01,-2.087238861527509481e+00
6.000000000000000000e+02,1.000000000000000000e+00,2.888093421081690260e-02,4.364963890655315204e+00,-2.301062453030262508e-02,2.052672307629394011e-02,-2.153497276189823006e-01,-2.053811297079219500e+00,2.933175381481759741e-02,-1.599016538959141809e-01,-3.983610275683976271e-02,-1.577636830712401572e+00,-5.367641090459830400e-01,-1.750723211292614379e-01,-2.075643176179398530e+00,-2.097327853829680511e-01,-3.786337680396491545e-01,-6.024092410157287913e-01,-1.620206200776279193e+00,-2.619085489124275620e-02,-2.171117390468376429e-01,-2.087238861527509481e+00
6.010000000000000000e+02,1.000000000000000000e+00,2.888093421081690260e-02,4.364963890655315204e+00,-2.301062453030262508e-02,2.052672307629394011e-02,-2.153497276189823006e-01,-2.053811297079219500e+00,2.933175381481759741e-02,-1.599016538959141809e-01,-3.983610275683976271e-02,-1.577636830712401572e+00,-5.367641090459830400e-01,-1.750723211292614379e-01,-2.075643176179398530e+00,-2.097327853829680511e-01,-3.786337680396491545e-01,-6.024092410157287913e-01,-1.620206200776279193e+00,-2.619085489124275620e-02,-2.171117390468376429e-01,-2.087238861527509481e+00
6.020000000000000000e+02,1.000000000000000000e+00,2.888093421081690260e-02,4.364963890655315204e+00,-2.301062453030262508e-02,2.052672307629394011e-02,-2.153497276189823006e-01,-2.053811297079219500e+00,2.933175381481759741e-02,-1.599016538959141809e-01,-3.983610275683976271e-02,-1.577636830712401572e+00,-5.367641090459830400e-01,-1.750723211292614379e-01,-2.075643176179398530e+00,-2.097327853829680511e-01,-3.786337680396491545e-01,-6.024092410157287913e-01,-1.620206200776279193e+00,-2.619085489124275620e-02,-2.171117390468376429e-01,-2.087238861527509481e+00
6.030000000000000000e+02,1.000000000000000000e+00,2.888093421081690260e-02,4.364963890655315204e+00,-2.301062453030262508e-02,2.052672307629394011e-02,-2.153497276189823006e-01,-2.053811297079219500e+00,2.933175381481759741e-02,-1.599016538959141809e-01,-3.983610275683976271e-02,-1.577636830712401572e+00,-5.367641090459830400e-01,-1.750723211292614379e-01,-2.075643176179398530e+00,-2.097327853829680511e-01,-3.786337680396491545e-01,-6.024092410157287913e-01,-1.620206200776279193e+00,-2.619085489124275620e-02,-2.171117390468376429e-01,-2.087238861527509481e+00
6.040000000000000000e+02,1.000000000000000000e+00,2.888093421081690260e-02,4.364963890655315204e+00,-2.301062453030262508e-02,2.052672307629394011e-02,-2.153497276189823006e-01,-2.053811297079219500e+00,2.933175381481759741e-02,-1.599016538959141809e-01,-3.983610275683976271e-02,-1.577636830712401572e+00,-5.367641090459830400e-01,-1.750723211292614379e-01,-2.075643176179398530e+00,-2.097327853829680511e-01,-3.786337680396491545e-01,-6.024092410157287913e-01,-1.620206200776279193e+00,-2.619085489124275620e-02,-2.171117390468376429e-01,-2.087238861527509481e+00
6.050000000000000000e+02,1.000000000000000000e+00,2.888093421081690260e-02,4.364963890655315204e+00,-2.301062453030262508e-02,2.052672307629394011e-02,-2.153497276189823006e-01,-2.053811297079219500e+00,2.933175381481759741e-02,-1.599016538959141809e-01,-3.983610275683976271e-02,-1.577636830712401572e+00,-5.367641090459830400e-01,-1.750723211292614379e-01,-2.075643176179398530e+00,-2.097327853829680511e-01,-3.786337680396491545e-01,-6.024092410157287913e-01,-1.620206200776279193e+00,-2.619085489124275620e-02,-2.171117390468376429e-01,-2.087238861527509481e+00
6.060000000000000000e+02,1.000000000000000000e+00,2.888093421081690260e-02,4.364963890655315204e+00,-2.301062453030262508e-02,2.052672307629394011e-02,-2.153497276189823006e-01,-2.053811297079219500e+00,2.933175381481759741e-02,-1.599016538959141809e-01,-3.983610275683976271e-02,-1.577636830712401572e+00,-5.367641090459830400e-01,-1.750723211292614379e-01,-2.075643176179398530e+00,-2.097327853829680511e-01,-3.786337680396491545e-01,-6.024092410157287913e-01,-1.620206200776279193e+00,-2.619085489124275620e-02,-2.171117390468376429e-01,-2.087238861527509481e+00
6.070000000000000000e+02,1.000000000000000000e+00,2.888093421081690260e-02,4.364963890655315204e+00,-2.301062453030262508e-02,2.052672307629394011e-02,-2.153497276189823006e-01,-2.053811297079219500e+00,2.933175381481759741e-02,-1.599016538959141809e-01,-3.983610275683976271e-02,-1.577636830712401572e+00,-5.367641090459830400e-01,-1.750723211292614379e-01,-2.075643176179398530e+00,-2.097327853829680511e-01,-3.786337680396491545e-01,-6.024092410157287913e-01,-1.620206200776279193e+00,-2.619085489124275620e-02,-2.171117390468376429e-01,-2.087238861527509481e+00
6.080000000000000000e+02,1.000000000000000000e+00,2.888093421081690260e-02,4.364963890655315204e+00,-2.301062453030262508e-02,2.052672307629394011e-02,-2.153497276189823006e-01,-2.053811297079219500e+00,2.933175381481759741e-02,-1.599016538959141809e-01,-3.983610275683976271e-02,-1.577636830712401572e+00,-5.367641090459830400e-01,-1.750723211292614379e-01,-2.075643176179398530e+00,-2.097327853829680511e-01,-3.786337680396491545e-01,-6.024092410157287913e-01,-1.620206200776279193e+00,-2.619085489124275620e-02,-2.171117390468376429e-01,-2.087238861527509481e+00
6.090000000000000000e+02,1.000000000000000000e+00,2.888093421081690260e-02,4.364963890655315204e+00,-2.301062453030262508e-02,2.052672307629394011e-02,-2.153497276189823006e-01,-2.053811297079219500e+00,2.933175381481759741e-02,-1.599016538959141809e-01,-3.983610275683976271e-02,-1.577636830712401572e+00,-5.367641090459830400e-01,-1.750723211292614379e-01,-2.075643176179398530e+00,-2.097327853829680511e-01,-3.786337680396491545e-01,-6.024092410157287913e-01,-1.620206200776279193e+00,-2.619085489124275620e-02,-2.171117390468376429e-01,-2.087238861527509481e+00
6.100000000000000000e+02,1.000000000000000000e+00,2.888093421081690260e-02,4.364963890655315204e+00,-2.301062453030262508e-02,2.052672307629394011e-02,-2.153497276189823006e-01,-2.053811297079219500e+00,2.933175381481759741e-02,-1.599016538959141809e-01,-3.983610275683976271e-02,-1.577636830712401572e+00,-5.367641090459830400e-01,-1.750723211292614379e-01,-2.075643176179398530e+00,-2.097327853829680511e-01,-3.786337680396491545e-01,-6.024092410157287913e-01,-1.620206200776279193e+00,-2.619085489124275620e-02,-2.171117390468376429e-01,-2.087238861527509481e+00
6.110000000000000000e+02,1.000000000000000000e+00,2.888093421081690260e-02,4.364963890655315204e+00,-2.301062453030262508e-02,2.052672307629394011e-02,-2.153497276189823006e-01,-2.053811297079219500e+00,2.933175381481759741e-02,-1.599016538959141809e-01,-3.983610275683976271e-02,-1.577636830712401572e+00,-5.367641090459830400e-01,-1.750723211292614379e-01,-2.075643176179398530e+00,-2.097327853829680511e-01,-3.786337680396491545e-01,-6.024092410157287913e-01,-1.620206200776279193e+00,-2.619085489124275620e-02,-2.171117390468376429e-01,-2.087238861527509481e+00
6.120000000000000000e+02,1.000000000000000000e+00,2.888093421081690260e-02,4.364963890655315204e+00,-2.301062453030262508e-02,2.052672307629394011e-02,-2.153497276189823006e-01,-2.053811297079219500e+00,2.933175381481759741e-02,-1.599016538959141809e-01,-3.983610275683976271e-02,-1.577636830712401572e+00,-5.367641090459830400e-01,-1.750723211292614379e-01,-2.075643176179398530e+00,-2.097327853829680511e-01,-3.786337680396491545e-01,-6.024092410157287913e-01,-1.620206200776279193e+00,-2.619085489124275620e-02,-2.171117390468376429e-01,-2.087238861527509481e+00
6.130000000000000000e+02,1.000000000000000000e+00,2.888093421081690260e-02,4.364963890655315204e+00,-2.301062453030262508e-02,2.052672307629394011e-02,-2.153497276189823006e-01,-2.053811297079219500e+00,2.933175381481759741e-02,-1.599016538959141809e-01,-3.983610275683976271e-02,-1.577636830712401572e+00,-5.367641090459830400e-01,-1.750723211292614379e-01,-2.075643176179398530e+00,-2.097327853829680511e-01,-3.786337680396491545e-01,-6.024092410157287913e-01,-1.620206200776279193e+00,-2.619085489124275620e-02,-2.171117390468376429e-01,-2.087238861527509481e+00
6.140000000000000000e+02,1.000000000000000000e+00,2.888093421081690260e-02,4.364963890655315204e+00,-2.301062453030262508e-02,2.052672307629394011e-02,-2.153497276189823006e-01,-2.053811297079219500e+00,2.933175381481759741e-02,-1.599016538959141809e-01,-3.983610275683976271e-02,-1.577636830712401572e+00,-5.367641090459830400e-01,-1.750723211292614379e-01,-2.075643176179398530e+00,-2.097327853829680511e-01,-3.786337680396491545e-01,-6.024092410157287913e-01,-1.620206200776279193e+00,-2.619085489124275620e-02,-2.171117390468376429e-01,-2.087238861527509481e+00
6.150000000000000000e+02,1.000000000000000000e+00,2.888093421081690260e-02,4.364963890655315204e+00,-2.301062453030262508e-02,2.052672307629394011e-02,-2.153497276189823006e-01,-2.053811297079219500e+00,2.933175381481759741e-02,-1.599016538959141809e-01,-3.983610275683976271e-02,-1.577636830712401572e+00,-5.367641090459830400e-01,-1.750723211292614379e-01,-2.075643176179398530e+00,-2.097327853829680511e-01,-3.786337680396491545e-01,-6.024092410157287913e-01,-1.620206200776279193e+00,-2.619085489124275620e-02,-2.171117390468376429e-01,-2.087238861527509481e+00
6.160000000000000000e+02,1.000000000000000000e+00,2.888093421081690260e-02,4.364963890655315204e+00,-2.301062453030262508e-02,2.052672307629394011e-02,-2.153497276189823006e-01,-2.053811297079219500e+00,2.933175381481759741e-02,-1.599016538959141809e-01,-3.983610275683976271e-02,-1.577636830712401572e+00,-5.367641090459830400e-01,-1.750723211292614379e-01,-2.075643176179398530e+00,-2.097327853829680511e-01,-3.786337680396491545e-01,-6.024092410157287913e-01,-1.620206200776279193e+00,-2.619085489124275620e-02,-2.171117390468376429e-01,-2.087238861527509481e+00
6.170000000000000000e+02,1.000000000000000000e+00,2.888093421081690260e-02,4.364963890655315204e+00,-2.301062453030262508e-02,2.052672307629394011e-02,-2.153497276189823006e-01,-2.053811297079219500e+00,2.933175381481759741e-02,-1.599016538959141809e-01,-3.983610275683976271e-02,-1.577636830712401572e+00,-5.367641090459830400e-01,-1.750723211292614379e-01,-2.075643176179398530e+00,-2.097327853829680511e-01,-3.786337680396491545e-01,-6.024092410157287913e-01,-1.620206200776279193e+00,-2.619085489124275620e-02,-2.171117390468376429e-01,-2.087238861527509481e+00
6.180000000000000000e+02,1.000000000000000000e+00,2.888093421081690260e-02,4.364963890655315204e+00,-2.301062453030262508e-02,2.052672307629394011e-02,-2.153497276189823006e-01,-2.053811297079219500e+00,2.933175381481759741e-02,-1.599016538959141809e-01,-3.983610275683976271e-02,-1.577636830712401572e+00,-5.367641090459830400e-01,-1.750723211292614379e-01,-2.075643176179398530e+00,-2.097327853829680511e-01,-3.786337680396491545e-01,-6.024092410157287913e-01,-1.620206200776279193e+00,-2.619085489124275620e-02,-2.171117390468376429e-01,-2.087238861527509481e+00
6.190000000000000000e+02,1.000000000000000000e+00,2.888093421081690260e-02,4.364963890655315204e+00,-2.301062453030262508e-02,2.052672307629394011e-02,-2.153497276189823006e-01,-2.053811297079219500e+00,2.933175381481759741e-02,-1.599016538959141809e-01,-3.983610275683976271e-02,-1.577636830712401572e+00,-5.367641090459830400e-01,-1.750723211292614379e-01,-2.075643176179398530e+00,-2.097327853829680511e-01,-3.786337680396491545e-01,-6.024092410157287913e-01,-1.620206200776279193e+00,-2.619085489124275620e-02,-2.171117390468376429e-01,-2.087238861527509481e+00
6.200000000000000000e+02,1.000000000000000000e+00,2.888093421081690260e-02,4.364963890655315204e+00,-2.301062453030262508e-02,2.052672307629394011e-02,-2.153497276189823006e-01,-2.053811297079219500e+00,2.933175381481759741e-02,-1.599016538959141809e-01,-3.983610275683976271e-02,-1.577636830712401572e+00,-5.367641090459830400e-01,-1.750723211292614379e-01,-2.075643176179398530e+00,-2.097327853829680511e-01,-3.786337680396491545e-01,-6.024092410157287913e-01,-1.620206200776279193e+00,-2.619085489124275620e-02,-2.171117390468376429e-01,-2.087238861527509481e+00
6.210000000000000000e+02,1.000000000000000000e+00,2.888093421081690260e-02,4.364963890655315204e+00,-2.301062453030262508e-02,2.052672307629394011e-02,-2.153497276189823006e-01,-2.053811297079219500e+00,2.933175381481759741e-02,-1.599016538959141809e-01,-3.983610275683976271e-02,-1.577636830712401572e+00,-5.367641090459830400e-01,-1.750723211292614379e-01,-2.075643176179398530e+00,-2.097327853829680511e-01,-3.786337680396491545e-01,-6.024092410157287913e-01,-1.620206200776279193e+00,-2.619085489124275620e-02,-2.171117390468376429e-01,-2.087238861527509481e+00
6.220000000000000000e+02,1.000000000000000000e+00,2.888093421081690260e-02,4.364963890655315204e+00,-2.301062453030262508e-02,2.052672307629394011e-02,-2.153497276189823006e-01,-2.053811297079219500e+00,2.933175381481759741e-02,-1.599016538959141809e-01,-3.983610275683976271e-02,-1.577636830712401572e+00,-5.367641090459830400e-01,-1.750723211292614379e-01,-2.075643176179398530e+00,-2.097327853829680511e-01,-3.786337680396491545e-01,-6.024092410157287913e-01,-1.620206200776279193e+00,-2.619085489124275620e-02,-2.171117390468376429e-01,-2.087238861527509481e+00
6.230000000000000000e+02,1.000000000000000000e+00,2.888093421081690260e-02,4.364963890655315204e+00,-2.301062453030262508e-02,2.052672307629394011e-02,-2.153497276189823006e-01,-2.053811297079219500e+00,2.933175381481759741e-02,-1.599016538959141809e-01,-3.983610275683976271e-02,-1.577636830712401572e+00,-5.367641090459830400e-01,-1.750723211292614379e-01,-2.075643176179398530e+00,-2.097327853829680511e-01,-3.786337680396491545e-01,-6.024092410157287913e-01,-1.620206200776279193e+00,-2.619085489124275620e-02,-2.171117390468376429e-01,-2.087238861527509481e+00
6.240000000000000000e+02,1.000000000000000000e+00,2.888093421081690260e-02,4.364963890655315204e+00,-2.301062453030262508e-02,2.052672307629394011e-02,-2.153497276189823006e-01,-2.053811297079219500e+00,2.933175381481759741e-02,-1.599016538959141809e-01,-3.983610275683976271e-02,-1.577636830712401572e+00,-5.367641090459830400e-01,-1.750723211292614379e-01,-2.075643176179398530e+00,-2.097327853829680511e-01,-3.786337680396491545e-01,-6.024092410157287913e-01,-1.620206200776279193e+00,-2.619085489124275620e-02,-2.171117390468376429e-01,-2.087238861527509481e+00
6.250000000000000000e+02,1.000000000000000000e+00,2.888093421081690260e-02,4.364963890655315204e+00,-2.301062453030262508e-02,2.052672307629394011e-02,-2.153497276189823006e-01,-2.053811297079219500e+00,2.933175381481759741e-02,-1.599016538959141809e-01,-3.983610275683976271e-02,-1.577636830712401572e+00,-5.367641090459830400e-01,-1.750723211292614379e-01,-2.075643176179398530e+00,-2.097327853829680511e-01,-3.786337680396491545e-01,-6.024092410157287913e-01,-1.620206200776279193e+00,-2.619085489124275620e-02,-2.171117390468376429e-01,-2.087238861527509481e+00
6.260000000000000000e+02,1.000000000000000000e+00,2.888093421081690260e-02,4.364963890655315204e+00,-2.301062453030262508e-02,2.052672307629394011e-02,-2.153497276189823006e-01,-2.053811297079219500e+00,2.933175381481759741e-02,-1.599016538959141809e-01,-3.983610275683976271e-02,-1.577636830712401572e+00,-5.367641090459830400e-01,-1.750723211292614379e-01,-2.075643176179398530e+00,-2.097327853829680511e-01,-3.786337680396491545e-01,-6.024092410157287913e-01,-1.620206200776279193e+00,-2.619085489124275620e-02,-2.171117390468376429e-01,-2.087238861527509481e+00
6.270000000000000000e+02,1.000000000000000000e+00,2.888093421081690260e-02,4.364963890655315204e+00,-2.301062453030262508e-02,2.052672307629394011e-02,-2.153497276189823006e-01,-2.053811297079219500e+00,2.933175381481759741e-02,-1.599016538959141809e-01,-3.983610275683976271e-02,-1.577636830712401572e+00,-5.367641090459830400e-01,-1.750723211292614379e-01,-2.075643176179398530e+00,-2.097327853829680511e-01,-3.786337680396491545e-01,-6.024092410157287913e-01,-1.620206200776279193e+00,-2.619085489124275620e-02,-2.171117390468376429e-01,-2.087238861527509481e+00
6.280000000000000000e+02,1.000000000000000000e+00,2.888093421081690260e-02,4.364963890655315204e+00,-2.301062453030262508e-02,2.052672307629394011e-02,-2.153497276189823006e-01,-2.053811297079219500e+00,2.933175381481759741e-02,-1.599016538959141809e-01,-3.983610275683976271e-02,-1.577636830712401572e+00,-5.367641090459830400e-01,-1.750723211292614379e-01,-2.075643176179398530e+00,-2.097327853829680511e-01,-3.786337680396491545e-01,-6.024092410157287913e-01,-1.620206200776279193e+00,-2.619085489124275620e-02,-2.171117390468376429e-01,-2.087238861527509481e+00
6.290000000000000000e+02,1.000000000000000000e+00,2.888093421081690260e-02,4.364963890655315204e+00,-2.301062453030262508e-02,2.052672307629394011e-02,-2.153497276189823006e-01,-2.053811297079219500e+00,2.933175381481759741e-02,-1.599016538959141809e-01,-3.983610275683976271e-02,-1.577636830712401572e+00,-5.367641090459830400e-01,-1.750723211292614379e-01,-2.075643176179398530e+00,-2.097327853829680511e-01,-3.786337680396491545e-01,-6.024092410157287913e-01,-1.620206200776279193e+00,-2.619085489124275620e-02,-2.171117390468376429e-01,-2.087238861527509481e+00
6.300000000000000000e+02,1.000000000000000000e+00,2.888093421081690260e-02,4.364963890655315204e+00,-2.301062453030262508e-02,2.052672307629394011e-02,-2.153497276189823006e-01,-2.053811297079219500e+00,2.933175381481759741e-02,-1.599016538959141809e-01,-3.983610275683976271e-02,-1.577636830712401572e+00,-5.367641090459830400e-01,-1.750723211292614379e-01,-2.075643176179398530e+00,-2.097327853829680511e-01,-3.786337680396491545e-01,-6.024092410157287913e-01,-1.620206200776279193e+00,-2.619085489124275620e-02,-2.171117390468376429e-01,-2.087238861527509481e+00
6.310000000000000000e+02,1.000000000000000000e+00,2.888093421081690260e-02,4.364963890655315204e+00,-2.301062453030262508e-02,2.052672307629394011e-02,-2.153497276189823006e-01,-2.053811297079219500e+00,2.933175381481759741e-02,-1.599016538959141809e-01,-3.983610275683976271e-02,-1.577636830712401572e+00,-5.367641090459830400e-01,-1.750723211292614379e-01,-2.075643176179398530e+00,-2.097327853829680511e-01,-3.786337680396491545e-01,-6.024092410157287913e-01,-1.620206200776279193e+00,-2.619085489124275620e-02,-2.171117390468376429e-01,-2.087238861527509481e+00
6.320000000000000000e+02,1.000000000000000000e+00,2.888093421081690260e-02,4.364963890655315204e+00,-2.301062453030262508e-02,2.052672307629394011e-02,-2.153497276189823006e-01,-2.053811297079219500e+00,2.933175381481759741e-02,-1.599016538959141809e-01,-3.983610275683976271e-02,-1.577636830712401572e+00,-5.367641090459830400e-01,-1.750723211292614379e-01,-2.075643176179398530e+00,-2.097327853829680511e-01,-3.786337680396491545e-01,-6.024092410157287913e-01,-1.620206200776279193e+00,-2.619085489124275620e-02,-2.171117390468376429e-01,-2.087238861527509481e+00
6.330000000000000000e+02,1.000000000000000000e+00,2.888093421081690260e-02,4.364963890655315204e+00,-2.301062453030262508e-02,2.052672307629394011e-02,-2.153497276189823006e-01,-2.053811297079219500e+00,2.933175381481759741e-02,-1.599016538959141809e-01,-3.983610275683976271e-02,-1.577636830712401572e+00,-5.367641090459830400e-01,-1.750723211292614379e-01,-2.075643176179398530e+00,-2.097327853829680511e-01,-3.786337680396491545e-01,-6.024092410157287913e-01,-1.620206200776279193e+00,-2.619085489124275620e-02,-2.171117390468376429e-01,-2.087238861527509481e+00
6.340000000000000000e+02,1.000000000000000000e+00,2.888093421081690260e-02,4.364963890655315204e+00,-2.301062453030262508e-02,2.052672307629394011e-02,-2.153497276189823006e-01,-2.053811297079219500e+00,2.933175381481759741e-02,-1.599016538959141809e-01,-3.983610275683976271e-02,-1.577636830712401572e+00,-5.367641090459830400e-01,-1.750723211292614379e-01,-2.075643176179398530e+00,-2.097327853829680511e-01,-3.786337680396491545e-01,-6.024092410157287913e-01,-1.620206200776279193e+00,-2.619085489124275620e-02,-2.171117390468376429e-01,-2.087238861527509481e+00
6.350000000000000000e+02,1.000000000000000000e+00,2.888093421081690260e-02,4.364963890655315204e+00,-2.301062453030262508e-02,2.052672307629394011e-02,-2.153497276189823006e-01,-2.053811297079219500e+00,2.933175381481759741e-02,-1.599016538959141809e-01,-3.983610275683976271e-02,-1.577636830712401572e+00,-5.367641090459830400e-01,-1.750723211292614379e-01,-2.075643176179398530e+00,-2.097327853829680511e-01,-3.786337680396491545e-01,-6.024092410157287913e-01,-1.620206200776279193e+00,-2.619085489124275620e-02,-2.171117390468376429e-01,-2.087238861527509481e+00
6.360000000000000000e+02,1.000000000000000000e+00,2.888093421081690260e-02,4.364963890655315204e+00,-2.301062453030262508e-02,2.052672307629394011e-02,-2.153497276189823006e-01,-2.053811297079219500e+00,2.933175381481759741e-02,-1.599016538959141809e-01,-3.983610275683976271e-02,-1.577636830712401572e+00,-5.367641090459830400e-01,-1.750723211292614379e-01,-2.075643176179398530e+00,-2.097327853829680511e-01,-3.786337680396491545e-01,-6.024092410157287913e-01,-1.620206200776279193e+00,-2.619085489124275620e-02,-2.171117390468376429e-01,-2.087238861527509481e+00
6.370000000000000000e+02,1.000000000000000000e+00,2.452787888482338419e-02,4.364963890655315204e+00,-2.301062453030262508e-02,2.052672307629394011e-02,-2.153497276189823006e-01,-2.053811297079219500e+00,2.933175381481759741e-02,-1.599016538959141809e-01,-3.983610275683976271e-02,-1.577636830712401572e+00,-5.367641090459830400e-01,-1.750723211292614379e-01,-2.075643176179398530e+00,-2.097327853829680511e-01,-3.786337680396491545e-01,-6.024092410157287913e-01,-1.620206200776279193e+00,-2.619085489124275620e-02,-2.171117390468376429e-01,-2.087238861527509481e+00
6.380000000000000000e+02,1.000000000000000000e+00,2.452787888482338419e-02,4.364963890655315204e+00,-2.301062453030262508e-02,2.052672307629394011e-02,-2.153497276189823006e-01,-2.053811297079219500e+00,2.933175381481759741e-02,-1.599016538959141809e-01,-3.983610275683976271e-02,-1.577636830712401572e+00,-5.367641090459830400e-01,-1.750723211292614379e-01,-2.075643176179398530e+00,-2.097327853829680511e-01,-3.786337680396491545e-01,-6.024092410157287913e-01,-1.620206200776279193e+00,-2.619085489124275620e-02,-2.171117390468376429e-01,-2.087238861527509481e+00
6.390000000000000000e+02,1.000000000000000000e+00,2.452787888482338419e-02,4.364963890655315204e+00,-2.301062453030262508e-02,2.052672307629394011e-02,-2.153497276189823006e-01,-2.053811297079219500e+00,2.933175381481759741e-02,-1.599016538959141809e-01,-3.983610275683976271e-02,-1.577636830712401572e+00,-5.367641090459830400e-01,-1.750723211292614379e-01,-2.075643176179398530e+00,-2.097327853829680511e-01,-3.786337680396491545e-01,-6.024092410157287913e-01,-1.620206200776279193e+00,-2.619085489124275620e-02,-2.171117390468376429e-01,-2.087238861527509481e+00
6.400000000000000000e+02,1.000000000000000000e+00,2.452787888482338419e-02,4.364963890655315204e+00,-2.301062453030262508e-02,2.052672307629394011e-02,-2.153497276189823006e-01,-2.053811297079219500e+00,2.933175381481759741e-02,-1.599016538959141809e-01,-3.983610275683976271e-02,-1.577636830712401572e+00,-5.367641090459830400e-01,-1.750723211292614379e-01,-2.075643176179398530e+00,-2.097327853829680511e-01,-3.786337680396491545e-01,-6.024092410157287913e-01,-1.620206200776279193e+00,-2.619085489124275620e-02,-2.171117390468376429e-01,-2.087238861527509481e+00
6.410000000000000000e+02,1.000000000000000000e+00,2.452787888482338419e-02,4.364963890655315204e+00,-2.301062453030262508e-02,2.052672307629394011e-02,-2.153497276189823006e-01,-2.053811297079219500e+00,2.933175381481759741e-02,-1.599016538959141809e-01,-3.983610275683976271e-02,-1.577636830712401572e+00,-5.367641090459830400e-01,-1.750723211292614379e-01,-2.075643176179398530e+00,-2.097327853829680511e-01,-3.786337680396491545e-01,-6.024092410157287913e-01,-1.620206200776279193e+00,-2.619085489124275620e-02,-2.171117390468376429e-01,-2.087238861527509481e+00
6.420000000000000000e+02,1.000000000000000000e+00,2.452787888482338419e-02,4.364963890655315204e+00,-2.301062453030262508e-02,2.052672307629394011e-02,-2.153497276189823006e-01,-2.053811297079219500e+00,2.933175381481759741e-02,-1.599016538959141809e-01,-3.983610275683976271e-02,-1.577636830712401572e+00,-5.367641090459830400e-01,-1.750723211292614379e-01,-2.075643176179398530e+00,-2.097327853829680511e-01,-3.786337680396491545e-01,-6.024092410157287913e-01,-1.620206200776279193e+00,-2.619085489124275620e-02,-2.171117390468376429e-01,-2.087238861527509481e+00
6.430000000000000000e+02,1.000000000000000000e+00,2.452787888482338419e-02,4.364963890655315204e+00,-2.301062453030262508e-02,2.052672307629394011e-02,-2.153497276189823006e-01,-2.053811297079219500e+00,2.933175381481759741e-02,-1.599016538959141809e-01,-3.983610275683976271e-02,-1.577636830712401572e+00,-5.367641090459830400e-01,-1.750723211292614379e-01,-2.075643176179398530e+00,-2.097327853829680511e-01,-3.786337680396491545e-01,-6.024092410157287913e-01,-1.620206200776279193e+00,-2.619085489124275620e-02,-2.171117390468376429e-01,-2.087238861527509481e+00
6.440000000000000000e+02,1.000000000000000000e+00,2.452787888482338419e-02,4.364963890655315204e+00,-2.301062453030262508e-02,2.052672307629394011e-02,-2.153497276189823006e-01,-2.053811297079219500e+00,2.933175381481759741e-02,-1.599016538959141809e-01,-3.983610275683976271e-02,-1.577636830712401572e+00,-5.367641090459830400e-01,-1.750723211292614379e-01,-2.075643176179398530e+00,-2.097327853829680511e-01,-3.786337680396491545e-01,-6.024092410157287913e-01,-1.620206200776279193e+00,-2.619085489124275620e-02,-2.171117390468376429e-01,-2.087238861527509481e+00
6.450000000000000000e+02,1.000000000000000000e+00,2.452787888482338419e-02,4.364963890655315204e+00,-2.301062453030262508e-02,2.052672307629394011e-02,-2.153497276189823006e-01,-2.053811297079219500e+00,2.933175381481759741e-02,-1.599016538959141809e-01,-3.983610275683976271e-02,-1.577636830712401572e+00,-5.367641090459830400e-01,-1.750723211292614379e-01,-2.075643176179398530e+00,-2.097327853829680511e-01,-3.786337680396491545e-01,-6.024092410157287913e-01,-1.620206200776279193e+00,-2.619085489124275620e-02,-2.171117390468376429e-01,-2.087238861527509481e+00
6.460000000000000000e+02,1.000000000000000000e+00,2.452787888482338419e-02,4.364963890655315204e+00,-2.301062453030262508e-02,2.052672307629394011e-02,-2.153497276189823006e-01,-2.053811297079219500e+00,2.933175381481759741e-02,-1.599016538959141809e-01,-3.983610275683976271e-02,-1.577636830712401572e+00,-5.367641090459830400e-01,-1.750723211292614379e-01,-2.075643176179398530e+00,-2.097327853829680511e-01,-3.786337680396491545e-01,-6.024092410157287913e-01,-1.620206200776279193e+00,-2.619085489124275620e-02,-2.171117390468376429e-01,-2.087238861527509481e+00
6.470000000000000000e+02,1.000000000000000000e+00,2.452787888482338419e-02,4.364963890655315204e+00,-2.301062453030262508e-02,2.052672307629394011e-02,-2.153497276189823006e-01,-2.053811297079219500e+00,2.933175381481759741e-02,-1.599016538959141809e-01,-3.983610275683976271e-02,-1.577636830712401572e+00,-5.367641090459830400e-01,-1.750723211292614379e-01,-2.075643176179398530e+00,-2.097327853829680511e-01,-3.786337680396491545e-01,-6.024092410157287913e-01,-1.620206200776279193e+00,-2.619085489124275620e-02,-2.171117390468376429e-01,-2.087238861527509481e+00
6.480000000000000000e+02,1.000000000000000000e+00,2.452787888482338419e-02,4.364963890655315204e+00,-2.301062453030262508e-02,2.052672307629394011e-02,-2.153497276189823006e-01,-2.053811297079219500e+00,2.933175381481759741e-02,-1.599016538959141809e-01,-3.983610275683976271e-02,-1.577636830712401572e+00,-5.367641090459830400e-01,-1.750723211292614379e-01,-2.075643176179398530e+00,-2.097327853829680511e-01,-3.786337680396491545e-01,-6.024092410157287913e-01,-1.620206200776279193e+00,-2.619085489124275620e-02,-2.171117390468376429e-01,-2.087238861527509481e+00
6.490000000000000000e+02,1.000000000000000000e+00,2.452787888482338419e-02,4.364963890655315204e+00,-2.301062453030262508e-02,2.052672307629394011e-02,-2.153497276189823006e-01,-2.053811297079219500e+00,2.933175381481759741e-02,-1.599016538959141809e-01,-3.983610275683976271e-02,-1.577636830712401572e+00,-5.367641090459830400e-01,-1.750723211292614379e-01,-2.075643176179398530e+00,-2.097327853829680511e-01,-3.786337680396491545e-01,-6.024092410157287913e-01,-1.620206200776279193e+00,-2.619085489124275620e-02,-2.171117390468376429e-01,-2.087238861527509481e+00
6.500000000000000000e+02,1.000000000000000000e+00,2.452787888482338419e-02,4.364963890655315204e+00,-2.301062453030262508e-02,2.052672307629394011e-02,-2.153497276189823006e-01,-2.053811297079219500e+00,2.933175381481759741e-02,-1.599016538959141809e-01,-3.983610275683976271e-02,-1.577636830712401572e+00,-5.367641090459830400e-01,-1.750723211292614379e-01,-2.075643176179398530e+00,-2.097327853829680511e-01,-3.786337680396491545e-01,-6.024092410157287913e-01,-1.620206200776279193e+00,-2.619085489124275620e-02,-2.171117390468376429e-01,-2.087238861527509481e+00
6.510000000000000000e+02,1.000000000000000000e+00,2.452787888482338419e-02,4.364963890655315204e+00,-2.301062453030262508e-02,2.052672307629394011e-02,-2.153497276189823006e-01,-2.053811297079219500e+00,2.933175381481759741e-02,-1.599016538959141809e-01,-3.983610275683976271e-02,-1.577636830712401572e+00,-5.367641090459830400e-01,-1.750723211292614379e-01,-2.075643176179398530e+00,-2.097327853829680511e-01,-3.786337680396491545e-01,-6.024092410157287913e-01,-1.620206200776279193e+00,-2.619085489124275620e-02,-2.171117390468376429e-01,-2.087238861527509481e+00
6.520000000000000000e+02,1.000000000000000000e+00,2.452787888482338419e-02,4.364963890655315204e+00,-2.301062453030262508e-02,2.052672307629394011e-02,-2.153497276189823006e-01,-2.053811297079219500e+00,2.933175381481759741e-02,-1.599016538959141809e-01,-3.983610275683976271e-02,-1.577636830712401572e+00,-5.367641090459830400e-01,-1.750723211292614379e-01,-2.075643176179398530e+00,-2.097327853829680511e-01,-3.786337680396491545e-01,-6.024092410157287913e-01,-1.620206200776279193e+00,-2.619085489124275620e-02,-2.171117390468376429e-01,-2.087238861527509481e+00
6.530000000000000000e+02,1.000000000000000000e+00,2.452787888482338419e-02,4.364963890655315204e+00,-2.301062453030262508e-02,2.052672307629394011e-02,-2.153497276189823006e-01,-2.053811297079219500e+00,2.933175381481759741e-02,-1.599016538959141809e-01,-3.983610275683976271e-02,-1.577636830712401572e+00,-5.367641090459830400e-01,-1.750723211292614379e-01,-2.075643176179398530e+00,-2.097327853829680511e-01,-3.786337680396491545e-01,-6.024092410157287913e-01,-1.620206200776279193e+00,-2.619085489124275620e-02,-2.171117390468376429e-01,-2.087238861527509481e+00
6.540000000000000000e+02,1.000000000000000000e+00,2.452787888482338419e-02,4.364963890655315204e+00,-2.301062453030262508e-02,2.052672307629394011e-02,-2.153497276189823006e-01,-2.053811297079219500e+00,2.933175381481759741e-02,-1.599016538959141809e-01,-3.983610275683976271e-02,-1.577636830712401572e+00,-5.367641090459830400e-01,-1.750723211292614379e-01,-2.075643176179398530e+00,-2.097327853829680511e-01,-3.786337680396491545e-01,-6.024092410157287913e-01,-1.620206200776279193e+00,-2.619085489124275620e-02,-2.171117390468376429e-01,-2.087238861527509481e+00
6.550000000000000000e+02,1.000000000000000000e+00,2.452787888482338419e-02,4.364963890655315204e+00,-2.301062453030262508e-02,2.052672307629394011e-02,-2.153497276189823006e-01,-2.053811297079219500e+00,2.933175381481759741e-02,-1.599016538959141809e-01,-3.983610275683976271e-02,-1.577636830712401572e+00,-5.367641090459830400e-01,-1.750723211292614379e-01,-2.075643176179398530e+00,-2.097327853829680511e-01,-3.786337680396491545e-01,-6.024092410157287913e-01,-1.620206200776279193e+00,-2.619085489124275620e-02,-2.171117390468376429e-01,-2.087238861527509481e+00
6.560000000000000000e+02,1.000000000000000000e+00,2.452787888482338419e-02,4.364963890655315204e+00,-2.301062453030262508e-02,2.052672307629394011e-02,-2.153497276189823006e-01,-2.053811297079219500e+00,2.933175381481759741e-02,-1.599016538959141809e-01,-3.983610275683976271e-02,-1.577636830712401572e+00,-5.367641090459830400e-01,-1.750723211292614379e-01,-2.075643176179398530e+00,-2.097327853829680511e-01,-3.786337680396491545e-01,-6.024092410157287913e-01,-1.620206200776279193e+00,-2.619085489124275620e-02,-2.171117390468376429e-01,-2.087238861527509481e+00
6.570000000000000000e+02,1.000000000000000000e+00,2.452787888482338419e-02,4.364963890655315204e+00,-2.301062453030262508e-02,2.052672307629394011e-02,-2.153497276189823006e-01,-2.053811297079219500e+00,2.933175381481759741e-02,-1.599016538959141809e-01,-3.983610275683976271e-02,-1.577636830712401572e+00,-5.367641090459830400e-01,-1.750723211292614379e-01,-2.075643176179398530e+00,-2.097327853829680511e-01,-3.786337680396491545e-01,-6.024092410157287913e-01,-1.620206200776279193e+00,-2.619085489124275620e-02,-2.171117390468376429e-01,-2.087238861527509481e+00
6.580000000000000000e+02,1.000000000000000000e+00,2.452787888482338419e-02,4.364963890655315204e+00,-2.301062453030262508e-02,2.052672307629394011e-02,-2.153497276189823006e-01,-2.053811297079219500e+00,2.933175381481759741e-02,-1.599016538959141809e-01,-3.983610275683976271e-02,-1.577636830712401572e+00,-5.367641090459830400e-01,-1.750723211292614379e-01,-2.075643176179398530e+00,-2.097327853829680511e-01,-3.786337680396491545e-01,-6.024092410157287913e-01,-1.620206200776279193e+00,-2.619085489124275620e-02,-2.171117390468376429e-01,-2.087238861527509481e+00
6.590000000000000000e+02,1.000000000000000000e+00,2.452787888482338419e-02,4.364963890655315204e+00,-2.301062453030262508e-02,2.052672307629394011e-02,-2.153497276189823006e-01,-2.053811297079219500e+00,2.933175381481759741e-02,-1.599016538959141809e-01,-3.983610275683976271e-02,-1.577636830712401572e+00,-5.367641090459830400e-01,-1.750723211292614379e-01,-2.075643176179398530e+00,-2.097327853829680511e-01,-3.786337680396491545e-01,-6.024092410157287913e-01,-1.620206200776279193e+00,-2.619085489124275620e-02,-2.171117390468376429e-01,-2.087238861527509481e+00
6.600000000000000000e+02,1.000000000000000000e+00,2.452787888482338419e-02,4.364963890655315204e+00,-2.301062453030262508e-02,2.052672307629394011e-02,-2.153497276189823006e-01,-2.053811297079219500e+00,2.933175381481759741e-02,-1.599016538959141809e-01,-3.983610275683976271e-02,-1.577636830712401572e+00,-5.367641090459830400e-01,-1.750723211292614379e-01,-2.075643176179398530e+00,-2.097327853829680511e-01,-3.786337680396491545e-01,-6.024092410157287913e-01,-1.620206200776279193e+00,-2.619085489124275620e-02,-2.171117390468376429e-01,-2.087238861527509481e+00
6.610000000000000000e+02,1.000000000000000000e+00,2.452787888482338419e-02,4.364963890655315204e+00,-2.301062453030262508e-02,2.052672307629394011e-02,-2.153497276189823006e-01,-2.053811297079219500e+00,2.933175381481759741e-02,-1.599016538959141809e-01,-3.983610275683976271e-02,-1.577636830712401572e+00,-5.367641090459830400e-01,-1.750723211292614379e-01,-2.075643176179398530e+00,-2.097327853829680511e-01,-3.786337680396491545e-01,-6.024092410157287913e-01,-1.620206200776279193e+00,-2.619085489124275620e-02,-2.171117390468376429e-01,-2.087238861527509481e+00
6.620000000000000000e+02,1.000000000000000000e+00,2.452787888482338419e-02,4.364963890655315204e+00,-2.301062453030262508e-02,2.052672307629394011e-02,-2.153497276189823006e-01,-2.053811297079219500e+00,2.933175381481759741e-02,-1.599016538959141809e-01,-3.983610275683976271e-02,-1.577636830712401572e+00,-5.367641090459830400e-01,-1.750723211292614379e-01,-2.075643176179398530e+00,-2.097327853829680511e-01,-3.786337680396491545e-01,-6.024092410157287913e-01,-1.620206200776279193e+00,-2.619085489124275620e-02,-2.171117390468376429e-01,-2.087238861527509481e+00
6.630000000000000000e+02,1.000000000000000000e+00,2.452787888482338419e-02,4.364963890655315204e+00,-2.301062453030262508e-02,2.052672307629394011e-02,-2.153497276189823006e-01,-2.053811297079219500e+00,2.933175381481759741e-02,-1.599016538959141809e-01,-3.983610275683976271e-02,-1.577636830712401572e+00,-5.367641090459830400e-01,-1.750723211292614379e-01,-2.075643176179398530e+00,-2.097327853829680511e-01,-3.786337680396491545e-01,-6.024092410157287913e-01,-1.620206200776279193e+00,-2.619085489124275620e-02,-2.171117390468376429e-01,-2.087238861527509481e+00
6.640000000000000000e+02,1.000000000000000000e+00,2.452787888482338419e-02,4.364963890655315204e+00,-2.301062453030262508e-02,2.052672307629394011e-02,-2.153497276189823006e-01,-2.053811297079219500e+00,2.933175381481759741e-02,-1.599016538959141809e-01,-3.983610275683976271e-02,-1.577636830712401572e+00,-5.367641090459830400e-01,-1.750723211292614379e-01,-2.075643176179398530e+00,-2.097327853829680511e-01,-3.786337680396491545e-01,-6.024092410157287913e-01,-1.620206200776279193e+00,-2.619085489124275620e-02,-2.171117390468376429e-01,-2.087238861527509481e+00
6.650000000000000000e+02,1.000000000000000000e+00,2.452787888482338419e-02,4.364963890655315204e+00,-2.301062453030262508e-02,2.052672307629394011e-02,-2.153497276189823006e-01,-2.053811297079219500e+00,2.933175381481759741e-02,-1.599016538959141809e-01,-3.983610275683976271e-02,-1.577636830712401572e+00,-5.367641090459830400e-01,-1.750723211292614379e-01,-2.075643176179398530e+00,-2.097327853829680511e-01,-3.786337680396491545e-01,-6.024092410157287913e-01,-1.620206200776279193e+00,-2.619085489124275620e-02,-2.171117390468376429e-01,-2.087238861527509481e+00
6.660000000000000000e+02,1.000000000000000000e+00,2.452787888482338419e-02,4.364963890655315204e+00,-2.301062453030262508e-02,2.052672307629394011e-02,-2.153497276189823006e-01,-2.053811297079219500e+00,2.933175381481759741e-02,-1.599016538959141809e-01,-3.983610275683976271e-02,-1.577636830712401572e+00,-5.367641090459830400e-01,-1.750723211292614379e-01,-2.075643176179398530e+00,-2.097327853829680511e-01,-3.786337680396491545e-01,-6.024092410157287913e-01,-1.620206200776279193e+00,-2.619085489124275620e-02,-2.171117390468376429e-01,-2.087238861527509481e+00
6.670000000000000000e+02,1.000000000000000000e+00,2.452787888482338419e-02,4.364963890655315204e+00,-2.301062453030262508e-02,2.052672307629394011e-02,-2.153497276189823006e-01,-2.053811297079219500e+00,2.933175381481759741e-02,-1.599016538959141809e-01,-3.983610275683976271e-02,-1.577636830712401572e+00,-5.367641090459830400e-01,-1.750723211292614379e-01,-2.075643176179398530e+00,-2.097327853829680511e-01,-3.786337680396491545e-01,-6.024092410157287913e-01,-1.620206200776279193e+00,-2.619085489124275620e-02,-2.171117390468376429e-01,-2.087238861527509481e+00
6.680000000000000000e+02,1.000000000000000000e+00,2.452787888482338419e-02,4.364963890655315204e+00,-2.301062453030262508e-02,2.052672307629394011e-02,-2.153497276189823006e-01,-2.053811297079219500e+00,2.933175381481759741e-02,-1.599016538959141809e-01,-3.983610275683976271e-02,-1.577636830712401572e+00,-5.367641090459830400e-01,-1.750723211292614379e-01,-2.075643176179398530e+00,-2.097327853829680511e-01,-3.786337680396491545e-01,-6.024092410157287913e-01,-1.620206200776279193e+00,-2.619085489124275620e-02,-2.171117390468376429e-01,-2.087238861527509481e+00
6.690000000000000000e+02,1.000000000000000000e+00,2.452787888482338419e-02,4.364963890655315204e+00,-2.301062453030262508e-02,2.052672307629394011e-02,-2.153497276189823006e-01,-2.053811297079219500e+00,2.933175381481759741e-02,-1.599016538959141809e-01,-3.983610275683976271e-02,-1.577636830712401572e+00,-5.367641090459830400e-01,-1.750723211292614379e-01,-2.075643176179398530e+00,-2.097327853829680511e-01,-3.786337680396491545e-01,-6.024092410157287913e-01,-1.620206200776279193e+00,-2.619085489124275620e-02,-2.171117390468376429e-01,-2.087238861527509481e+00
6.700000000000000000e+02,1.000000000000000000e+00,2.452787888482338419e-02,4.364963890655315204e+00,-2.301062453030262508e-02,2.052672307629394011e-02,-2.153497276189823006e-01,-2.053811297079219500e+00,2.933175381481759741e-02,-1.599016538959141809e-01,-3.983610275683976271e-02,-1.577636830712401572e+00,-5.367641090459830400e-01,-1.750723211292614379e-01,-2.075643176179398530e+00,-2.097327853829680511e-01,-3.786337680396491545e-01,-6.024092410157287913e-01,-1.620206200776279193e+00,-2.619085489124275620e-02,-2.171117390468376429e-01,-2.087238861527509481e+00
6.710000000000000000e+02,1.000000000000000000e+00,2.452787888482338419e-02,4.364963890655315204e+00,-2.301062453030262508e-02,2.052672307629394011e-02,-2.153497276189823006e-01,-2.053811297079219500e+00,2.933175381481759741e-02,-1.599016538959141809e-01,-3.983610275683976271e-02,-1.577636830712401572e+00,-5.367641090459830400e-01,-1.750723211292614379e-01,-2.075643176179398530e+00,-2.097327853829680511e-01,-3.786337680396491545e-01,-6.024092410157287913e-01,-1.620206200776279193e+00,-2.619085489124275620e-02,-2.171117390468376429e-01,-2.087238861527509481e+00
6.720000000000000000e+02,1.000000000000000000e+00,2.452787888482338419e-02,4.364963890655315204e+00,-2.301062453030262508e-02,2.052672307629394011e-02,-2.153497276189823006e-01,-2.053811297079219500e+00,2.933175381481759741e-02,-1.599016538959141809e-01,-3.983610275683976271e-02,-1.577636830712401572e+00,-5.367641090459830400e-01,-1.750723211292614379e-01,-2.075643176179398530e+00,-2.097327853829680511e-01,-3.786337680396491545e-01,-6.024092410157287913e-01,-1.620206200776279193e+00,-2.619085489124275620e-02,-2.171117390468376429e-01,-2.087238861527509481e+00
6.730000000000000000e+02,1.000000000000000000e+00,2.452787888482338419e-02,4.364963890655315204e+00,-2.301062453030262508e-02,2.052672307629394011e-02,-2.153497276189823006e-01,-2.053811297079219500e+00,2.933175381481759741e-02,-1.599016538959141809e-01,-3.983610275683976271e-02,-1.577636830712401572e+00,-5.367641090459830400e-01,-1.750723211292614379e-01,-2.075643176179398530e+00,-2.097327853829680511e-01,-3.786337680396491545e-01,-6.024092410157287913e-01,-1.620206200776279193e+00,-2.619085489124275620e-02,-2.171117390468376429e-01,-2.087238861527509481e+00
6.740000000000000000e+02,1.000000000000000000e+00,2.452787888482338419e-02,4.364963890655315204e+00,-2.301062453030262508e-02,2.052672307629394011e-02,-2.153497276189823006e-01,-2.053811297079219500e+00,2.933175381481759741e-02,-1.599016538959141809e-01,-3.983610275683976271e-02,-1.577636830712401572e+00,-5.367641090459830400e-01,-1.750723211292614379e-01,-2.075643176179398530e+00,-2.097327853829680511e-01,-3.786337680396491545e-01,-6.024092410157287913e-01,-1.620206200776279193e+00,-2.619085489124275620e-02,-2.171117390468376429e-01,-2.087238861527509481e+00
6.750000000000000000e+02,1.000000000000000000e+00,2.452787888482338419e-02,4.364963890655315204e+00,-2.301062453030262508e-02,2.052672307629394011e-02,-2.153497276189823006e-01,-2.053811297079219500e+00,2.933175381481759741e-02,-1.599016538959141809e-01,-3.983610275683976271e-02,-1.577636830712401572e+00,-5.367641090459830400e-01,-1.750723211292614379e-01,-2.075643176179398530e+00,-2.097327853829680511e-01,-3.786337680396491545e-01,-6.024092410157287913e-01,-1.620206200776279193e+00,-2.619085489124275620e-02,-2.171117390468376429e-01,-2.087238861527509481e+00
6.760000000000000000e+02,1.000000000000000000e+00,2.452787888482338419e-02,4.364963890655315204e+00,-2.301062453030262508e-02,2.052672307629394011e-02,-2.153497276189823006e-01,-2.053811297079219500e+00,2.933175381481759741e-02,-1.599016538959141809e-01,-3.983610275683976271e-02,-1.577636830712401572e+00,-5.367641090459830400e-01,-1.750723211292614379e-01,-2.075643176179398530e+00,-2.097327853829680511e-01,-3.786337680396491545e-01,-6.024092410157287913e-01,-1.620206200776279193e+00,-2.619085489124275620e-02,-2.171117390468376429e-01,-2.087238861527509481e+00
6.770000000000000000e+02,1.000000000000000000e+00,2.452787888482338419e-02,4.364963890655315204e+00,-2.301062453030262508e-02,2.052672307629394011e-02,-2.153497276189823006e-01,-2.053811297079219500e+00,2.933175381481759741e-02,-1.599016538959141809e-01,-3.983610275683976271e-02,-1.577636830712401572e+00,-5.367641090459830400e-01,-1.750723211292614379e-01,-2.075643176179398530e+00,-2.097327853829680511e-01,-3.786337680396491545e-01,-6.024092410157287913e-01,-1.620206200776279193e+00,-2.619085489124275620e-02,-2.171117390468376429e-01,-2.087238861527509481e+00
6.780000000000000000e+02,1.000000000000000000e+00,2.452787888482338419e-02,4.364963890655315204e+00,-2.301062453030262508e-02,2.052672307629394011e-02,-2.153497276189823006e-01,-2.053811297079219500e+00,2.933175381481759741e-02,-1.599016538959141809e-01,-3.983610275683976271e-02,-1.577636830712401572e+00,-5.367641090459830400e-01,-1.750723211292614379e-01,-2.075643176179398530e+00,-2.097327853829680511e-01,-3.786337680396491545e-01,-6.024092410157287913e-01,-1.620206200776279193e+00,-2.619085489124275620e-02,-2.171117390468376429e-01,-2.087238861527509481e+00
6.790000000000000000e+02,1.000000000000000000e+00,2.452787888482338419e-02,4.364963890655315204e+00,-2.301062453030262508e-02,2.052672307629394011e-02,-2.153497276189823006e-01,-2.053811297079219500e+00,2.933175381481759741e-02,-1.599016538959141809e-01,-3.983610275683976271e-02,-1.577636830712401572e+00,-5.367641090459830400e-01,-1.750723211292614379e-01,-2.075643176179398530e+00,-2.097327853829680511e-01,-3.786337680396491545e-01,-6.024092410157287913e-01,-1.620206200776279193e+00,-2.619085489124275620e-02,-2.171117390468376429e-01,-2.087238861527509481e+00
6.800000000000000000e+02,1.000000000000000000e+00,2.452787888482338419e-02,4.364963890655315204e+00,-2.301062453030262508e-02,2.052672307629394011e-02,-2.153497276189823006e-01,-2.053811297079219500e+00,2.933175381481759741e-02,-1.599016538959141809e-01,-3.983610275683976271e-02,-1.577636830712401572e+00,-5.367641090459830400e-01,-1.750723211292614379e-01,-2.075643176179398530e+00,-2.097327853829680511e-01,-3.786337680396491545e-01,-6.024092410157287913e-01,-1.620206200776279193e+00,-2.619085489124275620e-02,-2.171117390468376429e-01,-2.087238861527509481e+00
6.810000000000000000e+02,1.000000000000000000e+00,2.452787888482338419e-02,4.364963890655315204e+00,-2.301062453030262508e-02,2.052672307629394011e-02,-2.153497276189823006e-01,-2.053811297079219500e+00,2.933175381481759741e-02,-1.599016538959141809e-01,-3.983610275683976271e-02,-1.577636830712401572e+00,-5.367641090459830400e-01,-1.750723211292614379e-01,-2.075643176179398530e+00,-2.097327853829680511e-01,-3.786337680396491545e-01,-6.024092410157287913e-01,-1.620206200776279193e+00,-2.619085489124275620e-02,-2.171117390468376429e-01,-2.087238861527509481e+00
6.820000000000000000e+02,1.000000000000000000e+00,2.452787888482338419e-02,4.364963890655315204e+00,-2.301062453030262508e-02,2.052672307629394011e-02,-2.153497276189823006e-01,-2.053811297079219500e+00,2.933175381481759741e-02,-1.599016538959141809e-01,-3.983610275683976271e-02,-1.577636830712401572e+00,-5.367641090459830400e-01,-1.750723211292614379e-01,-2.075643176179398530e+00,-2.097327853829680511e-01,-3.786337680396491545e-01,-6.024092410157287913e-01,-1.620206200776279193e+00,-2.619085489124275620e-02,-2.171117390468376429e-01,-2.087238861527509481e+00
6.830000000000000000e+02,1.000000000000000000e+00,2.452787888482338419e-02,4.364963890655315204e+00,-2.301062453030262508e-02,2.052672307629394011e-02,-2.153497276189823006e-01,-2.053811297079219500e+00,2.933175381481759741e-02,-1.599016538959141809e-01,-3.983610275683976271e-02,-1.577636830712401572e+00,-5.367641090459830400e-01,-1.750723211292614379e-01,-2.075643176179398530e+00,-2.097327853829680511e-01,-3.786337680396491545e-01,-6.024092410157287913e-01,-1.620206200776279193e+00,-2.619085489124275620e-02,-2.171117390468376429e-01,-2.087238861527509481e+00
6.840000000000000000e+02,1.000000000000000000e+00,2.452787888482338419e-02,4.364963890655315204e+00,-2.301062453030262508e-02,2.052672307629394011e-02,-2.153497276189823006e-01,-2.053811297079219500e+00,2.933175381481759741e-02,-1.599016538959141809e-01,-3.983610275683976271e-02,-1.577636830712401572e+00,-5.367641090459830400e-01,-1.750723211292614379e-01,-2.075643176179398530e+00,-2.097327853829680511e-01,-3.786337680396491545e-01,-6.024092410157287913e-01,-1.620206200776279193e+00,-2.619085489124275620e-02,-2.171117390468376429e-01,-2.087238861527509481e+00
6.850000000000000000e+02,1.000000000000000000e+00,2.452787888482338419e-02,4.364963890655315204e+00,-2.301062453030262508e-02,2.052672307629394011e-02,-2.153497276189823006e-01,-2.053811297079219500e+00,2.933175381481759741e-02,-1.599016538959141809e-01,-3.983610275683976271e-02,-1.577636830712401572e+00,-5.367641090459830400e-01,-1.750723211292614379e-01,-2.075643176179398530e+00,-2.097327853829680511e-01,-3.786337680396491545e-01,-6.024092410157287913e-01,-1.620206200776279193e+00,-2.619085489124275620e-02,-2.171117390468376429e-01,-2.087238861527509481e+00
6.860000000000000000e+02,1.000000000000000000e+00,2.452787888482338419e-02,4.364963890655315204e+00,-2.301062453030262508e-02,2.052672307629394011e-02,-2.153497276189823006e-01,-2.053811297079219500e+00,2.933175381481759741e-02,-1.599016538959141809e-01,-3.983610275683976271e-02,-1.577636830712401572e+00,-5.367641090459830400e-01,-1.750723211292614379e-01,-2.075643176179398530e+00,-2.097327853829680511e-01,-3.786337680396491545e-01,-6.024092410157287913e-01,-1.620206200776279193e+00,-2.619085489124275620e-02,-2.171117390468376429e-01,-2.087238861527509481e+00
6.870000000000000000e+02,1.000000000000000000e+00,2.452787888482338419e-02,4.364963890655315204e+00,-2.301062453030262508e-02,2.052672307629394011e-02,-2.153497276189823006e-01,-2.053811297079219500e+00,2.933175381481759741e-02,-1.599016538959141809e-01,-3.983610275683976271e-02,-1.577636830712401572e+00,-5.367641090459830400e-01,-1.750723211292614379e-01,-2.075643176179398530e+00,-2.097327853829680511e-01,-3.786337680396491545e-01,-6.024092410157287913e-01,-1.620206200776279193e+00,-2.619085489124275620e-02,-2.171117390468376429e-01,-2.087238861527509481e+00
6.880000000000000000e+02,1.000000000000000000e+00,2.452787888482338419e-02,4.364963890655315204e+00,-2.301062453030262508e-02,2.052672307629394011e-02,-2.153497276189823006e-01,-2.053811297079219500e+00,2.933175381481759741e-02,-1.599016538959141809e-01,-3.983610275683976271e-02,-1.577636830712401572e+00,-5.367641090459830400e-01,-1.750723211292614379e-01,-2.075643176179398530e+00,-2.097327853829680511e-01,-3.786337680396491545e-01,-6.024092410157287913e-01,-1.620206200776279193e+00,-2.619085489124275620e-02,-2.171117390468376429e-01,-2.087238861527509481e+00
6.890000000000000000e+02,1.000000000000000000e+00,2.452787888482338419e-02,4.364963890655315204e+00,-2.301062453030262508e-02,2.052672307629394011e-02,-2.153497276189823006e-01,-2.053811297079219500e+00,2.933175381481759741e-02,-1.599016538959141809e-01,-3.983610275683976271e-02,-1.577636830712401572e+00,-5.367641090459830400e-01,-1.750723211292614379e-01,-2.075643176179398530e+00,-2.097327853829680511e-01,-3.786337680396491545e-01,-6.024092410157287913e-01,-1.620206200776279193e+00,-2.619085489124275620e-02,-2.171117390468376429e-01,-2.087238861527509481e+00
6.900000000000000000e+02,1.000000000000000000e+00,2.452787888482338419e-02,4.364963890655315204e+00,-2.301062453030262508e-02,2.052672307629394011e-02,-2.153497276189823006e-01,-2.053811297079219500e+00,2.933175381481759741e-02,-1.599016538959141809e-01,-3.983610275683976271e-02,-1.577636830712401572e+00,-5.367641090459830400e-01,-1.750723211292614379e-01,-2.075643176179398530e+00,-2.097327853829680511e-01,-3.786337680396491545e-01,-6.024092410157287913e-01,-1.620206200776279193e+00,-2.619085489124275620e-02,-2.171117390468376429e-01,-2.087238861527509481e+00
6.910000000000000000e+02,1.000000000000000000e+00,2.452787888482338419e-02,4.364963890655315204e+00,-2.301062453030262508e-02,2.052672307629394011e-02,-2.153497276189823006e-01,-2.053811297079219500e+00,2.933175381481759741e-02,-1.599016538959141809e-01,-3.983610275683976271e-02,-1.577636830712401572e+00,-5.367641090459830400e-01,-1.750723211292614379e-01,-2.075643176179398530e+00,-2.097327853829680511e-01,-3.786337680396491545e-01,-6.024092410157287913e-01,-1.620206200776279193e+00,-2.619085489124275620e-02,-2.171117390468376429e-01,-2.087238861527509481e+00
6.920000000000000000e+02,1.000000000000000000e+00,2.452787888482338419e-02,4.364963890655315204e+00,-2.301062453030262508e-02,2.052672307629394011e-02,-2.153497276189823006e-01,-2.053811297079219500e+00,2.933175381481759741e-02,-1.599016538959141809e-01,-3.983610275683976271e-02,-1.577636830712401572e+00,-5.367641090459830400e-01,-1.750723211292614379e-01,-2.075643176179398530e+00,-2.097327853829680511e-01,-3.786337680396491545e-01,-6.024092410157287913e-01,-1.620206200776279193e+00,-2.619085489124275620e-02,-2.171117390468376429e-01,-2.087238861527509481e+00
6.930000000000000000e+02,1.000000000000000000e+00,2.452787888482338419e-02,4.364963890655315204e+00,-2.301062453030262508e-02,2.052672307629394011e-02,-2.153497276189823006e-01,-2.053811297079219500e+00,2.933175381481759741e-02,-1.599016538959141809e-01,-3.983610275683976271e-02,-1.577636830712401572e+00,-5.367641090459830400e-01,-1.750723211292614379e-01,-2.075643176179398530e+00,-2.097327853829680511e-01,-3.786337680396491545e-01,-6.024092410157287913e-01,-1.620206200776279193e+00,-2.619085489124275620e-02,-2.171117390468376429e-01,-2.087238861527509481e+00
6.940000000000000000e+02,1.000000000000000000e+00,2.452787888482338419e-02,4.364963890655315204e+00,-2.301062453030262508e-02,2.052672307629394011e-02,-2.153497276189823006e-01,-2.053811297079219500e+00,2.933175381481759741e-02,-1.599016538959141809e-01,-3.983610275683976271e-02,-1.577636830712401572e+00,-5.367641090459830400e-01,-1.750723211292614379e-01,-2.075643176179398530e+00,-2.097327853829680511e-01,-3.786337680396491545e-01,-6.024092410157287913e-01,-1.620206200776279193e+00,-2.619085489124275620e-02,-2.171117390468376429e-01,-2.087238861527509481e+00
6.950000000000000000e+02,1.000000000000000000e+00,2.452787888482338419e-02,4.364963890655315204e+00,-2.301062453030262508e-02,2.052672307629394011e-02,-2.153497276189823006e-01,-2.053811297079219500e+00,2.933175381481759741e-02,-1.599016538959141809e-01,-3.983610275683976271e-02,-1.577636830712401572e+00,-5.367641090459830400e-01,-1.750723211292614379e-01,-2.075643176179398530e+00,-2.097327853829680511e-01,-3.786337680396491545e-01,-6.024092410157287913e-01,-1.620206200776279193e+00,-2.619085489124275620e-02,-2.171117390468376429e-01,-2.087238861527509481e+00
6.960000000000000000e+02,1.000000000000000000e+00,2.452787888482338419e-02,4.364963890655315204e+00,-2.301062453030262508e-02,2.052672307629394011e-02,-2.153497276189823006e-01,-2.053811297079219500e+00,2.933175381481759741e-02,-1.599016538959141809e-01,-3.983610275683976271e-02,-1.577636830712401572e+00,-5.367641090459830400e-01,-1.750723211292614379e-01,-2.075643176179398530e+00,-2.097327853829680511e-01,-3.786337680396491545e-01,-6.024092410157287913e-01,-1.620206200776279193e+00,-2.619085489124275620e-02,-2.171117390468376429e-01,-2.087238861527509481e+00
6.970000000000000000e+02,1.000000000000000000e+00,2.452787888482338419e-02,4.364963890655315204e+00,-2.301062453030262508e-02,2.052672307629394011e-02,-2.153497276189823006e-01,-2.053811297079219500e+00,2.933175381481759741e-02,-1.599016538959141809e-01,-3.983610275683976271e-02,-1.577636830712401572e+00,-5.367641090459830400e-01,-1.750723211292614379e-01,-2.075643176179398530e+00,-2.097327853829680511e-01,-3.786337680396491545e-01,-6.024092410157287913e-01,-1.620206200776279193e+00,-2.619085489124275620e-02,-2.171117390468376429e-01,-2.087238861527509481e+00
6.980000000000000000e+02,1.000000000000000000e+00,2.452787888482338419e-02,4.364963890655315204e+00,-2.301062453030262508e-02,2.052672307629394011e-02,-2.153497276189823006e-01,-2.053811297079219500e+00,2.933175381481759741e-02,-1.599016538959141809e-01,-3.983610275683976271e-02,-1.577636830712401572e+00,-5.367641090459830400e-01,-1.750723211292614379e-01,-2.075643176179398530e+00,-2.097327853829680511e-01,-3.786337680396491545e-01,-6.024092410157287913e-01,-1.620206200776279193e+00,-2.619085489124275620e-02,-2.171117390468376429e-01,-2.087238861527509481e+00
6.990000000000000000e+02,1.000000000000000000e+00,2.452787888482338419e-02,4.364963890655315204e+00,-2.301062453030262508e-02,2.052672307629394011e-02,-2.153497276189823006e-01,-2.053811297079219500e+00,2.933175381481759741e-02,-1.599016538959141809e-01,-3.983610275683976271e-02,-1.577636830712401572e+00,-5.367641090459830400e-01,-1.750723211292614379e-01,-2.075643176179398530e+00,-2.097327853829680511e-01,-3.786337680396491545e-01,-6.024092410157287913e-01,-1.620206200776279193e+00,-2.619085489124275620e-02,-2.171117390468376429e-01,-2.087238861527509481e+00
7.000000000000000000e+02,1.000000000000000000e+00,2.452787888482338419e-02,4.364963890655315204e+00,-2.301062453030262508e-02,2.052672307629394011e-02,-2.153497276189823006e-01,-2.053811297079219500e+00,2.933175381481759741e-02,-1.599016538959141809e-01,-3.983610275683976271e-02,-1.577636830712401572e+00,-5.367641090459830400e-01,-1.750723211292614379e-01,-2.075643176179398530e+00,-2.097327853829680511e-01,-3.786337680396491545e-01,-6.024092410157287913e-01,-1.620206200776279193e+00,-2.619085489124275620e-02,-2.171117390468376429e-01,-2.087238861527509481e+00
7.010000000000000000e+02,1.000000000000000000e+00,2.452787888482338419e-02,4.364963890655315204e+00,-2.301062453030262508e-02,2.052672307629394011e-02,-2.153497276189823006e-01,-2.053811297079219500e+00,2.933175381481759741e-02,-1.599016538959141809e-01,-3.983610275683976271e-02,-1.577636830712401572e+00,-5.367641090459830400e-01,-1.750723211292614379e-01,-2.075643176179398530e+00,-2.097327853829680511e-01,-3.786337680396491545e-01,-6.024092410157287913e-01,-1.620206200776279193e+00,-2.619085489124275620e-02,-2.171117390468376429e-01,-2.087238861527509481e+00
7.020000000000000000e+02,1.000000000000000000e+00,2.452787888482338419e-02,4.364963890655315204e+00,-2.301062453030262508e-02,2.052672307629394011e-02,-2.153497276189823006e-01,-2.053811297079219500e+00,2.933175381481759741e-02,-1.599016538959141809e-01,-3.983610275683976271e-02,-1.577636830712401572e+00,-5.367641090459830400e-01,-1.750723211292614379e-01,-2.075643176179398530e+00,-2.097327853829680511e-01,-3.786337680396491545e-01,-6.024092410157287913e-01,-1.620206200776279193e+00,-2.619085489124275620e-02,-2.171117390468376429e-01,-2.087238861527509481e+00
7.030000000000000000e+02,1.000000000000000000e+00,2.452787888482338419e-02,4.364963890655315204e+00,-2.301062453030262508e-02,2.052672307629394011e-02,-2.153497276189823006e-01,-2.053811297079219500e+00,2.933175381481759741e-02,-1.599016538959141809e-01,-3.983610275683976271e-02,-1.577636830712401572e+00,-5.367641090459830400e-01,-1.750723211292614379e-01,-2.075643176179398530e+00,-2.097327853829680511e-01,-3.786337680396491545e-01,-6.024092410157287913e-01,-1.620206200776279193e+00,-2.619085489124275620e-02,-2.171117390468376429e-01,-2.087238861527509481e+00
7.040000000000000000e+02,1.000000000000000000e+00,2.452787888482338419e-02,4.364963890655315204e+00,-2.301062453030262508e-02,2.052672307629394011e-02,-2.153497276189823006e-01,-2.053811297079219500e+00,2.933175381481759741e-02,-1.599016538959141809e-01,-3.983610275683976271e-02,-1.577636830712401572e+00,-5.367641090459830400e-01,-1.750723211292614379e-01,-2.075643176179398530e+00,-2.097327853829680511e-01,-3.786337680396491545e-01,-6.024092410157287913e-01,-1.620206200776279193e+00,-2.619085489124275620e-02,-2.171117390468376429e-01,-2.087238861527509481e+00
7.050000000000000000e+02,1.000000000000000000e+00,2.452787888482338419e-02,4.364963890655315204e+00,-2.301062453030262508e-02,2.052672307629394011e-02,-2.153497276189823006e-01,-2.053811297079219500e+00,2.933175381481759741e-02,-1.599016538959141809e-01,-3.983610275683976271e-02,-1.577636830712401572e+00,-5.367641090459830400e-01,-1.750723211292614379e-01,-2.075643176179398530e+00,-2.097327853829680511e-01,-3.786337680396491545e-01,-6.024092410157287913e-01,-1.620206200776279193e+00,-2.619085489124275620e-02,-2.171117390468376429e-01,-2.087238861527509481e+00
7.060000000000000000e+02,1.000000000000000000e+00,2.452787888482338419e-02,4.364963890655315204e+00,-2.301062453030262508e-02,2.052672307629394011e-02,-2.153497276189823006e-01,-2.053811297079219500e+00,2.933175381481759741e-02,-1.599016538959141809e-01,-3.983610275683976271e-02,-1.577636830712401572e+00,-5.367641090459830400e-01,-1.750723211292614379e-01,-2.075643176179398530e+00,-2.097327853829680511e-01,-3.786337680396491545e-01,-6.024092410157287913e-01,-1.620206200776279193e+00,-2.619085489124275620e-02,-2.171117390468376429e-01,-2.087238861527509481e+00
7.070000000000000000e+02,1.000000000000000000e+00,2.452787888482338419e-02,4.364963890655315204e+00,-2.301062453030262508e-02,2.052672307629394011e-02,-2.153497276189823006e-01,-2.053811297079219500e+00,2.933175381481759741e-02,-1.599016538959141809e-01,-3.983610275683976271e-02,-1.577636830712401572e+00,-5.367641090459830400e-01,-1.750723211292614379e-01,-2.075643176179398530e+00,-2.097327853829680511e-01,-3.786337680396491545e-01,-6.024092410157287913e-01,-1.620206200776279193e+00,-2.619085489124275620e-02,-2.171117390468376429e-01,-2.087238861527509481e+00
7.080000000000000000e+02,1.000000000000000000e+00,2.452787888482338419e-02,4.364963890655315204e+00,-2.301062453030262508e-02,2.052672307629394011e-02,-2.153497276189823006e-01,-2.053811297079219500e+00,2.933175381481759741e-02,-1.599016538959141809e-01,-3.983610275683976271e-02,-1.577636830712401572e+00,-5.367641090459830400e-01,-1.750723211292614379e-01,-2.075643176179398530e+00,-2.097327853829680511e-01,-3.786337680396491545e-01,-6.024092410157287913e-01,-1.620206200776279193e+00,-2.619085489124275620e-02,-2.171117390468376429e-01,-2.087238861527509481e+00
7.090000000000000000e+02,1.000000000000000000e+00,2.452787888482338419e-02,4.364963890655315204e+00,-2.301062453030262508e-02,2.052672307629394011e-02,-2.153497276189823006e-01,-2.053811297079219500e+00,2.933175381481759741e-02,-1.599016538959141809e-01,-3.983610275683976271e-02,-1.577636830712401572e+00,-5.367641090459830400e-01,-1.750723211292614379e-01,-2.075643176179398530e+00,-2.097327853829680511e-01,-3.786337680396491545e-01,-6.024092410157287913e-01,-1.620206200776279193e+00,-2.619085489124275620e-02,-2.171117390468376429e-01,-2.087238861527509481e+00
7.100000000000000000e+02,1.000000000000000000e+00,2.452787888482338419e-02,4.364963890655315204e+00,-2.301062453030262508e-02,2.052672307629394011e-02,-2.153497276189823006e-01,-2.053811297079219500e+00,2.933175381481759741e-02,-1.599016538959141809e-01,-3.983610275683976271e-02,-1.577636830712401572e+00,-5.367641090459830400e-01,-1.750723211292614379e-01,-2.075643176179398530e+00,-2.097327853829680511e-01,-3.786337680396491545e-01,-6.024092410157287913e-01,-1.620206200776279193e+00,-2.619085489124275620e-02,-2.171117390468376429e-01,-2.087238861527509481e+00
7.110000000000000000e+02,1.000000000000000000e+00,2.452787888482338419e-02,4.364963890655315204e+00,-2.301062453030262508e-02,2.052672307629394011e-02,-2.153497276189823006e-01,-2.053811297079219500e+00,2.933175381481759741e-02,-1.599016538959141809e-01,-3.983610275683976271e-02,-1.577636830712401572e+00,-5.367641090459830400e-01,-1.750723211292614379e-01,-2.075643176179398530e+00,-2.097327853829680511e-01,-3.786337680396491545e-01,-6.024092410157287913e-01,-1.620206200776279193e+00,-2.619085489124275620e-02,-2.171117390468376429e-01,-2.087238861527509481e+00
7.120000000000000000e+02,1.000000000000000000e+00,2.452787888482338419e-02,4.364963890655315204e+00,-2.301062453030262508e-02,2.052672307629394011e-02,-2.153497276189823006e-01,-2.053811297079219500e+00,2.933175381481759741e-02,-1.599016538959141809e-01,-3.983610275683976271e-02,-1.577636830712401572e+00,-5.367641090459830400e-01,-1.750723211292614379e-01,-2.075643176179398530e+00,-2.097327853829680511e-01,-3.786337680396491545e-01,-6.024092410157287913e-01,-1.620206200776279193e+00,-2.619085489124275620e-02,-2.171117390468376429e-01,-2.087238861527509481e+00
7.130000000000000000e+02,1.000000000000000000e+00,2.452787888482338419e-02,4.364963890655315204e+00,-2.301062453030262508e-02,2.052672307629394011e-02,-2.153497276189823006e-01,-2.053811297079219500e+00,2.933175381481759741e-02,-1.599016538959141809e-01,-3.983610275683976271e-02,-1.577636830712401572e+00,-5.367641090459830400e-01,-1.750723211292614379e-01,-2.075643176179398530e+00,-2.097327853829680511e-01,-3.786337680396491545e-01,-6.024092410157287913e-01,-1.620206200776279193e+00,-2.619085489124275620e-02,-2.171117390468376429e-01,-2.087238861527509481e+00
7.140000000000000000e+02,1.000000000000000000e+00,2.452787888482338419e-02,4.364963890655315204e+00,-2.301062453030262508e-02,2.052672307629394011e-02,-2.153497276189823006e-01,-2.053811297079219500e+00,2.933175381481759741e-02,-1.599016538959141809e-01,-3.983610275683976271e-02,-1.577636830712401572e+00,-5.367641090459830400e-01,-1.750723211292614379e-01,-2.075643176179398530e+00,-2.097327853829680511e-01,-3.786337680396491545e-01,-6.024092410157287913e-01,-1.620206200776279193e+00,-2.619085489124275620e-02,-2.171117390468376429e-01,-2.087238861527509481e+00
7.150000000000000000e+02,1.000000000000000000e+00,2.452787888482338419e-02,4.364963890655315204e+00,-2.301062453030262508e-02,2.052672307629394011e-02,-2.153497276189823006e-01,-2.053811297079219500e+00,2.933175381481759741e-02,-1.599016538959141809e-01,-3.983610275683976271e-02,-1.577636830712401572e+00,-5.367641090459830400e-01,-1.750723211292614379e-01,-2.075643176179398530e+00,-2.097327853829680511e-01,-3.786337680396491545e-01,-6.024092410157287913e-01,-1.620206200776279193e+00,-2.619085489124275620e-02,-2.171117390468376429e-01,-2.087238861527509481e+00
7.160000000000000000e+02,1.000000000000000000e+00,2.452787888482338419e-02,4.364963890655315204e+00,-2.301062453030262508e-02,2.052672307629394011e-02,-2.153497276189823006e-01,-2.053811297079219500e+00,2.933175381481759741e-02,-1.599016538959141809e-01,-3.983610275683976271e-02,-1.577636830712401572e+00,-5.367641090459830400e-01,-1.750723211292614379e-01,-2.075643176179398530e+00,-2.097327853829680511e-01,-3.786337680396491545e-01,-6.024092410157287913e-01,-1.620206200776279193e+00,-2.619085489124275620e-02,-2.171117390468376429e-01,-2.087238861527509481e+00
7.170000000000000000e+02,1.000000000000000000e+00,2.452787888482338419e-02,4.364963890655315204e+00,-2.301062453030262508e-02,2.052672307629394011e-02,-2.153497276189823006e-01,-2.053811297079219500e+00,2.933175381481759741e-02,-1.599016538959141809e-01,-3.983610275683976271e-02,-1.577636830712401572e+00,-5.367641090459830400e-01,-1.750723211292614379e-01,-2.075643176179398530e+00,-2.097327853829680511e-01,-3.786337680396491545e-01,-6.024092410157287913e-01,-1.620206200776279193e+00,-2.619085489124275620e-02,-2.171117390468376429e-01,-2.087238861527509481e+00
7.180000000000000000e+02,1.000000000000000000e+00,2.452787888482338419e-02,4.364963890655315204e+00,-2.301062453030262508e-02,2.052672307629394011e-02,-2.153497276189823006e-01,-2.053811297079219500e+00,2.933175381481759741e-02,-1.599016538959141809e-01,-3.983610275683976271e-02,-1.577636830712401572e+00,-5.367641090459830400e-01,-1.750723211292614379e-01,-2.075643176179398530e+00,-2.097327853829680511e-01,-3.786337680396491545e-01,-6.024092410157287913e-01,-1.620206200776279193e+00,-2.619085489124275620e-02,-2.171117390468376429e-01,-2.087238861527509481e+00
7.190000000000000000e+02,1.000000000000000000e+00,2.452787888482338419e-02,4.364963890655315204e+00,-2.301062453030262508e-02,2.052672307629394011e-02,-2.153497276189823006e-01,-2.053811297079219500e+00,2.933175381481759741e-02,-1.599016538959141809e-01,-3.983610275683976271e-02,-1.577636830712401572e+00,-5.367641090459830400e-01,-1.750723211292614379e-01,-2.075643176179398530e+00,-2.097327853829680511e-01,-3.786337680396491545e-01,-6.024092410157287913e-01,-1.620206200776279193e+00,-2.619085489124275620e-02,-2.171117390468376429e-01,-2.087238861527509481e+00
7.200000000000000000e+02,1.000000000000000000e+00,2.452787888482338419e-02,4.364963890655315204e+00,-2.301062453030262508e-02,2.052672307629394011e-02,-2.153497276189823006e-01,-2.053811297079219500e+00,2.933175381481759741e-02,-1.599016538959141809e-01,-3.983610275683976271e-02,-1.577636830712401572e+00,-5.367641090459830400e-01,-1.750723211292614379e-01,-2.075643176179398530e+00,-2.097327853829680511e-01,-3.786337680396491545e-01,-6.024092410157287913e-01,-1.620206200776279193e+00,-2.619085489124275620e-02,-2.171117390468376429e-01,-2.087238861527509481e+00
7.210000000000000000e+02,1.000000000000000000e+00,2.452787888482338419e-02,4.364963890655315204e+00,-2.301062453030262508e-02,2.052672307629394011e-02,-2.153497276189823006e-01,-2.053811297079219500e+00,2.933175381481759741e-02,-1.599016538959141809e-01,-3.983610275683976271e-02,-1.577636830712401572e+00,-5.367641090459830400e-01,-1.750723211292614379e-01,-2.075643176179398530e+00,-2.097327853829680511e-01,-3.786337680396491545e-01,-6.024092410157287913e-01,-1.620206200776279193e+00,-2.619085489124275620e-02,-2.171117390468376429e-01,-2.087238861527509481e+00
7.220000000000000000e+02,1.000000000000000000e+00,2.452787888482338419e-02,4.364963890655315204e+00,-2.301062453030262508e-02,2.052672307629394011e-02,-2.153497276189823006e-01,-2.053811297079219500e+00,2.933175381481759741e-02,-1.599016538959141809e-01,-3.983610275683976271e-02,-1.577636830712401572e+00,-5.367641090459830400e-01,-1.750723211292614379e-01,-2.075643176179398530e+00,-2.097327853829680511e-01,-3.786337680396491545e-01,-6.024092410157287913e-01,-1.620206200776279193e+00,-2.619085489124275620e-02,-2.171117390468376429e-01,-2.087238861527509481e+00
7.230000000000000000e+02,1.000000000000000000e+00,2.452787888482338419e-02,4.364963890655315204e+00,-2.301062453030262508e-02,2.052672307629394011e-02,-2.153497276189823006e-01,-2.053811297079219500e+00,2.933175381481759741e-02,-1.599016538959141809e-01,-3.983610275683976271e-02,-1.577636830712401572e+00,-5.367641090459830400e-01,-1.750723211292614379e-01,-2.075643176179398530e+00,-2.097327853829680511e-01,-3.786337680396491545e-01,-6.024092410157287913e-01,-1.620206200776279193e+00,-2.619085489124275620e-02,-2.171117390468376429e-01,-2.087238861527509481e+00
7.240000000000000000e+02,1.000000000000000000e+00,2.452787888482338419e-02,4.364963890655315204e+00,-2.301062453030262508e-02,2.052672307629394011e-02,-2.153497276189823006e-01,-2.053811297079219500e+00,2.933175381481759741e-02,-1.599016538959141809e-01,-3.983610275683976271e-02,-1.577636830712401572e+00,-5.367641090459830400e-01,-1.750723211292614379e-01,-2.075643176179398530e+00,-2.097327853829680511e-01,-3.786337680396491545e-01,-6.024092410157287913e-01,-1.620206200776279193e+00,-2.619085489124275620e-02,-2.171117390468376429e-01,-2.087238861527509481e+00
7.250000000000000000e+02,1.000000000000000000e+00,2.452787888482338419e-02,4.364963890655315204e+00,-2.301062453030262508e-02,2.052672307629394011e-02,-2.153497276189823006e-01,-2.053811297079219500e+00,2.933175381481759741e-02,-1.599016538959141809e-01,-3.983610275683976271e-02,-1.577636830712401572e+00,-5.367641090459830400e-01,-1.750723211292614379e-01,-2.075643176179398530e+00,-2.097327853829680511e-01,-3.786337680396491545e-01,-6.024092410157287913e-01,-1.620206200776279193e+00,-2.619085489124275620e-02,-2.171117390468376429e-01,-2.087238861527509481e+00
7.260000000000000000e+02,1.000000000000000000e+00,2.452787888482338419e-02,4.364963890655315204e+00,-2.301062453030262508e-02,2.052672307629394011e-02,-2.153497276189823006e-01,-2.053811297079219500e+00,2.933175381481759741e-02,-1.599016538959141809e-01,-3.983610275683976271e-02,-1.577636830712401572e+00,-5.367641090459830400e-01,-1.750723211292614379e-01,-2.075643176179398530e+00,-2.097327853829680511e-01,-3.786337680396491545e-01,-6.024092410157287913e-01,-1.620206200776279193e+00,-2.619085489124275620e-02,-2.171117390468376429e-01,-2.087238861527509481e+00
7.270000000000000000e+02,1.000000000000000000e+00,2.452787888482338419e-02,4.364963890655315204e+00,-2.301062453030262508e-02,2.052672307629394011e-02,-2.153497276189823006e-01,-2.053811297079219500e+00,2.933175381481759741e-02,-1.599016538959141809e-01,-3.983610275683976271e-02,-1.577636830712401572e+00,-5.367641090459830400e-01,-1.750723211292614379e-01,-2.075643176179398530e+00,-2.097327853829680511e-01,-3.786337680396491545e-01,-6.024092410157287913e-01,-1.620206200776279193e+00,-2.619085489124275620e-02,-2.171117390468376429e-01,-2.087238861527509481e+00
7.280000000000000000e+02,1.000000000000000000e+00,2.452787888482338419e-02,4.364963890655315204e+00,-2.301062453030262508e-02,2.052672307629394011e-02,-2.153497276189823006e-01,-2.053811297079219500e+00,2.933175381481759741e-02,-1.599016538959141809e-01,-3.983610275683976271e-02,-1.577636830712401572e+00,-5.367641090459830400e-01,-1.750723211292614379e-01,-2.075643176179398530e+00,-2.097327853829680511e-01,-3.786337680396491545e-01,-6.024092410157287913e-01,-1.620206200776279193e+00,-2.619085489124275620e-02,-2.171117390468376429e-01,-2.087238861527509481e+00
7.290000000000000000e+02,1.000000000000000000e+00,2.452787888482338419e-02,4.364963890655315204e+00,-2.301062453030262508e-02,2.052672307629394011e-02,-2.153497276189823006e-01,-2.053811297079219500e+00,2.933175381481759741e-02,-1.599016538959141809e-01,-3.983610275683976271e-02,-1.577636830712401572e+00,-5.367641090459830400e-01,-1.750723211292614379e-01,-2.075643176179398530e+00,-2.097327853829680511e-01,-3.786337680396491545e-01,-6.024092410157287913e-01,-1.620206200776279193e+00,-2.619085489124275620e-02,-2.171117390468376429e-01,-2.087238861527509481e+00
7.300000000000000000e+02,1.000000000000000000e+00,2.452787888482338419e-02,4.364963890655315204e+00,-2.301062453030262508e-02,2.052672307629394011e-02,-2.153497276189823006e-01,-2.053811297079219500e+00,2.933175381481759741e-02,-1.599016538959141809e-01,-3.983610275683976271e-02,-1.577636830712401572e+00,-5.367641090459830400e-01,-1.750723211292614379e-01,-2.075643176179398530e+00,-2.097327853829680511e-01,-3.786337680396491545e-01,-6.024092410157287913e-01,-1.620206200776279193e+00,-2.619085489124275620e-02,-2.171117390468376429e-01,-2.087238861527509481e+00
7.310000000000000000e+02,1.000000000000000000e+00,2.452787888482338419e-02,4.364963890655315204e+00,-2.301062453030262508e-02,2.052672307629394011e-02,-2.153497276189823006e-01,-2.053811297079219500e+00,2.933175381481759741e-02,-1.599016538959141809e-01,-3.983610275683976271e-02,-1.577636830712401572e+00,-5.367641090459830400e-01,-1.750723211292614379e-01,-2.075643176179398530e+00,-2.097327853829680511e-01,-3.786337680396491545e-01,-6.024092410157287913e-01,-1.620206200776279193e+00,-2.619085489124275620e-02,-2.171117390468376429e-01,-2.087238861527509481e+00
7.320000000000000000e+02,1.000000000000000000e+00,2.452787888482338419e-02,4.364963890655315204e+00,-2.301062453030262508e-02,2.052672307629394011e-02,-2.153497276189823006e-01,-2.053811297079219500e+00,2.933175381481759741e-02,-1.599016538959141809e-01,-3.983610275683976271e-02,-1.577636830712401572e+00,-5.367641090459830400e-01,-1.750723211292614379e-01,-2.075643176179398530e+00,-2.097327853829680511e-01,-3.786337680396491545e-01,-6.024092410157287913e-01,-1.620206200776279193e+00,-2.619085489124275620e-02,-2.171117390468376429e-01,-2.087238861527509481e+00
7.330000000000000000e+02,1.000000000000000000e+00,2.452787888482338419e-02,4.364963890655315204e+00,-2.301062453030262508e-02,2.052672307629394011e-02,-2.153497276189823006e-01,-2.053811297079219500e+00,2.933175381481759741e-02,-1.599016538959141809e-01,-3.983610275683976271e-02,-1.577636830712401572e+00,-5.367641090459830400e-01,-1.750723211292614379e-01,-2.075643176179398530e+00,-2.097327853829680511e-01,-3.786337680396491545e-01,-6.024092410157287913e-01,-1.620206200776279193e+00,-2.619085489124275620e-02,-2.171117390468376429e-01,-2.087238861527509481e+00
7.340000000000000000e+02,1.000000000000000000e+00,2.452787888482338419e-02,4.364963890655315204e+00,-2.301062453030262508e-02,2.052672307629394011e-02,-2.153497276189823006e-01,-2.053811297079219500e+00,2.933175381481759741e-02,-1.599016538959141809e-01,-3.983610275683976271e-02,-1.577636830712401572e+00,-5.367641090459830400e-01,-1.750723211292614379e-01,-2.075643176179398530e+00,-2.097327853829680511e-01,-3.786337680396491545e-01,-6.024092410157287913e-01,-1.620206200776279193e+00,-2.619085489124275620e-02,-2.171117390468376429e-01,-2.087238861527509481e+00
7.350000000000000000e+02,1.000000000000000000e+00,2.452787888482338419e-02,4.364963890655315204e+00,-2.301062453030262508e-02,2.052672307629394011e-02,-2.153497276189823006e-01,-2.053811297079219500e+00,2.933175381481759741e-02,-1.599016538959141809e-01,-3.983610275683976271e-02,-1.577636830712401572e+00,-5.367641090459830400e-01,-1.750723211292614379e-01,-2.075643176179398530e+00,-2.097327853829680511e-01,-3.786337680396491545e-01,-6.024092410157287913e-01,-1.620206200776279193e+00,-2.619085489124275620e-02,-2.171117390468376429e-01,-2.087238861527509481e+00
7.360000000000000000e+02,1.000000000000000000e+00,2.452787888482338419e-02,4.364963890655315204e+00,-2.301062453030262508e-02,2.052672307629394011e-02,-2.153497276189823006e-01,-2.053811297079219500e+00,2.933175381481759741e-02,-1.599016538959141809e-01,-3.983610275683976271e-02,-1.577636830712401572e+00,-5.367641090459830400e-01,-1.750723211292614379e-01,-2.075643176179398530e+00,-2.097327853829680511e-01,-3.786337680396491545e-01,-6.024092410157287913e-01,-1.620206200776279193e+00,-2.619085489124275620e-02,-2.171117390468376429e-01,-2.087238861527509481e+00
7.370000000000000000e+02,1.000000000000000000e+00,2.452787888482338419e-02,4.364963890655315204e+00,-2.301062453030262508e-02,2.052672307629394011e-02,-2.153497276189823006e-01,-2.053811297079219500e+00,2.933175381481759741e-02,-1.599016538959141809e-01,-3.983610275683976271e-02,-1.577636830712401572e+00,-5.367641090459830400e-01,-1.750723211292614379e-01,-2.075643176179398530e+00,-2.097327853829680511e-01,-3.786337680396491545e-01,-6.024092410157287913e-01,-1.620206200776279193e+00,-2.619085489124275620e-02,-2.171117390468376429e-01,-2.087238861527509481e+00
7.380000000000000000e+02,1.000000000000000000e+00,2.452787888482338419e-02,4.364963890655315204e+00,-2.301062453030262508e-02,2.052672307629394011e-02,-2.153497276189823006e-01,-2.053811297079219500e+00,2.933175381481759741e-02,-1.599016538959141809e-01,-3.983610275683976271e-02,-1.577636830712401572e+00,-5.367641090459830400e-01,-1.750723211292614379e-01,-2.075643176179398530e+00,-2.097327853829680511e-01,-3.786337680396491545e-01,-6.024092410157287913e-01,-1.620206200776279193e+00,-2.619085489124275620e-02,-2.171117390468376429e-01,-2.087238861527509481e+00
7.390000000000000000e+02,1.000000000000000000e+00,2.452787888482338419e-02,4.364963890655315204e+00,-2.301062453030262508e-02,2.052672307629394011e-02,-2.153497276189823006e-01,-2.053811297079219500e+00,2.933175381481759741e-02,-1.599016538959141809e-01,-3.983610275683976271e-02,-1.577636830712401572e+00,-5.367641090459830400e-01,-1.750723211292614379e-01,-2.075643176179398530e+00,-2.097327853829680511e-01,-3.786337680396491545e-01,-6.024092410157287913e-01,-1.620206200776279193e+00,-2.619085489124275620e-02,-2.171117390468376429e-01,-2.087238861527509481e+00
7.400000000000000000e+02,1.000000000000000000e+00,2.452787888482338419e-02,4.364963890655315204e+00,-2.301062453030262508e-02,2.052672307629394011e-02,-2.153497276189823006e-01,-2.053811297079219500e+00,2.933175381481759741e-02,-1.599016538959141809e-01,-3.983610275683976271e-02,-1.577636830712401572e+00,-5.367641090459830400e-01,-1.750723211292614379e-01,-2.075643176179398530e+00,-2.097327853829680511e-01,-3.786337680396491545e-01,-6.024092410157287913e-01,-1.620206200776279193e+00,-2.619085489124275620e-02,-2.171117390468376429e-01,-2.087238861527509481e+00
7.410000000000000000e+02,1.000000000000000000e+00,2.452787888482338419e-02,4.364963890655315204e+00,-2.301062453030262508e-02,2.052672307629394011e-02,-2.153497276189823006e-01,-2.053811297079219500e+00,2.933175381481759741e-02,-1.599016538959141809e-01,-3.983610275683976271e-02,-1.577636830712401572e+00,-5.367641090459830400e-01,-1.750723211292614379e-01,-2.075643176179398530e+00,-2.097327853829680511e-01,-3.786337680396491545e-01,-6.024092410157287913e-01,-1.620206200776279193e+00,-2.619085489124275620e-02,-2.171117390468376429e-01,-2.087238861527509481e+00
7.420000000000000000e+02,1.000000000000000000e+00,2.452787888482338419e-02,4.364963890655315204e+00,-2.301062453030262508e-02,2.052672307629394011e-02,-2.153497276189823006e-01,-2.053811297079219500e+00,2.933175381481759741e-02,-1.599016538959141809e-01,-3.983610275683976271e-02,-1.577636830712401572e+00,-5.367641090459830400e-01,-1.750723211292614379e-01,-2.075643176179398530e+00,-2.097327853829680511e-01,-3.786337680396491545e-01,-6.024092410157287913e-01,-1.620206200776279193e+00,-2.619085489124275620e-02,-2.171117390468376429e-01,-2.087238861527509481e+00
7.430000000000000000e+02,1.000000000000000000e+00,2.452787888482338419e-02,4.364963890655315204e+00,-2.301062453030262508e-02,2.052672307629394011e-02,-2.153497276189823006e-01,-2.053811297079219500e+00,2.933175381481759741e-02,-1.599016538959141809e-01,-3.983610275683976271e-02,-1.577636830712401572e+00,-5.367641090459830400e-01,-1.750723211292614379e-01,-2.075643176179398530e+00,-2.097327853829680511e-01,-3.786337680396491545e-01,-6.024092410157287913e-01,-1.620206200776279193e+00,-2.619085489124275620e-02,-2.171117390468376429e-01,-2.087238861527509481e+00
7.440000000000000000e+02,1.000000000000000000e+00,2.452787888482338419e-02,4.364963890655315204e+00,-2.301062453030262508e-02,2.052672307629394011e-02,-2.153497276189823006e-01,-2.053811297079219500e+00,2.933175381481759741e-02,-1.599016538959141809e-01,-3.983610275683976271e-02,-1.577636830712401572e+00,-5.367641090459830400e-01,-1.750723211292614379e-01,-2.075643176179398530e+00,-2.097327853829680511e-01,-3.786337680396491545e-01,-6.024092410157287913e-01,-1.620206200776279193e+00,-2.619085489124275620e-02,-2.171117390468376429e-01,-2.087238861527509481e+00
7.450000000000000000e+02,1.000000000000000000e+00,2.452787888482338419e-02,4.364963890655315204e+00,-2.301062453030262508e-02,2.052672307629394011e-02,-2.153497276189823006e-01,-2.053811297079219500e+00,2.933175381481759741e-02,-1.599016538959141809e-01,-3.983610275683976271e-02,-1.577636830712401572e+00,-5.367641090459830400e-01,-1.750723211292614379e-01,-2.075643176179398530e+00,-2.097327853829680511e-01,-3.786337680396491545e-01,-6.024092410157287913e-01,-1.620206200776279193e+00,-2.619085489124275620e-02,-2.171117390468376429e-01,-2.087238861527509481e+00
7.460000000000000000e+02,1.000000000000000000e+00,2.452787888482338419e-02,4.364963890655315204e+00,-2.301062453030262508e-02,2.052672307629394011e-02,-2.153497276189823006e-01,-2.053811297079219500e+00,2.933175381481759741e-02,-1.599016538959141809e-01,-3.983610275683976271e-02,-1.577636830712401572e+00,-5.367641090459830400e-01,-1.750723211292614379e-01,-2.075643176179398530e+00,-2.097327853829680511e-01,-3.786337680396491545e-01,-6.024092410157287913e-01,-1.620206200776279193e+00,-2.619085489124275620e-02,-2.171117390468376429e-01,-2.087238861527509481e+00
7.470000000000000000e+02,1.000000000000000000e+00,2.452787888482338419e-02,4.364963890655315204e+00,-2.301062453030262508e-02,2.052672307629394011e-02,-2.153497276189823006e-01,-2.053811297079219500e+00,2.933175381481759741e-02,-1.599016538959141809e-01,-3.983610275683976271e-02,-1.577636830712401572e+00,-5.367641090459830400e-01,-1.750723211292614379e-01,-2.075643176179398530e+00,-2.097327853829680511e-01,-3.786337680396491545e-01,-6.024092410157287913e-01,-1.620206200776279193e+00,-2.619085489124275620e-02,-2.171117390468376429e-01,-2.087238861527509481e+00
7.480000000000000000e+02,1.000000000000000000e+00,2.452787888482338419e-02,4.364963890655315204e+00,-2.301062453030262508e-02,2.052672307629394011e-02,-2.153497276189823006e-01,-2.053811297079219500e+00,2.933175381481759741e-02,-1.599016538959141809e-01,-3.983610275683976271e-02,-1.577636830712401572e+00,-5.367641090459830400e-01,-1.750723211292614379e-01,-2.075643176179398530e+00,-2.097327853829680511e-01,-3.786337680396491545e-01,-6.024092410157287913e-01,-1.620206200776279193e+00,-2.619085489124275620e-02,-2.171117390468376429e-01,-2.087238861527509481e+00
7.490000000000000000e+02,1.000000000000000000e+00,2.452787888482338419e-02,4.364963890655315204e+00,-2.301062453030262508e-02,2.052672307629394011e-02,-2.153497276189823006e-01,-2.053811297079219500e+00,2.933175381481759741e-02,-1.599016538959141809e-01,-3.983610275683976271e-02,-1.577636830712401572e+00,-5.367641090459830400e-01,-1.750723211292614379e-01,-2.075643176179398530e+00,-2.097327853829680511e-01,-3.786337680396491545e-01,-6.024092410157287913e-01,-1.620206200776279193e+00,-2.619085489124275620e-02,-2.171117390468376429e-01,-2.087238861527509481e+00
7.500000000000000000e+02,1.000000000000000000e+00,2.452787888482338419e-02,4.364963890655315204e+00,-2.301062453030262508e-02,2.052672307629394011e-02,-2.153497276189823006e-01,-2.053811297079219500e+00,2.933175381481759741e-02,-1.599016538959141809e-01,-3.983610275683976271e-02,-1.577636830712401572e+00,-5.367641090459830400e-01,-1.750723211292614379e-01,-2.075643176179398530e+00,-2.097327853829680511e-01,-3.786337680396491545e-01,-6.024092410157287913e-01,-1.620206200776279193e+00,-2.619085489124275620e-02,-2.171117390468376429e-01,-2.087238861527509481e+00
7.510000000000000000e+02,1.000000000000000000e+00,2.452787888482338419e-02,4.364963890655315204e+00,-2.301062453030262508e-02,2.052672307629394011e-02,-2.153497276189823006e-01,-2.053811297079219500e+00,2.933175381481759741e-02,-1.599016538959141809e-01,-3.983610275683976271e-02,-1.577636830712401572e+00,-5.367641090459830400e-01,-1.750723211292614379e-01,-2.075643176179398530e+00,-2.097327853829680511e-01,-3.786337680396491545e-01,-6.024092410157287913e-01,-1.620206200776279193e+00,-2.619085489124275620e-02,-2.171117390468376429e-01,-2.087238861527509481e+00
7.520000000000000000e+02,1.000000000000000000e+00,2.452787888482338419e-02,4.364963890655315204e+00,-2.301062453030262508e-02,2.052672307629394011e-02,-2.153497276189823006e-01,-2.053811297079219500e+00,2.933175381481759741e-02,-1.599016538959141809e-01,-3.983610275683976271e-02,-1.577636830712401572e+00,-5.367641090459830400e-01,-1.750723211292614379e-01,-2.075643176179398530e+00,-2.097327853829680511e-01,-3.786337680396491545e-01,-6.024092410157287913e-01,-1.620206200776279193e+00,-2.619085489124275620e-02,-2.171117390468376429e-01,-2.087238861527509481e+00
7.530000000000000000e+02,1.000000000000000000e+00,2.452787888482338419e-02,4.364963890655315204e+00,-2.301062453030262508e-02,2.052672307629394011e-02,-2.153497276189823006e-01,-2.053811297079219500e+00,2.933175381481759741e-02,-1.599016538959141809e-01,-3.983610275683976271e-02,-1.577636830712401572e+00,-5.367641090459830400e-01,-1.750723211292614379e-01,-2.075643176179398530e+00,-2.097327853829680511e-01,-3.786337680396491545e-01,-6.024092410157287913e-01,-1.620206200776279193e+00,-2.619085489124275620e-02,-2.171117390468376429e-01,-2.087238861527509481e+00
7.540000000000000000e+02,1.000000000000000000e+00,2.082732331390952166e-02,4.364963890655315204e+00,-2.301062453030262508e-02,2.052672307629394011e-02,-2.153497276189823006e-01,-2.053811297079219500e+00,2.933175381481759741e-02,-1.599016538959141809e-01,-3.983610275683976271e-02,-1.577636830712401572e+00,-5.367641090459830400e-01,-1.750723211292614379e-01,-2.075643176179398530e+00,-2.097327853829680511e-01,-3.786337680396491545e-01,-6.024092410157287913e-01,-1.620206200776279193e+00,-2.619085489124275620e-02,-2.171117390468376429e-01,-2.087238861527509481e+00
7.550000000000000000e+02,1.000000000000000000e+00,2.082732331390952166e-02,4.364963890655315204e+00,-2.301062453030262508e-02,2.052672307629394011e-02,-2.153497276189823006e-01,-2.053811297079219500e+00,2.933175381481759741e-02,-1.599016538959141809e-01,-3.983610275683976271e-02,-1.577636830712401572e+00,-5.367641090459830400e-01,-1.750723211292614379e-01,-2.075643176179398530e+00,-2.097327853829680511e-01,-3.786337680396491545e-01,-6.024092410157287913e-01,-1.620206200776279193e+00,-2.619085489124275620e-02,-2.171117390468376429e-01,-2.087238861527509481e+00
7.560000000000000000e+02,1.000000000000000000e+00,2.082732331390952166e-02,4.364963890655315204e+00,-2.301062453030262508e-02,2.052672307629394011e-02,-2.153497276189823006e-01,-2.053811297079219500e+00,2.933175381481759741e-02,-1.599016538959141809e-01,-3.983610275683976271e-02,-1.577636830712401572e+00,-5.367641090459830400e-01,-1.750723211292614379e-01,-2.075643176179398530e+00,-2.097327853829680511e-01,-3.786337680396491545e-01,-6.024092410157287913e-01,-1.620206200776279193e+00,-2.619085489124275620e-02,-2.171117390468376429e-01,-2.087238861527509481e+00
7.570000000000000000e+02,1.000000000000000000e+00,2.082732331390952166e-02,4.364963890655315204e+00,-2.301062453030262508e-02,2.052672307629394011e-02,-2.153497276189823006e-01,-2.053811297079219500e+00,2.933175381481759741e-02,-1.599016538959141809e-01,-3.983610275683976271e-02,-1.577636830712401572e+00,-5.367641090459830400e-01,-1.750723211292614379e-01,-2.075643176179398530e+00,-2.097327853829680511e-01,-3.786337680396491545e-01,-6.024092410157287913e-01,-1.620206200776279193e+00,-2.619085489124275620e-02,-2.171117390468376429e-01,-2.087238861527509481e+00
7.580000000000000000e+02,1.000000000000000000e+00,2.082732331390952166e-02,4.364963890655315204e+00,-2.301062453030262508e-02,2.052672307629394011e-02,-2.153497276189823006e-01,-2.053811297079219500e+00,2.933175381481759741e-02,-1.599016538959141809e-01,-3.983610275683976271e-02,-1.577636830712401572e+00,-5.367641090459830400e-01,-1.750723211292614379e-01,-2.075643176179398530e+00,-2.097327853829680511e-01,-3.786337680396491545e-01,-6.024092410157287913e-01,-1.620206200776279193e+00,-2.619085489124275620e-02,-2.171117390468376429e-01,-2.087238861527509481e+00
7.590000000000000000e+02,1.000000000000000000e+00,2.082732331390952166e-02,4.364963890655315204e+00,-2.301062453030262508e-02,2.052672307629394011e-02,-2.153497276189823006e-01,-2.053811297079219500e+00,2.933175381481759741e-02,-1.599016538959141809e-01,-3.983610275683976271e-02,-1.577636830712401572e+00,-5.367641090459830400e-01,-1.750723211292614379e-01,-2.075643176179398530e+00,-2.097327853829680511e-01,-3.786337680396491545e-01,-6.024092410157287913e-01,-1.620206200776279193e+00,-2.619085489124275620e-02,-2.171117390468376429e-01,-2.087238861527509481e+00
7.600000000000000000e+02,1.000000000000000000e+00,2.082732331390952166e-02,4.364963890655315204e+00,-2.301062453030262508e-02,2.052672307629394011e-02,-2.153497276189823006e-01,-2.053811297079219500e+00,2.933175381481759741e-02,-1.599016538959141809e-01,-3.983610275683976271e-02,-1.577636830712401572e+00,-5.367641090459830400e-01,-1.750723211292614379e-01,-2.075643176179398530e+00,-2.097327853829680511e-01,-3.786337680396491545e-01,-6.024092410157287913e-01,-1.620206200776279193e+00,-2.619085489124275620e-02,-2.171117390468376429e-01,-2.087238861527509481e+00
7.610000000000000000e+02,1.000000000000000000e+00,2.082732331390952166e-02,4.364963890655315204e+00,-2.301062453030262508e-02,2.052672307629394011e-02,-2.153497276189823006e-01,-2.053811297079219500e+00,2.933175381481759741e-02,-1.599016538959141809e-01,-3.983610275683976271e-02,-1.577636830712401572e+00,-5.367641090459830400e-01,-1.750723211292614379e-01,-2.075643176179398530e+00,-2.097327853829680511e-01,-3.786337680396491545e-01,-6.024092410157287913e-01,-1.620206200776279193e+00,-2.619085489124275620e-02,-2.171117390468376429e-01,-2.087238861527509481e+00
7.620000000000000000e+02,1.000000000000000000e+00,2.082732331390952166e-02,4.364963890655315204e+00,-2.301062453030262508e-02,2.052672307629394011e-02,-2.153497276189823006e-01,-2.053811297079219500e+00,2.933175381481759741e-02,-1.599016538959141809e-01,-3.983610275683976271e-02,-1.577636830712401572e+00,-5.367641090459830400e-01,-1.750723211292614379e-01,-2.075643176179398530e+00,-2.097327853829680511e-01,-3.786337680396491545e-01,-6.024092410157287913e-01,-1.620206200776279193e+00,-2.619085489124275620e-02,-2.171117390468376429e-01,-2.087238861527509481e+00
7.630000000000000000e+02,1.000000000000000000e+00,2.082732331390952166e-02,4.364963890655315204e+00,-2.301062453030262508e-02,2.052672307629394011e-02,-2.153497276189823006e-01,-2.053811297079219500e+00,2.933175381481759741e-02,-1.599016538959141809e-01,-3.983610275683976271e-02,-1.577636830712401572e+00,-5.367641090459830400e-01,-1.750723211292614379e-01,-2.075643176179398530e+00,-2.097327853829680511e-01,-3.786337680396491545e-01,-6.024092410157287913e-01,-1.620206200776279193e+00,-2.619085489124275620e-02,-2.171117390468376429e-01,-2.087238861527509481e+00
7.640000000000000000e+02,1.000000000000000000e+00,2.082732331390952166e-02,4.364963890655315204e+00,-2.301062453030262508e-02,2.052672307629394011e-02,-2.153497276189823006e-01,-2.053811297079219500e+00,2.933175381481759741e-02,-1.599016538959141809e-01,-3.983610275683976271e-02,-1.577636830712401572e+00,-5.367641090459830400e-01,-1.750723211292614379e-01,-2.075643176179398530e+00,-2.097327853829680511e-01,-3.786337680396491545e-01,-6.024092410157287913e-01,-1.620206200776279193e+00,-2.619085489124275620e-02,-2.171117390468376429e-01,-2.087238861527509481e+00
7.650000000000000000e+02,1.000000000000000000e+00,2.082732331390952166e-02,4.364963890655315204e+00,-2.301062453030262508e-02,2.052672307629394011e-02,-2.153497276189823006e-01,-2.053811297079219500e+00,2.933175381481759741e-02,-1.599016538959141809e-01,-3.983610275683976271e-02,-1.577636830712401572e+00,-5.367641090459830400e-01,-1.750723211292614379e-01,-2.075643176179398530e+00,-2.097327853829680511e-01,-3.786337680396491545e-01,-6.024092410157287913e-01,-1.620206200776279193e+00,-2.619085489124275620e-02,-2.171117390468376429e-01,-2.087238861527509481e+00
7.660000000000000000e+02,1.000000000000000000e+00,2.082732331390952166e-02,4.364963890655315204e+00,-2.301062453030262508e-02,2.052672307629394011e-02,-2.153497276189823006e-01,-2.053811297079219500e+00,2.933175381481759741e-02,-1.599016538959141809e-01,-3.983610275683976271e-02,-1.577636830712401572e+00,-5.367641090459830400e-01,-1.750723211292614379e-01,-2.075643176179398530e+00,-2.097327853829680511e-01,-3.786337680396491545e-01,-6.024092410157287913e-01,-1.620206200776279193e+00,-2.619085489124275620e-02,-2.171117390468376429e-01,-2.087238861527509481e+00
7.670000000000000000e+02,1.000000000000000000e+00,2.082732331390952166e-02,4.364963890655315204e+00,-2.301062453030262508e-02,2.052672307629394011e-02,-2.153497276189823006e-01,-2.053811297079219500e+00,2.933175381481759741e-02,-1.599016538959141809e-01,-3.983610275683976271e-02,-1.577636830712401572e+00,-5.367641090459830400e-01,-1.750723211292614379e-01,-2.075643176179398530e+00,-2.097327853829680511e-01,-3.786337680396491545e-01,-6.024092410157287913e-01,-1.620206200776279193e+00,-2.619085489124275620e-02,-2.171117390468376429e-01,-2.087238861527509481e+00
7.680000000000000000e+02,1.000000000000000000e+00,2.082732331390952166e-02,4.364963890655315204e+00,-2.301062453030262508e-02,2.052672307629394011e-02,-2.153497276189823006e-01,-2.053811297079219500e+00,2.933175381481759741e-02,-1.599016538959141809e-01,-3.983610275683976271e-02,-1.577636830712401572e+00,-5.367641090459830400e-01,-1.750723211292614379e-01,-2.075643176179398530e+00,-2.097327853829680511e-01,-3.786337680396491545e-01,-6.024092410157287913e-01,-1.620206200776279193e+00,-2.619085489124275620e-02,-2.171117390468376429e-01,-2.087238861527509481e+00
7.690000000000000000e+02,1.000000000000000000e+00,2.082732331390952166e-02,4.364963890655315204e+00,-2.301062453030262508e-02,2.052672307629394011e-02,-2.153497276189823006e-01,-2.053811297079219500e+00,2.933175381481759741e-02,-1.599016538959141809e-01,-3.983610275683976271e-02,-1.577636830712401572e+00,-5.367641090459830400e-01,-1.750723211292614379e-01,-2.075643176179398530e+00,-2.097327853829680511e-01,-3.786337680396491545e-01,-6.024092410157287913e-01,-1.620206200776279193e+00,-2.619085489124275620e-02,-2.171117390468376429e-01,-2.087238861527509481e+00
7.700000000000000000e+02,1.000000000000000000e+00,2.082732331390952166e-02,4.364963890655315204e+00,-2.301062453030262508e-02,2.052672307629394011e-02,-2.153497276189823006e-01,-2.053811297079219500e+00,2.933175381481759741e-02,-1.599016538959141809e-01,-3.983610275683976271e-02,-1.577636830712401572e+00,-5.367641090459830400e-01,-1.750723211292614379e-01,-2.075643176179398530e+00,-2.097327853829680511e-01,-3.786337680396491545e-01,-6.024092410157287913e-01,-1.620206200776279193e+00,-2.619085489124275620e-02,-2.171117390468376429e-01,-2.087238861527509481e+00
7.710000000000000000e+02,1.000000000000000000e+00,2.082732331390952166e-02,4.364963890655315204e+00,-2.301062453030262508e-02,2.052672307629394011e-02,-2.153497276189823006e-01,-2.053811297079219500e+00,2.933175381481759741e-02,-1.599016538959141809e-01,-3.983610275683976271e-02,-1.577636830712401572e+00,-5.367641090459830400e-01,-1.750723211292614379e-01,-2.075643176179398530e+00,-2.097327853829680511e-01,-3.786337680396491545e-01,-6.024092410157287913e-01,-1.620206200776279193e+00,-2.619085489124275620e-02,-2.171117390468376429e-01,-2.087238861527509481e+00
7.720000000000000000e+02,1.000000000000000000e+00,2.082732331390952166e-02,4.364963890655315204e+00,-2.301062453030262508e-02,2.052672307629394011e-02,-2.153497276189823006e-01,-2.053811297079219500e+00,2.933175381481759741e-02,-1.599016538959141809e-01,-3.983610275683976271e-02,-1.577636830712401572e+00,-5.367641090459830400e-01,-1.750723211292614379e-01,-2.075643176179398530e+00,-2.097327853829680511e-01,-3.786337680396491545e-01,-6.024092410157287913e-01,-1.620206200776279193e+00,-2.619085489124275620e-02,-2.171117390468376429e-01,-2.087238861527509481e+00
7.730000000000000000e+02,1.000000000000000000e+00,2.082732331390952166e-02,4.364963890655315204e+00,-2.301062453030262508e-02,2.052672307629394011e-02,-2.153497276189823006e-01,-2.053811297079219500e+00,2.933175381481759741e-02,-1.599016538959141809e-01,-3.983610275683976271e-02,-1.577636830712401572e+00,-5.367641090459830400e-01,-1.750723211292614379e-01,-2.075643176179398530e+00,-2.097327853829680511e-01,-3.786337680396491545e-01,-6.024092410157287913e-01,-1.620206200776279193e+00,-2.619085489124275620e-02,-2.171117390468376429e-01,-2.087238861527509481e+00
7.740000000000000000e+02,1.000000000000000000e+00,2.082732331390952166e-02,4.364963890655315204e+00,-2.301062453030262508e-02,2.052672307629394011e-02,-2.153497276189823006e-01,-2.053811297079219500e+00,2.933175381481759741e-02,-1.599016538959141809e-01,-3.983610275683976271e-02,-1.577636830712401572e+00,-5.367641090459830400e-01,-1.750723211292614379e-01,-2.075643176179398530e+00,-2.097327853829680511e-01,-3.786337680396491545e-01,-6.024092410157287913e-01,-1.620206200776279193e+00,-2.619085489124275620e-02,-2.171117390468376429e-01,-2.087238861527509481e+00
7.750000000000000000e+02,1.000000000000000000e+00,2.082732331390952166e-02,4.364963890655315204e+00,-2.301062453030262508e-02,2.052672307629394011e-02,-2.153497276189823006e-01,-2.053811297079219500e+00,2.933175381481759741e-02,-1.599016538959141809e-01,-3.983610275683976271e-02,-1.577636830712401572e+00,-5.367641090459830400e-01,-1.750723211292614379e-01,-2.075643176179398530e+00,-2.097327853829680511e-01,-3.786337680396491545e-01,-6.024092410157287913e-01,-1.620206200776279193e+00,-2.619085489124275620e-02,-2.171117390468376429e-01,-2.087238861527509481e+00
7.760000000000000000e+02,1.000000000000000000e+00,2.082732331390952166e-02,4.364963890655315204e+00,-2.301062453030262508e-02,2.052672307629394011e-02,-2.153497276189823006e-01,-2.053811297079219500e+00,2.933175381481759741e-02,-1.599016538959141809e-01,-3.983610275683976271e-02,-1.577636830712401572e+00,-5.367641090459830400e-01,-1.750723211292614379e-01,-2.075643176179398530e+00,-2.097327853829680511e-01,-3.786337680396491545e-01,-6.024092410157287913e-01,-1.620206200776279193e+00,-2.619085489124275620e-02,-2.171117390468376429e-01,-2.087238861527509481e+00
7.770000000000000000e+02,1.000000000000000000e+00,2.082732331390952166e-02,4.364963890655315204e+00,-2.301062453030262508e-02,2.052672307629394011e-02,-2.153497276189823006e-01,-2.053811297079219500e+00,2.933175381481759741e-02,-1.599016538959141809e-01,-3.983610275683976271e-02,-1.577636830712401572e+00,-5.367641090459830400e-01,-1.750723211292614379e-01,-2.075643176179398530e+00,-2.097327853829680511e-01,-3.786337680396491545e-01,-6.024092410157287913e-01,-1.620206200776279193e+00,-2.619085489124275620e-02,-2.171117390468376429e-01,-2.087238861527509481e+00
7.780000000000000000e+02,1.000000000000000000e+00,2.082732331390952166e-02,4.364963890655315204e+00,-2.301062453030262508e-02,2.052672307629394011e-02,-2.153497276189823006e-01,-2.053811297079219500e+00,2.933175381481759741e-02,-1.599016538959141809e-01,-3.983610275683976271e-02,-1.577636830712401572e+00,-5.367641090459830400e-01,-1.750723211292614379e-01,-2.075643176179398530e+00,-2.097327853829680511e-01,-3.786337680396491545e-01,-6.024092410157287913e-01,-1.620206200776279193e+00,-2.619085489124275620e-02,-2.171117390468376429e-01,-2.087238861527509481e+00
7.790000000000000000e+02,1.000000000000000000e+00,2.082732331390952166e-02,4.364963890655315204e+00,-2.301062453030262508e-02,2.052672307629394011e-02,-2.153497276189823006e-01,-2.053811297079219500e+00,2.933175381481759741e-02,-1.599016538959141809e-01,-3.983610275683976271e-02,-1.577636830712401572e+00,-5.367641090459830400e-01,-1.750723211292614379e-01,-2.075643176179398530e+00,-2.097327853829680511e-01,-3.786337680396491545e-01,-6.024092410157287913e-01,-1.620206200776279193e+00,-2.619085489124275620e-02,-2.171117390468376429e-01,-2.087238861527509481e+00
7.800000000000000000e+02,1.000000000000000000e+00,2.082732331390952166e-02,4.364963890655315204e+00,-2.301062453030262508e-02,2.052672307629394011e-02,-2.153497276189823006e-01,-2.053811297079219500e+00,2.933175381481759741e-02,-1.599016538959141809e-01,-3.983610275683976271e-02,-1.577636830712401572e+00,-5.367641090459830400e-01,-1.750723211292614379e-01,-2.075643176179398530e+00,-2.097327853829680511e-01,-3.786337680396491545e-01,-6.024092410157287913e-01,-1.620206200776279193e+00,-2.619085489124275620e-02,-2.171117390468376429e-01,-2.087238861527509481e+00
7.810000000000000000e+02,1.000000000000000000e+00,2.082732331390952166e-02,4.364963890655315204e+00,-2.301062453030262508e-02,2.052672307629394011e-02,-2.153497276189823006e-01,-2.053811297079219500e+00,2.933175381481759741e-02,-1.599016538959141809e-01,-3.983610275683976271e-02,-1.577636830712401572e+00,-5.367641090459830400e-01,-1.750723211292614379e-01,-2.075643176179398530e+00,-2.097327853829680511e-01,-3.786337680396491545e-01,-6.024092410157287913e-01,-1.620206200776279193e+00,-2.619085489124275620e-02,-2.171117390468376429e-01,-2.087238861527509481e+00
7.820000000000000000e+02,1.000000000000000000e+00,2.082732331390952166e-02,4.364963890655315204e+00,-2.301062453030262508e-02,2.052672307629394011e-02,-2.153497276189823006e-01,-2.053811297079219500e+00,2.933175381481759741e-02,-1.599016538959141809e-01,-3.983610275683976271e-02,-1.577636830712401572e+00,-5.367641090459830400e-01,-1.750723211292614379e-01,-2.075643176179398530e+00,-2.097327853829680511e-01,-3.786337680396491545e-01,-6.024092410157287913e-01,-1.620206200776279193e+00,-2.619085489124275620e-02,-2.171117390468376429e-01,-2.087238861527509481e+00
7.830000000000000000e+02,1.000000000000000000e+00,2.082732331390952166e-02,4.364963890655315204e+00,-2.301062453030262508e-02,2.052672307629394011e-02,-2.153497276189823006e-01,-2.053811297079219500e+00,2.933175381481759741e-02,-1.599016538959141809e-01,-3.983610275683976271e-02,-1.577636830712401572e+00,-5.367641090459830400e-01,-1.750723211292614379e-01,-2.075643176179398530e+00,-2.097327853829680511e-01,-3.786337680396491545e-01,-6.024092410157287913e-01,-1.620206200776279193e+00,-2.619085489124275620e-02,-2.171117390468376429e-01,-2.087238861527509481e+00
7.840000000000000000e+02,1.000000000000000000e+00,2.082732331390952166e-02,4.364963890655315204e+00,-2.301062453030262508e-02,2.052672307629394011e-02,-2.153497276189823006e-01,-2.053811297079219500e+00,2.933175381481759741e-02,-1.599016538959141809e-01,-3.983610275683976271e-02,-1.577636830712401572e+00,-5.367641090459830400e-01,-1.750723211292614379e-01,-2.075643176179398530e+00,-2.097327853829680511e-01,-3.786337680396491545e-01,-6.024092410157287913e-01,-1.620206200776279193e+00,-2.619085489124275620e-02,-2.171117390468376429e-01,-2.087238861527509481e+00
7.850000000000000000e+02,1.000000000000000000e+00,2.082732331390952166e-02,4.364963890655315204e+00,-2.301062453030262508e-02,2.052672307629394011e-02,-2.153497276189823006e-01,-2.053811297079219500e+00,2.933175381481759741e-02,-1.599016538959141809e-01,-3.983610275683976271e-02,-1.577636830712401572e+00,-5.367641090459830400e-01,-1.750723211292614379e-01,-2.075643176179398530e+00,-2.097327853829680511e-01,-3.786337680396491545e-01,-6.024092410157287913e-01,-1.620206200776279193e+00,-2.619085489124275620e-02,-2.171117390468376429e-01,-2.087238861527509481e+00
7.860000000000000000e+02,1.000000000000000000e+00,2.082732331390952166e-02,4.364963890655315204e+00,-2.301062453030262508e-02,2.052672307629394011e-02,-2.153497276189823006e-01,-2.053811297079219500e+00,2.933175381481759741e-02,-1.599016538959141809e-01,-3.983610275683976271e-02,-1.577636830712401572e+00,-5.367641090459830400e-01,-1.750723211292614379e-01,-2.075643176179398530e+00,-2.097327853829680511e-01,-3.786337680396491545e-01,-6.024092410157287913e-01,-1.620206200776279193e+00,-2.619085489124275620e-02,-2.171117390468376429e-01,-2.087238861527509481e+00
7.870000000000000000e+02,1.000000000000000000e+00,2.082732331390952166e-02,4.364963890655315204e+00,-2.301062453030262508e-02,2.052672307629394011e-02,-2.153497276189823006e-01,-2.053811297079219500e+00,2.933175381481759741e-02,-1.599016538959141809e-01,-3.983610275683976271e-02,-1.577636830712401572e+00,-5.367641090459830400e-01,-1.750723211292614379e-01,-2.075643176179398530e+00,-2.097327853829680511e-01,-3.786337680396491545e-01,-6.024092410157287913e-01,-1.620206200776279193e+00,-2.619085489124275620e-02,-2.171117390468376429e-01,-2.087238861527509481e+00
7.880000000000000000e+02,1.000000000000000000e+00,2.082732331390952166e-02,4.364963890655315204e+00,-2.301062453030262508e-02,2.052672307629394011e-02,-2.153497276189823006e-01,-2.053811297079219500e+00,2.933175381481759741e-02,-1.599016538959141809e-01,-3.983610275683976271e-02,-1.577636830712401572e+00,-5.367641090459830400e-01,-1.750723211292614379e-01,-2.075643176179398530e+00,-2.097327853829680511e-01,-3.786337680396491545e-01,-6.024092410157287913e-01,-1.620206200776279193e+00,-2.619085489124275620e-02,-2.171117390468376429e-01,-2.087238861527509481e+00
7.890000000000000000e+02,1.000000000000000000e+00,2.082732331390952166e-02,4.364963890655315204e+00,-2.301062453030262508e-02,2.052672307629394011e-02,-2.153497276189823006e-01,-2.053811297079219500e+00,2.933175381481759741e-02,-1.599016538959141809e-01,-3.983610275683976271e-02,-1.577636830712401572e+00,-5.367641090459830400e-01,-1.750723211292614379e-01,-2.075643176179398530e+00,-2.097327853829680511e-01,-3.786337680396491545e-01,-6.024092410157287913e-01,-1.620206200776279193e+00,-2.619085489124275620e-02,-2.171117390468376429e-01,-2.087238861527509481e+00
7.900000000000000000e+02,1.000000000000000000e+00,2.082732331390952166e-02,4.364963890655315204e+00,-2.301062453030262508e-02,2.052672307629394011e-02,-2.153497276189823006e-01,-2.053811297079219500e+00,2.933175381481759741e-02,-1.599016538959141809e-01,-3.983610275683976271e-02,-1.577636830712401572e+00,-5.367641090459830400e-01,-1.750723211292614379e-01,-2.075643176179398530e+00,-2.097327853829680511e-01,-3.786337680396491545e-01,-6.024092410157287913e-01,-1.620206200776279193e+00,-2.619085489124275620e-02,-2.171117390468376429e-01,-2.087238861527509481e+00
7.910000000000000000e+02,1.000000000000000000e+00,2.082732331390952166e-02,4.364963890655315204e+00,-2.301062453030262508e-02,2.052672307629394011e-02,-2.153497276189823006e-01,-2.053811297079219500e+00,2.933175381481759741e-02,-1.599016538959141809e-01,-3.983610275683976271e-02,-1.577636830712401572e+00,-5.367641090459830400e-01,-1.750723211292614379e-01,-2.075643176179398530e+00,-2.097327853829680511e-01,-3.786337680396491545e-01,-6.024092410157287913e-01,-1.620206200776279193e+00,-2.619085489124275620e-02,-2.171117390468376429e-01,-2.087238861527509481e+00
7.920000000000000000e+02,1.000000000000000000e+00,2.082732331390952166e-02,4.364963890655315204e+00,-2.301062453030262508e-02,2.052672307629394011e-02,-2.153497276189823006e-01,-2.053811297079219500e+00,2.933175381481759741e-02,-1.599016538959141809e-01,-3.983610275683976271e-02,-1.577636830712401572e+00,-5.367641090459830400e-01,-1.750723211292614379e-01,-2.075643176179398530e+00,-2.097327853829680511e-01,-3.786337680396491545e-01,-6.024092410157287913e-01,-1.620206200776279193e+00,-2.619085489124275620e-02,-2.171117390468376429e-01,-2.087238861527509481e+00
7.930000000000000000e+02,1.000000000000000000e+00,2.082732331390952166e-02,4.364963890655315204e+00,-2.301062453030262508e-02,2.052672307629394011e-02,-2.153497276189823006e-01,-2.053811297079219500e+00,2.933175381481759741e-02,-1.599016538959141809e-01,-3.983610275683976271e-02,-1.577636830712401572e+00,-5.367641090459830400e-01,-1.750723211292614379e-01,-2.075643176179398530e+00,-2.097327853829680511e-01,-3.786337680396491545e-01,-6.024092410157287913e-01,-1.620206200776279193e+00,-2.619085489124275620e-02,-2.171117390468376429e-01,-2.087238861527509481e+00
7.940000000000000000e+02,1.000000000000000000e+00,2.082732331390952166e-02,4.364963890655315204e+00,-2.301062453030262508e-02,2.052672307629394011e-02,-2.153497276189823006e-01,-2.053811297079219500e+00,2.933175381481759741e-02,-1.599016538959141809e-01,-3.983610275683976271e-02,-1.577636830712401572e+00,-5.367641090459830400e-01,-1.750723211292614379e-01,-2.075643176179398530e+00,-2.097327853829680511e-01,-3.786337680396491545e-01,-6.024092410157287913e-01,-1.620206200776279193e+00,-2.619085489124275620e-02,-2.171117390468376429e-01,-2.087238861527509481e+00
7.950000000000000000e+02,1.000000000000000000e+00,2.082732331390952166e-02,4.364963890655315204e+00,-2.301062453030262508e-02,2.052672307629394011e-02,-2.153497276189823006e-01,-2.053811297079219500e+00,2.933175381481759741e-02,-1.599016538959141809e-01,-3.983610275683976271e-02,-1.577636830712401572e+00,-5.367641090459830400e-01,-1.750723211292614379e-01,-2.075643176179398530e+00,-2.097327853829680511e-01,-3.786337680396491545e-01,-6.024092410157287913e-01,-1.620206200776279193e+00,-2.619085489124275620e-02,-2.171117390468376429e-01,-2.087238861527509481e+00
7.960000000000000000e+02,1.000000000000000000e+00,2.082732331390952166e-02,4.364963890655315204e+00,-2.301062453030262508e-02,2.052672307629394011e-02,-2.153497276189823006e-01,-2.053811297079219500e+00,2.933175381481759741e-02,-1.599016538959141809e-01,-3.983610275683976271e-02,-1.577636830712401572e+00,-5.367641090459830400e-01,-1.750723211292614379e-01,-2.075643176179398530e+00,-2.097327853829680511e-01,-3.786337680396491545e-01,-6.024092410157287913e-01,-1.620206200776279193e+00,-2.619085489124275620e-02,-2.171117390468376429e-01,-2.087238861527509481e+00
7.970000000000000000e+02,1.000000000000000000e+00,2.082732331390952166e-02,4.364963890655315204e+00,-2.301062453030262508e-02,2.052672307629394011e-02,-2.153497276189823006e-01,-2.053811297079219500e+00,2.933175381481759741e-02,-1.599016538959141809e-01,-3.983610275683976271e-02,-1.577636830712401572e+00,-5.367641090459830400e-01,-1.750723211292614379e-01,-2.075643176179398530e+00,-2.097327853829680511e-01,-3.786337680396491545e-01,-6.024092410157287913e-01,-1.620206200776279193e+00,-2.619085489124275620e-02,-2.171117390468376429e-01,-2.087238861527509481e+00
7.980000000000000000e+02,1.000000000000000000e+00,2.082732331390952166e-02,4.364963890655315204e+00,-2.301062453030262508e-02,2.052672307629394011e-02,-2.153497276189823006e-01,-2.053811297079219500e+00,2.933175381481759741e-02,-1.599016538959141809e-01,-3.983610275683976271e-02,-1.577636830712401572e+00,-5.367641090459830400e-01,-1.750723211292614379e-01,-2.075643176179398530e+00,-2.097327853829680511e-01,-3.786337680396491545e-01,-6.024092410157287913e-01,-1.620206200776279193e+00,-2.619085489124275620e-02,-2.171117390468376429e-01,-2.087238861527509481e+00
7.990000000000000000e+02,1.000000000000000000e+00,2.082732331390952166e-02,4.364963890655315204e+00,-2.301062453030262508e-02,2.052672307629394011e-02,-2.153497276189823006e-01,-2.053811297079219500e+00,2.933175381481759741e-02,-1.599016538959141809e-01,-3.983610275683976271e-02,-1.577636830712401572e+00,-5.367641090459830400e-01,-1.750723211292614379e-01,-2.075643176179398530e+00,-2.097327853829680511e-01,-3.786337680396491545e-01,-6.024092410157287913e-01,-1.620206200776279193e+00,-2.619085489124275620e-02,-2.171117390468376429e-01,-2.087238861527509481e+00
8.000000000000000000e+02,1.000000000000000000e+00,2.082732331390952166e-02,4.364963890655315204e+00,-2.301062453030262508e-02,2.052672307629394011e-02,-2.153497276189823006e-01,-2.053811297079219500e+00,2.933175381481759741e-02,-1.599016538959141809e-01,-3.983610275683976271e-02,-1.577636830712401572e+00,-5.367641090459830400e-01,-1.750723211292614379e-01,-2.075643176179398530e+00,-2.097327853829680511e-01,-3.786337680396491545e-01,-6.024092410157287913e-01,-1.620206200776279193e+00,-2.619085489124275620e-02,-2.171117390468376429e-01,-2.087238861527509481e+00
