replicate,first_CG23_failure,first_anytime_failure,terminal_k,terminal_risk
0,0,0,2,0.00019896513861395671
1,0,0,2,0.0003793085071570857
2,0,0,2,0.00026058027734972603
3,0,0,2,0.0001299250228879189
4,3650,0,1,0.0005940750550836289
5,0,0,2,0.0001290575450547753
6,0,0,1,0.00025823428886627913
7,0,0,1,7.384014187043333e-05
8,0,0,1,2.0321672311913905e-05
9,0,0,2,0.0002814730475047735
10,148,0,2,0.00024374791047496798
11,0,0,2,0.00019747097502628401
12,0,0,2,0.0004616232610146963
13,0,0,2,0.00015822523611333736
14,0,0,2,0.0004095098203194576
15,0,0,1,0.00037760181446872064
16,0,0,2,1.010156829174126e-05
17,262,0,2,0.0005336867020575464
18,0,0,2,0.00039564820427093585
19,0,0,1,1.9598458468825934e-05
20,437,0,2,0.0002899083603706255
21,0,0,2,0.0001048521548622669
22,0,0,2,0.00034929617341507676
23,0,0,2,0.00038741287912348187
24,0,0,2,0.00019653759460344023
25,0,0,2,0.00020491572747587358
26,0,0,1,8.545356618690524e-05
27,0,0,2,0.00017659672175725604
28,0,0,2,7.686582811007809e-05
29,0,0,1,0.00010277398213585363
30,0,0,2,0.00016540451432127924
31,0,0,2,0.0007955934911873201
32,0,0,2,0.00019473466458001158
33,0,0,2,0.00019629075916869306
34,0,0,2,0.00018399220234097732
35,69,0,2,6.156819675343999e-05
36,0,0,2,0.0003271517725754881
37,17,0,2,0.0002714462192911815
38,0,0,2,5.2749786283468727e-05
39,0,0,2,0.000246391120965185
40,0,0,2,0.00011130147496581395
41,0,0,2,7.471193671836581e-05
42,0,0,2,0.0001832327473176252
43,0,0,2,0.00029876611309985777
44,0,0,2,0.00012204645483016103
45,0,0,1,0.00043816343560741785
46,0,0,2,0.0006384311405688831
47,0,0,2,0.00013178452012773263
48,0,0,2,0.0001988759147342264
49,0,0,2,0.00024485410761995014
50,0,0,2,6.632260557469315e-05
51,0,0,2,6.112671648164265e-05
52,0,0,2,0.00014735419557537917
53,0,0,1,0.0001282013563987071
54,0,0,2,0.0001257557116675153
55,0,0,2,0.00031968339471571657
56,0,0,2,0.00047322470724733395
57,0,0,2,7.61860204127383e-05
58,0,0,2,0.0001802058685449354
59,0,0,2,0.0002788397319878546
60,0,0,2,0.0006026660921809437
61,0,0,2,0.00018156440686269425
62,0,0,2,0.000390145419816463
63,0,0,2,0.00033214862706811997
64,0,0,2,7.118328692150495e-05
65,0,0,2,0.00041884557645961696
66,0,0,2,0.0009405140432756803
67,0,0,2,0.00024108388581994196
68,0,0,2,0.00025235538857902237
69,0,0,2,0.00021207760178068943
70,0,0,2,0.00014896274364591228
71,0,0,2,0.0002223208772201912
72,0,0,2,0.0001303166223023513
73,0,0,2,0.00027587130442234634
74,0,0,1,2.8506107195959887e-05
75,2819,0,2,0.00038958237412984833
76,0,0,2,0.00027175467524456564
77,0,0,2,0.00036078080425828437
78,0,0,2,0.00017716358139379328
79,0,0,2,0.00021985365043145143
80,0,0,2,7.45291869569718e-06
81,0,0,2,0.0003345323063056135
82,0,0,2,0.0002882571082709989
83,0,0,1,0.0003192707000006586
84,0,0,2,0.0002992363772516458
85,0,0,2,5.593479797836534e-05
86,0,0,2,0.0002441740570909632
87,0,0,2,0.00025201870298018157
88,0,0,2,0.0004653456994990982
89,0,0,1,0.00033964262488158075
90,0,0,2,0.0003302868587891087
91,0,0,2,0.00031949930817832503
92,0,0,2,0.00019186611116906685
93,0,0,2,0.00025957208394850127
94,0,0,2,0.00010634171594856725
95,0,0,2,0.0002758109713335746
96,0,0,2,0.00014639484622426565
97,0,0,2,8.287001006340205e-05
98,0,0,2,0.00026851392133024594
99,0,0,2,0.00016017043142117356
100,0,0,2,0.00020432156203552845
101,0,0,1,0.00016571211885382502
102,0,0,2,6.287953245646557e-05
103,21,0,2,0.00012912761965873246
104,0,0,2,0.000506887243371326
105,0,0,2,0.0001259982926642275
106,0,0,1,0.00017724184457247995
107,0,0,2,0.00018578170919445415
108,0,0,2,0.0002683554738299601
109,529,0,2,0.00022117735760866737
110,868,0,2,0.000672145892173394
111,0,0,1,3.9399401106957144e-05
112,0,0,2,0.0002871630920570461
113,0,0,2,0.0005396311232376158
114,2541,0,2,0.00047847308531993047
115,0,0,1,0.0001482921688825966
116,0,0,2,0.0002734875969333298
117,0,0,2,0.000249987064877845
118,0,0,2,0.00037648293052224653
119,0,0,2,7.546914247245163e-05
120,0,0,2,0.00026116755639286464
121,0,0,2,5.8950965946473676e-05
122,0,0,1,6.821903911625955e-05
123,0,0,2,8.87575034949965e-05
124,0,0,2,0.0005401401062486766
125,0,0,2,0.00013950315066575035
126,0,0,2,0.0002604207998127213
127,0,0,2,0.00011902507325433257
128,0,0,2,0.0001405718739492137
129,0,0,2,0.00035540276328235697
130,0,0,2,0.0001553065228296456
131,0,0,2,9.244181948927091e-05
132,0,0,2,0.00024683546022234693
133,0,0,2,0.00018366206733839286
134,0,0,2,0.00018044664338307556
135,0,0,2,0.00023542620016731174
136,0,0,2,0.0001986290397812104
137,0,0,2,0.0003973696828633851
138,0,0,1,0.0001916855177451512
139,0,0,2,0.00047509640368320334
140,0,0,2,0.00012845256387714006
141,0,0,2,0.000229204816639332
142,0,0,2,0.0004984187283224425
143,0,0,2,0.00017691405124881492
144,0,0,2,3.942928791057988e-05
145,30,0,2,0.00015330829131605483
146,0,0,2,5.0758460339247235e-05
147,0,0,2,9.007694299679406e-05
148,0,0,1,4.9358902711147956e-05
149,0,0,2,0.00013585205994500951
150,0,0,1,3.0373449918323797e-05
151,42,0,2,5.643252996264176e-05
152,0,0,2,0.00017177303991115471
153,0,0,2,0.00017740968574951342
154,0,0,2,0.00020230826022026762
155,0,0,1,4.186547374607639e-05
156,0,0,2,0.0002830460706478098
157,0,0,2,0.0005710973520190391
158,0,0,2,0.0003200704792628348
159,0,0,2,0.00021312029801305422
160,0,0,2,0.0003249850348949012
161,0,0,2,0.0006224898533120949
162,0,0,2,0.00022143672106587415
163,0,0,1,0.00019848415451005635
164,0,0,2,3.4469456115369796e-05
165,0,0,2,0.00014523153603824166
166,0,0,2,0.00024298328294650049
167,0,0,2,0.0001645345030140289
168,0,0,2,5.6115533226524154e-05
169,0,0,1,0.00011523078388323504
170,0,0,1,0.0001130998660241388
171,0,0,2,0.00025555539712416377
172,0,0,2,0.0002300651735665135
173,0,0,2,0.00015068483500456289
174,0,0,2,0.00032650567998505415
175,0,0,2,0.00037810573544458457
176,0,0,1,5.005608129901963e-05
177,0,0,2,0.000297727860694288
178,0,0,2,0.0001848623796598824
179,0,0,1,4.688808530600418e-05
180,0,0,2,0.0002691757037327408
181,0,0,2,0.00027600403897401406
182,0,0,2,0.00019457775083270935
183,0,0,2,0.000609936086219339
184,0,0,2,0.00026029567355900145
185,0,0,2,0.0005710321574470476
186,0,0,2,0.00026124151181830416
187,0,0,2,0.00016407773650635723
188,0,0,2,0.00015862767167010405
189,0,0,2,0.0006071161702363138
190,0,0,2,0.0004527987057250201
191,0,0,2,0.00026981515248548395
192,0,0,1,0.00017277263319886112
193,0,0,1,8.32352575534033e-05
194,0,0,2,0.00022839311267435346
195,0,0,2,1.1785288114535866e-06
196,0,0,2,0.00017089622775352494
197,0,0,2,0.00019936576251934607
198,35,0,1,5.129241618362922e-05
199,0,0,2,9.502338400726312e-05
200,0,0,2,0.0003203500189308807
201,0,0,2,0.0003707473223554465
202,0,0,2,0.00013301568713748813
203,0,0,2,0.00010229689186475509
204,0,0,2,0.00014240903140282457
205,0,0,2,0.0002923656937515974
206,0,0,2,8.571945258184991e-05
207,0,0,1,0.0001968933944717776
208,0,0,1,3.059331866047019e-05
209,0,0,1,0.000281661649147355
210,0,0,2,5.421646663038015e-05
211,0,0,1,6.415767749610678e-05
212,0,0,2,0.00011708978645176096
213,0,0,2,0.00025399122500488773
214,0,0,2,6.80316889226996e-05
215,0,0,2,0.0001588652644553101
216,0,0,2,8.408405612584163e-05
217,0,0,2,4.667173191428427e-05
218,0,0,2,0.0002258793107768907
219,317,0,2,0.00036790577218617847
220,0,0,2,9.912116475543113e-05
221,0,0,2,0.0001957203211523538
222,0,0,2,5.89931664642668e-05
223,0,0,2,1.8339951039580494e-05
224,0,0,2,0.00020778255554857036
225,0,0,2,0.00012167470781003591
226,0,0,2,3.998233951501852e-05
227,0,0,2,0.00033229745464022207
228,7,0,2,0.0001053819980644214
229,0,0,2,0.00033053075553977814
230,0,0,2,0.0007050813240973899
231,0,0,1,1.821966153970309e-05
232,0,0,2,0.0002629416950090167
233,0,0,2,0.0002429540172158123
234,0,0,2,0.0001731594846634596
235,0,0,1,2.1778254837040004e-05
236,0,0,2,0.0003091115177420458
237,0,0,2,5.241175819630528e-05
238,4082,0,1,5.9997795672522134e-05
239,0,0,2,0.0002632910976489464
240,0,0,2,0.0003510392383828884
241,0,0,2,0.00031172076138807783
242,0,0,2,0.00024243851588513023
243,0,0,2,0.00014762204943528437
244,0,0,1,0.0001397261974671964
245,0,0,2,0.00010643861184042467
246,0,0,2,0.0004049073158934578
247,0,0,1,2.7499153220908155e-05
248,0,0,2,0.00025818937659565167
249,0,0,2,0.0001208137184180738
250,0,0,2,8.886583440272195e-05
251,5235,0,2,0.00037427019305006926
252,0,0,2,8.906699351774311e-05
253,0,0,2,0.00020905092309372864
254,0,0,2,9.362912826029994e-05
255,0,0,1,8.234283110817332e-05
256,0,0,2,0.0003870308616083064
257,0,0,2,0.0002984505684144821
258,0,0,2,0.000359615291654991
259,0,0,1,0.00015153940806082148
260,1007,0,2,0.00013311365080024564
261,0,0,2,0.000284040324753581
262,0,0,2,9.627987835144812e-05
263,3860,0,2,8.874798132083744e-05
264,0,0,2,3.7997167391755644e-05
265,0,0,2,0.00027864856207961825
266,0,0,2,0.0005971120207905778
267,0,0,2,0.00022835560212118282
268,0,0,2,4.759842167126452e-05
269,0,0,2,5.821931042398624e-05
270,0,0,2,0.00043029714137261934
271,0,0,2,0.0001041566907304274
272,0,0,2,0.0003598206794728571
273,0,0,2,0.0005430208384875846
274,0,0,2,0.00014945551894526667
275,0,0,2,0.00011893256670807392
276,43,0,2,3.7179797191030844e-05
277,0,0,1,3.234473407616331e-05
278,7395,0,2,0.0011964127080251984
279,0,0,2,0.00019116915399593212
280,0,0,2,0.000658050266610502
281,0,0,2,0.0005970092093910776
282,0,0,2,0.0002372519314309534
283,0,0,2,0.00038481458669164983
284,0,0,2,0.000623273703138236
285,0,0,2,0.00021616334826820321
286,0,0,2,0.0004028833332821931
287,0,0,1,6.195740897477528e-06
288,0,0,2,0.00024325793773992757
289,0,0,2,0.0005156922935713832
290,0,0,2,0.0001634400769152893
291,0,0,2,0.00014571308722717238
292,0,0,2,0.00014325832338873127
293,0,0,2,0.00013262322328233282
294,0,0,2,0.0006838863839586635
295,0,0,2,0.0006490257924841675
296,0,0,1,2.281324026344326e-05
297,0,0,2,0.0007256597992917099
298,0,0,2,0.00011883572206264981
299,0,0,2,5.720209483084228e-05
300,134,0,2,0.0003470071299565765
301,0,0,2,0.00021849370045661198
302,0,0,2,0.00012294169519844704
303,0,0,2,8.273709787104562e-05
304,0,0,2,0.0003276360788518957
305,0,0,1,5.745484303906428e-05
306,0,0,2,9.280242441663642e-05
307,0,0,2,0.0004035279247968042
308,0,0,1,0.000502951854107863
309,0,0,2,0.0001650593455156282
310,0,0,2,0.00038304159765688886
311,302,0,1,9.385810849834274e-05
312,0,0,2,0.0004973699208529347
313,38,0,2,0.00017105327869962564
314,0,0,2,0.00023490652043444942
315,0,0,2,0.0003753869830443609
316,1689,0,1,0.00045647282655058603
317,0,0,2,0.000224796037205648
318,0,0,2,0.0007701504189659909
319,0,0,2,0.00018686476585765127
320,0,0,2,5.735427989847261e-05
321,0,0,2,0.00036800115019771295
322,0,0,1,0.0003326818846822895
323,0,0,2,0.00024518282234083094
324,0,0,2,0.0005573327569942041
325,0,0,2,0.0003740916377276066
326,0,0,2,0.00013728587794669704
327,0,0,2,0.00038726032788672705
328,0,0,1,0.00012385148930814044
329,0,0,2,0.00019620208273090001
330,0,0,1,2.1981429554888758e-05
331,0,0,1,5.396312770816705e-05
332,0,0,2,0.00012739708051895865
333,0,0,2,6.59609765514952e-05
334,0,0,2,0.00041657739103963915
335,0,0,2,0.0001677468474685922
336,0,0,2,0.00041374074649608034
337,0,0,2,0.0003017438648025576
338,0,0,1,2.126886384558746e-05
339,0,0,2,0.000294412258442875
340,0,0,2,0.00034541194917989067
341,0,0,2,0.00019038536281197466
342,0,0,1,0.0001986788451009901
343,0,0,1,0.00024962617103013225
344,0,0,2,0.00020211358379162132
345,0,0,2,9.294738145820113e-05
346,0,0,1,2.8699287813499063e-06
347,0,0,1,2.063401493838885e-05
348,0,0,2,0.0004418240058220932
349,0,0,2,5.471363256303987e-05
350,5383,0,2,0.000700879585445989
351,0,0,2,0.0003193438475468167
352,0,0,2,0.00016040682408908263
353,0,0,2,0.00013796965929604207
354,0,0,2,0.00017503502902604132
355,0,0,2,0.0002243089314202152
356,0,0,1,0.00034353676210697326
357,0,0,1,0.00016199349623620095
358,0,0,2,0.0001796341863555746
359,0,0,2,0.00024135011605211246
360,0,0,2,0.00033759672776904795
361,0,0,2,0.00015367918167212148
362,0,0,2,0.0003374827880395531
363,0,0,2,0.00029287348850531186
364,0,0,2,0.00032569349552899425
365,0,0,2,0.00039725264640053137
366,0,0,1,0.00011828987628414552
367,0,0,2,0.0002368549685180652
368,0,0,2,0.00012532870583625293
369,0,0,2,7.489418149272942e-05
370,0,0,2,0.0005754568811350687
371,0,0,2,0.00024669580701413836
372,0,0,2,0.00020963886580478247
373,0,0,2,4.769000399351523e-05
374,0,0,2,0.0001621452427057493
375,0,0,1,2.3907924031926963e-05
376,2230,0,1,0.00011937125067427205
377,0,0,2,7.628338726817251e-05
378,0,0,2,0.0002969828873897963
379,7,0,2,0.0005404605364487008
380,0,0,2,3.924399113407268e-05
381,0,0,2,0.00042599813129809715
382,0,0,2,0.00022305406056609233
383,0,0,2,0.00013432193702244322
384,0,0,2,6.954539795444469e-05
385,0,0,2,9.931080990031027e-05
386,0,0,1,0.0008429770940440917
387,0,0,2,0.0002468395496570293
388,0,0,2,0.00019517626899871377
389,0,0,2,0.00021244657703553752
390,0,0,1,2.5985501488247138e-05
391,0,0,2,0.00020811087237173004
392,0,0,1,7.956756232821114e-05
393,0,0,2,0.00030172349706266923
394,0,0,2,0.0003281455310803156
395,0,0,2,0.00017186087988711632
396,0,0,2,0.00025003012637213903
397,0,0,2,0.00024333599539905584
398,0,0,1,0.0001892866792114456
399,0,0,2,0.00026497757653672717
400,0,0,2,0.00021042841255092764
401,0,0,2,0.0001869024138365883
402,0,0,2,0.0003074766100972527
403,0,0,2,0.00011132109430270829
404,7,0,2,0.00016249778792848174
405,0,0,2,0.00012304868605130708
406,0,0,1,4.308406460052532e-05
407,0,0,2,9.619229965233145e-05
408,0,0,2,0.0005728826210358342
409,0,0,2,6.365480380591599e-05
410,0,0,2,0.00015802597313632625
411,0,0,1,0.00021334349749348752
412,0,0,2,0.00020527036327769668
413,0,0,1,0.0005081612322424246
414,0,0,2,0.00040552527788855
415,0,0,2,0.0007206147322796645
416,0,0,2,0.00013853907491602688
417,0,0,1,0.00014830680388913553
418,0,0,2,0.0002836709951799907
419,0,0,1,3.9819496637727856e-05
420,0,0,2,0.00031367256550384327
421,0,0,2,4.052895788257795e-05
422,0,0,1,0.0002722865393754639
423,0,0,2,0.0009901704930409133
424,0,0,1,6.629946408220642e-05
425,0,0,2,0.00042512772497295387
426,0,0,1,1.5995419610910333e-06
427,0,0,2,0.00019671780141554589
428,0,0,1,2.4809110624054685e-05
429,0,0,2,0.00032981239462708304
430,0,0,2,0.00031053401606053176
431,0,0,2,8.399819134645504e-05
432,0,0,2,0.00021611097965750327
433,0,0,2,0.0007622853704354427
434,0,0,2,0.0004384408788241446
435,0,0,2,0.00031104644025263387
436,0,0,1,0.0002123041399256548
437,0,0,2,0.00010700264384976504
438,0,0,2,0.00017248355013246302
439,0,0,2,0.00010597581147313028
440,0,0,2,0.0004147966565075766
441,0,0,2,0.0004060500811174458
442,0,0,2,0.0003344093748677099
443,0,0,2,0.0006006983374340751
444,7,0,1,5.768519649555148e-05
445,0,0,2,7.128201424270187e-05
446,0,0,1,0.00015128313804481556
447,0,0,2,0.00016917289339401657
448,0,0,2,0.0001797430954253599
449,0,0,2,0.00021782539073996282
450,0,0,2,0.00015570633219992225
451,0,0,2,0.00011530988647462948
452,0,0,2,8.185020446187551e-05
453,0,0,2,0.00020757950908405226
454,0,0,1,0.00011505953208243704
455,0,0,2,6.903512292582113e-05
456,0,0,2,0.00019201923179105885
457,0,0,2,0.0007025561659167103
458,2986,0,2,0.0007455036232822178
459,0,0,2,9.783336932545242e-05
460,0,0,2,0.0002695627594749163
461,0,0,2,0.00019443457105504787
462,0,0,2,0.00021887329376797486
463,0,0,1,5.536628595660498e-05
464,0,0,2,4.1775230696429264e-05
465,0,0,2,0.00022284172066878543
466,0,0,2,0.0005387978504478565
467,0,0,2,0.00010519139632434258
468,0,0,1,2.2524689676678194e-05
469,0,0,2,0.0001546682932556202
470,0,0,2,0.0002585399177843351
471,0,0,2,0.00014777133999498244
472,0,0,2,0.0002676515680000496
473,0,0,2,0.0002848619443410946
474,0,0,2,0.0003684297447100373
475,0,0,2,0.00045133631253504135
476,0,0,1,0.00026704882789352016
477,0,0,2,0.0001364830485791726
478,0,0,1,3.485790827314127e-05
479,0,0,2,0.0002112365400686508
480,0,0,2,0.0005117473841221015
481,0,0,2,0.0004152609716049996
482,0,0,2,0.0001471577146228713
483,25,0,1,1.3594865812782359e-05
484,0,0,2,0.0007070603526343973
485,0,0,2,0.0005140423698283368
486,0,0,2,7.887370543935427e-05
487,0,0,2,0.0004115775222568283
488,0,0,2,0.0003239762565668103
489,0,0,2,0.00012612412653564115
490,0,0,2,0.00015324299196486368
491,0,0,1,0.0002255303883816251
492,0,0,2,0.00027294045735982796
493,0,0,2,0.0006365165671201615
494,69,0,2,2.2256058746076503e-05
495,0,0,2,0.00032191367415591366
496,0,0,2,8.485633678006749e-05
497,0,0,1,0.00010576830067509305
498,0,0,2,0.0003354680166589315
499,0,0,2,0.0001478028058492647
500,0,0,2,0.00020909769177172895
501,0,0,2,0.00021057552111989133
502,72,0,2,0.0002898752981056026
503,0,0,2,0.0002752574177582274
504,0,0,2,9.559435558151922e-05
505,0,0,2,8.424707226123283e-05
506,0,0,1,4.9862221748541964e-05
507,0,0,2,0.0005143313071412257
508,0,0,2,0.00019895257543900655
509,0,0,2,0.0005753177101056991
510,0,0,1,5.5419378055472784e-05
511,0,0,2,0.0002465898241509728
512,0,0,2,0.00037284228931599154
513,0,0,2,0.0002510232952919288
514,0,0,2,0.0002932534852778329
515,0,0,2,0.0005206518711257191
516,0,0,2,0.00018917542461401095
517,0,0,2,0.00039162759515492054
518,0,0,2,0.00028063114116061384
519,0,0,2,0.00020003370408608093
520,0,0,2,0.00016722499635058352
521,0,0,2,3.7924059864292585e-05
522,0,0,1,0.00010346276942966655
523,0,0,2,0.00012695832227386876
524,0,0,2,0.0007810187929960401
525,0,0,1,2.25567574349286e-05
526,4735,0,1,5.636428025911048e-05
527,0,0,2,0.00012324788572157334
528,0,0,2,0.0006477462306368104
529,0,0,2,0.0007862253305694505
530,0,0,2,0.0004928082178851287
531,0,0,2,0.00018461098323041954
532,0,0,2,1.3711773377232644e-05
533,0,0,1,4.54787421887349e-05
534,0,0,2,0.00012467701652109687
535,14,0,1,5.312655703347582e-06
536,0,0,2,0.0005706940305669823
537,0,0,2,0.0004526163781606241
538,0,0,1,6.629269123215093e-05
539,0,0,1,5.213665865642906e-05
540,0,0,2,8.631550591345278e-05
541,0,0,2,0.0001559061756425604
542,0,0,2,0.00015371837051574976
543,0,0,2,0.000409685957985147
544,0,0,2,0.00011226237235969363
545,0,0,2,0.00017414271306431356
546,0,0,2,0.00015243231010768948
547,0,0,2,0.0002857155043350211
548,0,0,2,0.0007110391943538336
549,0,0,2,0.0002337076824554728
550,0,0,2,0.0005144754993149593
551,0,0,1,1.7347879526326337e-05
552,0,0,2,0.0001808399435107215
553,0,0,2,1.0666580751215266e-05
554,0,0,2,0.0003805757112887594
555,0,0,2,0.0002639035526732128
556,0,0,2,5.1758677887919404e-05
557,0,0,1,0.0002340343878659127
558,0,0,2,0.00032880817523259475
559,0,0,2,0.0001131137551139277
560,0,0,2,0.00020197889173753002
561,0,0,2,0.0003239717341284066
562,0,0,2,0.0001907161937137485
563,0,0,2,0.00031322557695877826
564,0,0,2,2.2448627719280857e-05
565,0,0,1,0.00042232632523497176
566,0,0,2,0.00010004087774760034
567,0,0,2,8.519723354385607e-05
568,0,0,2,0.00033339916923637075
569,0,0,2,0.0004599386111043203
570,0,0,2,9.530150219217447e-05
571,0,0,2,0.00015471450440893367
572,0,0,2,9.860893898528875e-05
573,0,0,2,0.00015734227096522399
574,0,0,2,0.0001629584177835421
575,0,0,2,0.000361464915342006
576,0,0,2,0.0001136189949679213
577,0,0,2,0.0002913124052848304
578,7,0,2,0.00013549914981203853
579,0,0,2,0.0004432243023097744
580,0,0,2,0.00025465944132528704
581,0,0,2,0.00011509359179863889
582,0,0,2,0.00011802269067455546
583,0,0,2,0.0003148750341389949
584,0,0,2,0.000259798427579309
585,0,0,2,0.00020181654586966713
586,0,0,2,0.0003822335194368514
587,0,0,1,0.00015994977248202688
588,0,0,2,0.00019278580557325568
589,0,0,2,0.0003782455776922854
590,0,0,2,0.00012452095223323414
591,0,0,1,0.0001517856499181554
592,15,0,2,0.00016811906265968665
593,0,0,2,8.227525052562929e-05
594,0,0,2,0.0002354520281883225
595,0,0,2,0.00024447208719219436
596,0,0,2,0.0006618346379737872
597,0,0,2,0.00013944250523220897
598,0,0,2,0.00023914685531599116
599,0,0,2,6.018357874774834e-05
600,0,0,2,0.00020579127862148627
601,79,0,1,0.00014864619839801479
602,0,0,2,0.0001738770680443946
603,14,0,2,0.00014058382808003505
604,0,0,2,0.00023454038440391307
605,0,0,1,0.00010272958145724636
606,0,0,2,0.00044707303953079555
607,0,0,2,8.535192409150093e-05
608,0,0,2,0.00013192252099267899
609,0,0,2,7.130338140766148e-05
610,0,0,2,0.0003994278669718892
611,0,0,1,8.715983646885738e-05
612,0,0,2,0.0001695819152517603
613,0,0,2,0.000264589346052922
614,0,0,2,0.0006030978480836751
615,0,0,2,0.00011806329745957657
616,7,0,2,0.0003448785719732555
617,0,0,2,0.00023570308562145684
618,0,0,2,0.00038831282973345033
619,0,0,2,0.00024971343539819296
620,0,0,1,1.0082591676126745e-05
621,0,0,2,7.007055083509199e-05
622,0,0,2,0.0003219652473176593
623,7,0,2,0.00015162554254609246
624,0,0,2,9.591289555954185e-05
625,0,0,1,0.00047575389201500167
626,0,0,1,1.5357158128583838e-05
627,0,0,2,0.0006047844586045581
628,0,0,2,5.4162711932093127e-05
629,0,0,2,0.00034105016743277383
630,0,0,2,0.0006027577963208194
631,0,0,2,4.827460850741761e-05
632,0,0,2,7.340962426231061e-05
633,0,0,2,4.938187120547668e-05
634,0,0,2,0.0003152722979860751
635,0,0,2,0.0003918008420779606
636,0,0,2,0.00010796761828620448
637,0,0,2,7.707438969776263e-05
638,0,0,2,0.00011584068891935212
639,0,0,1,4.1328754493594576e-05
640,0,0,2,0.00029300452338114433
641,0,0,2,0.00010128672807284601
642,0,0,2,0.0001469079254662356
643,0,0,2,8.567888124971299e-05
644,0,0,2,0.00042582246603412694
645,1733,0,1,7.399345417535289e-05
646,0,0,2,0.00014525230050307214
647,0,0,1,7.381791012082438e-05
648,0,0,2,6.229347133347428e-05
649,0,0,2,0.00019964402830434215
650,0,0,2,0.00031791938790945293
651,0,0,2,0.00010489192315501475
652,0,0,2,5.4777343071790595e-05
653,0,0,2,0.00020898278970947156
654,0,0,2,0.0004291855687121813
655,0,0,2,0.00036554617219733545
656,0,0,2,0.00020958556203242628
657,0,0,2,0.0003584785447715809
658,0,0,2,0.0001612747420444423
659,0,0,2,0.00014486492217345042
660,0,0,2,0.0006493664223151147
661,0,0,2,0.0002394422880125845
662,0,0,2,0.00033498199802181936
663,0,0,2,0.00010756592162612938
664,0,0,2,0.0001636095547116673
665,0,0,2,0.00035819723968405373
666,0,0,1,0.00011610286772964501
667,0,0,2,0.00010572046817127471
668,0,0,1,7.583931192163245e-05
669,0,0,2,0.00027339723254257925
670,0,0,2,0.00015955206552639795
671,0,0,2,0.00038726941527349044
672,0,0,1,0.00012535731666667293
673,0,0,2,0.00010099114017066027
674,0,0,2,0.0004019895820581977
675,0,0,1,6.84143116302622e-05
676,0,0,2,6.697403919760079e-05
677,0,0,2,2.5445754053969518e-05
678,0,0,2,0.0006125842588540185
679,0,0,2,0.0002843786101587296
680,0,0,2,0.0002599774163091079
681,5509,0,2,0.0006720011189371304
682,0,0,2,0.0004711423380335418
683,0,0,2,0.0001088404276475545
684,0,0,2,0.0004947150358784497
685,0,0,1,2.0407461543227024e-05
686,0,0,2,0.0002651935725369688
687,0,0,2,0.0001132746274406954
688,0,0,2,0.00023191851339528913
689,0,0,1,0.0006502256957066061
690,0,0,2,6.459114611224191e-05
691,0,0,2,0.0003048551079851752
692,0,0,1,0.0004202215832746929
693,0,0,2,0.00019912074173387306
694,0,0,2,0.0005834654273806052
695,0,0,1,0.00010130664462291692
696,0,0,2,8.283622516857922e-05
697,5278,0,2,0.0008375655981162826
698,0,0,2,0.00011943291046849333
699,0,0,2,0.00022161475178683043
700,0,0,2,7.949621874867857e-05
701,0,0,2,0.0004059456252977796
702,29,0,2,0.0002543988340356999
703,0,0,2,0.00041295609655172866
704,0,0,2,0.000366188175757434
705,610,0,2,0.000453252106252761
706,0,0,2,3.2232453919680136e-05
707,0,0,2,0.00020675413579225688
708,0,0,2,9.319322068825653e-05
709,0,0,2,0.00022503436450049425
710,0,0,1,8.173850529146921e-05
711,0,0,2,0.00023440850897998104
712,0,0,2,0.00027931351829279757
713,0,0,2,0.00021302997971870427
714,0,0,2,8.933173697040956e-05
715,0,0,2,0.00027995386553525945
716,0,0,2,0.000377403128880273
717,0,0,2,0.00023164297914104223
718,0,0,2,0.00028089582848928176
719,0,0,2,0.000150228950965159
720,0,0,2,0.00030889957341983474
721,0,0,2,0.00016055981027047336
722,0,0,2,0.0002467760017584878
723,0,0,2,0.00016576497404554184
724,0,0,2,0.0001953904733063349
725,0,0,2,6.715032344846242e-05
726,0,0,2,0.0001982578330924161
727,0,0,2,0.00016240554793544887
728,0,0,2,0.00013158533445927146
729,0,0,2,0.0006142965658926859
730,0,0,2,0.00026480565674517946
731,0,0,2,0.0001779482881902002
732,0,0,2,0.00010570635166212036
733,0,0,1,0.0004006409217912455
734,0,0,2,0.0004204088451395558
735,0,0,2,0.0001470381023151072
736,0,0,2,0.00018867286292715185
737,0,0,2,4.4734460368358854e-05
738,0,0,2,0.0004431417172877026
739,0,0,2,0.00010696758875269028
740,0,0,2,9.638663200856444e-05
741,0,0,2,0.00018379684774781359
742,0,0,2,0.0004503523224498249
743,0,0,2,8.597720924982058e-05
744,0,0,2,8.042575361690747e-05
745,0,0,1,0.0001872838992330069
746,0,0,2,0.0001452027588995297
747,0,0,2,0.0002509293487112831
748,0,0,2,9.25529842337908e-05
749,0,0,2,0.00035250420070397683
750,768,0,2,0.00013263835775364358
751,0,0,2,0.0003883273853112999
752,0,0,2,0.00031575470206139205
753,0,0,2,5.626359528352383e-05
754,0,0,2,0.00045264884994079314
755,0,0,2,0.00028384273768288
756,0,0,2,0.0001955405728206195
757,0,0,2,0.0003186997870693845
758,0,0,2,0.00021426629472928507
759,0,0,1,0.00017538314929736856
760,0,0,1,0.0001225666985025703
761,0,0,2,0.0004359354652411162
762,0,0,2,0.000308915597970285
763,0,0,2,9.36827483487048e-05
764,0,0,2,0.00027791952794501264
765,0,0,2,0.0005396125661492494
766,0,0,2,0.00034924051729272467
767,0,0,2,0.0006815791677164331
768,0,0,2,0.0001970241233046836
769,7,0,1,8.725102088015199e-05
770,0,0,2,6.697459170253778e-05
771,0,0,2,0.00017246434140399795
772,0,0,1,3.467354819031428e-05
773,0,0,2,0.00022331614748016284
774,0,0,2,0.00014148540346793786
775,0,0,2,0.0005976860366707151
776,0,0,2,0.0002114483439450452
777,0,0,2,0.00010135391649410691
778,0,0,2,6.205860766690741e-05
779,0,0,2,0.00030450930675498015
780,0,0,2,0.0001475986593326253
781,0,0,2,7.109881331980929e-05
782,0,0,2,0.0003510342883495869
783,0,0,1,0.00012446603982533143
784,0,0,2,0.00022802485488186155
785,0,0,2,0.0004944110729925077
786,0,0,2,0.0007104587410854627
787,0,0,2,0.00018966192371213118
788,0,0,2,0.0004947514875479709
789,0,0,1,1.656918368261147e-05
790,0,0,2,6.727655162626508e-05
791,0,0,2,0.00031800728999265167
792,0,0,2,0.00011363530083587732
793,0,0,2,0.000147772336697898
794,0,0,2,0.00035205971631246306
795,7,0,2,0.00018492908401365757
796,2059,0,2,0.00025038767003216064
797,0,0,2,0.00012576797925530333
798,0,0,2,0.00025753282100335
799,12,0,2,0.00053456691539027
800,0,0,2,0.0002035360007325551
801,0,0,1,0.00018846369619069284
802,0,0,2,0.00016252387192735823
803,0,0,2,0.000210307083423558
804,0,0,2,0.00019822204866708817
805,0,0,2,0.0001526569873803227
806,0,0,2,9.203137623685817e-05
807,0,0,2,0.00031519030567847653
808,0,0,2,0.0002734059184885688
809,0,0,2,0.00024125455330899876
810,0,0,2,0.00021865362748263575
811,0,0,2,0.00011386057391641557
812,0,0,2,6.626168564881819e-05
813,0,0,2,0.00030838265741123613
814,0,0,2,5.5367000357194506e-05
815,0,0,2,0.00027512890402078664
816,0,0,2,8.857955625153152e-05
817,118,0,2,0.0001362650145927163
818,0,0,2,0.00030305283391327323
819,0,0,2,0.0004303341889101275
820,0,0,2,0.0005739455139946507
821,43,0,2,0.0001450556592232139
822,0,0,2,0.0002467547946774068
823,0,0,2,0.00036604201422043306
824,0,0,2,0.0002163026503747186
825,44,0,2,6.309424838467032e-05
826,0,0,2,0.00033928222160646207
827,0,0,2,0.00036781477267698874
828,0,0,2,8.469544952773917e-05
829,0,0,2,0.00030660160831992063
830,0,0,2,0.000354051977219736
831,0,0,2,0.00029507885410015415
832,0,0,2,9.796282183666882e-05
833,0,0,2,0.0001578501557861447
834,0,0,2,0.00020111692344857124
835,0,0,2,0.0001314945982689264
836,0,0,2,0.00021044279388286518
837,0,0,2,0.00012755183817811212
838,0,0,2,0.00010380944488269756
839,0,0,2,0.0007044428468364003
840,0,0,2,0.00012639433201152203
841,0,0,2,0.00026419907016889365
842,0,0,1,0.00010949835124877448
843,0,0,2,9.970670603187211e-05
844,0,0,2,0.00021377162931818513
845,0,0,2,0.0004180161638147622
846,0,0,2,0.0002985600700909583
847,7,0,2,0.00022895839296673825
848,0,0,1,2.4943645164226565e-06
849,0,0,1,4.51944551524123e-05
850,0,0,2,9.03225700431897e-05
851,0,0,2,4.323990342521043e-05
852,0,0,2,0.0004927370871522958
853,0,0,2,0.00015203191465697083
854,0,0,2,0.0002946996916937631
855,0,0,2,0.0003056690459999137
856,0,0,2,6.370339650657696e-05
857,0,0,2,0.000277496947215222
858,0,0,1,1.9631389414537653e-06
859,0,0,2,0.0005139275412799216
860,0,0,2,0.0003522488843806778
861,0,0,1,2.183138594086891e-05
862,0,0,2,0.00024485296574489475
863,6911,0,2,0.0003555784619743166
864,0,0,2,3.2710400258626716e-05
865,0,0,2,9.054600186592703e-05
866,0,0,1,5.128006145972755e-06
867,0,0,1,8.388838279945817e-05
868,0,0,2,0.00017906816770661823
869,0,0,2,0.00011772200971104346
870,0,0,1,6.777198759283566e-05
871,0,0,2,0.00026580633660577857
872,0,0,2,0.0002881666067912232
873,0,0,2,8.475531966450529e-05
874,0,0,2,0.0003173658282002325
875,345,0,2,0.0004006361811634902
876,0,0,2,0.00021664633507933434
877,0,0,2,0.00045251447719162313
878,0,0,2,0.00010594977595061803
879,0,0,1,0.00010241805663761943
880,0,0,2,0.0007107427763884851
881,0,0,2,0.0001543987288142784
882,48,0,2,0.0007257481884058036
883,0,0,2,0.0006747866833225984
884,7,0,2,0.00048064727811681144
885,0,0,2,0.00031552122720179127
886,0,0,2,0.00032066260543020693
887,0,0,2,0.0003073945967281851
888,0,0,2,0.0004164080982051845
889,0,0,2,0.0002541823495147416
890,0,0,1,3.45966972687208e-05
891,0,0,2,0.00011575224610683673
892,0,0,2,6.952386366639687e-05
893,0,0,2,5.337750839378156e-05
894,0,0,2,0.0004109109302496553
895,0,0,2,0.0004969075974761789
896,0,0,2,0.0003945418999120901
897,0,0,1,3.0365887271195966e-05
898,0,0,2,0.00044738982320248114
899,0,0,1,0.0002667682177492584
900,0,0,2,0.0001461248681435837
901,0,0,2,0.0003120804726009835
902,0,0,2,0.0002010879563466368
903,0,0,2,0.0005105357649014039
904,0,0,2,7.571364090522506e-05
905,0,0,2,0.00010346454619594551
906,0,0,2,0.0001722224646033338
907,0,0,2,0.00012472824816089483
908,0,0,2,0.0003368268091288672
909,0,0,2,0.000121047524675008
910,0,0,2,0.0003078597380061451
911,0,0,2,0.00022028911043698232
912,0,0,2,0.0002030743607679953
913,0,0,1,1.9241324530262748e-06
914,0,0,2,0.00030985767336347525
915,0,0,2,0.00011574373938843867
916,0,0,1,0.00014393877740777585
917,0,0,1,1.529688429147906e-05
918,0,0,2,8.390176933050389e-05
919,0,0,1,7.036823246921471e-05
920,0,0,2,0.0005663762147216063
921,0,0,2,0.00045744681885788663
922,0,0,2,9.99977312305513e-05
923,0,0,2,9.969166103328465e-05
924,753,0,2,4.8213583551309665e-05
925,0,0,2,0.00023942323085427632
926,0,0,2,0.0002954268412400444
927,0,0,2,0.0003638700399898985
928,0,0,2,6.26848872055189e-05
929,0,0,2,2.664005898184871e-05
930,0,0,1,0.0003056197157547717
931,0,0,2,0.0003296305524077681
932,0,0,2,3.4667177011141685e-05
933,0,0,2,0.0003273846055570055
934,0,0,2,0.0002670090124813832
935,0,0,1,0.00013913986644438421
936,0,0,2,0.00021063184162545216
937,0,0,2,0.0003389991816407331
938,0,0,2,4.579185666499586e-05
939,0,0,2,0.0009122305309332742
940,0,0,1,1.073430786973707e-05
941,0,0,1,0.0002905578961158717
942,0,0,2,0.00021405138202844172
943,0,0,2,0.0005741992901119142
944,0,0,2,0.0003095684144259269
945,0,0,2,0.0004136279628176476
946,0,0,2,0.0005924105838654232
947,0,0,2,0.0002066646968597793
948,0,0,2,9.430211216650943e-05
949,0,0,2,0.0001533366596458846
950,0,0,1,1.2508101622813713e-05
951,0,0,1,3.2492644109668197e-05
952,0,0,2,0.00021120683038190028
953,0,0,2,0.0006027189524456421
954,0,0,1,2.098288788892018e-05
955,0,0,2,6.338422359258466e-05
956,0,0,2,0.00027194138115660464
957,0,0,1,3.321348470666111e-05
958,7,0,1,0.00011416068960511717
959,0,0,2,3.679478535295737e-05
960,206,0,2,0.00011826568050518408
961,0,0,2,0.00026967761969386573
962,0,0,2,0.0003096611475091648
963,422,0,2,0.00011013536393133949
964,131,0,2,8.802479252456553e-05
965,32,0,1,8.788303999599451e-05
966,0,0,1,0.00021311681540359998
967,0,0,2,0.00016271392585592436
968,0,0,2,0.00040736675692381924
969,0,0,2,0.0002606084153758753
970,0,0,2,0.00035411099777300363
971,0,0,2,0.00010566734951284899
972,0,0,2,0.00010424553851275348
973,0,0,1,3.263640112985582e-05
974,0,0,1,3.129403514406868e-05
975,0,0,2,0.0001994289646999363
976,0,0,2,0.00010312759017416617
977,0,0,2,0.0004810811715988512
978,4082,0,2,0.0003197853011298019
979,0,0,2,7.248401394815148e-05
980,0,0,2,0.00011904525117342612
981,0,0,2,0.0002989018279729892
982,0,0,2,0.00024813083760085624
983,0,0,2,0.00012637134570217765
984,0,0,2,0.0001481963145407584
985,0,0,1,1.6754599070782397e-05
986,0,0,2,0.00018043017352118283
987,0,0,1,0.00023476651097504035
988,0,0,2,0.0001601930046929053
989,0,0,1,0.00025398605849768634
990,0,0,2,0.00023014275274864035
991,0,0,2,0.0002016296055774452
992,0,0,2,0.00016791064450875023
993,0,0,2,0.00046775672930146893
994,0,0,2,0.0002529647890215276
995,0,0,2,0.00037994218911438895
996,0,0,2,9.447648112220495e-05
997,0,0,2,0.0008551460664709208
998,0,0,2,0.00033564252426501897
999,0,0,2,0.0004476454103191145
1000,0,0,2,0.0003142815134763325
1001,0,0,2,0.00022820757846679513
1002,0,0,2,0.0002507445805244044
1003,0,0,1,5.555725175868766e-05
1004,0,0,2,0.00031569787397225815
1005,0,0,2,0.00010485563846949238
1006,0,0,2,0.0002447289763675058
1007,0,0,2,0.0001743964567130486
1008,0,0,2,0.0001508612790858369
1009,0,0,2,8.11105687171099e-05
1010,0,0,2,0.00022700509114084572
1011,0,0,2,0.00026804608376709014
1012,0,0,2,4.6921568474758884e-05
1013,0,0,2,0.00023071629735412337
1014,0,0,2,8.505139992173201e-05
1015,0,0,2,0.0002050903120490652
1016,0,0,2,3.90399345548631e-05
1017,0,0,2,0.0003037121204187537
1018,0,0,2,0.00017153396134439412
1019,0,0,2,0.0001697241512881688
1020,0,0,2,0.00028512783277567246
1021,0,0,2,0.0003278115504498215
1022,0,0,2,0.00022464903315338392
1023,87,0,1,6.134682040492273e-05
1024,0,0,1,7.535450437728675e-05
1025,0,0,2,0.00010110298423514924
1026,0,0,2,0.0004768995981293847
1027,0,0,2,0.0003216309666965693
1028,0,0,2,0.00038581192054944517
1029,0,0,1,5.2970852924726075e-05
1030,0,0,2,0.0002124094628133872
1031,0,0,2,0.0007519480153702034
1032,0,0,2,0.0003496088893729115
1033,0,0,1,4.954171885056671e-05
1034,0,0,2,3.5698533747627994e-05
1035,0,0,2,0.00015949754312775922
1036,0,0,1,8.957032415019471e-06
1037,0,0,2,0.0002167996617676246
1038,0,0,2,0.00023876669563708438
1039,0,0,2,2.440670733324061e-05
1040,0,0,2,0.00011734854739430626
1041,0,0,2,0.0002252690161116837
1042,0,0,2,0.00026084143837487394
1043,18,0,1,0.00014199609578493806
1044,0,0,2,7.804957143221144e-05
1045,0,0,2,0.00014645709469694672
1046,0,0,2,5.470395211403577e-05
1047,0,0,1,0.0002298202159152118
1048,0,0,2,0.0006456939454625062
1049,0,0,2,0.0003879107428889662
1050,0,0,2,0.00016637104077024936
1051,0,0,2,0.0007543467516324538
1052,0,0,2,0.00010453532243050562
1053,0,0,2,0.0004918983716050777
1054,0,0,2,9.770845785817308e-05
1055,0,0,2,0.00014675245965087118
1056,0,0,1,5.60999218652567e-05
1057,0,0,2,8.952490169611637e-05
1058,0,0,2,0.0001194607452628374
1059,0,0,2,9.227492990488526e-05
1060,0,0,2,9.432277708620697e-05
1061,0,0,1,7.919380455340979e-05
1062,0,0,2,4.995494544593776e-05
1063,0,0,2,8.447921480449913e-05
1064,0,0,1,4.533766706612849e-06
1065,0,0,2,0.0005640754203545455
1066,0,0,2,0.00010264645072443871
1067,0,0,1,7.175991955490843e-05
1068,0,0,2,0.0002307793632490057
1069,0,0,2,0.000535448712798278
1070,0,0,2,0.0001138347083516104
1071,0,0,2,0.00028822013376307137
1072,0,0,2,0.0003321053269564689
1073,0,0,2,0.00017709822259186965
1074,0,0,1,2.574337678771404e-05
1075,1186,0,2,0.00020329813992328393
1076,0,0,2,0.000255350385660661
1077,0,0,2,0.0001599221965559817
1078,0,0,2,7.100429879416239e-05
1079,0,0,2,0.00013406609872734126
1080,0,0,2,0.0001389954401613765
1081,0,0,2,0.0001377837520477882
1082,0,0,2,0.00012870238388662023
1083,0,0,2,6.977784595765409e-05
1084,0,0,1,7.006354330463351e-05
1085,0,0,2,9.751546741920803e-05
1086,0,0,2,0.00019846692831557028
1087,0,0,2,0.0005428985897352213
1088,0,0,2,0.0005116413661104527
1089,0,0,2,0.0009815775965649344
1090,0,0,2,0.00021434744145153018
1091,0,0,2,0.00010555999541866444
1092,0,0,1,6.06936765678158e-05
1093,0,0,2,0.00018252155636697874
1094,0,0,1,0.00013067645164527018
1095,0,0,1,0.0001120469490989217
1096,0,0,2,0.00014246783512142654
1097,0,0,2,0.00030001340409187657
1098,0,0,2,0.00018422316656375957
1099,0,0,2,9.373950984409632e-05
1100,0,0,2,6.27781636011114e-05
1101,0,0,2,0.0001099473898984534
1102,0,0,2,0.00017187138385399512
1103,0,0,2,0.0006346908773550658
1104,7,0,2,0.00014493181493521994
1105,0,0,2,0.0003155892337926806
1106,0,0,2,0.0002162596870780057
1107,171,0,2,0.00014026041433935876
1108,0,0,2,8.198934633192298e-05
1109,0,0,2,8.092773604874446e-05
1110,0,0,2,0.00013261553412234451
1111,0,0,2,0.0001603367281493462
1112,0,0,2,0.00016088884233954963
1113,0,0,2,0.00022223242400901637
1114,0,0,2,0.00018925318346996298
1115,0,0,2,0.00018814568826979434
1116,0,0,2,0.00011518436648663238
1117,0,0,1,0.00022923171390323862
1118,0,0,1,0.00024960245991316785
1119,0,0,1,5.385938968128762e-05
1120,0,0,2,0.00024270226988364288
1121,0,0,2,0.0003515497179275896
1122,0,0,1,9.75182394994136e-05
1123,0,0,2,0.00035145206281065314
1124,0,0,2,0.0003220899140365908
1125,0,0,2,0.0002160728548159645
1126,0,0,2,5.349126584583274e-05
1127,0,0,2,0.00028612964020717355
1128,0,0,2,0.00018327033282027034
1129,0,0,2,0.0002257288142475362
1130,0,0,2,9.812503290297063e-05
1131,0,0,2,0.0002662009638987292
1132,0,0,2,0.00024837538639652665
1133,7,0,2,0.0004942172358571911
1134,0,0,1,1.6376196544883106e-06
1135,0,0,2,0.0006003909018278122
1136,0,0,2,0.0002778672214353496
1137,0,0,2,0.0003462817486992994
1138,0,0,2,0.0003859753171895775
1139,0,0,2,0.0002942151060835755
1140,0,0,2,0.0001346909228861356
1141,0,0,2,0.00014788098990244013
1142,0,0,1,0.00014361451078313665
1143,0,0,2,5.629844049621797e-05
1144,0,0,2,8.641692317318745e-05
1145,0,0,2,0.00031082548740371107
1146,0,0,2,0.000366954727817471
1147,0,0,2,0.00011151789968452378
1148,0,0,2,0.0008783903585771834
1149,22,0,2,7.305782280123425e-05
1150,0,0,1,0.00021589941358957004
1151,0,0,2,0.000266256647293164
1152,0,0,2,0.00011420765099732098
1153,0,0,2,0.0001368087112368782
1154,0,0,2,0.0002799784208647452
1155,0,0,2,0.000437782636275721
1156,0,0,2,0.00045521104989856094
1157,0,0,2,0.00016189107036209262
1158,0,0,2,0.0004099623152293455
1159,0,0,2,0.00035092241147597253
1160,0,0,1,0.00011322054092084485
1161,0,0,2,0.00014584905435996852
1162,0,0,2,0.00014268445206644183
1163,0,0,2,0.0001241284460721926
1164,0,0,2,0.00023425272867785388
1165,0,0,2,0.00015282995308815223
1166,2293,0,2,0.0003904818445486384
1167,0,0,2,0.000643345177255233
1168,0,0,2,0.00010394066768142196
1169,0,0,2,0.00019071674195507782
1170,0,0,2,0.00027709906491229727
1171,0,0,2,0.0001083252588051534
1172,383,0,2,0.00011376054287795066
1173,0,0,2,0.00037034068401694214
1174,0,0,2,0.0004620895059562848
1175,0,0,2,0.00033513176907155434
1176,0,0,2,0.00018107194456811244
1177,7,0,2,0.0005201938200270103
1178,0,0,2,0.0002924640379150699
1179,0,0,1,0.00022251314533054513
1180,0,0,2,0.00022981905290189657
1181,0,0,2,0.00047594432827319005
1182,0,0,2,0.0003092291578796431
1183,0,0,2,0.000231999447646353
1184,0,0,1,0.00011000653145118303
1185,0,0,2,0.00015534524507014447
1186,0,0,2,0.00033862994267169235
1187,0,0,2,0.0005061962624266854
1188,0,0,2,0.0002099650689032893
1189,0,0,1,0.00021456048077074315
1190,0,0,2,0.00014858158912032222
1191,0,0,2,0.0003532464825034634
1192,0,0,2,0.00018482356243023422
1193,731,0,2,0.0003360365271192083
1194,0,0,2,4.1849542454659376e-05
1195,0,0,2,0.0003266345107282002
1196,0,0,2,0.00025492466621564115
1197,0,0,2,0.00018257991230753918
1198,0,0,2,0.00020671794504209157
1199,0,0,2,0.0001375558174907656
1200,0,0,2,0.0003483155806147635
1201,0,0,1,0.00021084232440041133
1202,0,0,1,0.0001071677028398393
1203,848,0,2,0.00014929796844193087
1204,0,0,2,0.00013332428983195953
1205,0,0,1,0.0001913945173350289
1206,0,0,2,0.0003144376226726555
1207,0,0,2,0.00010831829385185436
1208,0,0,2,8.136054285795331e-05
1209,0,0,1,8.193120951664442e-05
1210,0,0,1,0.00012803814508190756
1211,0,0,2,0.0005757845798240838
1212,0,0,2,0.00014681880539552203
1213,0,0,2,0.0005333884823279155
1214,0,0,2,0.00021367984526204228
1215,0,0,2,0.00020926050746569594
1216,0,0,2,0.0003090253920901754
1217,0,0,1,0.00022578849260966716
1218,0,0,2,0.0001229725434812084
1219,0,0,2,0.00011879909559929972
1220,0,0,2,0.00023294913154972685
1221,0,0,2,0.0004911289418336855
1222,0,0,2,0.0002221441756692041
1223,0,0,1,3.6355015959285905e-06
1224,0,0,2,0.0005800356394373858
1225,0,0,2,0.0001473755587075832
1226,0,0,2,0.00011227725823700937
1227,17,0,2,0.00024198352227691662
1228,0,0,1,0.0006355766493584936
1229,0,0,2,0.00010560568673739726
1230,0,0,2,4.4771401656833155e-05
1231,0,0,2,0.00019882800855036304
1232,0,0,2,6.674581193638215e-05
1233,0,0,2,0.0003412191534431604
1234,0,0,2,0.0003521231507349695
1235,0,0,2,0.00027860769280412293
1236,0,0,2,0.00024029498802072605
1237,0,0,2,0.0004091174726532085
1238,0,0,2,0.0002404760487267564
1239,0,0,2,0.00016994197376473804
1240,0,0,2,0.00014509098910077482
1241,0,0,2,0.00011348709262249182
1242,0,0,2,0.0006147042993247037
1243,0,0,2,8.725548438088958e-05
1244,0,0,2,0.00020123254655142556
1245,0,0,2,0.0001710487106319527
1246,0,0,1,0.0001576939768232504
1247,0,0,2,0.00021609191969293302
1248,308,0,2,0.0004957199192069406
1249,0,0,2,0.0003689690536302716
1250,0,0,2,0.00014170237926631123
1251,0,0,2,0.00018939413189581101
1252,0,0,2,0.0003342735242139193
1253,0,0,1,4.525252286604008e-05
1254,0,0,1,0.0001719191127406334
1255,0,0,2,0.00013369775767020905
1256,0,0,2,0.00014304912675495098
1257,0,0,2,0.0005794188529843438
1258,0,0,2,0.00045961133904418846
1259,0,0,2,8.435715283622979e-05
1260,0,0,2,4.355870385186218e-05
1261,0,0,2,2.1775245665534696e-05
1262,0,0,2,0.000160461512702209
1263,0,0,2,0.0004600531052920245
1264,0,0,2,0.0001658913492338544
1265,0,0,2,6.871063742230625e-05
1266,0,0,2,5.964606296021117e-05
1267,0,0,1,3.9986676630643204e-05
1268,0,0,2,2.1671356523469153e-05
1269,0,0,2,0.0002878617689439271
1270,0,0,2,0.00017098474361478946
1271,0,0,1,6.98610265910124e-05
1272,7,0,2,0.0002889068262944902
1273,0,0,2,0.00014842048178156765
1274,0,0,2,0.00020812627462404905
1275,0,0,2,0.00011776947787327045
1276,0,0,1,1.8003286795444496e-05
1277,0,0,2,8.594964122500368e-05
1278,0,0,2,0.0003758319465834714
1279,0,0,2,0.0006684300798786622
1280,0,0,2,0.0005978130018705596
1281,0,0,2,0.00015405209192570168
1282,0,0,2,0.00030657628487178504
1283,0,0,2,7.143477862333317e-06
1284,0,0,2,0.0001799057260203652
1285,0,0,2,0.0002031610087293659
1286,0,0,2,7.894044107729246e-05
1287,0,0,2,0.0002953450251771724
1288,0,0,2,0.0001651189114781305
1289,0,0,2,0.00019043671023621198
1290,0,0,2,0.0002820662717973209
1291,0,0,2,0.000322240305592448
1292,0,0,2,0.00020301450602712852
1293,0,0,2,5.3340908008605494e-05
1294,0,0,2,3.452031223887582e-05
1295,0,0,1,1.0816344938357696e-05
1296,0,0,2,0.0002341437437851816
1297,0,0,2,0.00010685692058479662
1298,0,0,2,0.0003426688271290167
1299,0,0,1,4.551633156925712e-05
1300,0,0,2,5.9602055473512966e-05
1301,0,0,2,0.00037243507615908957
1302,0,0,2,0.0003150089147702882
1303,0,0,2,0.00044777706514829947
1304,0,0,2,0.00034492385554164395
1305,0,0,2,7.373121573666927e-05
1306,7,0,1,9.557066788539905e-06
1307,0,0,1,2.695071643165434e-05
1308,0,0,2,0.0002512269144950741
1309,0,0,2,0.00042415990373362083
1310,0,0,2,0.00015744258993525596
1311,0,0,2,0.0004383885514033285
1312,0,0,2,6.930565687340311e-05
1313,0,0,2,0.0001654408097651919
1314,0,0,2,0.00022188385169489292
1315,5889,0,2,0.001487230940436484
1316,0,0,2,0.0003474745787090263
1317,0,0,2,0.0004386667431158975
1318,0,0,2,0.0002780771148374247
1319,0,0,2,0.00012661045932987113
1320,0,0,2,0.00018904682465378683
1321,0,0,2,0.00024175863536992024
1322,0,0,2,0.00023508942920702475
1323,0,0,2,0.00043463292460526844
1324,0,0,2,5.910414617635951e-05
1325,0,0,2,0.00031351431281171445
1326,0,0,2,0.0005799296109086365
1327,0,0,2,0.00020017717216523195
1328,0,0,2,0.000159745760315974
1329,0,0,2,0.00031015385738977243
1330,0,0,2,0.0001771682739543463
1331,0,0,2,0.0003794510493458532
1332,0,0,2,0.00021799170129815904
1333,0,0,2,0.00041013685629968005
1334,0,0,1,3.227670741525134e-05
1335,0,0,2,3.201723138958461e-05
1336,0,0,2,0.000275342709386679
1337,0,0,2,0.0004966503707498391
1338,0,0,2,0.0001218648608353746
1339,0,0,2,0.00010053245671847454
1340,0,0,2,0.0005150243467879582
1341,0,0,2,0.00012117677302682644
1342,0,0,2,0.0003043228213781601
1343,843,0,2,0.000326710588097417
1344,0,0,2,0.0004488550629200793
1345,0,0,2,6.516295579239222e-05
1346,0,0,2,0.0003893633803139501
1347,0,0,2,5.078875012138839e-05
1348,0,0,2,0.0004429441511518826
1349,0,0,2,0.000562149622088156
1350,7,0,2,4.440046103478651e-05
1351,0,0,1,9.011039339106238e-05
1352,0,0,2,0.00014820437911818742
1353,0,0,1,2.7544061995407074e-05
1354,0,0,2,2.2449860720073975e-05
1355,0,0,2,0.00018750932350387344
1356,0,0,2,0.0003564041047949644
1357,0,0,2,0.00031291282703866513
1358,0,0,2,0.0003525250104191046
1359,0,0,2,0.0005074630570571888
1360,12,0,2,0.00019128956404666975
1361,277,0,2,0.0005270854235957435
1362,0,0,2,0.00026394956760726
1363,0,0,2,0.00011822504137471385
1364,0,0,2,0.00039779049837518945
1365,0,0,2,0.00036953784980723773
1366,0,0,2,0.000135582006872736
1367,0,0,2,0.0001879618355717305
1368,0,0,1,0.00010185233619750946
1369,0,0,2,0.00044618995746898506
1370,135,0,2,0.00017813197983103
1371,0,0,2,0.00027614311577118747
1372,0,0,2,0.00037029593240712165
1373,0,0,2,0.0005974594720593257
1374,0,0,2,9.80421354799725e-05
1375,0,0,2,0.00010907723316983617
1376,0,0,2,0.0007603060270521847
1377,0,0,1,0.00016684594183836342
1378,0,0,2,0.00017988761783525303
1379,0,0,2,0.0001113300366818798
1380,0,0,2,0.0001024946528734996
1381,0,0,1,0.00016797364659918137
1382,0,0,2,0.00015108098208057018
1383,0,0,1,0.0002262705328838756
1384,0,0,2,6.172142093681981e-05
1385,0,0,2,0.0005964396505507976
1386,0,0,2,5.428131644011416e-05
1387,59,0,1,0.0003576367573086101
1388,0,0,1,0.00031061661131612033
1389,0,0,2,0.0001866799020403566
1390,0,0,2,0.00016396080564721446
1391,0,0,2,0.00037479987407311064
1392,0,0,2,0.0005219457210150569
1393,0,0,2,6.281299234901896e-05
1394,0,0,2,0.00020099440233597394
1395,0,0,2,0.0006078350498481127
1396,0,0,2,7.271455351059772e-05
1397,0,0,2,0.0002808074762131928
1398,0,0,2,0.00026891723266507197
1399,0,0,2,0.00015663689200389459
1400,0,0,1,6.194045801030325e-05
1401,0,0,2,2.9181012722875038e-05
1402,0,0,2,0.0007057712836508039
1403,0,0,2,0.00010388113504709077
1404,0,0,2,2.7524680868962257e-05
1405,0,0,2,2.0259485531062092e-05
1406,0,0,2,6.990667833637041e-05
1407,0,0,2,0.00022907094587234914
1408,0,0,2,0.00018504643488127063
1409,0,0,2,4.852312695639927e-05
1410,0,0,2,0.00037329520744488304
1411,0,0,2,0.0001265154759276766
1412,0,0,2,0.0002203528268616594
1413,0,0,2,0.00019338194186547503
1414,0,0,2,0.0003566049036482034
1415,0,0,1,0.0001115945909916229
1416,0,0,2,0.0004467111694100248
1417,0,0,2,0.00029953485836359896
1418,0,0,1,0.0002172971108003143
1419,0,0,2,0.0003766788196327187
1420,0,0,2,0.00010421898019160607
1421,0,0,2,0.0002997687296901193
1422,0,0,2,7.111548404504985e-05
1423,0,0,2,0.00016698175048796297
1424,0,0,2,0.00035046288084065894
1425,0,0,2,0.00019175503266258463
1426,0,0,2,0.00014336293687341849
1427,0,0,2,0.00020469498540283962
1428,0,0,1,0.00010284868824542016
1429,0,0,2,0.0006082610865276642
1430,0,0,2,7.90604003519324e-05
1431,0,0,2,8.691630329595234e-05
1432,0,0,2,9.694670576600649e-05
1433,0,0,2,0.00023008312650323615
1434,632,0,2,0.00011047383241172719
1435,0,0,2,0.0005369680355005275
1436,0,0,2,0.0001305022240942607
1437,0,0,2,0.0005227266936167897
1438,0,0,2,0.0005355354320636615
1439,0,0,2,0.00015642024494218808
1440,0,0,1,0.00014453159132327611
1441,0,0,2,0.0006162196002371378
1442,0,0,2,8.55718112443165e-05
1443,0,0,2,7.743541294400608e-05
1444,0,0,2,8.741623724914405e-05
1445,0,0,2,0.0002565310691732457
1446,0,0,1,1.5460474723549605e-05
1447,0,0,2,0.00016384952254177088
1448,0,0,2,7.8173117434879e-05
1449,0,0,2,8.679846346707948e-05
1450,0,0,2,4.007481157639701e-05
1451,0,0,2,4.177491205578165e-05
1452,0,0,2,0.00031589649102760597
1453,0,0,2,0.0007316682691495483
1454,0,0,2,0.0005404553485216532
1455,0,0,2,0.00014646804821580564
1456,0,0,2,0.000236188781668018
1457,0,0,2,0.00021277757833967767
1458,0,0,2,0.00015768411445771515
1459,0,0,1,1.12604102117269e-05
1460,0,0,2,0.00020698210657653252
1461,7,0,2,4.0266532378504234e-05
1462,0,0,2,3.5659911132320205e-05
1463,0,0,2,0.0002052960154093637
1464,0,0,1,0.00021992960861070047
1465,0,0,2,0.00017460175175970064
1466,0,0,1,6.3218089469605915e-06
1467,0,0,2,0.0004656132463542779
1468,0,0,2,0.0002642142238676261
1469,0,0,1,3.270881285197954e-05
1470,0,0,2,1.2083637602845571e-05
1471,0,0,2,0.00020935031281247996
1472,0,0,2,0.00016618644618197038
1473,0,0,1,4.829755325322765e-05
1474,45,0,1,2.6558717175471927e-06
1475,7,0,2,6.505956129317409e-05
1476,0,0,2,0.0002530566463595403
1477,0,0,2,3.723611597602203e-05
1478,0,0,2,0.0006278451069110898
1479,0,0,1,5.3893561259146886e-05
1480,0,0,1,1.7759154951418972e-05
1481,0,0,1,0.00023541754741145785
1482,0,0,2,4.65450412092646e-05
1483,0,0,1,0.00010334558518764676
1484,0,0,2,0.0003108961616879601
1485,109,0,2,0.00043633808242811515
1486,2323,0,2,0.0003209888825981212
1487,0,0,2,0.00038221088119024015
1488,0,0,2,8.363279684447036e-05
1489,0,0,2,0.00018814551551642387
1490,0,0,2,6.751779799465875e-05
1491,0,0,1,0.0001400265652845842
1492,1303,0,2,0.00014622027010772405
1493,0,0,2,0.0005145263361075037
1494,0,0,2,0.00019355102726020294
1495,0,0,2,0.0003337785594802661
1496,0,0,2,0.00015268357902118658
1497,0,0,2,0.00020597468812698494
1498,0,0,2,0.00010906561009963696
1499,0,0,2,0.00018678632304828833
1500,0,0,1,0.0006879375453990144
1501,37,0,1,7.762499861645839e-05
1502,0,0,2,0.00012036588641327551
1503,0,0,2,0.00028585257489352576
1504,0,0,2,0.0002430300202528252
1505,0,0,2,0.00026362091464763313
1506,0,0,2,4.4575192960989254e-05
1507,0,0,2,0.00011595952855829004
1508,0,0,2,0.0005278188780512769
1509,0,0,2,0.00021385356346011528
1510,0,0,1,0.00014956949068176869
1511,0,0,2,0.00019998723272231868
1512,0,0,2,0.00010426208192515782
1513,0,0,1,6.63281690236965e-07
1514,0,0,2,0.0002668770804703917
1515,2250,0,1,0.0005838575068769855
1516,6520,0,2,0.0002808512940045324
1517,1138,0,2,0.0005809289731450112
1518,0,0,2,0.00028569519730395126
1519,117,0,2,0.00012733054027424176
1520,0,0,2,5.61399317399572e-06
1521,214,0,2,0.0002756184649992396
1522,0,0,2,9.001217360670049e-05
1523,0,0,2,0.0004948837853115715
1524,0,0,2,0.0002469933921612788
1525,0,0,2,0.00010785800244837048
1526,0,0,1,0.00018007763556595477
1527,0,0,2,3.225786891374166e-05
1528,0,0,2,4.7044463092650915e-05
1529,0,0,2,4.349606818982438e-05
1530,0,0,2,0.00033698241907472717
1531,0,0,1,0.00027656727131677793
1532,0,0,1,0.0002563656092095967
1533,0,0,2,0.0004274540251032116
1534,0,0,1,1.6007052760127994e-05
1535,0,0,2,0.00023224405172845688
1536,0,0,2,0.0002920276635993973
1537,0,0,2,0.00018235648485315646
1538,0,0,2,0.0002630870178777521
1539,0,0,2,0.0003373774316053525
1540,0,0,2,0.00017497586659496277
1541,0,0,2,0.000319162538383257
1542,0,0,2,0.0002843162050163266
1543,0,0,2,0.0002599025729941956
1544,0,0,2,0.00021683439971682678
1545,0,0,2,0.00011106978514117543
1546,0,0,2,0.00027992102652853087
1547,137,0,2,0.00017373787313281413
1548,14,0,1,4.287874820637677e-05
1549,0,0,2,8.632968336281262e-05
1550,0,0,2,0.00013378309766354452
1551,0,0,2,0.0002228898793789974
1552,0,0,2,9.314585778478128e-05
1553,0,0,2,0.0001142512075272152
1554,0,0,2,2.6187064572272336e-05
1555,0,0,2,0.00011324982585372014
1556,0,0,1,0.00030539352734024823
1557,366,0,1,0.00025294012540418254
1558,0,0,2,0.00038632794593794495
1559,0,0,2,0.0002713975659569609
1560,0,0,2,0.0007274489648048526
1561,0,0,2,0.0003490050073196316
1562,0,0,2,0.0008246914882462478
1563,0,0,1,6.0671536468174445e-05
1564,0,0,1,9.272377275755444e-05
1565,0,0,2,0.0002399703475194576
1566,0,0,2,0.00020182441167296733
1567,0,0,2,0.000299774417060571
1568,0,0,2,0.0009822478538599729
1569,61,0,1,2.497028080543607e-06
1570,0,0,2,0.00023087341984052257
1571,0,0,1,1.2662080795756634e-05
1572,7,0,1,0.00010113226144206282
1573,207,0,2,3.083421193235394e-05
1574,0,0,1,9.83271641511824e-05
1575,0,0,2,0.0004415383767384123
1576,0,0,2,0.00030249992810350645
1577,0,0,1,0.00030642724393520755
1578,0,0,2,0.00028759788752995795
1579,0,0,2,0.0003598537943651553
1580,0,0,2,0.00013213892841183286
1581,0,0,2,0.00019632187933737552
1582,0,0,2,0.00039185400522410464
1583,0,0,2,0.00011564297756019105
1584,0,0,2,0.0002925110226775856
1585,7,0,2,0.0004436534447229194
1586,0,0,2,0.0007517417613081956
1587,4575,0,2,0.0011140956400267216
1588,0,0,2,0.0004089113935646741
1589,0,0,2,5.306703589787055e-05
1590,0,0,1,0.00012523787696803107
1591,0,0,2,5.09546737152947e-05
1592,0,0,2,9.106928891187327e-05
1593,0,0,2,0.00016774611254913378
1594,0,0,2,3.991197030887878e-05
1595,0,0,2,8.027758957040183e-05
1596,7,0,2,0.00011983683461945667
1597,0,0,2,0.0003848417250920358
1598,0,0,2,0.0001826039855344373
1599,0,0,2,0.00011493102231065095
1600,0,0,2,0.0002685467169115583
1601,0,0,2,5.242041402904605e-05
1602,0,0,1,4.826105955746761e-06
1603,0,0,2,0.00024121741308569082
1604,189,0,1,0.0001177881011931352
1605,0,0,2,0.00029910815905237145
1606,0,0,2,0.0003941138750475848
1607,0,0,1,0.00011925844993598456
1608,0,0,2,0.0006001618434736441
1609,0,0,2,0.0002626778075223779
1610,0,0,2,0.00023568434643950052
1611,0,0,2,0.00028795006749289054
1612,0,0,2,0.0004974300990893969
1613,0,0,2,0.0001757161361906818
1614,0,0,2,6.298836834397682e-05
1615,0,0,2,0.0002322622352317291
1616,291,0,2,0.00014652363529629858
1617,0,0,2,6.887638572229358e-05
1618,0,0,2,6.995250761084847e-05
1619,0,0,2,0.0002111080761519518
1620,0,0,2,5.9256273230161285e-05
1621,0,0,2,0.00032062629930012273
1622,0,0,2,0.0002442729086352736
1623,0,0,2,0.00019426747255648648
1624,0,0,2,0.00017293870309748765
1625,0,0,1,9.932943482298369e-05
1626,0,0,1,2.8279841980757595e-05
1627,0,0,1,0.00041824743959286125
1628,0,0,2,0.0006210845417498006
1629,0,0,2,0.000367443003617475
1630,0,0,2,0.0002837415013892191
1631,0,0,1,4.7606315047888146e-05
1632,0,0,2,6.319479365545119e-05
1633,0,0,2,0.00025753664978955045
1634,0,0,1,0.00024672069414451565
1635,0,0,2,0.00018884998014944332
1636,0,0,2,0.00029433962626016023
1637,0,0,2,0.0001283766789871696
1638,0,0,2,0.00025445609978766394
1639,0,0,2,8.563806834555633e-05
1640,0,0,1,4.35707323344977e-06
1641,0,0,2,0.0003402760860446613
1642,0,0,2,8.658825064619837e-05
1643,0,0,2,0.00010050126281055497
1644,0,0,1,8.721790221023362e-05
1645,0,0,2,0.00011186385934214845
1646,0,0,2,0.00012104352192594277
1647,0,0,2,0.00011642894129298508
1648,0,0,1,7.821777591687045e-05
1649,0,0,2,0.0002477422784323838
1650,0,0,2,0.0002833147942862164
1651,0,0,2,5.722659426394588e-05
1652,0,0,2,5.1617478390340624e-05
1653,0,0,2,6.097487315138104e-05
1654,36,0,2,0.00022917213933228424
1655,0,0,2,0.0003291638739401657
1656,0,0,2,6.224832086823544e-05
1657,0,0,2,7.625579357832872e-05
1658,0,0,2,0.000986338151238088
1659,0,0,1,0.000266357684614047
1660,0,0,2,0.00020012712812816333
1661,0,0,2,0.00021496927154493624
1662,0,0,2,0.00028505300903785365
1663,2434,0,2,0.0003081750837818586
1664,0,0,2,0.00027971076748153114
1665,0,0,2,0.0003885469194004681
1666,0,0,2,0.0002811003758389283
1667,0,0,2,0.00016225599164057758
1668,0,0,2,0.00023860272869962143
1669,18,0,2,0.00012917223978493677
1670,0,0,2,0.0001919108913421616
1671,0,0,2,0.00028115315240258775
1672,0,0,2,0.00045617119156172466
1673,0,0,2,0.0003302019611655466
1674,0,0,2,0.000149931220730378
1675,0,0,2,0.00036413535880174837
1676,0,0,2,0.00023794856734038374
1677,0,0,2,0.0001839037136676117
1678,0,0,2,0.0005045107087086496
1679,0,0,2,0.00035928708477341183
1680,0,0,2,0.00011495149075732888
1681,7,0,2,8.056507130979102e-05
1682,0,0,2,0.00042649197166994284
1683,0,0,1,0.00010010347563353073
1684,0,0,1,0.0002734827463885707
1685,0,0,1,4.0768543661711224e-05
1686,0,0,2,0.0002803036085832296
1687,0,0,2,3.826284949417972e-05
1688,0,0,2,0.00021656167997414263
1689,82,0,2,0.0002469539596632478
1690,0,0,2,0.00018357721667453105
1691,0,0,1,0.00016012609982258742
1692,0,0,2,0.00014223445422850242
1693,0,0,2,7.526854735274444e-05
1694,0,0,2,0.00018149767723856652
1695,1554,0,2,0.0002967848022779845
1696,0,0,2,0.0006821677708603804
1697,0,0,2,0.00020574530407570956
1698,0,0,2,0.00013040447333861609
1699,0,0,2,5.655369022563576e-05
1700,0,0,2,0.0003987439578538947
1701,0,0,2,0.00028180862049914055
1702,0,0,2,6.95452361678224e-05
1703,0,0,2,0.00019086853856623164
1704,0,0,2,0.0003788868998474145
1705,0,0,2,0.00017384810476453398
1706,4450,0,2,0.0012729558153794533
1707,2743,0,2,2.360030554214488e-05
1708,0,0,2,0.00014012381384756654
1709,0,0,2,0.00028923155144041886
1710,0,0,2,0.0001269166517907188
1711,0,0,1,8.975339742473409e-05
1712,0,0,2,0.00010656757531349739
1713,0,0,2,0.00027562298507615086
1714,0,0,2,3.854566758050785e-05
1715,0,0,2,0.00022311236980455528
1716,0,0,2,0.0003342876385559422
1717,0,0,2,0.0002469110202944978
1718,0,0,2,0.00026228362433889773
1719,0,0,1,9.955812120785193e-05
1720,0,0,1,1.667463908831716e-05
1721,0,0,1,3.3166687139783584e-05
1722,0,0,2,0.00015450428392423156
1723,0,0,2,0.0007203512627287398
1724,0,0,2,0.0003865242414478461
1725,0,0,1,7.068253250001932e-05
1726,0,0,2,0.000184397767093977
1727,0,0,1,0.00024171242220412026
1728,0,0,2,9.491381923379146e-05
1729,0,0,2,0.00015303197317064856
1730,0,0,2,0.0006069175418624699
1731,0,0,2,4.312786566916159e-05
1732,0,0,2,0.0002831962738730787
1733,0,0,1,0.00012151822317969731
1734,0,0,1,0.00015056929719056678
1735,0,0,2,0.00021244437083068503
1736,0,0,1,6.503719326621722e-06
1737,0,0,2,0.0001305342215556123
1738,0,0,2,0.00035149822819870337
1739,0,0,2,0.00025819867613148
1740,0,0,2,6.974115771092179e-05
1741,0,0,2,5.5576578437379386e-05
1742,0,0,2,0.00032277801303417256
1743,0,0,2,0.00017786386736207897
1744,0,0,2,0.00011557990018851223
1745,0,0,1,0.00012417278870743918
1746,0,0,2,5.232489391799264e-05
1747,0,0,2,0.0004195174405207016
1748,0,0,2,7.429336641704714e-05
1749,0,0,1,8.746913838338953e-05
1750,0,0,2,0.0003658822795133405
1751,0,0,1,0.00013775232981986192
1752,7,0,2,0.0001884251869297812
1753,1174,0,2,0.0001807821067928415
1754,0,0,2,0.0002930932845894567
1755,0,0,2,0.00016668849022428162
1756,0,0,1,0.00018211151168899276
1757,0,0,2,0.0001838848173281632
1758,0,0,2,0.0002945173566194495
1759,0,0,2,0.0006581682585989582
1760,0,0,2,0.0001267495541741492
1761,0,0,2,6.320291220946475e-05
1762,0,0,2,0.0003073497885505178
1763,0,0,2,0.00022704443201212277
1764,0,0,1,2.9860729550749987e-05
1765,0,0,1,0.0002637149174231488
1766,0,0,2,0.00013807784294269114
1767,0,0,2,1.9805204624576927e-05
1768,0,0,2,0.0001070384507901922
1769,0,0,2,0.00020656430898361708
1770,0,0,2,0.00011031690934180427
1771,0,0,2,0.00027648314344069146
1772,0,0,2,0.0002467562716093866
1773,0,0,1,3.5401391811558636e-05
1774,0,0,1,0.0001448500869343216
1775,0,0,2,0.0002803099695540301
1776,0,0,2,0.00037979700202641687
1777,0,0,2,0.0001539501069946039
1778,0,0,2,0.00016004433847582614
1779,0,0,2,0.0002828708487951751
1780,0,0,2,0.00042313501925843837
1781,0,0,2,6.829864062074947e-05
1782,0,0,2,0.0002589569320040199
1783,0,0,2,0.00028079712738918666
1784,0,0,2,8.519857313423745e-05
1785,0,0,2,4.1954678003407715e-05
1786,0,0,2,0.0003426152308856184
1787,0,0,2,0.0004809163551072862
1788,0,0,1,2.028737300752228e-05
1789,462,0,2,0.00036446484602356284
1790,0,0,2,0.0003398928942619419
1791,0,0,2,7.425344125186587e-05
1792,0,0,2,0.0002839679662109263
1793,446,0,2,0.00018770525198793392
1794,0,0,2,0.0005290545404217302
1795,0,0,2,0.00021488094454906646
1796,0,0,2,0.00020060840363428798
1797,0,0,2,0.0004955390595986741
1798,0,0,2,9.450742147683383e-05
1799,0,0,2,0.0002283678901007406
1800,0,0,2,0.00021126276523549708
1801,0,0,2,0.0002374172130358324
1802,0,0,2,0.00011682113589262795
1803,359,0,2,0.0002560553242827646
1804,0,0,2,3.111572389450408e-05
1805,0,0,1,3.100262107584319e-05
1806,0,0,2,0.0001815780888151236
1807,0,0,2,0.00023620458792579909
1808,0,0,2,0.0001974745079912518
1809,0,0,1,0.00012459563501295245
1810,0,0,2,0.0006401272745749874
1811,0,0,1,5.7666534307767145e-05
1812,0,0,2,0.00024191335768544695
1813,0,0,2,7.451164723714977e-05
1814,0,0,2,0.00029032190644227656
1815,0,0,2,5.6825543909568676e-05
1816,0,0,1,5.901014997714552e-05
1817,0,0,2,0.00013374236693185942
1818,0,0,2,0.0001606068973492213
1819,2110,0,2,0.00013020041322399752
1820,0,0,1,4.847564931937089e-05
1821,0,0,2,0.00010862508357008016
1822,0,0,2,0.00031461196207710593
1823,0,0,2,0.00021178372048942008
1824,0,0,2,0.00020047892581164946
1825,0,0,2,6.936515292351135e-05
1826,0,0,2,4.237597738014254e-05
1827,0,0,2,1.2843236446169502e-05
1828,0,0,2,0.00032213644127925006
1829,0,0,2,0.0002553029771958709
1830,0,0,2,4.9553948889590706e-05
1831,0,0,2,0.0005140796167272721
1832,0,0,2,0.00019084827417228007
1833,0,0,2,0.0002569441114575712
1834,0,0,2,3.617039532660739e-05
1835,0,0,2,0.0003274683351409915
1836,0,0,2,0.0007394916366026072
1837,0,0,2,0.00018716779365921695
1838,0,0,2,8.483752929002614e-05
1839,0,0,1,0.00044532028975575696
1840,0,0,2,0.0002817339778570284
1841,0,0,2,0.00016891716488586905
1842,0,0,2,0.00024286242253944318
1843,0,0,2,4.440877233729708e-05
1844,0,0,1,4.0920579930960765e-05
1845,0,0,2,0.0005035168667284828
1846,0,0,2,0.000362922662972006
1847,0,0,2,0.00014459095319622014
1848,0,0,2,0.0003341229180613805
1849,0,0,2,0.00033901940698547194
1850,0,0,2,0.0002269344559492518
1851,0,0,1,7.129279608124416e-06
1852,0,0,2,0.00037457365864532844
1853,0,0,1,7.490065621639157e-07
1854,0,0,2,0.00021479163756512457
1855,1420,0,2,0.00041863288182688994
1856,0,0,2,0.00015132330872856745
1857,0,0,2,0.00017197775100072894
1858,716,0,2,0.00023919867726915497
1859,0,0,2,0.0002394194368130547
1860,0,0,1,0.0002585384113394299
1861,0,0,2,0.00040776185545956183
1862,0,0,2,0.0001976804599267444
1863,0,0,2,0.00011033107890101728
1864,0,0,2,8.962679595251725e-05
1865,0,0,2,0.00019990080836857966
1866,0,0,2,0.00026271510549072874
1867,0,0,2,0.0005853386340829204
1868,0,0,2,0.0006634278270911451
1869,0,0,2,7.595181078915075e-05
1870,0,0,2,0.00018131182758334246
1871,0,0,2,0.0005473615524494614
1872,0,0,2,0.00011000956363793298
1873,0,0,2,0.0002324872828063037
1874,0,0,2,0.00021770256608991785
1875,0,0,1,1.2511152621377925e-05
1876,0,0,2,0.0002571400495707768
1877,0,0,2,0.00020900108745772523
1878,0,0,2,0.00025428652048341944
1879,0,0,2,0.0003312160176191365
1880,0,0,2,0.00022774579229209563
1881,0,0,2,3.269961126784836e-05
1882,0,0,2,7.29792459803231e-05
1883,0,0,2,0.00021463064610833372
1884,0,0,2,8.668786329259788e-05
1885,0,0,2,0.00013366223585154345
1886,0,0,1,0.00011034245383932483
1887,0,0,2,0.00044641525064083006
1888,0,0,2,3.625794840061659e-05
1889,0,0,2,7.038444646332112e-05
1890,0,0,2,0.0002816205572585711
1891,0,0,2,0.0001599502027156555
1892,0,0,1,6.33913438755209e-05
1893,0,0,2,0.00025293182522177304
1894,0,0,2,3.250298016626995e-05
1895,0,0,2,0.000218343878794846
1896,0,0,2,0.0004039534073396064
1897,0,0,2,0.00015755998156264596
1898,0,0,2,0.0004364505068229125
1899,0,0,2,0.00010028639029195125
1900,0,0,2,0.00028605626868327834
1901,0,0,2,0.00021949325234846525
1902,0,0,2,5.764938058031526e-05
1903,0,0,2,0.0003239528409994504
1904,0,0,2,0.0002562598574639392
1905,0,0,2,0.00015987642482004753
1906,0,0,2,0.0006766589199616425
1907,0,0,2,0.00030995433756250863
1908,0,0,2,0.00025253961850614314
1909,0,0,1,0.00029431236486651306
1910,0,0,2,0.00026043042911081917
1911,0,0,2,0.00017271201204384096
1912,0,0,2,8.251508556572748e-05
1913,0,0,2,0.00044105734940268356
1914,0,0,1,0.00016772255762244478
1915,0,0,2,0.00013165816582998794
1916,0,0,2,0.0001589546411301589
1917,0,0,2,0.00011444217312336643
1918,0,0,2,0.00029385566788176897
1919,0,0,2,8.79080676066886e-05
1920,0,0,2,0.00016986836805611257
1921,0,0,2,0.0002091001160481484
1922,0,0,2,1.7045594414481443e-05
1923,0,0,2,8.553996658062658e-05
1924,0,0,2,0.00032656811163272
1925,0,0,2,6.449887442604026e-05
1926,0,0,2,0.00016310615268022628
1927,0,0,2,7.509968180407582e-05
1928,0,0,2,5.527405075448298e-05
1929,0,0,2,0.0003256134247034884
1930,0,0,1,0.00016484269555054544
1931,0,0,2,0.0004040758045271725
1932,0,0,2,9.210296732076183e-05
1933,0,0,2,0.0002680760735545413
1934,0,0,2,5.906556424690599e-05
1935,0,0,2,0.00015209503796663937
1936,0,0,2,0.0001852074394240625
1937,0,0,2,2.6900578669378782e-05
1938,0,0,2,0.00018634591566228466
1939,0,0,2,0.00030554200617481577
1940,0,0,1,0.00019649109385498132
1941,0,0,2,0.00040895838794950684
1942,0,0,2,0.00020333664874443023
1943,0,0,2,0.00026976301280116124
1944,0,0,2,0.00036306218246838945
1945,0,0,2,0.00015478002061845533
1946,0,0,1,7.81179272279607e-06
1947,0,0,2,0.00010043304527194321
1948,12,0,2,0.00013370773423166066
1949,0,0,1,7.774849610151863e-05
1950,7,0,1,0.00015618853431885807
1951,0,0,1,3.13690782595928e-05
1952,0,0,2,0.00032158617648803573
1953,0,0,1,0.00016108137439586648
1954,0,0,2,0.0003235687016268207
1955,0,0,2,0.0001331346474412451
1956,0,0,2,0.0005080265864113155
1957,0,0,1,0.00017834322775014516
1958,0,0,1,0.0003342435250919346
1959,0,0,2,2.4036643453381033e-05
1960,0,0,2,8.598770079293533e-05
1961,0,0,2,0.00017872514288133436
1962,0,0,2,0.00031908382006894977
1963,0,0,2,0.00011070320079163503
1964,0,0,2,6.065387042369844e-05
1965,0,0,1,7.884369551288327e-05
1966,0,0,2,0.00010548131200946343
1967,0,0,2,0.00012639151446741081
1968,0,0,2,0.0001480177364518727
1969,0,0,2,0.00012325119239182044
1970,0,0,2,0.00016108206443373848
1971,0,0,2,0.0004817344989601271
1972,0,0,2,0.00014926615507758104
1973,0,0,2,0.0001342497224417147
1974,0,0,2,0.00044861108526685837
1975,0,0,2,0.000495192922739506
1976,0,0,2,0.0001688697794330799
1977,0,0,1,0.00031037778859587927
1978,0,0,2,0.00026072931675030065
1979,0,0,2,0.00039281301290166405
1980,0,0,2,0.0002290596939746151
1981,1139,0,2,0.0001689540718959768
1982,0,0,2,0.00030323179408531025
1983,0,0,2,0.0005012422755009013
1984,0,0,2,0.00028540458655409653
1985,0,0,2,7.035549591166013e-05
1986,0,0,2,0.00040042154059330345
1987,0,0,2,9.7122977875413e-06
1988,15,0,2,0.000149965579391234
1989,0,0,2,0.00023528472811931573
1990,0,0,2,0.0003887962018852014
1991,0,0,2,0.0003145223417887757
1992,0,0,2,8.289587209508743e-05
1993,0,0,1,0.0002838892713188801
1994,0,0,1,8.381458176011494e-05
1995,0,0,2,0.00021748262982404024
1996,0,0,2,0.0004843651729177457
1997,0,0,2,4.794580470930346e-05
1998,0,0,1,0.00010769937132332743
1999,0,0,2,0.00018612935792045184
2000,0,0,2,0.00018703306496533766
2001,0,0,2,0.00019027224487472852
2002,0,0,2,0.00013152393731525892
2003,0,0,2,0.00012158170655302597
2004,0,0,2,0.0004101932391607506
2005,0,0,1,6.710977861495117e-05
2006,0,0,2,0.00034255038107371984
2007,0,0,2,0.00016493183847655457
2008,0,0,2,0.00034161777533562335
2009,0,0,1,0.00018028431448374957
2010,0,0,2,0.0002365376157795955
2011,0,0,2,6.835052963302321e-05
2012,0,0,2,0.00030919187377052143
2013,0,0,2,9.718274079853321e-05
2014,0,0,2,5.0783947451679366e-05
2015,0,0,2,0.00038656115173721936
2016,0,0,1,0.00014418805734953892
2017,0,0,2,0.0004470179157085992
2018,0,0,2,0.0002587866787066059
2019,0,0,2,0.00034012376892862803
2020,7,0,2,9.245912816832993e-05
2021,0,0,2,0.0003197809604342247
2022,0,0,2,9.295091668641755e-05
2023,0,0,1,8.211538670578425e-06
2024,0,0,2,0.000539673391070402
2025,0,0,2,0.000114512563977726
2026,0,0,2,0.0005292066708227013
2027,0,0,2,0.00037663136225402354
2028,0,0,2,0.0002774317733535731
2029,0,0,2,0.0005631453512976623
2030,0,0,1,6.344839722993125e-06
2031,0,0,1,0.00012178346783542547
2032,0,0,2,9.162523488275367e-05
2033,0,0,2,0.0001894937085497995
2034,0,0,2,0.0005527887681058591
2035,0,0,2,0.0001885777422549561
2036,0,0,2,0.0003576896209920861
2037,0,0,2,0.00019196439053927958
2038,0,0,2,0.0002270418427447826
2039,0,0,2,0.00014277549238455561
2040,0,0,2,0.00019946397876030345
2041,0,0,2,0.00012884865581389024
2042,0,0,1,0.00021649417898888737
2043,0,0,2,0.00015117809216294006
2044,0,0,2,5.6795513871573244e-05
2045,0,0,2,0.0003028112277110429
2046,0,0,2,0.00010251846422044168
2047,0,0,2,0.00017441251908225028
2048,0,0,1,7.047624534381004e-05
2049,0,0,2,0.00015318266520661998
2050,0,0,2,0.00023473622544141818
2051,0,0,2,0.0001416391625027579
2052,0,0,2,8.226338500237461e-05
2053,0,0,2,0.00040378234837571255
2054,0,0,2,0.0009112059780198516
2055,0,0,1,5.146070905367518e-05
2056,0,0,2,0.000124154593548469
2057,0,0,2,0.0001486481347409401
2058,0,0,2,0.0006545515293900589
2059,0,0,2,3.971032117695819e-05
2060,0,0,2,0.0001849339507323639
2061,0,0,2,8.609949424547853e-05
2062,0,0,2,0.00017877524846115158
2063,0,0,2,0.00021997116901371696
2064,0,0,2,0.00023825952293779745
2065,0,0,1,6.36018345843895e-05
2066,0,0,2,0.00015246650109900767
2067,0,0,2,0.0002087067521286189
2068,0,0,1,7.789572813281221e-05
2069,0,0,1,5.2247303132434e-05
2070,0,0,2,0.0001787010725470971
2071,0,0,2,0.00019953668587889962
2072,0,0,2,2.5987480278861552e-05
2073,0,0,1,1.3003966163043395e-05
2074,0,0,2,0.00022896589552811754
2075,0,0,1,7.111496804186067e-05
2076,0,0,2,0.00027833129773746553
2077,0,0,2,0.0002441329105879219
2078,0,0,2,0.00013507857481220154
2079,0,0,1,7.56483810385204e-05
2080,0,0,2,0.0002979722519922888
2081,0,0,2,5.353097464906145e-05
2082,0,0,2,0.0010737814086624281
2083,0,0,2,4.759881768806463e-05
2084,0,0,2,9.956311986949012e-05
2085,0,0,2,0.00028547052279416616
2086,0,0,2,0.0001122094750737442
2087,0,0,2,0.00014684426399674732
2088,0,0,2,0.00010959253055796913
2089,0,0,2,0.00019113363565886638
2090,0,0,2,0.00018895459274307667
2091,0,0,2,0.00026896486487381266
2092,0,0,2,0.0008226264770210375
2093,0,0,2,0.0001360575467155577
2094,0,0,1,0.00017445924515117046
2095,0,0,2,0.0003519812162317039
2096,0,0,2,0.0004131505577092927
2097,0,0,2,0.0004070855647663287
2098,0,0,2,0.00017861549573068553
2099,0,0,2,0.00012922264748269297
2100,0,0,2,0.0002321694172320166
2101,0,0,2,0.0003474185689353878
2102,0,0,2,4.685951252056836e-05
2103,0,0,2,0.00024893136798554913
2104,0,0,2,0.00021812049650217518
2105,0,0,2,0.000292999195574504
2106,0,0,2,0.0001146592390555373
2107,0,0,2,0.0003577871875892982
2108,524,0,2,0.00010144320737303091
2109,0,0,2,0.00020420599328215344
2110,0,0,2,0.00023372616348223078
2111,0,0,2,0.0005836707253386512
2112,0,0,2,0.00032229070215025464
2113,0,0,1,0.00033799631362332644
2114,0,0,2,0.00015083336095433718
2115,0,0,1,8.955896683804634e-05
2116,0,0,1,1.4550218738679725e-05
2117,0,0,2,0.00041132852642650214
2118,0,0,2,0.00015965766059104696
2119,0,0,2,0.0002471341515637898
2120,0,0,2,0.000175447822288715
2121,0,0,2,8.205545140475364e-05
2122,0,0,2,0.000489105842907377
2123,0,0,2,5.464111536171694e-05
2124,0,0,2,0.00020530634793409672
2125,4836,0,2,0.0006134625379462896
2126,0,0,2,0.0001204829766366538
2127,0,0,2,0.00023505219175349126
2128,0,0,2,0.00035870095746429084
2129,0,0,2,0.00013722987517715424
2130,0,0,2,0.0003010345684363559
2131,0,0,1,0.00042447161027780973
2132,0,0,2,0.00023215220762866685
2133,0,0,2,0.0005095495302261324
2134,0,0,2,0.00017831622317980754
2135,0,0,1,2.062407205715444e-05
2136,0,0,2,8.719961408841303e-05
2137,0,0,2,0.00019823382707240852
2138,0,0,2,0.00015893635854683096
2139,0,0,1,0.00030467831168709227
2140,0,0,2,0.0001357038308448883
2141,0,0,2,0.0001837361136436419
2142,190,0,2,0.0003948258351492835
2143,0,0,2,0.0002751322154279146
2144,0,0,2,0.0003853254807371513
2145,0,0,2,0.00028001704758767466
2146,0,0,2,0.0002140252597989004
2147,0,0,1,2.24892875710538e-05
2148,0,0,2,0.0002823950548650466
2149,0,0,2,7.249802119223686e-05
2150,0,0,1,0.00014425019540566085
2151,0,0,2,2.7003170548684515e-05
2152,0,0,2,0.0002408605275168415
2153,0,0,2,0.0004001921233625605
2154,0,0,2,0.0006413990883699059
2155,0,0,1,0.00020777348999380954
2156,0,0,2,4.664018854952787e-05
2157,0,0,2,0.00011955245483284444
2158,0,0,2,0.00011859454453413116
2159,0,0,2,0.00016437864251627902
2160,0,0,2,0.00047978167011520603
2161,0,0,2,0.00025573622879413506
2162,0,0,2,0.00035615824002983203
2163,0,0,1,0.00015070517901113017
2164,0,0,2,7.860221666462181e-06
2165,0,0,2,0.0001242726178149548
2166,0,0,2,0.00015849507724432642
2167,0,0,2,3.5697319580289065e-05
2168,0,0,1,9.272563510412571e-05
2169,0,0,2,0.00023930022454719783
2170,0,0,2,6.0389920549955817e-05
2171,0,0,2,5.4440930248325e-05
2172,0,0,2,8.88735345742733e-05
2173,0,0,2,0.00017845549205961086
2174,0,0,2,9.92344632727507e-05
2175,0,0,2,0.0002351364989341809
2176,0,0,2,0.0003807578779438771
2177,0,0,2,0.00028573082152986724
2178,0,0,1,2.8888542872438546e-05
2179,0,0,2,4.133612927426482e-05
2180,0,0,2,0.0002097942359809875
2181,1120,0,2,0.0002939567550285811
2182,0,0,2,0.0003580403828487545
2183,0,0,2,0.00041060566618983835
2184,0,0,2,0.00027321781129745394
2185,0,0,2,0.00017208659658675323
2186,0,0,2,0.0003299767716406078
2187,0,0,2,0.00032624651777245
2188,0,0,2,0.0003411992494403083
2189,0,0,2,0.0006857929686219366
2190,0,0,2,0.00031160534753785695
2191,0,0,2,0.00024121744386147625
2192,0,0,2,0.00027217147511403344
2193,0,0,1,0.0004515965263909042
2194,0,0,2,0.00012199402758321566
2195,0,0,2,0.0003970603831064712
2196,0,0,2,4.6447938536743085e-05
2197,0,0,2,0.0004480794780470031
2198,0,0,2,0.0005582243523245379
2199,7,0,2,0.0002597009143274107
2200,0,0,1,0.0003220866133984644
2201,0,0,1,6.606398172064291e-05
2202,324,0,1,0.00015140693480025284
2203,0,0,2,0.0005087372680839421
2204,0,0,2,0.0003032645661650497
2205,0,0,2,0.00042476974696007514
2206,0,0,2,0.00040490018475883185
2207,0,0,2,9.683080193993681e-05
2208,0,0,2,1.9270170327255213e-05
2209,0,0,2,0.0003947662392545622
2210,0,0,2,0.0005092648954351756
2211,0,0,2,0.00043908522252149914
2212,0,0,1,0.00018286128554184552
2213,0,0,1,9.97220379375488e-05
2214,0,0,2,0.0002598941683427317
2215,0,0,2,0.0002142850503723252
2216,0,0,2,0.0003503842822409122
2217,0,0,2,0.0001651217917082294
2218,0,0,1,2.7191935783906975e-05
2219,0,0,2,0.0002830732305717255
2220,0,0,2,0.0003736827154928216
2221,0,0,2,0.0002379671637962929
2222,0,0,2,0.00043731761147264265
2223,0,0,2,7.60542129205951e-05
2224,0,0,2,2.797135496637148e-05
2225,0,0,2,0.0002695982682533993
2226,419,0,2,8.233450700100833e-05
2227,0,0,1,7.869754158674776e-05
2228,0,0,2,0.000378572464367869
2229,0,0,2,0.00013572907310986103
2230,0,0,2,0.0004445489052211592
2231,0,0,2,0.00031319634527645485
2232,0,0,2,0.00017122518692898935
2233,0,0,2,8.359110514088991e-05
2234,0,0,2,0.0002028354099564836
2235,0,0,2,8.883522994804274e-05
2236,15,0,2,0.00045306443951111856
2237,0,0,1,0.00027572184591533256
2238,0,0,2,0.0003202748568897346
2239,0,0,2,0.00018352562664600416
2240,0,0,1,2.9755472593342988e-05
2241,0,0,2,0.00019113939404433278
2242,0,0,2,0.0002588885338050383
2243,0,0,1,0.00012966181191883502
2244,0,0,2,2.52288483304935e-05
2245,101,0,1,9.67857679356457e-05
2246,0,0,2,0.0004253062464386044
2247,0,0,2,0.0002809403232702836
2248,0,0,2,0.000531364948722601
2249,0,0,2,0.0001022138582425898
2250,0,0,2,0.0001549132849608874
2251,0,0,1,1.0206531967093097e-05
2252,0,0,2,0.00012501676281129512
2253,0,0,2,0.00015520602124455472
2254,0,0,2,0.0002055957727782058
2255,0,0,2,8.986593426942893e-05
2256,0,0,2,0.00023228374784660803
2257,0,0,2,0.0004909394660285425
2258,0,0,2,0.00028692273862990307
2259,0,0,1,4.3738729937683546e-05
2260,0,0,2,0.000514492791703913
2261,7,0,1,0.0003333170396543944
2262,0,0,2,0.000168892105661692
2263,0,0,2,0.0002540453501187973
2264,0,0,2,0.00010152839043791515
2265,4914,0,2,0.0007978346903147341
2266,0,0,2,0.00020422117582664264
2267,0,0,2,0.0001557685467742105
2268,0,0,2,9.55919889922052e-05
2269,0,0,1,0.00020460534627782256
2270,0,0,2,0.0006844726361789011
2271,0,0,2,0.0005947285786169013
2272,0,0,2,0.0001990663707218246
2273,0,0,2,3.768736610827692e-05
2274,0,0,2,0.00031562584201215763
2275,0,0,2,0.00012652759336456083
2276,0,0,2,0.00033426666310336573
2277,0,0,2,0.000157795710315358
2278,0,0,2,0.0004693938089872842
2279,0,0,1,0.00012250003302741912
2280,0,0,2,3.540959792576139e-05
2281,0,0,1,4.0440527826417027e-05
2282,0,0,2,2.647541528292524e-05
2283,0,0,2,0.0003348185517479764
2284,0,0,2,0.00024697465595039915
2285,0,0,2,0.00012208748961695746
2286,0,0,2,0.0009494416146535961
2287,0,0,2,0.0002332446298562883
2288,0,0,2,0.00010485351048334277
2289,0,0,2,0.00017102560904305999
2290,0,0,2,6.823146962852276e-05
2291,0,0,2,0.0005476965613705688
2292,0,0,2,0.0005755959046716231
2293,0,0,2,8.822203236275445e-05
2294,0,0,2,0.0005897034287400227
2295,0,0,2,0.0001594024997629207
2296,0,0,2,2.7716171367690302e-05
2297,0,0,2,0.00042829478643356905
2298,0,0,2,0.00023476561779963088
2299,0,0,1,1.912464113809112e-05
2300,0,0,2,0.0003696010366164533
2301,0,0,1,7.559937865337655e-06
2302,0,0,2,0.0002336689618812217
2303,0,0,2,0.00012652449172080728
2304,0,0,1,2.4779123292950925e-06
2305,0,0,2,0.000161488744421253
2306,0,0,2,0.00036314470893133804
2307,0,0,2,0.00020113596320989213
2308,0,0,2,0.0002865870003702672
2309,0,0,2,0.0003715948847210216
2310,0,0,2,0.0001876265411200688
2311,0,0,2,0.0001498428343460963
2312,0,0,2,0.0003369212160036618
2313,0,0,2,0.00020201832782354223
2314,0,0,2,7.673295079439692e-05
2315,0,0,2,0.00012418584771540633
2316,0,0,2,0.00017478750280739276
2317,0,0,2,0.0004048829391441345
2318,0,0,2,0.00010547250202310502
2319,12,0,2,0.0005999565208328151
2320,0,0,2,0.00025930276374380875
2321,0,0,2,0.0002126293030616636
2322,0,0,2,0.00035153275438613943
2323,0,0,2,2.2176179785911574e-05
2324,0,0,2,0.000416002677452631
2325,0,0,1,7.387660958735647e-05
2326,0,0,2,0.0002703829060252697
2327,0,0,2,0.00014410145644390372
2328,0,0,2,0.00040319077288293294
2329,0,0,1,1.2088188014734113e-06
2330,0,0,2,0.0003909213701409832
2331,0,0,2,7.237300616233438e-05
2332,0,0,2,0.00034320011593085215
2333,0,0,2,0.00029860443619375717
2334,0,0,1,0.00021419131207911876
2335,0,0,2,4.959595285244441e-05
2336,0,0,2,5.039780186085888e-05
2337,0,0,2,0.0003199327000059325
2338,0,0,2,8.667887965634226e-05
2339,0,0,2,0.00022710984407030787
2340,0,0,1,4.401851922574518e-05
2341,0,0,1,0.0002717898252961459
2342,0,0,2,0.0005258176529651072
2343,0,0,2,0.00014627527209018463
2344,0,0,2,0.00015675060599001217
2345,0,0,2,0.00024110131942402474
2346,0,0,2,0.00031108297759668716
2347,0,0,2,0.0004461876354492413
2348,0,0,2,5.000140243001946e-05
2349,0,0,2,0.0005801136583398556
2350,0,0,2,0.0002835617876409022
2351,0,0,2,0.00016003549106356684
2352,0,0,2,0.00013777251736052777
2353,0,0,2,0.00018597813248441125
2354,0,0,1,0.00016755550924654752
2355,0,0,1,0.00014412377970684733
2356,34,0,2,3.610334931262193e-05
2357,0,0,2,0.0001595670262659706
2358,0,0,2,0.00039339677059849264
2359,0,0,2,0.0003964115111841986
2360,0,0,2,0.00015984414524351147
2361,0,0,2,0.000531120415603222
2362,0,0,1,0.00013622884597758658
2363,0,0,2,0.0001344523123371476
2364,0,0,2,0.00011011871874198995
2365,0,0,1,1.3956846107324374e-05
2366,0,0,2,0.00019754337016079747
2367,0,0,2,0.00025220638199211366
2368,0,0,2,0.0001389911613709734
2369,0,0,2,0.00010133792309090911
2370,0,0,2,2.9043603202086116e-05
2371,0,0,2,0.00020029349461493694
2372,0,0,2,5.739146859522137e-05
2373,0,0,1,0.00012731029371105081
2374,0,0,2,8.000409213339583e-05
2375,0,0,2,0.00034339911901667524
2376,0,0,2,0.00022458049963818303
2377,0,0,2,5.85257181408322e-05
2378,0,0,1,1.1437480381196114e-05
2379,0,0,2,9.62576053980562e-05
2380,0,0,2,0.00022508087726229943
2381,0,0,1,0.00024690734309962633
2382,0,0,2,0.0002444852502614612
2383,0,0,1,2.260987562233878e-05
2384,0,0,2,0.000368977482890498
2385,0,0,2,0.00039539603590410343
2386,0,0,2,6.79571115038042e-05
2387,0,0,2,3.944277781144498e-05
2388,0,0,2,0.0001610048275154868
2389,0,0,2,0.0009127596243465884
2390,28,0,2,0.0003858159525485446
2391,0,0,2,0.00013992486219649365
2392,0,0,2,0.0002739410365912929
2393,279,0,1,2.4511298537675293e-05
2394,0,0,2,0.00026915210742948077
2395,286,0,2,0.00015335691447646043
2396,0,0,2,0.00020180183350140178
2397,0,0,2,3.0763716933082024e-05
2398,0,0,2,0.00011448052066934603
2399,0,0,2,0.0001759254993957051
2400,0,0,2,0.00013679087219808735
2401,0,0,2,0.0003134473639370405
2402,0,0,2,0.00022900739524230756
2403,0,0,2,0.00011483953667249804
2404,0,0,1,2.0771532313080698e-05
2405,0,0,2,0.00015650810900230049
2406,5677,0,2,0.0008076321531606417
2407,0,0,2,9.424682875522369e-05
2408,0,0,2,0.00016792939968703494
2409,0,0,2,0.000341573532661118
2410,0,0,2,0.000349807294972183
2411,0,0,2,0.00031199620808531134
2412,0,0,1,0.0004245546766371167
2413,0,0,2,8.803368071303935e-05
2414,0,0,1,0.0008045947166595136
2415,0,0,2,0.00020499541164501327
2416,0,0,2,0.00022599317985898043
2417,0,0,2,0.0003034092947557916
2418,0,0,2,0.0002055915245675833
2419,0,0,2,0.00023062613065913902
2420,0,0,2,0.00037364872000430555
2421,0,0,1,0.00011660323651586925
2422,0,0,1,0.00015959773113494977
2423,0,0,2,0.00042213072738021644
2424,0,0,2,0.00010603147415888516
2425,0,0,1,9.013965658033433e-05
2426,0,0,2,0.00037523803074433006
2427,0,0,2,0.00027804036556498905
2428,0,0,2,0.000517228454284263
2429,0,0,2,0.0003381995185878968
2430,0,0,2,0.00011246506371764802
2431,5596,0,2,0.00053580023209259
2432,0,0,2,0.00035275098559065123
2433,0,0,2,9.948488819114009e-05
2434,0,0,2,7.271071135821399e-05
2435,0,0,2,0.00038216958261035565
2436,0,0,2,0.00028229166122142136
2437,0,0,2,0.00012501661765871506
2438,0,0,2,0.000315486001736669
2439,0,0,2,0.00011404765445329036
2440,3780,0,2,0.0003343559478038556
2441,0,0,2,0.0006416435191261931
2442,0,0,2,3.427910431300726e-05
2443,0,0,2,0.00018216408631469504
2444,0,0,2,0.00033895164931339015
2445,0,0,2,8.723142344979501e-05
2446,0,0,2,8.46454252650846e-05
2447,0,0,2,0.00011798312204654382
2448,0,0,2,0.000603778281897981
2449,0,0,2,0.00011513190285844845
2450,0,0,2,0.0004132999924639525
2451,0,0,2,0.0002636983818444175
2452,0,0,2,0.00020271214297452587
2453,0,0,2,0.00028198680979731863
2454,0,0,2,0.0003825241521505187
2455,0,0,2,0.00043125952666151163
2456,0,0,2,0.0001414189818427588
2457,0,0,2,0.0001492509717520732
2458,0,0,2,0.00017213145123211302
2459,0,0,2,0.0004866796342353167
2460,0,0,1,1.8008744389671835e-05
2461,0,0,2,0.00025772739050180154
2462,0,0,2,0.00016915731099742797
2463,0,0,2,0.0008287810126622144
2464,0,0,1,3.665437797691262e-05
2465,0,0,2,0.00028557281103624223
2466,945,0,2,0.0004241433900655856
2467,0,0,2,0.00023081028129195514
2468,0,0,2,0.0003156936569470879
2469,0,0,2,0.00013509456578883963
2470,0,0,1,8.108855755138742e-06
2471,0,0,2,0.00038949201545436524
2472,0,0,2,4.6808991443802974e-05
2473,14,0,2,9.967742806548122e-05
2474,0,0,2,0.00035128094418693684
2475,0,0,2,7.774849985650421e-05
2476,0,0,2,0.0003312964236059792
2477,0,0,2,0.0003505931388979485
2478,0,0,2,0.00037634426284209046
2479,0,0,2,0.0001238402016728105
2480,0,0,2,0.00025490879652740803
2481,0,0,2,0.00019945633631868773
2482,0,0,2,9.514574919352843e-05
2483,0,0,1,7.43968192461504e-05
2484,0,0,2,0.00028231558375926456
2485,0,0,2,1.7243922855698792e-05
2486,0,0,2,0.0008429691817505795
2487,0,0,2,0.0002833989575933002
2488,0,0,2,0.00013866421279622334
2489,0,0,2,0.00015802480641093766
2490,0,0,2,0.0001255587135984632
2491,0,0,2,0.0003504991905392213
2492,0,0,1,8.520437596539342e-06
2493,0,0,2,0.0001782198994592727
2494,0,0,1,3.831139955414431e-05
2495,7,0,2,0.00024268060087617624
2496,0,0,2,0.00012494028679812586
2497,0,0,2,0.00025964152987324155
2498,0,0,2,0.0001145501474274982
2499,0,0,1,3.8568593618730696e-05
2500,0,0,2,0.00026987293954035306
2501,0,0,2,9.651668831582405e-05
2502,0,0,2,9.900308633742554e-05
2503,0,0,2,3.486012096402825e-05
2504,0,0,2,0.0003801325351494198
2505,0,0,2,0.00023252678022026035
2506,0,0,2,9.868087128416606e-05
2507,0,0,1,0.0001043267420238545
2508,0,0,2,0.0001584163183978507
2509,0,0,2,5.559082997217405e-05
2510,0,0,2,8.528357985127794e-05
2511,0,0,2,0.0002522598292368619
2512,0,0,2,0.00027963154770660985
2513,0,0,2,0.00044265783854479984
2514,0,0,2,0.00036723259963761224
2515,0,0,2,0.0001773751477335598
2516,0,0,2,4.098843690028626e-05
2517,103,0,2,0.00012547574218907235
2518,0,0,2,9.005552516651499e-05
2519,0,0,2,0.0003554710465232976
2520,2712,0,2,0.0002477974662138089
2521,0,0,2,5.209439520264186e-05
2522,0,0,2,0.00016878880998320552
2523,0,0,1,0.00032850162996994327
2524,0,0,2,0.00037596339940910653
2525,0,0,2,0.00033093085506211286
2526,0,0,2,0.00047529476216338077
2527,0,0,2,0.00031313797685207217
2528,0,0,2,0.000199648202730463
2529,0,0,2,0.0003799883052988039
2530,0,0,2,0.00036406455738050236
2531,0,0,2,0.0002387464879257288
2532,0,0,1,0.00010309992417763643
2533,0,0,2,0.00030226097434691787
2534,0,0,2,0.0010508384480586038
2535,0,0,2,0.00026289131197945644
2536,0,0,2,0.00014383589239954384
2537,7,0,2,0.0003269579247328152
2538,0,0,2,0.00011539996450854569
2539,0,0,2,0.00021823762952590548
2540,0,0,2,4.0392709005463256e-05
2541,0,0,2,0.0004896547952001021
2542,0,0,2,8.871352722267213e-05
2543,0,0,2,0.00020966941516915765
2544,0,0,2,0.0006115286597006602
2545,0,0,2,0.0003962699694257359
2546,0,0,2,0.0001344798520953669
2547,0,0,2,4.3719492406661174e-05
2548,0,0,1,2.4253581976696374e-05
2549,0,0,1,9.089337205283381e-05
2550,0,0,2,0.0001041112648878735
2551,0,0,2,0.00019073610266885361
2552,0,0,2,8.125363910791052e-05
2553,0,0,2,0.00016418241730026492
2554,0,0,1,1.4818215503405763e-05
2555,0,0,1,4.3792587312129265e-05
2556,0,0,2,0.00019525506739191925
2557,0,0,2,0.0009038235291886149
2558,0,0,2,2.7020497957902264e-05
2559,0,0,2,0.00025384883090170496
2560,0,0,2,0.0001930352979698145
2561,6071,0,1,6.849330555720136e-05
2562,0,0,2,0.00034284335027806156
2563,0,0,2,0.0004925224186464738
2564,0,0,2,0.00048486078958410225
2565,0,0,2,0.00019503515054391168
2566,0,0,1,0.00012207983806641616
2567,0,0,2,3.215298363959912e-05
2568,0,0,2,0.00021252014497770454
2569,52,0,2,0.00012375163822820137
2570,0,0,2,3.418775748328326e-05
2571,0,0,2,0.00028567574787562947
2572,0,0,2,7.840848836566349e-05
2573,0,0,2,0.00020787269826170858
2574,0,0,2,0.000252332862871492
2575,0,0,2,6.237679859803927e-05
2576,0,0,2,0.0002750260632572098
2577,0,0,2,0.0005187021358560459
2578,0,0,2,0.0003475899051977874
2579,0,0,2,0.00015431671279121772
2580,0,0,2,0.0002315463116773651
2581,0,0,2,0.00030394367261155243
2582,0,0,2,2.01609623604614e-05
2583,0,0,2,0.0003772507211325892
2584,0,0,2,0.0010698937572791232
2585,0,0,1,0.00010153418331366201
2586,0,0,2,0.0003005351354242671
2587,0,0,1,2.0283798248387345e-05
2588,0,0,2,0.00018665076126005614
2589,0,0,2,1.4864000365555371e-05
2590,0,0,2,0.00023744023415804848
2591,0,0,2,4.0886159200859175e-05
2592,0,0,2,0.00028320701669271974
2593,0,0,2,0.0006293186581391415
2594,0,0,1,0.0004992760416548713
2595,0,0,1,8.189609826185666e-05
2596,0,0,1,4.790755737405098e-05
2597,0,0,2,0.00013879676054301298
2598,0,0,2,5.603660437150298e-05
2599,0,0,2,4.1338214180542764e-05
2600,0,0,2,0.0001390710029228346
2601,0,0,2,0.000285764484782857
2602,0,0,2,0.0002096101661412651
2603,0,0,2,0.0004687433200718256
2604,0,0,2,2.4754023179102217e-05
2605,128,0,2,0.00019531251477598982
2606,0,0,2,4.7388910328451855e-05
2607,0,0,2,0.00018427641091155344
2608,0,0,2,0.00021677179918759513
2609,0,0,2,0.000510804479995121
2610,0,0,1,0.00011418915031889694
2611,0,0,2,0.00043721749920044465
2612,0,0,2,0.00016044345220758957
2613,0,0,1,1.6293516917126265e-05
2614,0,0,2,0.00010933142485961903
2615,0,0,2,0.0004072200666854381
2616,0,0,2,0.0001369610363835785
2617,0,0,2,0.00011983289017233786
2618,0,0,2,0.0005022636016760479
2619,7,0,1,8.625727114780546e-05
2620,0,0,2,4.600853179165498e-05
2621,0,0,2,0.00018819004106065615
2622,0,0,2,0.00023632309883424033
2623,0,0,2,0.00010302089558611421
2624,0,0,2,0.0003864384961384139
2625,0,0,2,0.00032681644856237226
2626,0,0,2,0.0003610732543039354
2627,0,0,2,0.0005503100308847859
2628,0,0,2,0.0001714319366825393
2629,0,0,2,0.0002911781936676879
2630,0,0,2,0.000185546520268548
2631,0,0,2,0.0009529166606712503
2632,0,0,1,0.00014246267562375748
2633,0,0,2,0.00011972304139291139
2634,85,0,2,8.153842198115636e-05
2635,0,0,2,0.00017499282376596701
2636,0,0,2,0.00042780081223080734
2637,0,0,2,0.00040824692383215386
2638,0,0,2,0.00012801610588652305
2639,2637,0,2,0.0010072222300718824
2640,0,0,2,0.0002961556194631595
2641,0,0,2,0.00022826911562675404
2642,0,0,2,0.0003519640416441724
2643,0,0,2,6.635571193747727e-05
2644,0,0,2,0.00024509164464412905
2645,0,0,2,0.00017254897060648097
2646,0,0,2,0.00021821437159034744
2647,0,0,2,0.00010960802499501804
2648,0,0,2,0.00014822759764793826
2649,0,0,2,0.00042490034952254017
2650,0,0,1,4.8720418449729085e-05
2651,0,0,2,0.0005024203644413214
2652,0,0,2,0.00014252642287884793
2653,0,0,2,0.0004329475359517699
2654,0,0,1,0.00015854839980672443
2655,0,0,2,0.00021027015606389854
2656,0,0,2,6.053530488914692e-05
2657,36,0,2,0.00010369303194710955
2658,27,0,2,0.0002858362595143261
2659,0,0,1,8.173915045085166e-05
2660,7,0,2,0.0005204100034992955
2661,0,0,1,0.0002734784374372105
2662,0,0,2,0.00020280394836327687
2663,0,0,1,6.601808751250003e-05
2664,0,0,1,0.00011532042766729771
2665,0,0,2,0.0008355312332370974
2666,0,0,2,6.19473825670018e-05
2667,0,0,1,4.489594129999175e-05
2668,0,0,2,0.00036642925271227
2669,0,0,1,4.6939562623518825e-05
2670,0,0,2,0.00013083413511182695
2671,0,0,2,8.753674525814187e-05
2672,0,0,2,0.0003096339431643886
2673,0,0,2,3.069560436252625e-05
2674,0,0,2,5.4645090641389986e-05
2675,0,0,2,0.00023034586761640455
2676,0,0,2,2.6326979676835083e-05
2677,0,0,2,0.0002697223471742725
2678,0,0,2,0.0006392123841582858
2679,0,0,2,6.211895310800855e-05
2680,5190,0,2,0.00048101253556646884
2681,0,0,2,0.00015828347273626295
2682,0,0,2,0.0005074627045837774
2683,0,0,2,0.0003370670841688421
2684,0,0,2,0.00043259458438140607
2685,0,0,2,0.00026441014437160866
2686,0,0,2,0.0002004831423868312
2687,0,0,2,0.0002905902643760127
2688,0,0,2,0.00021181823865145527
2689,2681,0,1,0.000311651777347707
2690,0,0,2,6.943463395555342e-05
2691,0,0,2,0.00013816391034111538
2692,0,0,2,0.00015901252817744543
2693,0,0,2,0.00026460925398322276
2694,646,0,2,0.00010080712515207955
2695,0,0,1,4.529311367664958e-05
2696,0,0,1,4.4643167685576266e-05
2697,0,0,2,0.00017169798413958507
2698,7,0,2,7.86900260958536e-05
2699,140,0,2,0.0002970354669247605
2700,0,0,2,5.9695969282117626e-05
2701,0,0,2,0.0003216507757247581
2702,0,0,2,0.00014038659462196467
2703,0,0,2,0.000274781042457216
2704,0,0,2,5.8357549910860064e-05
2705,0,0,2,0.00022014701566264763
2706,0,0,1,3.7576152996501916e-05
2707,0,0,2,0.0006324781205816104
2708,7,0,2,0.0001808119604237853
2709,0,0,2,0.00011275074198645515
2710,0,0,2,0.0006237970415088783
2711,0,0,1,7.316667127331216e-05
2712,0,0,2,0.0002565239049107447
2713,0,0,1,2.7762737464418887e-05
2714,0,0,2,7.980387119196256e-05
2715,0,0,1,5.283079968454952e-05
2716,0,0,2,0.0004046695310577587
2717,0,0,2,9.733554946897377e-05
2718,0,0,2,0.00036783889575486915
2719,0,0,2,7.404285030197284e-05
2720,0,0,2,0.00034275727864029867
2721,28,0,2,0.00016761957163207494
2722,0,0,2,0.0001786402339998708
2723,0,0,2,1.8391874052589607e-05
2724,0,0,2,0.0005760638499873522
2725,0,0,2,0.00017548558372797992
2726,0,0,2,0.0003894667031743183
2727,0,0,2,0.00020673192915942042
2728,0,0,2,0.00032813606518367197
2729,0,0,2,0.000462172649030151
2730,0,0,2,0.00013242017519933834
2731,0,0,2,0.00018967444223071792
2732,0,0,2,0.00033306241627742374
2733,0,0,1,0.00021604787675136435
2734,0,0,2,0.00016240709248578457
2735,0,0,2,5.606020999277694e-05
2736,0,0,2,0.00024397050150326896
2737,0,0,2,0.00042095302755239006
2738,0,0,2,0.00029307970282907187
2739,0,0,2,0.0002567128154955428
2740,7,0,2,0.0002508148542033305
2741,0,0,2,1.679097087452308e-05
2742,3028,0,2,0.00041474910597889104
2743,0,0,2,0.0001402340838990365
2744,0,0,2,0.00017358692662745601
2745,0,0,1,1.5405142034253126e-05
2746,0,0,2,0.0004526107363030454
2747,0,0,2,0.00012542175839365676
2748,0,0,2,9.110908444877924e-05
2749,0,0,2,8.698261484664597e-05
2750,0,0,2,0.00012883767971458236
2751,0,0,2,0.0004115243684101087
2752,0,0,2,0.0003548186186205285
2753,0,0,2,0.00029047654449840347
2754,0,0,2,0.0003055600909300279
2755,0,0,2,0.0007478289830521111
2756,0,0,2,0.00017548062899066643
2757,7,0,2,0.0001339386403998067
2758,0,0,2,0.0002113470202438129
2759,0,0,2,0.0003814987076727575
2760,0,0,2,0.00013495631202675764
2761,0,0,2,0.00021207357479352255
2762,0,0,2,0.0006479782096497452
2763,0,0,2,0.0003064709841549231
2764,0,0,2,0.0002403131188211407
2765,0,0,2,0.00038049901129996397
2766,0,0,2,0.00021792602540368335
2767,0,0,2,0.00029688965136590414
2768,0,0,2,7.400141875382675e-05
2769,0,0,2,0.0001840486055185603
2770,0,0,2,0.00024329900881964853
2771,0,0,2,2.0500060041593337e-05
2772,0,0,2,0.00037383074229723634
2773,0,0,2,0.0009148652575485374
2774,0,0,2,0.00020096259071565982
2775,0,0,2,0.00028523239990298953
2776,0,0,2,0.000179708027800126
2777,0,0,1,1.024329324872505e-05
2778,0,0,2,0.00043856348328881266
2779,0,0,2,0.00011818131597529768
2780,0,0,2,0.00034154977402478287
2781,0,0,2,3.5687048264636705e-05
2782,0,0,2,0.00039704445088371805
2783,0,0,2,0.00038095723069690013
2784,0,0,1,6.954999589385722e-06
2785,0,0,2,0.0003918876792775955
2786,0,0,2,0.0006569768819368554
2787,0,0,2,0.00047402229206045795
2788,0,0,2,5.870663309215902e-05
2789,0,0,2,0.0006601340966288234
2790,0,0,2,0.0001300075027939964
2791,0,0,2,0.0002881038333994473
2792,0,0,2,0.00011996944920350152
2793,0,0,2,4.9010602027313275e-05
2794,929,0,2,0.0005507492503814947
2795,0,0,1,3.216975666691718e-05
2796,0,0,1,0.0002474265162280783
2797,0,0,2,0.0006411734464524866
2798,0,0,2,0.00038439368395841217
2799,0,0,2,6.560829990986044e-05
2800,25,0,2,0.0001667350778650148
2801,0,0,2,0.0001381341790168147
2802,0,0,2,0.00020804862537205602
2803,0,0,2,0.00014265425057854802
2804,0,0,2,0.00019611222769308278
2805,0,0,2,0.0002509127966658705
2806,0,0,1,0.00013680770891323467
2807,0,0,2,0.0002510650128530717
2808,73,0,1,0.000348404447027867
2809,0,0,2,0.0003182313129935076
2810,0,0,2,0.00016657596070187208
2811,0,0,2,0.00025541831486354966
2812,0,0,2,0.0002695866109871903
2813,0,0,2,0.00013955463443761224
2814,0,0,2,7.366115421610362e-05
2815,0,0,1,3.344055600969107e-05
2816,0,0,2,0.0005246602198405012
2817,0,0,1,0.0002515227380798783
2818,0,0,2,7.88238527148206e-05
2819,0,0,2,0.00021331404625636065
2820,0,0,2,3.075538231392035e-05
2821,0,0,2,0.0003198798893308871
2822,0,0,2,0.0005604572729650996
2823,0,0,2,0.00037945812524839276
2824,0,0,2,0.00012783726234786525
2825,0,0,2,0.00014241075600296928
2826,0,0,2,0.0008297473994634599
2827,0,0,1,0.0005193677650417112
2828,0,0,2,0.00019603416184319007
2829,0,0,2,0.00042985375988192795
2830,0,0,2,0.0005129253670692716
2831,0,0,2,0.00025610573503693606
2832,0,0,2,5.753671943233043e-05
2833,0,0,2,6.48030416302644e-05
2834,0,0,2,7.701935142537825e-05
2835,0,0,1,4.2962804494855586e-05
2836,7,0,2,8.0079564756019e-05
2837,0,0,2,0.00034338085705633525
2838,350,0,1,9.738032858313468e-05
2839,0,0,1,0.00020795581334525796
2840,0,0,2,0.0002016105472842154
2841,0,0,2,0.00023628661350142227
2842,0,0,2,0.00019617235064182107
2843,0,0,1,0.00037666565033240445
2844,0,0,2,0.0005009621452666576
2845,0,0,2,0.00023152664775059607
2846,0,0,2,0.00010840748432116719
2847,0,0,2,0.0006627548613647701
2848,0,0,2,0.0004869238398368818
2849,0,0,2,3.789468396027725e-05
2850,7,0,1,0.00019921358263213097
2851,0,0,2,0.0006729288843720275
2852,0,0,2,0.00027358298937021956
2853,0,0,2,0.00018857308749368624
2854,0,0,2,0.00016141373884794561
2855,0,0,2,0.0002859350539151377
2856,0,0,1,9.180578095474475e-05
2857,0,0,2,0.00023814388903901722
2858,0,0,2,0.0004462628343680008
2859,0,0,2,0.00022995874282564268
2860,0,0,2,0.0002795375265546444
2861,0,0,2,8.525039373781903e-05
2862,0,0,2,0.0004220115336220546
2863,0,0,2,0.00038100736942454975
2864,0,0,2,0.00026389549632071396
2865,0,0,2,0.00021693102369666392
2866,7,0,2,0.00030668677005535517
2867,0,0,1,0.00012680177033162765
2868,0,0,2,0.00017216597059241588
2869,0,0,2,0.000981005777990653
2870,0,0,2,6.199814256506121e-05
2871,0,0,2,0.00019632271929196399
2872,0,0,2,1.339390193112966e-05
2873,0,0,2,0.0001489851290002597
2874,0,0,2,0.0001991169335821963
2875,0,0,2,0.0006214927789389981
2876,0,0,2,0.0002741378065910578
2877,151,0,2,0.0004244976693401152
2878,0,0,2,0.00013852971618546917
2879,0,0,1,0.00014963226464615486
2880,0,0,2,0.00012476926705091927
2881,0,0,2,0.00024113559702661143
2882,0,0,2,0.00038695945234688194
2883,0,0,2,0.00030149292507136477
2884,0,0,2,0.00022060135856190468
2885,0,0,1,5.434217037964274e-05
2886,0,0,2,0.00010988682559705509
2887,0,0,1,9.16912395153398e-05
2888,0,0,2,0.00018512484583365203
2889,0,0,1,7.296036561991505e-05
2890,0,0,1,2.8978639841686073e-05
2891,0,0,2,0.00015623084200529447
2892,0,0,2,0.00018973836057026798
2893,0,0,1,8.92778746120315e-05
2894,0,0,2,0.0002955549435669567
2895,0,0,1,0.00038111313471123585
2896,0,0,2,2.8749940661367466e-05
2897,0,0,2,8.746537888136675e-05
2898,0,0,2,0.00022313513626977298
2899,0,0,2,0.00028398504290794537
2900,0,0,2,0.0004468135718416719
2901,0,0,2,9.134737028654667e-05
2902,0,0,1,2.9263152627155385e-05
2903,0,0,2,0.00030785967018842077
2904,0,0,2,0.00013603696825392563
2905,0,0,2,0.00013512227446379698
2906,0,0,2,0.00017850809578101793
2907,0,0,2,0.00011675630451872041
2908,0,0,1,0.00035703741548635
2909,0,0,2,0.0005887942049922712
2910,0,0,1,0.0001454074443719384
2911,0,0,2,0.00015475293294385563
2912,0,0,2,0.0004680926822481545
2913,0,0,2,0.0005631221090573245
2914,0,0,2,9.684774982040356e-05
2915,0,0,2,0.00027792022983500706
2916,0,0,2,0.00026873949285424064
2917,0,0,2,0.00030080730056524153
2918,31,0,2,0.00019507832099996086
2919,0,0,2,0.0004381033892955298
2920,0,0,2,0.0001971558836625052
2921,0,0,2,0.00011772809748556278
2922,0,0,2,0.0005797197972826158
2923,0,0,2,0.00012017389967566428
2924,0,0,2,0.00024402667614878144
2925,0,0,2,0.00017346867782120257
2926,0,0,2,0.000159114838916768
2927,0,0,1,4.682862814245394e-05
2928,0,0,2,0.00021425279457547755
2929,0,0,2,0.00014525366934012104
2930,0,0,2,2.0999397772978825e-05
2931,0,0,1,1.8003485289738174e-05
2932,0,0,2,7.662041679187163e-05
2933,0,0,2,0.00012762676109443556
2934,0,0,2,0.0001779088817134135
2935,0,0,2,0.0003389023083357315
2936,0,0,2,0.00020727720491010192
2937,0,0,2,0.00023559669071248788
2938,0,0,2,0.0003362883733532151
2939,0,0,2,0.00012606550910365406
2940,0,0,1,0.00014441972503843192
2941,0,0,1,0.0003172103005184665
2942,0,0,2,9.494172570336937e-05
2943,0,0,1,0.0003655153359355121
2944,0,0,2,0.00029271424407562767
2945,0,0,2,0.00012327522337205756
2946,0,0,1,3.994364495652779e-05
2947,0,0,2,0.0003851850091783256
2948,0,0,2,0.0004649811425963167
2949,0,0,2,0.0005299867136760661
2950,0,0,1,6.694281541352103e-05
2951,0,0,2,0.00026602525309573797
2952,2297,0,2,0.00048407939850965594
2953,0,0,1,0.0003117837151360562
2954,0,0,2,7.398937416359231e-05
2955,0,0,2,0.0002824997897384241
2956,0,0,1,4.248796521233085e-05
2957,0,0,1,2.3179889870801577e-05
2958,4693,0,2,0.00048518242459417104
2959,186,0,2,0.00010965709500378714
2960,0,0,1,9.508482133994423e-05
2961,0,0,2,0.0003448355052976359
2962,0,0,2,6.0119566491194104e-06
2963,0,0,2,2.2201497026167673e-05
2964,0,0,2,0.00017302800910500555
2965,0,0,2,0.00011943671394368821
2966,0,0,1,9.40275459458475e-05
2967,57,0,2,0.00046102775178681767
2968,0,0,2,0.00015618083524605267
2969,0,0,2,0.00023930757018713068
2970,0,0,2,0.0005095740811521654
2971,0,0,2,0.00036507520787264235
2972,0,0,2,0.00027833129215389763
2973,0,0,1,8.574585375632627e-05
2974,0,0,2,0.00033057050627387794
2975,0,0,2,0.00020762905540954146
2976,0,0,2,0.00036443323725256736
2977,0,0,2,0.0001134138990274884
2978,0,0,1,7.492108075932057e-06
2979,0,0,2,0.0003615923890044682
2980,0,0,2,0.00026478771399721226
2981,14,0,2,0.0002660289382502031
2982,0,0,2,0.00018776342355146498
2983,7,0,2,0.00023120771668578926
2984,0,0,2,0.000192182362665831
2985,0,0,2,0.00021839681584264964
2986,0,0,2,0.00016511491960208492
2987,0,0,1,1.141367652759906e-05
2988,0,0,1,6.929528314233917e-05
2989,0,0,1,6.012543538986527e-06
2990,0,0,2,0.00020380728886225735
2991,0,0,2,0.0001373533944762949
2992,0,0,2,4.240568122090578e-06
2993,0,0,2,0.0003071313267397346
2994,0,0,2,0.0001912186198727331
2995,0,0,2,0.00013845047442552846
2996,0,0,1,1.7006582797094786e-05
2997,0,0,2,0.00014067351786282563
2998,0,0,2,7.637022964640987e-05
2999,0,0,2,0.0005298118691942124
3000,0,0,2,0.00020980469364136926
3001,0,0,2,0.0003508413208852671
3002,0,0,2,0.00040090552304998295
3003,0,0,2,0.00026276732676635704
3004,0,0,2,0.00011510933955665918
3005,0,0,2,0.00023393164240205619
3006,0,0,2,0.0001549434176284691
3007,0,0,2,0.00011957427824551597
3008,105,0,2,0.00011035863466777922
3009,0,0,2,0.00023622902793417154
3010,0,0,2,4.339775999606676e-05
3011,0,0,2,0.00014109816298190896
3012,0,0,1,7.708859067626019e-05
3013,0,0,2,0.00022380801630868553
3014,5236,0,2,0.0006893175529239373
3015,0,0,2,0.0003365645062753215
3016,0,0,2,5.968962426099263e-05
3017,0,0,2,8.013341173631894e-05
3018,0,0,2,0.00040065167923029036
3019,0,0,2,6.666130456375568e-05
3020,0,0,1,2.73874393253304e-06
3021,0,0,2,1.602893003188023e-05
3022,0,0,2,0.00034710467928695166
3023,7,0,2,0.00023875625725592193
3024,0,0,2,0.00035273154407630046
3025,0,0,1,0.0002259558017781683
3026,0,0,2,8.558408114563462e-05
3027,0,0,2,0.0003220132936370333
3028,556,0,2,0.0006221059827318204
3029,0,0,2,4.4081190621624056e-05
3030,0,0,2,0.00040474985625734187
3031,0,0,2,0.00011983248055412758
3032,0,0,2,0.0003578468866343175
3033,0,0,2,0.00017304563913494864
3034,0,0,2,0.00014137445257094485
3035,0,0,2,0.00012486000311557878
3036,0,0,2,0.00010418517557315869
3037,0,0,2,0.00020266920930999652
3038,0,0,2,0.00012499715687875067
3039,0,0,2,0.00023003596796138126
3040,0,0,2,0.00014003686892480696
3041,0,0,2,0.00023483533735691847
3042,0,0,2,0.00022197783805089283
3043,0,0,2,0.00035440963463710765
3044,0,0,2,3.967096745684448e-05
3045,0,0,2,0.00040544481838085086
3046,0,0,2,9.79352999453164e-05
3047,0,0,2,0.00010707121913595415
3048,0,0,1,6.449060363606582e-06
3049,0,0,2,0.0004271246410205159
3050,0,0,2,0.00014106536940636545
3051,0,0,1,5.7044528867249844e-05
3052,0,0,2,0.00043498763007934104
3053,0,0,2,0.00032742205814105204
3054,0,0,2,0.0003812276993300705
3055,0,0,2,0.00018139556192935086
3056,0,0,2,0.0001262396496960614
3057,0,0,2,0.00013781599370217323
3058,0,0,2,0.00018925806736906333
3059,0,0,2,0.00029410105514541195
3060,0,0,2,6.967667164637624e-05
3061,0,0,2,5.7902356091427526e-05
3062,0,0,2,0.00015206222517829583
3063,0,0,2,0.0008068986182397822
3064,0,0,2,0.0002029999354845073
3065,0,0,2,0.0004972485386311174
3066,0,0,2,0.0002787506620126537
3067,0,0,1,0.00016040467022579498
3068,0,0,2,9.992039177984173e-05
3069,432,0,1,0.0006979999061800386
3070,0,0,2,0.0002470755532844909
3071,0,0,2,9.658520389563414e-05
3072,0,0,2,2.2953963688742408e-05
3073,0,0,2,0.0007160655000297911
3074,0,0,2,0.00015741321301150524
3075,0,0,2,0.00011866004616239356
3076,0,0,2,0.0002386144988192876
3077,0,0,2,0.0002134236642350156
3078,0,0,2,0.00026354294610348204
3079,0,0,2,0.00017855470319757557
3080,0,0,2,0.00041435114084107007
3081,0,0,2,0.0004451507575296916
3082,0,0,2,0.0002446096158214856
3083,0,0,2,0.0003388963471925735
3084,0,0,2,0.00025641192568147246
3085,0,0,2,0.0004205391547941321
3086,7,0,2,0.00013323400386438554
3087,0,0,2,0.00016559783858980905
3088,0,0,2,5.9908037010882094e-05
3089,0,0,2,0.0002454853211164989
3090,0,0,2,5.625787176907838e-05
3091,0,0,2,0.0006980387875358252
3092,0,0,2,0.0006882355083378734
3093,0,0,2,0.0003816618743762163
3094,0,0,2,2.2574643350897307e-05
3095,0,0,2,0.0003113632159942279
3096,0,0,2,0.00012477256371906025
3097,0,0,2,0.0002574705901445997
3098,0,0,2,0.0001197646126303833
3099,0,0,2,0.0002501887554370614
3100,0,0,2,0.0005221532580730725
3101,0,0,2,0.0003576940719924581
3102,0,0,2,0.00018769878600093521
3103,0,0,2,0.0001875725546761662
3104,0,0,2,0.0006436806376175731
3105,0,0,2,0.0002331238480084457
3106,0,0,1,8.773305569954665e-05
3107,0,0,2,9.366704376926223e-05
3108,0,0,2,0.0001756108450352204
3109,0,0,2,0.00019014498654457425
3110,0,0,2,0.00010837249461680312
3111,0,0,2,0.000687886893311794
3112,0,0,2,9.906562534964487e-05
3113,0,0,2,0.0005637814673125625
3114,0,0,2,0.00021172273979822912
3115,0,0,2,0.00036052066704149
3116,0,0,2,0.00030156154804928976
3117,0,0,1,5.2533917203947944e-05
3118,0,0,1,8.568024477994171e-05
3119,7,0,1,4.167153818296864e-05
3120,0,0,2,0.0002530607779920647
3121,0,0,2,0.00032510651974150236
3122,0,0,2,0.00021797914309705052
3123,0,0,1,0.00011320595994692562
3124,0,0,2,3.819624000103167e-05
3125,0,0,1,7.747574595297785e-05
3126,0,0,2,0.00025118260896579714
3127,0,0,2,0.00025510598369862634
3128,0,0,2,0.00039817199471175064
3129,0,0,2,0.00010195015220024554
3130,0,0,2,0.00030477841831250254
3131,0,0,2,9.934834386285244e-05
3132,0,0,2,0.0001674599932434045
3133,0,0,2,0.0002018956288495027
3134,0,0,2,0.0002022149548638426
3135,0,0,2,0.0005099561061223812
3136,1363,0,2,0.00023675979835896915
3137,0,0,2,0.000139372969792988
3138,0,0,2,0.00020501435985185895
3139,0,0,1,8.370643363259271e-05
3140,0,0,2,0.0004659780459874132
3141,0,0,1,0.00010013206061220034
3142,0,0,2,0.00027081387220924196
3143,7,0,2,5.536401300807911e-05
3144,0,0,1,6.374662693526618e-05
3145,0,0,2,0.00012195221518392722
3146,0,0,2,0.00010808064469075966
3147,0,0,2,0.0003211973500210149
3148,0,0,2,0.00038664045780901384
3149,0,0,1,7.150026272141941e-05
3150,0,0,1,1.2344577363184337e-05
3151,0,0,1,6.2969849868806385e-06
3152,0,0,1,0.0002411062046637352
3153,0,0,2,0.00034641274422279455
3154,0,0,2,9.113294286973229e-05
3155,0,0,2,0.00039987853844785824
3156,0,0,2,0.00020821217588791604
3157,0,0,2,0.000276312341430797
3158,0,0,2,0.00019608731755202348
3159,0,0,2,6.055457787475418e-05
3160,0,0,2,0.0006837786726789021
3161,0,0,1,0.00019702788689836376
3162,0,0,1,6.679837290318291e-05
3163,0,0,1,5.263838924801958e-05
3164,0,0,2,0.0003149421373482988
3165,0,0,2,0.0002545915955952009
3166,0,0,2,0.0006511420647485731
3167,0,0,2,0.0003237931934632115
3168,0,0,2,0.0003108843832667338
3169,0,0,2,7.601920888993362e-05
3170,0,0,2,0.0005987706089802095
3171,0,0,2,0.00041206502565503233
3172,15,0,2,0.00043982635386428573
3173,7,0,2,0.00010490668456401451
3174,0,0,2,0.00016897762555937977
3175,0,0,1,0.00018507862052044918
3176,0,0,2,4.636185221731419e-05
3177,0,0,2,0.0004409677380484746
3178,0,0,2,0.0005887521338902084
3179,0,0,2,0.00011368303780936933
3180,0,0,2,6.32396149531227e-05
3181,0,0,2,7.574607681122524e-05
3182,0,0,1,0.00010801344198820085
3183,0,0,1,0.00010334907214018944
3184,0,0,2,8.424102030460737e-05
3185,0,0,2,6.919663293271394e-05
3186,0,0,2,0.0003353513964891427
3187,0,0,2,0.00022947666331568888
3188,0,0,1,3.718955475027665e-05
3189,0,0,2,0.0002135177091904069
3190,0,0,2,0.0004514460148755017
3191,0,0,2,4.649917052944379e-05
3192,0,0,2,0.00031503105037432435
3193,0,0,2,0.00019965622339819536
3194,0,0,2,0.00016707330751214328
3195,0,0,1,1.8287417148545147e-05
3196,0,0,2,0.00015732687818275097
3197,0,0,2,0.00011313937981467053
3198,5198,0,2,0.0008349883953333851
3199,0,0,2,0.00012207884695389655
3200,7,0,1,0.00021039607769154881
3201,0,0,2,0.000646924093636232
3202,0,0,2,0.00010683208203585548
3203,0,0,2,8.806117312276865e-05
3204,105,0,2,0.00027287489050457973
3205,0,0,2,3.0637355900377106e-05
3206,0,0,2,0.00019037358125203316
3207,0,0,2,0.00018566690629190832
3208,1064,0,2,0.00024228378300725906
3209,0,0,2,6.54105573064605e-05
3210,0,0,2,1.9198020162968004e-05
3211,7,0,1,1.1708365154744318e-05
3212,0,0,2,0.000259128064031171
3213,0,0,2,0.0006114208616852416
3214,0,0,2,0.0003020029447720696
3215,0,0,2,0.0005789166680523708
3216,0,0,2,7.687843812225357e-05
3217,0,0,1,4.607854904037299e-05
3218,0,0,2,0.00016154314131188775
3219,0,0,2,8.663974846720768e-05
3220,0,0,1,0.00011788845175009501
3221,0,0,2,0.00011027511342001043
3222,0,0,2,4.5046657627978076e-05
3223,0,0,2,0.0001544292117813215
3224,0,0,2,0.0007759990550377349
3225,0,0,2,0.00024105007517812667
3226,0,0,1,0.00016714618779474226
3227,0,0,2,0.00035659683813911794
3228,0,0,2,0.0002722724911156868
3229,0,0,2,0.0004194243170894612
3230,0,0,2,7.152603487370277e-05
3231,0,0,2,0.00017895431463669975
3232,0,0,2,0.0006415244522870308
3233,1444,0,2,0.0005292609831728548
3234,0,0,2,0.00026529144625026685
3235,0,0,2,0.00010213193263843587
3236,0,0,2,0.0008961579466198573
3237,0,0,2,0.0003014046013753993
3238,0,0,2,0.00010981671220769605
3239,0,0,2,0.0007458278321823423
3240,0,0,2,4.547652262697421e-05
3241,0,0,2,0.00011598010176805486
3242,0,0,1,0.00012001018416019066
3243,0,0,2,0.00024561336453339814
3244,0,0,2,1.4446508958460238e-05
3245,0,0,2,0.00010278616368929831
3246,0,0,2,0.00012475044877721358
3247,0,0,2,0.0002784296752030178
3248,0,0,2,0.00010361134103678133
3249,7,0,1,1.9472240891524907e-06
3250,0,0,1,9.59765982323193e-05
3251,0,0,2,2.8064600008628625e-05
3252,0,0,2,0.00024398283416743658
3253,1318,0,2,0.0002148434033659836
3254,0,0,2,0.00028667257302401113
3255,0,0,2,8.783094640495026e-05
3256,0,0,2,0.00028802938234803293
3257,0,0,2,0.00024137834672181187
3258,0,0,2,0.0003298615425184291
3259,0,0,2,0.00011977990047537374
3260,0,0,2,0.00014709550380755378
3261,0,0,1,1.6609705297011783e-05
3262,0,0,2,0.00012833464606644464
3263,0,0,2,0.0005699560812541402
3264,0,0,2,0.00015072057709896404
3265,0,0,2,3.871083011304282e-05
3266,0,0,2,0.0001348219679183658
3267,0,0,2,1.9970942644968932e-05
3268,0,0,2,0.0005779519215018239
3269,0,0,2,0.0002667657746221773
3270,0,0,1,5.547188330493641e-07
3271,0,0,2,0.0002596291383450118
3272,0,0,2,0.00011611908279973338
3273,0,0,2,0.00045107339658397076
3274,0,0,2,0.00019522653011778032
3275,0,0,2,0.00014349683475660838
3276,0,0,2,2.737396613226613e-05
3277,0,0,2,0.00043429607563030104
3278,0,0,1,0.00020192847465762026
3279,0,0,2,3.0239726501938294e-06
3280,0,0,2,0.00041941955994972686
3281,0,0,2,0.00020499306463425676
3282,0,0,2,0.00021287950266316036
3283,0,0,2,9.987305360740363e-05
3284,0,0,2,0.0006679493658064227
3285,0,0,2,0.0001245247278513894
3286,0,0,2,0.00019432951275299905
3287,0,0,1,0.0002877889432540126
3288,0,0,2,8.368382900008697e-05
3289,0,0,2,0.00029592371465873716
3290,818,0,2,0.00018231290269798124
3291,7525,0,1,0.0009103720882108235
3292,0,0,2,0.0004045994796283358
3293,0,0,2,6.614337153786046e-05
3294,0,0,2,0.00023019393695328924
3295,0,0,2,0.00025016857928820843
3296,0,0,2,0.0004337618909161875
3297,0,0,2,6.191836559462468e-05
3298,0,0,2,0.00029924381398694966
3299,0,0,2,6.382617411603833e-05
3300,0,0,2,0.0005822918391015455
3301,0,0,2,0.0002741297507102529
3302,0,0,2,5.5042921949940395e-05
3303,0,0,2,0.0004896092727789863
3304,0,0,2,1.812517371741113e-05
3305,0,0,1,0.0002720708059355772
3306,0,0,2,0.00020880312625121445
3307,0,0,1,1.2987349748538077e-05
3308,0,0,1,2.0872767583055737e-05
3309,0,0,2,0.0003837747263745357
3310,91,0,2,0.0001567187730820026
3311,0,0,2,9.723619944880737e-05
3312,0,0,2,0.00020641671481840627
3313,419,0,2,0.00012071987937725444
3314,0,0,2,9.535217071971204e-05
3315,0,0,2,0.0001821383500978709
3316,0,0,2,0.0003590666497074699
3317,0,0,2,0.0003857952577993745
3318,0,0,2,0.00018973351584877635
3319,0,0,2,0.00023687676228320573
3320,0,0,2,0.0002579929423099775
3321,0,0,1,3.6067349899989515e-05
3322,0,0,2,0.00031115825333546905
3323,0,0,2,7.066090112275686e-05
3324,0,0,2,0.0005719087500235143
3325,0,0,1,0.0001807860853561643
3326,0,0,2,0.00027396735049966305
3327,0,0,2,0.00021315162803756173
3328,0,0,2,0.00032549910001232983
3329,0,0,2,0.00024621989978738907
3330,0,0,1,0.0003526880208257047
3331,273,0,2,0.000680775447054712
3332,0,0,2,0.00010639798059601355
3333,0,0,2,0.0004278015408955851
3334,0,0,2,0.0003332213027151532
3335,0,0,2,8.24927531961853e-05
3336,0,0,2,0.0001215144209202947
3337,0,0,2,0.00027574185801635293
3338,0,0,1,0.00010786061305791569
3339,0,0,2,0.00036202627760955963
3340,0,0,2,0.0008033719072617396
3341,0,0,2,0.0003321891890361628
3342,0,0,2,0.0001140185399601876
3343,0,0,2,0.0002910253275388389
3344,0,0,1,5.698065754945563e-05
3345,0,0,2,3.829635624858693e-05
3346,0,0,2,0.0003025253250799923
3347,0,0,1,3.931056953367011e-05
3348,0,0,2,0.0001718299818997413
3349,0,0,2,0.0006469130219217452
3350,0,0,2,0.00013791709993562023
3351,0,0,2,0.000299661776065939
3352,0,0,2,0.00028105890973770785
3353,0,0,1,0.00012977105076562203
3354,0,0,1,1.8665792585547413e-05
3355,0,0,2,0.0001194848075663571
3356,0,0,2,0.00020738654748539155
3357,0,0,2,9.52603580840956e-05
3358,0,0,2,0.00018335640778223032
3359,0,0,2,2.2969929688492474e-05
3360,0,0,2,0.00018713014073633484
3361,0,0,2,0.00012609473477631305
3362,0,0,2,2.6063167744280662e-05
3363,0,0,1,9.463994027007816e-05
3364,0,0,2,2.1071402635171513e-05
3365,47,0,2,0.00015780088112688797
3366,0,0,1,0.00017577402933476665
3367,0,0,2,0.0002079803030163889
3368,0,0,1,0.0005771811786194019
3369,0,0,2,4.1171917382237005e-05
3370,0,0,2,0.0003053881810598072
3371,0,0,2,0.00011449523445496183
3372,0,0,2,0.0001838036024395886
3373,0,0,1,0.0002145033054838734
3374,0,0,1,7.612142818615717e-05
3375,0,0,2,0.00010960443324284205
3376,0,0,1,0.0001517647084023751
3377,0,0,2,0.0002090574484774314
3378,0,0,2,0.00010207661687553709
3379,0,0,2,0.0002479358927977758
3380,0,0,2,0.00011245517224146447
3381,0,0,2,0.00023770849621274268
3382,0,0,2,0.00023127851946257
3383,0,0,2,0.00026483240538321094
3384,0,0,2,0.00020630549188189472
3385,0,0,2,6.978963844338782e-05
3386,1201,0,2,0.00029192166395452715
3387,0,0,2,0.0006405307199812242
3388,0,0,1,8.154293386643702e-05
3389,0,0,2,0.00018321668360967819
3390,0,0,2,0.00010960051000856521
3391,0,0,2,6.629895274805099e-05
3392,0,0,1,7.672943433234764e-05
3393,0,0,2,0.00025940764528531636
3394,0,0,2,2.7388169494299126e-05
3395,0,0,2,9.175148053405833e-05
3396,0,0,2,6.0847393055011683e-05
3397,0,0,2,6.372164532673929e-05
3398,0,0,2,0.00011644514450755588
3399,0,0,1,4.3852658792701e-06
3400,0,0,2,0.00046018523264656954
3401,0,0,2,0.00023577985766383804
3402,0,0,1,0.00011745940286350166
3403,0,0,2,0.000630846527690785
3404,0,0,1,0.000191949294819948
3405,0,0,1,2.4713990669518908e-05
3406,0,0,2,2.290362485321189e-05
3407,0,0,2,0.0004905158906982524
3408,0,0,2,0.00044810861795356604
3409,0,0,2,0.00044495978609763743
3410,0,0,2,0.00012259607675753145
3411,0,0,2,0.00014543210353463583
3412,0,0,1,5.0549014840075634e-05
3413,0,0,1,0.00017305053072076812
3414,0,0,1,0.00019446925702110973
3415,0,0,2,0.00030219558641692544
3416,0,0,2,0.00033807215128888796
3417,0,0,2,0.0002583322403564039
3418,0,0,2,0.00031508736133942016
3419,0,0,1,0.00012707535834579828
3420,0,0,2,0.00028353944600935605
3421,0,0,2,0.0004666136975675839
3422,0,0,2,0.0006938114373011819
3423,0,0,2,0.0001271177380572806
3424,0,0,2,0.00015614225301174394
3425,0,0,2,0.0008028775892039577
3426,0,0,2,0.00029924692677766706
3427,0,0,2,0.0002659193723989115
3428,0,0,1,0.00010222455916378536
3429,0,0,2,0.00013096363345584916
3430,0,0,2,0.0003086405451563951
3431,0,0,2,0.00018350154882304363
3432,0,0,2,0.0004345620851290138
3433,0,0,2,0.00026288220089036655
3434,0,0,2,0.00022892481878978278
3435,13,0,2,8.018029255105678e-05
3436,0,0,2,0.00022144180572399982
3437,0,0,1,1.3759301322749389e-05
3438,0,0,1,3.62197988499638e-05
3439,0,0,2,0.00015437226136880865
3440,549,0,2,0.00027014815486920915
3441,0,0,2,0.0004505043083039476
3442,0,0,2,0.0007621193759992782
3443,0,0,2,0.00036390733006226047
3444,0,0,2,0.00035512949423532203
3445,0,0,2,0.00048075627735645474
3446,0,0,1,0.00013770623339076188
3447,0,0,2,0.00014906189514761847
3448,0,0,1,2.525442912668913e-05
3449,0,0,2,0.0008653861354985194
3450,0,0,2,0.0002196641296022185
3451,172,0,2,0.0005102178388151235
3452,0,0,2,7.928808733216006e-05
3453,0,0,2,0.0004624646444298134
3454,0,0,2,0.00010833058140348399
3455,0,0,2,0.00030993919339635916
3456,0,0,2,0.0003885300948344181
3457,0,0,2,0.000475214709436184
3458,0,0,2,9.057458415588888e-05
3459,0,0,2,0.00013143565100000244
3460,0,0,1,0.0001438039526759152
3461,0,0,1,0.00012781218790649154
3462,0,0,2,0.0004874096320734409
3463,0,0,2,0.0007604632594234161
3464,0,0,2,0.0005822105622370642
3465,0,0,1,0.00010480470057295682
3466,0,0,2,0.0003409275566912716
3467,0,0,2,0.0006269894545926517
3468,0,0,2,0.00030130216574518877
3469,0,0,2,0.0002178766433514675
3470,0,0,2,0.00038057438554065686
3471,0,0,2,0.00010998430685427555
3472,0,0,2,0.0006876715206183265
3473,0,0,2,0.00012539562179329655
3474,0,0,2,0.0004768115220675699
3475,0,0,2,0.0001506383464094578
3476,0,0,2,0.0006279964826990843
3477,0,0,2,0.000112194183968742
3478,0,0,2,0.0002998267098558526
3479,0,0,1,0.0001388054148129087
3480,0,0,1,6.085293194876349e-06
3481,0,0,2,0.00031389322530757385
3482,0,0,2,0.00018271110367113622
3483,0,0,2,7.951807372212042e-05
3484,0,0,2,0.0001142522448497361
3485,0,0,2,0.0002720500521658982
3486,0,0,2,0.0001970485136095562
3487,0,0,2,0.00013472687053208053
3488,0,0,2,0.0002930988202581371
3489,0,0,2,0.0004438340603376881
3490,0,0,2,0.00022647995564364942
3491,0,0,2,0.00021294745083766644
3492,0,0,2,7.813155693744766e-05
3493,0,0,2,0.0004708213132728175
3494,0,0,1,0.00010362841857599107
3495,0,0,2,0.00016628565115978124
3496,0,0,1,9.644254342988057e-05
3497,0,0,2,0.00018133626063541588
3498,0,0,2,0.0004180265289749901
3499,0,0,2,0.0002077227467601178
3500,0,0,2,0.0003267708768251657
3501,0,0,2,0.00038433702626437154
3502,0,0,2,0.00033895017499416973
3503,0,0,2,0.0002226969882396883
3504,0,0,2,0.0002019703101853754
3505,0,0,1,0.0001695920991951428
3506,0,0,1,7.2023814914368206e-06
3507,0,0,2,0.00014481637140349168
3508,0,0,2,6.901552422185236e-05
3509,0,0,2,0.0001686952116703504
3510,7,0,2,0.00036590512886686756
3511,0,0,2,0.00030215338792169216
3512,0,0,2,0.00014538461817951347
3513,0,0,2,0.00040751170482523496
3514,416,0,2,0.00015974709435809863
3515,0,0,2,0.0006181073458931994
3516,0,0,2,0.00010511137876338248
3517,0,0,2,0.00014218254656707312
3518,0,0,1,0.00014149822762677327
3519,0,0,2,0.00014430574260208958
3520,0,0,2,0.00018918616030527482
3521,0,0,2,0.00035274042658206805
3522,0,0,2,8.917899156891951e-05
3523,0,0,2,0.0003614055846081753
3524,200,0,2,3.986610899441422e-05
3525,0,0,2,0.00011096381438956205
3526,0,0,2,8.19236197102995e-05
3527,0,0,2,0.0005019485237674132
3528,0,0,2,0.0005038372126471936
3529,0,0,2,0.0005050019017521358
3530,7,0,2,0.0002202930310874718
3531,0,0,2,0.000353125433690043
3532,0,0,1,0.00011526821590053239
3533,117,0,2,0.0009285250590567322
3534,0,0,2,0.00021418227705157102
3535,0,0,2,0.00041764331819051065
3536,0,0,2,0.00047523112372394505
3537,7,0,1,0.0004532261766262962
3538,0,0,1,0.0002367825884809443
3539,0,0,1,0.00013556280334361015
3540,0,0,2,0.0002105204145671508
3541,0,0,2,0.0005923389140631319
3542,0,0,2,0.00034330257525577544
3543,0,0,2,0.0005614905013739537
3544,0,0,1,2.328799936022298e-06
3545,0,0,2,0.0006798880177790552
3546,0,0,2,0.0003080686943331827
3547,0,0,2,3.703277911526259e-05
3548,0,0,1,8.742844181389554e-05
3549,0,0,2,0.0008319631930243218
3550,0,0,2,0.00019267120810382847
3551,0,0,2,0.000206754047585306
3552,697,0,2,0.00019110050852283998
3553,0,0,2,0.00014576915036746096
3554,0,0,2,0.0002889133007306482
3555,0,0,2,0.00036027016922682883
3556,0,0,2,0.00019970732489838863
3557,0,0,2,0.0005392662745848031
3558,0,0,2,6.67587676608009e-05
3559,0,0,2,0.00045199805754299755
3560,0,0,2,0.00036410585932192713
3561,0,0,1,9.396293058595625e-05
3562,0,0,2,0.00016821303701906344
3563,0,0,2,0.0003511452823565564
3564,0,0,2,0.00016369262411747236
3565,0,0,1,3.3586271301510597e-06
3566,0,0,2,0.00033924915991915156
3567,0,0,2,0.000425018583071149
3568,0,0,2,0.00016110075386824145
3569,0,0,2,0.00024566354996588405
3570,0,0,2,9.891761402776332e-05
3571,0,0,2,0.00030151755554626357
3572,0,0,2,5.288361576953697e-05
3573,0,0,2,0.0001287941671149417
3574,0,0,2,7.100610401002651e-05
3575,0,0,2,0.00012399166850335296
3576,7,0,2,0.00023988529586781667
3577,0,0,2,0.0001404663348559439
3578,0,0,2,0.00012440174351565204
3579,0,0,2,0.00025704837437785495
3580,0,0,2,0.000304349061109473
3581,0,0,2,0.0001230599278761487
3582,0,0,1,0.0002507754334891663
3583,0,0,2,0.0004718078587017577
3584,0,0,2,9.391769353626118e-05
3585,0,0,2,4.9382489192006343e-05
3586,0,0,2,0.00012417793361283694
3587,0,0,2,0.00019694339149712426
3588,0,0,2,0.00021052910702697942
3589,0,0,2,0.00024994036308831374
3590,0,0,2,0.0001322681537613245
3591,0,0,1,0.00018833260973391823
3592,0,0,2,0.0002180909612793214
3593,0,0,2,0.0002321906237271751
3594,0,0,1,0.0002935797129202416
3595,0,0,2,0.0001403163758796489
3596,0,0,2,0.000518226288802706
3597,0,0,2,0.0005168578850389848
3598,0,0,2,4.502998397426546e-05
3599,0,0,2,0.00021770444935819517
3600,0,0,1,0.00020286127284031464
3601,0,0,2,0.00013465754957228972
3602,0,0,2,6.691215690250836e-05
3603,0,0,1,0.00025206544731076763
3604,0,0,2,0.00015876681117482538
3605,0,0,2,4.231006086942431e-05
3606,3759,0,2,0.000105343734518751
3607,0,0,2,0.00015721357059093183
3608,0,0,2,5.867047695543232e-05
3609,0,0,1,0.00012781977568681368
3610,0,0,2,0.00017059591728315045
3611,0,0,2,0.00025021170003928107
3612,0,0,1,0.0003735132972769509
3613,0,0,2,5.808268545961639e-05
3614,0,0,2,0.0001680161796231966
3615,0,0,2,0.000373317869789052
3616,0,0,1,7.652643179349684e-05
3617,0,0,2,0.0004475780358046688
3618,0,0,2,0.0004897671367406769
3619,0,0,2,0.00043516095174716104
3620,0,0,2,8.266983087783358e-05
3621,0,0,2,0.00025246049110917994
3622,0,0,1,2.6390116809661254e-05
3623,0,0,2,0.00010930248314883514
3624,0,0,2,0.00019108907310018752
3625,0,0,2,0.0003651450781348971
3626,0,0,1,0.00011926670072176411
3627,0,0,2,0.00042530155743349503
3628,0,0,2,4.202508773595749e-05
3629,0,0,2,0.00012135083136937033
3630,0,0,1,3.0057623027231426e-05
3631,0,0,2,0.00027067130295549706
3632,0,0,2,6.0585876121290706e-05
3633,0,0,2,9.580116412615682e-05
3634,0,0,2,0.00021585022417979326
3635,0,0,2,0.00023230482915429496
3636,0,0,2,0.00023498848811042534
3637,0,0,2,7.6143285527126e-05
3638,0,0,1,7.334649921719513e-06
3639,0,0,2,0.00032003327479768954
3640,468,0,2,0.00012542043441752073
3641,0,0,2,0.00011705571800850832
3642,0,0,2,0.0006594138434393778
3643,0,0,2,0.0002152639792815332
3644,0,0,2,0.00035632461468101695
3645,7,0,1,1.841698242135501e-05
3646,0,0,1,0.00011463740573788802
3647,0,0,2,0.00011726342188995212
3648,0,0,2,0.00017493788786228454
3649,0,0,2,0.00025223844183618955
3650,0,0,2,0.00011942582809706526
3651,0,0,1,0.0005389448572675565
3652,0,0,2,0.0006613501288028011
3653,0,0,2,0.00014135269654907439
3654,0,0,1,0.00011942762041714166
3655,0,0,2,0.0003213079259956388
3656,0,0,2,0.00014570659298676373
3657,0,0,2,1.9721867110876414e-05
3658,166,0,2,0.0007806684147647292
3659,0,0,2,0.00038253660736405185
3660,0,0,2,0.0004742587323042872
3661,0,0,1,0.00016244217350505047
3662,0,0,1,5.860386487422938e-05
3663,0,0,2,0.0005867733940496694
3664,0,0,2,0.0003428185623447453
3665,0,0,2,0.00020661986794021618
3666,0,0,2,0.00010140878692678279
3667,0,0,2,0.00015674691345505414
3668,0,0,2,0.0002906969256914034
3669,0,0,2,0.0002241265547060072
3670,0,0,2,5.8414670521942325e-06
3671,7,0,1,6.617106195637715e-05
3672,0,0,2,0.00042330084281065714
3673,0,0,1,3.0318080141800284e-05
3674,0,0,2,9.511568991590026e-05
3675,0,0,2,0.00014792995503185068
3676,0,0,2,0.00010905927269438643
3677,16,0,2,6.799379203988118e-05
3678,0,0,1,8.253682048292323e-05
3679,0,0,2,0.00011312158807107331
3680,0,0,2,0.00014080067305159252
3681,0,0,1,0.00021193101137263414
3682,0,0,2,0.0003404440110162539
3683,0,0,2,0.0002335453295878685
3684,0,0,2,0.00043636619167126056
3685,0,0,2,5.453148200069108e-05
3686,0,0,2,0.0003950699446148758
3687,0,0,2,0.0003996194049532522
3688,0,0,2,0.00022764287635154628
3689,0,0,2,0.0005320030725651095
3690,0,0,1,5.934914502841666e-05
3691,0,0,1,0.0002398603366321444
3692,0,0,2,0.00019493526764935114
3693,5073,0,1,0.00047386369039969644
3694,0,0,2,6.764608290487799e-05
3695,0,0,2,3.236625678507208e-05
3696,0,0,2,0.0002014664494847207
3697,0,0,2,0.00011713513023603563
3698,0,0,2,0.0006267405851015933
3699,0,0,2,9.021296745386e-05
3700,0,0,2,6.421196204784633e-05
3701,0,0,2,4.832637511877063e-05
3702,0,0,2,0.00032174509586057617
3703,0,0,2,8.91729830220536e-05
3704,0,0,2,7.406098780242157e-05
3705,0,0,2,0.00025727162041129726
3706,0,0,2,0.0001914262541547141
3707,0,0,2,0.00013247286302851978
3708,0,0,2,0.00026708392909219705
3709,0,0,2,0.0002935979638962142
3710,0,0,1,1.1262853348722024e-05
3711,0,0,2,0.00010683315434145667
3712,0,0,2,0.0005282774548805101
3713,0,0,2,0.00029119012947148744
3714,0,0,2,0.00027249834257159504
3715,0,0,1,0.00012335299699663756
3716,1407,0,1,1.3321082304256374e-05
3717,0,0,2,7.15231509080724e-05
3718,0,0,1,0.00021890739941323847
3719,0,0,1,2.988011885465647e-05
3720,0,0,2,0.00015167921006142363
3721,0,0,2,3.3782606279214545e-05
3722,0,0,2,0.00013294892369577514
3723,0,0,2,0.00035400620297863225
3724,0,0,2,0.00040781530339415286
3725,0,0,2,0.00024368049462749144
3726,0,0,2,0.00013896570985899625
3727,0,0,2,0.0002893120331620743
3728,0,0,2,0.00021471293417233916
3729,0,0,1,0.0004627877793260639
3730,0,0,2,5.19845119449598e-05
3731,0,0,2,7.726260170154851e-05
3732,0,0,2,0.00021157307532707035
3733,0,0,2,0.0004446110657500235
3734,0,0,2,0.00011986347258623222
3735,0,0,2,0.00023914690030168715
3736,0,0,2,0.00021073035710389556
3737,0,0,2,0.0004501102481716033
3738,0,0,1,1.7431386894714565e-05
3739,0,0,2,0.00014851911350915843
3740,0,0,2,0.00020528073191351042
3741,0,0,2,0.00014989650458154007
3742,0,0,1,0.0002973947177649657
3743,0,0,2,0.00024009867278824317
3744,0,0,2,0.00030163529464681977
3745,0,0,2,0.00010859274476585591
3746,0,0,2,6.605576044372313e-05
3747,5986,0,2,0.0005093130372786347
3748,0,0,2,0.00010502722438803612
3749,0,0,2,0.0003188525134455096
3750,0,0,2,0.0003004564074794833
3751,0,0,2,0.00013780284669182987
3752,0,0,2,7.004489486336113e-05
3753,0,0,2,0.0004613461199635695
3754,0,0,2,0.00025582197415927114
3755,0,0,2,5.938073719405799e-05
3756,0,0,1,0.0004416774301564358
3757,0,0,1,0.0001636851061005189
3758,0,0,1,0.00021399860837212155
3759,0,0,1,0.0004009621745420492
3760,0,0,1,0.0003694907974964614
3761,0,0,2,0.000878884458297068
3762,0,0,2,0.0005128538283801345
3763,0,0,2,6.85453925328102e-05
3764,0,0,2,0.0005732304607538439
3765,0,0,2,0.00010919098955661137
3766,0,0,2,0.00035171375661292636
3767,0,0,2,9.066526712349767e-05
3768,0,0,2,0.00010292428756987542
3769,0,0,2,0.00048425653286128214
3770,0,0,1,6.52632810361582e-05
3771,7,0,2,0.00013909979945438236
3772,0,0,2,0.0003582532198192643
3773,0,0,1,0.00015478329625133528
3774,0,0,2,0.0001635956294280717
3775,326,0,2,0.00016562417938928312
3776,7,0,2,2.8134909184414507e-05
3777,0,0,2,4.285430197289363e-05
3778,0,0,2,0.00023283802700259831
3779,7,0,2,3.3093504119028006e-05
3780,0,0,2,0.0002084573469901676
3781,0,0,2,3.0522257277484964e-05
3782,0,0,2,0.00015547312097436916
3783,0,0,2,0.0005041382503465683
3784,0,0,2,0.0002366378779551535
3785,0,0,2,1.5482473847720452e-05
3786,0,0,2,0.0006678792546298289
3787,0,0,2,0.00022900344965962976
3788,0,0,2,0.00013923971499943616
3789,0,0,2,1.1488804530732976e-05
3790,0,0,1,5.463635507501942e-05
3791,0,0,2,0.000759857896470058
3792,0,0,2,0.0004731905487255917
3793,0,0,2,2.203488231538305e-05
3794,0,0,1,0.0002950671362000117
3795,0,0,2,0.000444983219590654
3796,0,0,2,0.0003210033064542073
3797,0,0,2,5.35974332884694e-05
3798,0,0,2,5.2267636840037064e-05
3799,0,0,1,1.5675194615217714e-05
3800,0,0,2,0.0002714837707395267
3801,0,0,2,0.0002849906880392587
3802,0,0,2,0.0004162018399735327
3803,0,0,2,0.00029390133735066536
3804,0,0,2,0.0001607411666729028
3805,0,0,2,0.0002561809390590627
3806,7,0,2,0.00012739256977583314
3807,0,0,2,0.0006613410111900686
3808,0,0,2,0.00024673705297397646
3809,0,0,2,0.0005787432830889537
3810,0,0,2,0.00021966318003058597
3811,642,0,2,0.0001434420597069862
3812,92,0,1,4.586459666692407e-06
3813,0,0,1,0.00023005276551972596
3814,0,0,1,1.6586866448757472e-05
3815,0,0,2,6.602649078265819e-05
3816,0,0,2,7.157486961477536e-05
3817,0,0,2,0.00012333969863890552
3818,0,0,1,0.0001077644308693033
3819,0,0,2,0.000236285587352313
3820,0,0,2,0.00023512355596221984
3821,0,0,2,4.7275859166260235e-05
3822,0,0,2,0.00048703330409851487
3823,0,0,2,0.00031889185892156714
3824,0,0,2,0.0002260579498922434
3825,0,0,1,7.900089121724622e-05
3826,0,0,2,0.00039053795609408844
3827,0,0,2,0.00016308685560079242
3828,0,0,1,5.922745338940422e-06
3829,0,0,2,8.063487784753287e-05
3830,0,0,2,4.307096621486636e-05
3831,2681,0,2,1.5781307810528294e-05
3832,7,0,2,5.0700620398165315e-05
3833,0,0,2,0.00040128049662033373
3834,0,0,2,0.00022712707164156078
3835,0,0,1,0.00015174748161894685
3836,0,0,2,0.0005264087396392519
3837,0,0,2,0.0003551434074915554
3838,0,0,2,9.894137369230261e-05
3839,0,0,2,4.635347555570648e-05
3840,0,0,2,0.00033517160983430555
3841,0,0,2,4.7370828035686346e-05
3842,0,0,2,0.00011718752989001892
3843,0,0,2,0.0002083242185568727
3844,0,0,2,0.0004372899051562906
3845,0,0,2,0.00014157215090435877
3846,0,0,2,0.00023171977712490457
3847,0,0,2,0.00023923018445833923
3848,0,0,2,0.00021316702841748064
3849,0,0,2,0.00016666329730284123
3850,0,0,2,0.00016592778566956945
3851,0,0,2,0.00030126334635483963
3852,0,0,2,0.00022157619194928098
3853,0,0,2,0.00019370937009886884
3854,0,0,2,0.00013265155291613967
3855,7,0,2,0.00011607454792745486
3856,0,0,2,9.859931016610258e-05
3857,0,0,2,0.0003098631491081295
3858,0,0,2,0.0003541869479315311
3859,0,0,2,0.0001081358882195778
3860,7,0,2,0.0004947097428111023
3861,0,0,2,0.00016530648888133024
3862,0,0,1,0.00032077028302599474
3863,0,0,2,0.0001870804098220664
3864,0,0,2,0.0005380651116212883
3865,0,0,2,0.00028483839251075446
3866,0,0,2,0.0001076112197869958
3867,0,0,2,0.00020209608301250401
3868,26,0,2,0.00014695002014204907
3869,0,0,1,0.00010076358471548123
3870,0,0,2,0.0001424240557811503
3871,0,0,2,0.00015110845023673839
3872,0,0,2,0.00037512284722757903
3873,0,0,1,7.553182522579469e-05
3874,0,0,2,0.0002689570947103029
3875,0,0,2,0.0001463627830597412
3876,7,0,2,0.00022988958749434445
3877,0,0,1,0.00014301672676753384
3878,0,0,2,0.00010825787443366078
3879,0,0,1,0.000448983138336574
3880,0,0,2,9.282812376269427e-05
3881,0,0,2,0.00029533803374246306
3882,7,0,2,0.00018225022274927054
3883,0,0,1,0.00016768342903200482
3884,0,0,2,0.00011524916181939983
3885,0,0,2,0.00012102075977064172
3886,0,0,2,6.971451873858769e-05
3887,0,0,1,7.739877461205018e-05
3888,0,0,2,0.00012531911131215961
3889,0,0,1,0.00010463900931146107
3890,0,0,2,0.00012069400258970745
3891,0,0,1,0.0002379668506681918
3892,0,0,2,0.00027996894931912094
3893,0,0,2,0.00016706314823515186
3894,0,0,2,0.00013167071671770755
3895,0,0,2,0.0002956665390274246
3896,0,0,2,0.00033393850757831975
3897,0,0,2,0.0001839428043099324
3898,0,0,2,0.0001887188681561624
3899,0,0,2,1.8043597439675517e-05
3900,0,0,2,9.560915803887917e-05
3901,0,0,1,0.00030857416066701283
3902,0,0,1,1.2144458310748503e-05
3903,0,0,2,0.0004974917454265999
3904,0,0,2,0.0003530994651411775
3905,0,0,2,0.0005984977728248003
3906,0,0,2,0.000250486195412346
3907,67,0,1,6.427961796475928e-05
3908,0,0,2,0.00014911726714282025
3909,0,0,1,0.0003919835623271013
3910,2426,0,2,0.00046648608694038746
3911,0,0,2,0.0005877612152712039
3912,0,0,2,0.000185509414147201
3913,0,0,2,0.00040696901918591124
3914,0,0,2,0.0003953151283469396
3915,0,0,1,0.00010018055302547904
3916,0,0,2,0.0005330486925397321
3917,0,0,2,9.916747777212957e-05
3918,0,0,2,0.0007980013027161173
3919,0,0,2,7.391856712692712e-05
3920,0,0,2,0.0004959444758984763
3921,149,0,2,0.0002118603801476715
3922,0,0,2,0.00018404713104211703
3923,0,0,2,3.211041549299938e-05
3924,0,0,1,0.0003779970718181662
3925,0,0,2,7.209219879451786e-05
3926,0,0,2,0.00012062231522159134
3927,0,0,2,2.781660624607227e-05
3928,0,0,2,0.0001603927061368147
3929,0,0,2,0.000449806817367744
3930,5304,0,2,0.00017800214661980597
3931,0,0,2,0.0006237439564239335
3932,0,0,2,6.19939371774506e-05
3933,0,0,2,0.00033042326326351466
3934,0,0,2,0.00029050968822298516
3935,0,0,2,0.0003007717906953803
3936,0,0,2,0.000247503368007221
3937,358,0,2,0.00012217069975928126
3938,0,0,2,0.00013978020330946293
3939,0,0,2,0.00018231543399576503
3940,0,0,2,0.0002355739075270911
3941,0,0,2,0.00029197674661759137
3942,0,0,2,0.00015555451978730575
3943,0,0,2,8.795692403791828e-05
3944,0,0,2,5.649364163822806e-05
3945,0,0,2,0.0003152574740762367
3946,0,0,2,7.104997080990847e-05
3947,0,0,2,0.00017713263906575012
3948,0,0,2,2.755129238570552e-05
3949,0,0,2,0.0008709041410132982
3950,0,0,2,5.403989733471976e-05
3951,0,0,2,0.00011802813638943158
3952,0,0,2,0.00018347758340272823
3953,0,0,2,0.00012139689712586679
3954,0,0,2,0.00046428489665010174
3955,0,0,2,9.696994742298555e-05
3956,0,0,2,0.0005420096137213225
3957,0,0,2,0.00028077548873920886
3958,0,0,2,0.00018624048732278852
3959,0,0,2,8.11048707326866e-05
3960,0,0,2,0.0007880231196863757
3961,0,0,2,6.637913386089804e-05
3962,0,0,2,0.00036739927942685576
3963,0,0,2,0.00022330169494145908
3964,0,0,2,0.00042329470263725985
3965,0,0,2,0.00011922216567728442
3966,0,0,2,0.000139300856746233
3967,0,0,1,1.3845824404544577e-05
3968,0,0,2,0.00038682003824530255
3969,0,0,2,0.00036305348554662754
3970,0,0,1,0.0002782669359249566
3971,0,0,1,6.4077006564028e-05
3972,0,0,2,0.0002040934886638436
3973,0,0,1,4.950962454701725e-05
3974,0,0,2,0.00021334631437149658
3975,0,0,2,0.0006771138955230544
3976,0,0,1,3.554045134578562e-06
3977,0,0,2,0.00015205608164087513
3978,0,0,2,0.0001892405674035086
3979,0,0,2,5.278352838451836e-05
3980,0,0,2,0.00018303633466038233
3981,0,0,2,0.0002866537310093201
3982,0,0,2,0.0004896094869392535
3983,0,0,2,0.00029390610994259135
3984,0,0,1,0.00019035835297383073
3985,0,0,2,0.00015396240655982438
3986,0,0,2,0.00021306428782943653
3987,0,0,2,2.5215431691703443e-05
3988,0,0,1,7.894208495586494e-05
3989,0,0,2,0.00015668309294465836
3990,0,0,2,0.0005573541805585026
3991,0,0,2,0.0001749388980226665
3992,0,0,2,0.0002476444219037741
3993,0,0,2,0.0004885997615146231
3994,0,0,2,4.630990941378949e-05
3995,0,0,1,1.678107058350242e-06
3996,0,0,2,0.00024947077779548
3997,7,0,2,0.0002679473229870007
3998,0,0,2,0.00010679888731165376
3999,0,0,2,0.00016937267560263448
4000,0,0,2,0.0005762120640602519
4001,0,0,2,6.111042341390623e-05
4002,0,0,2,0.0007369290424121301
4003,0,0,2,1.3408088469569762e-05
4004,0,0,2,0.00017433014486351218
4005,0,0,2,0.00017980685660657527
4006,0,0,2,0.00012697596539826907
4007,0,0,2,0.00010469168743490539
4008,0,0,2,0.00018461197985595738
4009,0,0,2,0.0001787407493459754
4010,0,0,2,6.930771684795974e-05
4011,0,0,2,0.0004098748675137391
4012,0,0,2,6.570811356104463e-05
4013,0,0,1,0.00014580969958178557
4014,0,0,2,0.00023195088701559246
4015,0,0,2,0.00035546986415409206
4016,65,0,1,6.930771902052628e-05
4017,0,0,1,0.00021662064869420092
4018,0,0,1,1.1693380434988399e-05
4019,0,0,2,0.00030055993423477433
4020,0,0,1,0.00025627350090484625
4021,0,0,2,7.130667391255892e-05
4022,0,0,2,0.00032290257987044736
4023,0,0,2,0.00018536808893244313
4024,0,0,2,0.00016451573569655455
4025,0,0,2,9.225500465710797e-05
4026,0,0,2,0.00014285068285832712
4027,0,0,2,0.0004890450116348113
4028,0,0,2,0.00044002658107854275
4029,0,0,2,0.00019432610004214382
4030,0,0,2,0.000264176860005449
4031,333,0,2,8.473916620865544e-05
4032,0,0,1,0.00010011733177060858
4033,0,0,2,7.201865190912003e-05
4034,0,0,2,0.00019841656065773807
4035,0,0,2,0.0005243702102609556
4036,0,0,2,0.00022360827423670827
4037,0,0,2,0.0003681111675569911
4038,0,0,2,0.0002767875106766052
4039,0,0,2,0.00021412774936589122
4040,0,0,2,0.0007008025993427771
4041,0,0,1,7.762104809169715e-05
4042,0,0,1,8.825418851648565e-05
4043,0,0,2,0.0005513417108938171
4044,0,0,2,0.00038002629397127717
4045,0,0,2,0.00045609399876548115
4046,0,0,2,0.00019337268327562174
4047,0,0,1,8.738366364321556e-05
4048,2664,0,2,0.00032523933438358203
4049,0,0,1,1.5601503396360453e-05
4050,0,0,2,0.00020610065815446105
4051,0,0,2,0.000286914304831713
4052,0,0,2,0.000801959849576031
4053,0,0,2,0.00013786579329184292
4054,0,0,2,9.771585182163474e-05
4055,0,0,2,8.870554827532466e-05
4056,0,0,2,0.00044145914744360176
4057,0,0,2,0.00016467195067346903
4058,7,0,2,0.00024668153369891157
4059,0,0,2,0.00017392082047391249
4060,0,0,1,0.0003595590777154893
4061,0,0,2,0.0005205396437916593
4062,0,0,2,0.0002332558034667829
4063,0,0,2,0.00036606202673092775
4064,0,0,2,3.856793347146865e-05
4065,0,0,1,0.00011805696420759721
4066,0,0,2,0.00014745776890830327
4067,616,0,2,0.00019753577916653745
4068,0,0,2,3.388412176114654e-05
4069,0,0,2,0.00010524378732814323
4070,0,0,2,0.000402333679136337
4071,0,0,2,0.0003818661394490159
4072,0,0,1,9.651448238519973e-05
4073,0,0,1,2.2571712352675746e-05
4074,0,0,2,0.00026264286252500427
4075,0,0,2,0.00023356579317132688
4076,2938,0,2,0.00032711220020516577
4077,0,0,2,0.00016498979336298364
4078,0,0,2,0.0006666048725556626
4079,0,0,2,0.0003040704178812911
4080,0,0,2,6.507842975822875e-05
4081,0,0,2,0.00012930163042625546
4082,444,0,2,0.0001253525296074008
4083,0,0,2,0.00028552035454346234
4084,0,0,2,2.502622899578494e-05
4085,0,0,2,0.00038604943074217133
4086,0,0,2,0.00017736907548101505
4087,0,0,2,0.00031317200603625853
4088,0,0,2,0.0005727416156585986
4089,0,0,2,0.0002582982490632477
4090,0,0,2,5.7893779320549014e-05
4091,0,0,1,6.107645076297181e-05
4092,0,0,2,0.00013007192820671938
4093,0,0,1,9.196430913390515e-05
4094,0,0,2,0.00018114699357931843
4095,0,0,2,0.000469675775635262
4096,0,0,2,0.0001278208054866286
4097,0,0,2,0.00021025860460223617
4098,0,0,2,0.0007064090401496024
4099,0,0,2,7.91572363510265e-05
4100,0,0,2,6.809020895989902e-05
4101,7,0,2,0.0003557675570083755
4102,0,0,2,5.1227216049913924e-05
4103,783,0,2,6.53139544903024e-05
4104,0,0,2,0.0003478100952600331
4105,0,0,1,1.1285454352021614e-05
4106,0,0,2,0.0004622914291449055
4107,0,0,2,0.00041053844144910097
4108,0,0,2,0.00034163974999816863
4109,0,0,1,4.5414706732171994e-05
4110,0,0,2,0.000299302152304044
4111,0,0,1,0.00029413414115498894
4112,0,0,2,0.00018215356372670667
4113,0,0,2,0.00041406776530305634
4114,0,0,2,0.0001247486940076082
4115,0,0,2,0.0003152080229167678
4116,0,0,2,1.6853526163448704e-05
4117,25,0,2,0.00018035834815197964
4118,0,0,2,0.0002231559218659879
4119,0,0,2,0.00010983359059855692
4120,1432,0,2,0.00038011570590429426
4121,445,0,2,0.00042245297521405526
4122,152,0,2,0.00025699244812781317
4123,0,0,2,9.498447446075005e-05
4124,0,0,2,0.00032931584627115363
4125,0,0,2,0.00030502755737319255
4126,0,0,2,0.0008077933503264075
4127,0,0,1,5.782031995863936e-06
4128,0,0,2,0.00012091801653242568
4129,0,0,2,0.0003068627341313681
4130,0,0,2,0.00011590919392576946
4131,0,0,2,0.000121432742389624
4132,0,0,2,0.0002163303157720072
4133,0,0,1,0.00011169303005162993
4134,0,0,1,0.00020111033756559104
4135,0,0,2,3.7803972635418756e-05
4136,7,0,2,0.0002384986822198291
4137,0,0,2,0.0005541195650480622
4138,0,0,2,0.0009442154858903767
4139,0,0,2,2.0309523730317237e-05
4140,0,0,1,8.861648931580294e-05
4141,0,0,2,7.732126493886971e-05
4142,0,0,2,0.00020378470079180857
4143,0,0,2,6.299500480938643e-05
4144,0,0,2,0.0003810553267063843
4145,0,0,2,1.8865905475378518e-05
4146,0,0,1,9.149069686566757e-05
4147,0,0,2,0.0002358639659780965
4148,0,0,1,2.8662105649205738e-05
4149,0,0,2,0.00018069867510444717
4150,0,0,2,5.4773538417289905e-05
4151,0,0,2,0.00010725585769504503
4152,0,0,2,8.840519183129596e-05
4153,0,0,1,0.00026039820398820324
4154,0,0,2,3.3025220157732786e-05
4155,0,0,2,0.00023927098550482795
4156,0,0,2,0.000149072055640074
4157,0,0,2,0.0001350104139878068
4158,0,0,2,0.0004948596775800221
4159,0,0,2,8.330207730668075e-05
4160,0,0,2,0.00022368100407302522
4161,0,0,2,0.0001992067895434693
4162,0,0,2,0.00012470739326414192
4163,0,0,2,0.0003089594035199284
4164,0,0,2,0.0002214087698167573
4165,0,0,2,0.0006120047932358463
4166,0,0,2,0.0001573643062199044
4167,0,0,2,1.22193830204725e-05
4168,0,0,1,0.00013710190567534867
4169,0,0,1,7.926348798678244e-06
4170,0,0,1,3.645270421436638e-05
4171,0,0,2,0.0004203472278989822
4172,0,0,2,6.241757297508477e-05
4173,0,0,2,0.000281001213442699
4174,0,0,2,0.0001186259961821157
4175,16,0,2,0.00018827300727102016
4176,0,0,2,0.00010706958002331824
4177,0,0,2,0.00021939264052068874
4178,0,0,2,0.00028990948359563395
4179,0,0,2,0.00030905602321666594
4180,0,0,2,0.0002330244371064392
4181,0,0,2,0.0005242709301396533
4182,7,0,2,0.0002764964656994842
4183,0,0,1,0.00010846829470646868
4184,0,0,2,0.0001652559103217501
4185,0,0,1,8.653910991163675e-05
4186,0,0,2,0.00017086715394888747
4187,0,0,2,3.22200542272032e-05
4188,0,0,2,0.00019434963588680157
4189,0,0,2,0.0002176219599991968
4190,0,0,2,0.00015677384524487257
4191,0,0,2,7.909365346542275e-05
4192,0,0,1,0.0002509808981134586
4193,0,0,2,0.0007097812050672163
4194,0,0,2,5.38507940338786e-05
4195,0,0,1,4.568761527497218e-05
4196,0,0,2,0.00034575811450706154
4197,0,0,2,0.00019020020597135728
4198,0,0,2,0.0004294692477245301
4199,0,0,2,8.678762741294249e-05
4200,0,0,2,4.5026804787899326e-05
4201,0,0,1,6.973469719699035e-05
4202,0,0,2,0.0004213718448671069
4203,0,0,2,0.00048602865347036284
4204,0,0,1,0.00041062091041575526
4205,0,0,2,6.4094379823136e-05
4206,3774,0,2,0.000501040211474694
4207,0,0,1,5.292337268836729e-05
4208,7,0,2,0.00013644893058981653
4209,0,0,2,0.00016602962556707082
4210,0,0,2,0.0005529969612899217
4211,0,0,2,0.00011089993886366208
4212,0,0,2,0.00045997408785500884
4213,0,0,1,0.00010257939939385478
4214,0,0,2,0.00021562098851118155
4215,0,0,2,0.00045846526565660725
4216,0,0,2,7.319215128732051e-05
4217,0,0,2,4.297967008919486e-05
4218,0,0,2,0.00012918806269609587
4219,0,0,2,0.0008812716886842433
4220,0,0,2,0.0005318090595741132
4221,0,0,2,4.033545775066629e-05
4222,0,0,1,0.00010455724653295954
4223,0,0,2,0.0004200222247621397
4224,0,0,1,9.763912061787225e-05
4225,0,0,2,0.00020561725589094738
4226,0,0,1,0.00016069669228046496
4227,0,0,2,0.000400079559806613
4228,0,0,2,0.00015244178505452883
4229,0,0,2,0.0001609312481408349
4230,0,0,1,4.4812670006012396e-06
4231,0,0,2,0.000280749234302595
4232,0,0,2,3.51180087551917e-05
4233,0,0,2,0.0001766657069922438
4234,0,0,2,0.00016585879927436394
4235,0,0,2,9.680191371758698e-05
4236,0,0,2,0.00040130852567992864
4237,0,0,2,2.0143412545172286e-05
4238,0,0,2,0.00013630450424887412
4239,2326,0,2,0.00012662384343836125
4240,0,0,2,0.00011643017199294032
4241,0,0,2,7.309594894731159e-05
4242,0,0,2,4.965254432272191e-05
4243,0,0,1,0.0008397125709830794
4244,0,0,2,9.160067311144724e-05
4245,0,0,1,0.00020709766071488328
4246,0,0,2,0.0003011300264197573
4247,0,0,2,0.00015797398386188275
4248,0,0,2,0.0001410463372117072
4249,0,0,2,0.0002652130471662231
4250,0,0,2,5.3817731884786564e-05
4251,0,0,2,1.3399181988361292e-05
4252,0,0,2,0.00022545719696584907
4253,0,0,2,6.172116031214794e-05
4254,0,0,2,3.186010179656257e-05
4255,0,0,1,0.0001305088173870025
4256,0,0,2,0.00031445867909213603
4257,0,0,2,1.7221995502299898e-05
4258,0,0,2,0.0001212790438272644
4259,0,0,2,9.161368783478774e-05
4260,0,0,2,0.00019573259338980352
4261,0,0,2,0.00030635283327002847
4262,0,0,1,5.3553658791540573e-05
4263,7,0,2,0.00015684086313622948
4264,0,0,1,7.161430700998339e-05
4265,0,0,2,0.0006694163394584689
4266,0,0,2,0.0006369848184483399
4267,0,0,2,0.00023079621125920825
4268,0,0,1,8.948367502863317e-05
4269,0,0,2,7.401867489522773e-06
4270,0,0,2,0.0003215624977038676
4271,0,0,2,5.360344712064888e-05
4272,0,0,2,0.0002544863013414596
4273,0,0,2,0.00036784047214790544
4274,0,0,2,0.00010355469874888375
4275,0,0,2,5.116459370373212e-05
4276,0,0,2,0.00019826408629542534
4277,0,0,2,0.00012304515869246445
4278,0,0,2,0.0001608266686900075
4279,0,0,2,0.0002041842603001359
4280,718,0,1,0.0002311946972328125
4281,0,0,1,7.904887973612865e-05
4282,0,0,2,0.0001137160472596978
4283,0,0,2,0.0002697840961490951
4284,7,0,2,0.0003571495334311919
4285,0,0,2,9.266861394175163e-05
4286,0,0,2,0.00020705764651070163
4287,0,0,1,6.151751392670442e-05
4288,0,0,2,0.00042367961279775996
4289,0,0,1,7.492056736440868e-05
4290,0,0,2,0.00028584790840392266
4291,0,0,2,0.0003652184994196147
4292,0,0,2,0.0002432291210671292
4293,0,0,2,0.00039572628699279086
4294,0,0,2,0.0004141786580968403
4295,7,0,2,0.0002574730927700901
4296,0,0,2,0.0005426780509115616
4297,0,0,1,7.525054114730946e-05
4298,0,0,1,0.00012637483490384263
4299,4424,0,2,0.0002885693606095567
4300,0,0,2,0.00043061335922461473
4301,0,0,2,0.00035185155393499437
4302,0,0,2,3.599422918553656e-05
4303,0,0,1,0.00012589947786309519
4304,0,0,2,9.540028521186183e-05
4305,0,0,2,8.462746783008263e-05
4306,28,0,2,0.00014161870241671066
4307,0,0,1,0.0001282199894664829
4308,0,0,2,0.0002939511284678801
4309,498,0,2,0.0006249222793498953
4310,0,0,2,5.603745610348666e-05
4311,0,0,1,1.8913872149272683e-05
4312,0,0,2,0.00014148290098093413
4313,0,0,2,0.00017576248970399466
4314,0,0,2,0.00010477076972069216
4315,0,0,2,0.00024947779234942046
4316,0,0,2,0.0007628032518993986
4317,0,0,2,0.00014292711333228921
4318,0,0,2,0.0003635048329852772
4319,0,0,1,2.3993471864842984e-05
4320,0,0,2,0.00010147339870630974
4321,0,0,2,0.0001381502249383332
4322,0,0,2,9.052184959439941e-05
4323,0,0,2,0.0005770724419211091
4324,0,0,2,0.0003963737818413277
4325,0,0,2,0.00048180055250650317
4326,0,0,2,0.0002093263647978037
4327,0,0,2,8.990502412185825e-05
4328,0,0,2,0.0003075836969934676
4329,0,0,2,0.00039888874279635076
4330,0,0,1,9.175328084608928e-06
4331,0,0,2,0.00022609572716506048
4332,0,0,2,0.0002361412542352868
4333,0,0,2,0.0005195318752944758
4334,33,0,2,0.00012728988440630445
4335,0,0,2,0.0001919715153544526
4336,0,0,1,6.464655837494144e-05
4337,0,0,2,0.0005439791914536991
4338,7,0,2,0.00017648959173065926
4339,0,0,2,0.00041176786987894335
4340,0,0,2,0.00012330066175160332
4341,0,0,2,0.000718880666055781
4342,0,0,2,0.0004387568059463032
4343,0,0,2,0.0006422968101001313
4344,0,0,1,0.00012350179460858345
4345,0,0,2,0.0002656380474201985
4346,0,0,2,0.00016833765544141722
4347,0,0,2,0.00017241698106725716
4348,0,0,2,0.00041886860809147743
4349,0,0,2,0.00016953519292634667
4350,0,0,1,0.0001720566943683277
4351,0,0,1,0.00010183473709139275
4352,0,0,2,0.0004034126012298338
4353,0,0,2,0.00035142531834789795
4354,0,0,2,0.0002906589859787229
4355,0,0,2,0.00020585030111799392
4356,0,0,2,4.3062721782490915e-05
4357,0,0,2,0.00037244916902013834
4358,0,0,2,0.00014512019733214912
4359,0,0,2,0.000291164192361818
4360,0,0,2,3.782278242130154e-05
4361,0,0,1,1.2210318044953627e-05
4362,0,0,2,0.0003413947734974106
4363,0,0,2,0.0001672397898870019
4364,0,0,2,7.248390848459158e-05
4365,0,0,2,0.0004915373744194332
4366,0,0,2,0.0005151836994770123
4367,0,0,2,4.384018335786223e-05
4368,0,0,1,4.806645882077386e-05
4369,0,0,2,0.00045121342987712826
4370,0,0,2,2.0214790419651002e-05
4371,0,0,2,8.015135410351094e-05
4372,0,0,2,7.826222260674957e-05
4373,0,0,1,0.00019045842638974433
4374,0,0,2,7.187042260449197e-05
4375,0,0,2,0.00036432769635659826
4376,0,0,2,0.0004445187594075467
4377,0,0,2,0.0002503231186662507
4378,0,0,1,0.0004141745496803678
4379,0,0,2,0.0003131454351924927
4380,0,0,2,0.00015657912042119968
4381,0,0,2,0.00042991968202440984
4382,0,0,2,0.00028024663859177744
4383,0,0,2,0.00015524989120073017
4384,0,0,2,0.0001815253042360782
4385,0,0,2,0.0006631900230023873
4386,0,0,2,0.0001802252402789419
4387,0,0,1,0.0002496640851052355
4388,0,0,2,0.00047332666013416347
4389,0,0,2,0.00018590303121166857
4390,12,0,2,0.00023476961440110038
4391,0,0,2,0.0006281619735855721
4392,0,0,2,0.00013827755578390682
4393,0,0,2,0.0007273820242280785
4394,0,0,2,0.0006218207632895287
4395,0,0,2,0.0004950499948338824
4396,0,0,2,0.00015633499544087111
4397,0,0,2,0.00020764655984878934
4398,0,0,2,0.000590735909423751
4399,0,0,2,0.0005163244960933893
4400,0,0,2,0.0002701212024058799
4401,0,0,2,0.00023502692816067172
4402,0,0,1,0.00016234489760549409
4403,0,0,2,1.5413022263490747e-05
4404,7,0,1,3.960234765568146e-05
4405,0,0,2,2.9487123936043195e-05
4406,0,0,2,7.264795514141442e-05
4407,0,0,2,0.0005799790260830698
4408,0,0,2,9.540186874506985e-05
4409,0,0,2,5.1212174444361446e-05
4410,0,0,1,1.5270174116550062e-06
4411,0,0,1,0.0001327356279900141
4412,0,0,2,9.389150226247998e-05
4413,0,0,2,7.99326083295164e-05
4414,0,0,2,0.0005382235667156438
4415,0,0,2,7.028117465417652e-05
4416,0,0,2,0.0005496665117015439
4417,0,0,2,0.00010355142499036966
4418,0,0,2,0.00022231095352370767
4419,0,0,2,0.00045825887726709725
4420,0,0,2,0.00018415052064915457
4421,0,0,2,0.0007089113605048363
4422,0,0,2,9.322293946039561e-05
4423,0,0,2,0.0002041835930274406
4424,0,0,2,0.00021287364998679633
4425,0,0,2,0.00018678992836512615
4426,0,0,2,2.9454348898709724e-05
4427,0,0,2,0.0002700093575478804
4428,0,0,1,1.0321650716462694e-05
4429,0,0,2,0.00021503635023906742
4430,0,0,2,0.00011194318376755144
4431,0,0,2,0.0003639363452144121
4432,0,0,2,0.00031561338789471056
4433,0,0,2,0.0005726066633393991
4434,0,0,2,0.00021168047771552288
4435,0,0,2,0.0002477727768122497
4436,0,0,2,0.00010440072714276794
4437,0,0,2,0.000563255190475944
4438,0,0,2,0.00013210176638874755
4439,0,0,2,0.00024784436001460954
4440,0,0,2,0.0001488244200326493
4441,0,0,2,1.0521961485424658e-05
4442,0,0,1,0.0005545858949205924
4443,0,0,2,0.00019689200578875218
4444,0,0,2,0.0004684255060748615
4445,0,0,2,0.00027658413729222687
4446,0,0,2,0.00040164331343681196
4447,0,0,2,0.0002015854119656778
4448,0,0,2,0.00018332073109995922
4449,0,0,2,0.0001242256183426955
4450,0,0,2,0.0001038242182093067
4451,0,0,2,0.00034144466155134056
4452,0,0,2,0.00017678680580950241
4453,0,0,2,0.00016820743079464293
4454,0,0,2,0.00026442745942932533
4455,1774,0,2,8.668426519903481e-05
4456,0,0,2,0.00011034548001960515
4457,0,0,2,0.00014734255354364849
4458,50,0,1,3.54455424075498e-05
4459,0,0,2,0.0005157583816756313
4460,0,0,2,6.38743074821991e-05
4461,0,0,2,0.0006996042453426061
4462,0,0,2,0.0001924520141113408
4463,0,0,2,1.8314235803556658e-05
4464,0,0,2,0.00016358639094050096
4465,0,0,2,0.00014171613985087774
4466,0,0,2,0.0004782561484780857
4467,0,0,1,6.732157494723393e-05
4468,0,0,2,0.00020226809349982767
4469,0,0,2,0.00019613335294114232
4470,0,0,2,4.712383246868965e-05
4471,0,0,2,0.00014366894722802346
4472,0,0,2,0.0008641977430615001
4473,0,0,2,0.0005927574655700781
4474,0,0,2,0.0004120716889882202
4475,0,0,2,0.0001763431820912499
4476,0,0,1,0.0002487558662720144
4477,0,0,2,0.00019119088408832424
4478,0,0,2,0.0004679536407575045
4479,0,0,2,0.00027269555928172905
4480,0,0,2,0.0001128282729059034
4481,0,0,1,1.283075267680394e-05
4482,0,0,1,0.00017667295300330174
4483,0,0,1,0.0003875342644726489
4484,0,0,1,3.1495463284247156e-05
4485,0,0,2,0.00017977512638951018
4486,0,0,2,0.00013282256523932583
4487,0,0,2,0.00021077728336856732
4488,0,0,2,0.0005044462664713698
4489,0,0,2,0.00026131368203912347
4490,0,0,2,0.0006985482503645889
4491,0,0,2,0.0001558484262457458
4492,0,0,2,0.00010773442806724639
4493,0,0,2,0.0002899565017001348
4494,0,0,2,0.00014295756794804456
4495,0,0,2,0.00048483296756318765
4496,0,0,2,0.00011405644962045059
4497,0,0,2,0.00010028015293603045
4498,0,0,2,0.00034710770245967206
4499,0,0,2,0.0002036321645471504
4500,0,0,2,0.00020077631465416612
4501,0,0,1,8.119705912833023e-05
4502,0,0,2,0.00011476367344345545
4503,22,0,2,8.539200349082814e-05
4504,0,0,2,0.00039018263501571215
4505,0,0,2,0.00011954547390723996
4506,0,0,1,4.92263691919812e-05
4507,7,0,2,0.0002301442346175636
4508,0,0,1,3.8870369420445656e-05
4509,0,0,2,0.00028655415335988735
4510,0,0,2,0.00017026159402363586
4511,0,0,1,0.0003014217185571152
4512,0,0,2,0.0007827468269742003
4513,0,0,2,0.00014209460471496647
4514,0,0,2,7.382609356422743e-05
4515,0,0,1,0.00022607990289703824
4516,0,0,2,0.00019873234739223878
4517,0,0,2,9.900270979198278e-06
4518,0,0,1,0.0002729467701188687
4519,0,0,1,8.60375060987733e-06
4520,151,0,2,0.0003216079155366142
4521,92,0,2,0.0005107081568829651
4522,0,0,2,6.861670805492031e-05
4523,0,0,2,0.0005547109087185001
4524,5340,0,1,5.6788656313020836e-05
4525,0,0,2,0.00013288015735850024
4526,0,0,2,0.00015946882825233668
4527,0,0,1,1.7098622466369754e-05
4528,0,0,2,0.00023091995355840935
4529,935,0,2,0.0002683022245880877
4530,0,0,2,3.4328587519533716e-05
4531,0,0,2,0.0001620396503841331
4532,0,0,2,0.0001472762615631697
4533,0,0,2,0.0004634326587735799
4534,0,0,2,0.0001847352858027643
4535,0,0,2,0.00011812764160123917
4536,0,0,2,2.9885256568632367e-05
4537,0,0,2,0.0010545659601144245
4538,0,0,2,0.00013269837884351528
4539,0,0,2,0.00012423141789550735
4540,0,0,2,0.00019226960869403093
4541,0,0,2,0.0001267013019456178
4542,0,0,2,0.0006147682101524461
4543,7,0,2,0.0007059460893282056
4544,0,0,1,0.000537480481136087
4545,0,0,2,9.154073189558516e-05
4546,0,0,2,9.490498165152074e-05
4547,0,0,2,0.00027513835063339273
4548,0,0,2,0.00013820640137341883
4549,70,0,2,0.00026504437123813375
4550,3568,0,1,5.63781106802757e-05
4551,0,0,2,0.00013708257743597326
4552,0,0,2,0.0004989156328539143
4553,0,0,2,5.227309911769428e-05
4554,0,0,2,0.00011716962429836432
4555,0,0,2,0.00020936847324185974
4556,0,0,2,0.00016224054118282204
4557,0,0,2,0.0001442628021257587
4558,0,0,2,0.00010286822022407001
4559,0,0,1,0.00015617448873657164
4560,0,0,2,0.00021739261026402078
4561,0,0,2,0.00024436939972762674
4562,0,0,1,6.184887012422274e-05
4563,0,0,2,0.0002947450836968433
4564,0,0,2,0.0003326951187614437
4565,0,0,1,0.0003248092641756112
4566,0,0,2,3.824064339566382e-05
4567,0,0,2,0.00013024096211762567
4568,0,0,2,0.000324167318039992
4569,0,0,1,0.0002054325088038243
4570,0,0,2,2.937974985502584e-05
4571,0,0,2,0.0002754145770119113
4572,26,0,2,9.853388994835118e-05
4573,0,0,2,0.00025572862390060494
4574,0,0,2,0.0004702382594627248
4575,0,0,2,1.5908955391742394e-05
4576,0,0,2,0.00028361105885414467
4577,0,0,2,0.0002847591230231861
4578,0,0,2,7.833551884787942e-05
4579,0,0,2,0.0002831248816204908
4580,0,0,2,9.203797341057242e-05
4581,0,0,2,9.05764313356081e-05
4582,0,0,2,0.0003943813749477371
4583,0,0,2,0.00010749141361263879
4584,70,0,2,0.0005673292616602381
4585,0,0,2,0.0001144120066342411
4586,104,0,2,0.0001391253612956585
4587,0,0,2,8.520299293182037e-05
4588,0,0,2,0.00038078218495137943
4589,0,0,2,0.00038752229047415195
4590,0,0,2,0.00022377587302276707
4591,0,0,2,0.00021868413405982286
4592,0,0,2,0.00026229644487348795
4593,0,0,2,0.00016566195251953815
4594,0,0,2,0.00015021426793699312
4595,0,0,2,7.450873694497972e-05
4596,0,0,2,0.00021908472956721012
4597,0,0,2,0.00015101416105090112
4598,0,0,2,0.00011074342570959478
4599,0,0,2,0.00015913439743939009
4600,0,0,2,0.00024756122868527014
4601,0,0,2,8.012902375958451e-05
4602,0,0,1,4.126420626796648e-05
4603,0,0,2,0.00016872948437519526
4604,0,0,2,0.00011095114935135312
4605,0,0,2,0.00015486136912404105
4606,0,0,2,0.00019396141797848053
4607,0,0,2,0.00016169990303268345
4608,0,0,2,7.899666260302923e-05
4609,0,0,2,0.00027036991361048486
4610,0,0,2,0.00017937501507259645
4611,0,0,2,0.00020684718406175552
4612,0,0,2,0.0002134677353946705
4613,101,0,1,0.00032546612726830647
4614,7,0,2,0.00014103312644188218
4615,0,0,1,0.0002275352244401448
4616,0,0,2,0.0003241743615660026
4617,0,0,2,0.0005520561561249863
4618,0,0,2,0.00021542634035403142
4619,0,0,2,0.0004217610431592014
4620,0,0,2,0.00017847104145380174
4621,0,0,2,0.00021392813142820225
4622,0,0,2,4.786715129373648e-05
4623,7,0,2,0.00027737508373396074
4624,0,0,2,0.00019565464763644707
4625,0,0,2,6.68183583274413e-05
4626,0,0,2,0.0001222443758901014
4627,0,0,2,7.641228504551257e-05
4628,0,0,2,0.0001981462678699832
4629,0,0,2,0.00047624430451193413
4630,0,0,2,0.00036764877322591617
4631,0,0,2,0.0010340151595680145
4632,0,0,2,0.00023650092970940387
4633,0,0,2,3.0962678426501276e-05
4634,0,0,2,0.00010443037374534937
4635,0,0,1,0.000305408682573592
4636,0,0,2,0.00015433773971918797
4637,0,0,2,0.00015967041616224612
4638,0,0,1,0.00010584981045329127
4639,17,0,2,0.0005553299409520081
4640,0,0,1,0.00014590692092031473
4641,0,0,2,0.00022305113181948102
4642,0,0,2,0.00023974178335661966
4643,0,0,2,0.00024647528173206266
4644,0,0,2,4.3627237760372745e-05
4645,0,0,1,6.635982802260786e-05
4646,0,0,2,0.00046417434208571927
4647,0,0,2,0.0006638561333631993
4648,0,0,2,0.00017233790060442044
4649,0,0,1,0.0004587226202322147
4650,0,0,2,0.0005369163884935026
4651,0,0,2,4.7521254174839455e-05
4652,0,0,2,0.0002881217092172669
4653,0,0,2,0.00016844124413397505
4654,0,0,2,0.00012843791285054162
4655,0,0,2,0.000213707721852169
4656,0,0,2,0.00024056194973946367
4657,0,0,2,4.481724461835183e-05
4658,0,0,2,0.00037435491409521795
4659,0,0,1,0.00023724022886211627
4660,0,0,2,5.676737125401248e-05
4661,0,0,2,0.00026943605663254974
4662,0,0,2,3.67387553010551e-05
4663,0,0,2,7.949903345177036e-05
4664,493,0,2,0.0006065507094642245
4665,0,0,2,0.00014232556651185636
4666,0,0,2,0.00015578190467664652
4667,0,0,1,9.268889717852078e-05
4668,0,0,2,0.00016181149308102427
4669,0,0,2,6.870723513782832e-05
4670,0,0,2,0.00031666996227138914
4671,0,0,1,6.088274889711753e-06
4672,0,0,2,0.00031888640481324195
4673,0,0,1,9.483882979611007e-05
4674,0,0,2,0.0003303780924031456
4675,0,0,2,0.0001232141881342749
4676,0,0,2,0.0002485447648846694
4677,0,0,2,0.00013336707560007772
4678,0,0,2,5.8249129486055515e-05
4679,0,0,1,0.00020493212475259252
4680,0,0,2,0.0002737199522455647
4681,0,0,2,0.00020277937924091817
4682,0,0,2,2.1150053048913314e-05
4683,0,0,1,7.109882229991138e-05
4684,0,0,2,0.00011570338075260506
4685,0,0,1,8.968691428035133e-05
4686,0,0,2,5.8590726324000544e-05
4687,0,0,2,7.573932861008518e-05
4688,0,0,2,9.745641468756189e-05
4689,0,0,2,0.00032347127363971194
4690,0,0,1,7.86960253720179e-05
4691,0,0,2,0.00016429905988978366
4692,0,0,2,0.00022647612803327916
4693,0,0,2,0.00014377659243616612
4694,0,0,2,0.0006239339383564636
4695,0,0,2,0.00021941119221949163
4696,49,0,2,0.00041241935231047113
4697,0,0,2,0.00018200162128669472
4698,0,0,2,7.623073373861179e-05
4699,7,0,2,0.0005357448072261979
4700,0,0,2,0.00038729001507453666
4701,0,0,2,0.0004487234540840784
4702,0,0,2,0.0001124219247687967
4703,0,0,2,0.000163480626334015
4704,0,0,1,4.458045047730329e-05
4705,186,0,2,0.00010894618062235755
4706,0,0,2,0.00020962371333708556
4707,0,0,2,0.000141964136684531
4708,0,0,2,0.0003537228113445318
4709,0,0,1,2.07510494779694e-05
4710,0,0,2,0.00024696887610584073
4711,0,0,2,0.0003498733844922953
4712,0,0,2,0.0004206840927959136
4713,0,0,1,4.826810573969732e-05
4714,0,0,2,0.00010013272533196727
4715,0,0,1,0.00047170428128336377
4716,0,0,2,0.0001389708042126169
4717,0,0,2,0.00013759155655423066
4718,0,0,1,0.00014721587250589324
4719,0,0,1,0.00010819956661722444
4720,0,0,2,0.00010999881788855934
4721,0,0,2,0.00011039980951190237
4722,0,0,2,0.00020473685916149625
4723,0,0,2,0.00021145828916721362
4724,0,0,1,0.00020509143471990302
4725,0,0,2,0.0003933483841867325
4726,7,0,2,0.0003000503227565748
4727,0,0,2,0.00017372254636472873
4728,0,0,2,0.0002753231746857268
4729,0,0,1,0.00012118644058023213
4730,109,0,2,0.00028602379090224826
4731,0,0,2,0.00040402427362344384
4732,0,0,1,2.9335381178240006e-05
4733,0,0,2,0.000184121542975577
4734,0,0,1,0.0005106478321637788
4735,0,0,2,0.00017509624546701945
4736,0,0,1,0.00010304045815472843
4737,0,0,2,3.118483356764778e-05
4738,0,0,2,0.00020151456354641336
4739,0,0,2,0.00013034027995658954
4740,0,0,2,0.0002628277556243123
4741,0,0,2,0.00042599510861033565
4742,0,0,2,0.00023168955763517223
4743,0,0,2,0.00024791744720933234
4744,24,0,2,5.2616307033952806e-05
4745,0,0,2,0.00026575428763334915
4746,0,0,2,0.0004388598963663018
4747,0,0,2,0.0001043091130671735
4748,0,0,1,0.0003211453108993155
4749,0,0,2,0.00024873869260056466
4750,0,0,2,0.0003329930819295802
4751,0,0,2,0.00028406059618313095
4752,0,0,2,0.00026518459563666414
4753,0,0,1,0.00036923140458609713
4754,0,0,2,0.0001844711763797902
4755,0,0,2,9.06746244900928e-05
4756,0,0,2,5.289899141733172e-05
4757,0,0,2,0.00010622221896149836
4758,0,0,2,0.00040583686529163746
4759,0,0,2,6.109228466590072e-05
4760,0,0,2,0.0002625687094986567
4761,23,0,2,0.0001504380580576037
4762,0,0,2,0.00029249495384853534
4763,0,0,2,8.680721914597944e-05
4764,0,0,2,8.081275154929587e-05
4765,94,0,2,9.500086215931691e-05
4766,0,0,2,0.00022301494971817154
4767,7,0,2,0.00027345675632082947
4768,0,0,1,3.3801734220438995e-05
4769,0,0,2,0.00032888327253588213
4770,0,0,2,9.94220366151236e-05
4771,0,0,2,3.927991548447397e-05
4772,0,0,2,6.612734324014252e-05
4773,0,0,2,0.0001425907565796046
4774,0,0,2,0.00015819759069145298
4775,0,0,2,0.0003232308543598973
4776,0,0,1,0.00027342375356694746
4777,0,0,2,0.0003163685805987709
4778,0,0,2,0.00028119645486955315
4779,0,0,1,0.00020524737187329933
4780,0,0,2,0.00038312968840814593
4781,0,0,2,0.00044003290313550603
4782,0,0,2,0.0004117000675290578
4783,0,0,2,0.0001697509701085565
4784,0,0,2,0.0004142040409813517
4785,1921,0,2,0.00029196091673030524
4786,40,0,1,6.456769179128095e-05
4787,7,0,2,0.00030725217904630094
4788,0,0,1,3.9264104537471414e-05
4789,4406,0,2,0.0016060643347808553
4790,0,0,2,0.0005027815774381714
4791,0,0,2,0.00024862299011115067
4792,0,0,2,0.00019545195868954875
4793,0,0,1,3.964786148775053e-05
4794,0,0,2,0.0001771073607072654
4795,0,0,2,0.0004095025486641079
4796,0,0,2,0.00029599900702204486
4797,0,0,2,0.0003819120584569722
4798,0,0,2,8.470940695988768e-05
4799,7,0,2,0.0003261973040335755
4800,0,0,2,0.0002603271483465373
4801,0,0,2,0.00011005104376093321
4802,0,0,2,0.00015133106429760982
4803,0,0,2,0.0005949387482979693
4804,0,0,1,1.3432987600967873e-05
4805,0,0,2,0.0004246445378249971
4806,0,0,2,0.0002773942267308456
4807,0,0,1,0.00014985731261528548
4808,0,0,2,0.00036802953673768866
4809,7,0,2,0.00015816958247609649
4810,0,0,2,0.00013278101722480644
4811,0,0,1,2.2428797647027675e-05
4812,0,0,1,2.5741488459275185e-06
4813,132,0,2,0.00072312121169906
4814,0,0,2,6.701980979654661e-05
4815,0,0,2,0.00018142912820909635
4816,0,0,2,0.000438578140058114
4817,0,0,2,0.0002492931619961543
4818,0,0,1,1.9703619324173486e-06
4819,174,0,2,0.00045947458531153315
4820,0,0,2,0.00016318044307367667
4821,0,0,2,0.0006427355207575033
4822,0,0,2,2.3805995776250048e-05
4823,0,0,2,0.00015780061620268045
4824,7,0,2,0.0002966216222043605
4825,0,0,2,8.898989156862323e-05
4826,0,0,2,7.982558971651323e-05
4827,0,0,2,0.0003339922788052726
4828,0,0,2,0.00034490895346338257
4829,0,0,2,0.00015007038648643216
4830,0,0,2,0.000653994700969994
4831,5843,0,2,0.0005070420650964714
4832,0,0,2,0.00015450353176028206
4833,0,0,2,0.0005202036983655751
4834,0,0,2,0.00021369348602436693
4835,0,0,2,0.00042826310437013023
4836,0,0,2,8.995021136261558e-05
4837,0,0,1,5.70599036276935e-05
4838,0,0,2,6.584736193382409e-05
4839,0,0,2,7.018703068179948e-05
4840,0,0,2,0.00029853995279509543
4841,0,0,2,0.00022962989922821917
4842,104,0,2,0.00024600503997476844
4843,0,0,2,0.00016214027802737238
4844,0,0,2,0.0001306261895710212
4845,0,0,2,0.00047894554679777805
4846,1733,0,2,0.0009471072900689158
4847,0,0,2,0.0002250465287853555
4848,972,0,2,0.00024114462001133594
4849,0,0,2,0.00042370715132975553
4850,0,0,1,7.29687838413133e-05
4851,0,0,1,3.227499359907703e-05
4852,0,0,2,0.00020186290922058077
4853,0,0,2,8.998592921398173e-05
4854,0,0,2,0.00023371231872164046
4855,0,0,2,0.0007772335906758766
4856,0,0,1,9.352086382039786e-06
4857,0,0,2,0.00012120248876931889
4858,0,0,1,0.00017482865227834592
4859,0,0,2,0.00011518226538186833
4860,0,0,1,5.2930884770855366e-05
4861,17,0,2,0.000424655334478347
4862,0,0,2,5.8813378770569936e-05
4863,0,0,2,0.00012848971912857832
4864,0,0,2,0.00028629268999314563
4865,0,0,2,0.00045159276936219175
4866,0,0,2,6.270944644210782e-05
4867,0,0,2,0.0001510007870661481
4868,0,0,2,6.0883872604838274e-05
4869,0,0,2,0.00013595060219848235
4870,0,0,2,0.00017085779862900137
4871,0,0,2,0.0003212607864038537
4872,0,0,1,0.00019079773850495671
4873,0,0,2,0.0002807272268775788
4874,0,0,1,8.420639156410608e-05
4875,0,0,2,8.730175938718605e-05
4876,650,0,2,0.0003808582824996948
4877,0,0,2,0.00031458914058968057
4878,0,0,2,0.00015719979153846824
4879,0,0,2,0.00030917350245791543
4880,0,0,2,0.00032245568734710125
4881,0,0,2,9.9173350357092e-05
4882,0,0,2,0.000285871206577003
4883,0,0,1,0.00034007767421289405
4884,0,0,1,3.4448265796233174e-05
4885,0,0,2,0.000653711623000322
4886,0,0,2,0.0006929575419292874
4887,0,0,2,0.00011230458002028053
4888,326,0,2,0.0005421122682064
4889,0,0,2,0.0004016725399267378
4890,0,0,1,3.676390332982914e-05
4891,0,0,2,4.5898633183666286e-05
4892,0,0,2,0.0002487594149133651
4893,0,0,2,5.2186338331280037e-05
4894,0,0,2,0.00027318449372210003
4895,0,0,2,0.00025217691695820756
4896,0,0,2,7.979574038691935e-05
4897,0,0,2,0.0002920577767712737
4898,0,0,2,9.286653000092924e-05
4899,0,0,2,0.0001905901715770521
4900,0,0,2,0.00017402820209072405
4901,0,0,2,0.0005176622340821685
4902,0,0,2,0.00018478680604127904
4903,0,0,2,0.0001333703979033727
4904,0,0,2,0.0003722030244167011
4905,0,0,2,6.406206812230506e-05
4906,0,0,2,0.000120371943037193
4907,1529,0,2,0.0003260067944868627
4908,0,0,2,0.00010268955218984099
4909,0,0,1,7.783990724899209e-05
4910,0,0,2,0.00020267874831316932
4911,0,0,2,0.0004915389669482691
4912,0,0,2,0.0003407607316953975
4913,0,0,2,0.00016974820518934458
4914,0,0,2,0.00025561609376390345
4915,0,0,2,3.953334904276008e-05
4916,0,0,2,0.00013107250099140508
4917,0,0,2,0.00018280371586758357
4918,0,0,2,0.00046217484746737274
4919,0,0,2,0.00021997004837877806
4920,7578,0,2,0.0011675066327455268
4921,195,0,1,0.00015892818377184355
4922,7,0,2,0.0001510691682247905
4923,0,0,2,0.0004009311583148088
4924,0,0,2,9.036633243023232e-05
4925,0,0,1,0.00012458502192106268
4926,0,0,1,0.00026254404868336135
4927,0,0,1,2.2754338760935762e-05
4928,0,0,2,0.0002421642382407161
4929,0,0,2,0.00014832148548044798
4930,0,0,2,0.000342459245224005
4931,0,0,2,0.0003023032511975137
4932,0,0,2,0.0003050894019909199
4933,0,0,2,0.00030605596677385667
4934,0,0,2,0.00045383342824715996
4935,0,0,1,0.00033764917692727945
4936,0,0,1,7.803878467237132e-05
4937,0,0,2,0.0006131558811487228
4938,0,0,2,0.0001379237344519288
4939,0,0,1,2.6111578015754283e-05
4940,0,0,2,0.0006340399519428164
4941,0,0,2,0.0005050799151903905
4942,0,0,2,0.00014323003277202242
4943,0,0,2,5.4719675136909116e-05
4944,0,0,2,0.00023874618218296405
4945,0,0,2,6.341574582264354e-05
4946,0,0,1,0.0001626152594725838
4947,0,0,2,0.000221363377625794
4948,0,0,2,0.0005356945669161912
4949,41,0,1,0.000298640734722079
4950,0,0,2,5.139406538006834e-05
4951,0,0,2,0.0003579917644540409
4952,0,0,2,3.672739709892252e-05
4953,0,0,2,0.00023608684748155319
4954,0,0,2,0.00021021668774246947
4955,0,0,2,0.0002791448583450707
4956,0,0,2,0.0005616033919505579
4957,0,0,2,0.00015116093230646622
4958,0,0,2,0.0001853236884764889
4959,0,0,2,0.00010181081866181332
4960,0,0,1,0.0001529868267876895
4961,0,0,1,1.9893795119756292e-05
4962,0,0,2,0.00018709270425883805
4963,0,0,2,0.0005036887334716315
4964,0,0,2,0.0001394959980217241
4965,0,0,2,0.00016516961928658648
4966,0,0,2,0.00026624294636918975
4967,0,0,2,4.5221044390233e-05
4968,0,0,2,0.00019462504751649183
4969,0,0,2,0.00011138657863992618
4970,0,0,2,0.0008529810719485136
4971,0,0,2,0.0002637244186821049
4972,0,0,2,0.00017805408129914173
4973,0,0,2,0.00019519159964547612
4974,0,0,2,0.00020755658913479153
4975,0,0,2,0.0003360590942392803
4976,0,0,2,0.0001328924582927791
4977,0,0,2,0.00019550017488108618
4978,0,0,1,0.0003677913682124309
4979,0,0,2,0.0001821157130444031
4980,0,0,2,0.00021623062961202905
4981,0,0,2,0.0004032790623004545
4982,0,0,2,0.00012147947608464026
4983,0,0,2,0.0005056641718725001
4984,0,0,2,0.00023665062860611663
4985,0,0,2,0.00029061167851830613
4986,0,0,2,0.00032019786469549856
4987,0,0,2,0.00030709674652013637
4988,0,0,1,7.245697951724248e-06
4989,0,0,2,0.00015945636379226846
4990,0,0,2,2.8947190843292906e-05
4991,0,0,2,0.0002448300277162631
4992,0,0,2,0.00019847773232929165
4993,0,0,2,0.0005089075773845124
4994,0,0,1,0.00022602719417359721
4995,0,0,2,0.0001956324588350812
4996,0,0,2,0.00020138767011077788
4997,0,0,2,0.00042126519967528573
4998,0,0,2,0.0003404288508213489
4999,0,0,2,0.00018807262207230782
5000,0,0,1,1.4931528864161052e-05
5001,0,0,2,0.000225026402525967
5002,0,0,2,7.518140876699634e-05
5003,0,0,2,6.426278919339754e-05
5004,0,0,2,0.00031464774394538775
5005,0,0,2,0.00022686292411838456
5006,0,0,2,0.000172243823836162
5007,0,0,2,0.00031993115455883185
5008,0,0,2,0.00018415782038918075
5009,0,0,2,0.00016361916197007995
5010,0,0,2,0.0001279199352015068
5011,0,0,2,0.00039043950165902136
5012,0,0,1,1.2707988899353229e-06
5013,0,0,2,0.0006379961413452084
5014,0,0,1,0.000158703081267777
5015,0,0,2,0.00015966832608786658
5016,0,0,2,0.00032755318843924556
5017,0,0,2,6.055016164257149e-05
5018,0,0,2,0.0001645370888976943
5019,0,0,1,1.5214065206367853e-05
5020,0,0,2,0.0002816124864630409
5021,0,0,2,0.0003915904317727445
5022,0,0,2,0.00010929873611873911
5023,0,0,2,0.00011624171559894398
5024,0,0,2,0.00033324756761559635
5025,0,0,2,0.0005301891603809867
5026,0,0,2,0.0007531008809856172
5027,0,0,2,6.775184434109397e-05
5028,0,0,2,0.0005156359560999549
5029,0,0,2,0.0004643912286845563
5030,0,0,2,0.00014556689922956572
5031,0,0,2,0.00041794871398991853
5032,0,0,2,0.00044282631961819764
5033,0,0,2,0.00023904928932388903
5034,3752,0,2,0.0002652022255801422
5035,0,0,1,7.528941570541451e-05
5036,7,0,1,7.433452521856133e-05
5037,0,0,2,0.0001795287711820445
5038,0,0,2,0.00017943299820535178
5039,0,0,2,0.0001179933924827949
5040,59,0,2,0.00041144923775703003
5041,0,0,2,0.0003264459660327025
5042,0,0,1,7.492626899515965e-05
5043,0,0,2,0.00023781702245074727
5044,0,0,1,0.0001843546211632544
5045,0,0,2,0.00023043548396330183
5046,0,0,2,0.00015062346965658707
5047,0,0,2,0.00024895172364554255
5048,0,0,2,3.105131198363013e-05
5049,0,0,2,0.0006195489769822003
5050,0,0,2,0.00027731127975818334
5051,0,0,2,0.0002648501960515078
5052,0,0,1,0.00011988574327416208
5053,0,0,2,2.312058002687456e-05
5054,0,0,1,0.00023470715851606804
5055,0,0,2,0.00026304462934843435
5056,0,0,1,3.409929487122494e-05
5057,0,0,2,0.00015179425526591387
5058,0,0,2,9.338967801251833e-05
5059,0,0,1,6.010653940685345e-05
5060,0,0,1,8.680517096321253e-05
5061,0,0,2,0.00024714538919430655
5062,0,0,2,0.00011005715941691427
5063,0,0,2,0.0002955908574128283
5064,0,0,2,4.03564822191117e-05
5065,0,0,2,0.00015273361786257298
5066,0,0,2,0.00021774790249498382
5067,0,0,2,9.529643507747096e-05
5068,0,0,2,5.644626750280223e-05
5069,0,0,2,0.0005954448598268385
5070,0,0,1,0.0005416801473674462
5071,0,0,2,0.00014630824519256625
5072,0,0,2,4.061414361688942e-05
5073,0,0,2,0.00034062650927235206
5074,0,0,2,0.0002034355014000637
5075,0,0,2,0.00024852373656894554
5076,0,0,2,3.0788500295139765e-05
5077,0,0,2,0.0002839020622867468
5078,0,0,2,0.0006750513982611441
5079,0,0,2,0.00011868040422415382
5080,0,0,2,0.00023796883835171915
5081,0,0,2,0.00012548221991893766
5082,0,0,2,0.00012905359683996762
5083,0,0,2,0.0003397580174927958
5084,0,0,2,0.00042000396358336426
5085,0,0,2,7.120428904847688e-05
5086,0,0,2,0.00018185103697063588
5087,0,0,2,0.00020519029488033608
5088,0,0,1,4.143664909914733e-05
5089,0,0,2,0.0001963183770370031
5090,0,0,2,0.00030537517337033283
5091,7,0,2,0.00018688113987804395
5092,0,0,2,0.0001686839159692884
5093,0,0,2,0.00035196980028543996
5094,0,0,2,0.00011724144237705147
5095,0,0,2,0.00029719456780362733
5096,0,0,2,0.0002828398978793093
5097,0,0,2,0.00011451325026577923
5098,0,0,2,0.0003890625397958521
5099,0,0,2,0.00010097474214162341
5100,0,0,2,0.00021643413697570513
5101,0,0,2,1.634526655418237e-05
5102,0,0,2,0.00018519587501837872
5103,0,0,2,0.00022928980801934813
5104,0,0,2,3.7826746595653e-05
5105,0,0,2,0.0001471413053171778
5106,0,0,2,0.00060710169463425
5107,0,0,2,0.0003286824265512307
5108,2985,0,2,0.00022211685997712745
5109,0,0,2,0.00021834158618163049
5110,0,0,2,0.0002750893980251697
5111,0,0,2,0.00023125721404103214
5112,0,0,2,0.00030725058595471835
5113,0,0,2,4.963648635644756e-05
5114,0,0,2,0.00019774644112134822
5115,0,0,1,3.7914652981015765e-05
5116,454,0,2,8.598055925426853e-05
5117,19,0,2,0.000271335233722009
5118,0,0,2,3.999524913611076e-05
5119,0,0,2,0.00019490774170161456
5120,0,0,1,1.8133033951515902e-05
5121,0,0,1,9.694412249898152e-05
5122,0,0,1,0.00013011628922371984
5123,0,0,2,6.221291444881179e-05
5124,0,0,1,1.3927889488502114e-06
5125,0,0,2,0.0005489579176227229
5126,0,0,2,0.00022872586970550902
5127,0,0,2,0.00015471278303542068
5128,0,0,2,5.032301105126902e-05
5129,0,0,2,0.00024200168223834784
5130,0,0,2,3.331880723690609e-05
5131,0,0,1,7.454789918056241e-05
5132,0,0,2,0.00038432442227454954
5133,0,0,2,0.0003149901967716591
5134,0,0,2,4.8305143276760606e-05
5135,0,0,2,0.000220046048019252
5136,0,0,2,0.00010526552914734615
5137,0,0,2,5.1146815149144197e-05
5138,0,0,1,3.651561869456983e-05
5139,0,0,2,7.87761741804617e-05
5140,0,0,2,0.00013776647318290643
5141,0,0,1,3.111107419536153e-05
5142,0,0,1,3.323021378141599e-05
5143,0,0,2,0.0003357226747957205
5144,0,0,2,6.670230088433691e-05
5145,0,0,2,0.00015905799244332754
5146,0,0,2,0.0005821618604507689
5147,0,0,1,9.813372426301362e-05
5148,0,0,1,0.0004177390216870019
5149,0,0,2,0.00010255916279647916
5150,0,0,2,0.00021106577300045312
5151,0,0,2,0.00037867140355672435
5152,0,0,2,0.0005873418789573226
5153,0,0,2,0.00012894292242415038
5154,0,0,2,7.907082812158274e-05
5155,0,0,2,0.00010463668755800515
5156,0,0,1,4.761860494089509e-05
5157,0,0,2,0.00016976884374514351
5158,0,0,2,0.00034835190933092566
5159,0,0,2,0.00026367442846515207
5160,0,0,2,0.0006097078084372605
5161,0,0,2,0.0003199506572008089
5162,0,0,2,5.1303033323681996e-05
5163,2760,0,2,0.0002855088614603763
5164,0,0,2,0.00039448135018614995
5165,0,0,2,0.00024279677075768018
5166,0,0,2,8.34282748491756e-05
5167,0,0,2,0.0001400939030466414
5168,0,0,2,0.0002992971828916828
5169,0,0,2,0.0001618793260123722
5170,0,0,2,3.5355121107904226e-05
5171,0,0,2,0.0006425348578082236
5172,0,0,2,0.00012747142076152652
5173,0,0,2,0.00022186329766666057
5174,0,0,2,0.00032805592517950836
5175,0,0,1,0.00021529316088817821
5176,0,0,2,0.0005678312314249544
5177,0,0,2,6.200592463767362e-05
5178,0,0,2,0.00016372770849429967
5179,0,0,2,6.077194553033957e-05
5180,0,0,2,0.00041019372450745354
5181,0,0,2,0.00034807110876395854
5182,0,0,2,0.000411726879662364
5183,0,0,1,0.00016855072519520334
5184,0,0,2,7.68180279195878e-05
5185,0,0,2,5.39438387203057e-05
5186,0,0,2,0.00045688861168553883
5187,0,0,2,0.00018487518300672353
5188,0,0,2,0.0004153080265186813
5189,0,0,2,0.00031860898865089076
5190,0,0,2,0.00025077075178346457
5191,0,0,2,0.0006623052063102658
5192,0,0,1,4.789605562155855e-05
5193,0,0,2,0.00018908854677499007
5194,0,0,2,0.000336885913002094
5195,0,0,2,0.0008827525373649123
5196,0,0,1,0.0001502217211875512
5197,0,0,1,2.661007853064128e-05
5198,0,0,2,0.00023726780543428734
5199,0,0,2,6.207207269737154e-05
5200,235,0,1,1.1825456683954856e-05
5201,0,0,2,0.00026991737052176604
5202,0,0,1,0.00015052150952689936
5203,0,0,2,0.0003762523484690428
5204,0,0,2,0.000155485607082826
5205,0,0,2,0.0002999255563319081
5206,0,0,2,0.0004513216309391064
5207,0,0,2,0.0005672512890283862
5208,0,0,2,0.00023713955900576012
5209,0,0,2,0.00039187666191518476
5210,0,0,2,0.0001525938237048022
5211,0,0,2,0.00015498704517591491
5212,0,0,2,0.00017527171582220347
5213,0,0,2,0.00023730063815574447
5214,0,0,2,4.6683706465722856e-05
5215,0,0,2,0.00012140385258831966
5216,0,0,2,5.288202898111958e-06
5217,0,0,2,8.401908835036156e-05
5218,0,0,2,0.0001560232828388804
5219,0,0,2,0.0005099862729371868
5220,31,0,2,5.711446630071644e-05
5221,0,0,2,0.0001343269441512544
5222,0,0,2,0.00011585907710776359
5223,0,0,2,0.0001158509241210114
5224,0,0,2,0.0002560554200107271
5225,0,0,2,0.0005009129573631353
5226,0,0,2,0.0002793417885265021
5227,0,0,2,0.00020154751220742182
5228,7,0,2,0.00030429138423073766
5229,0,0,2,0.0002765204869970432
5230,0,0,2,0.00024056931209132137
5231,0,0,2,0.00021719885698399995
5232,0,0,2,0.00029263484619579394
5233,0,0,1,9.427629723624206e-06
5234,0,0,1,3.523813813156926e-05
5235,0,0,2,0.00027287459197097445
5236,0,0,2,0.0003714206717340055
5237,0,0,1,0.00041808719396261006
5238,0,0,2,0.0002029715901414518
5239,0,0,2,0.00045890147011224856
5240,0,0,2,0.0002263189906235912
5241,0,0,2,0.00014179580388702743
5242,0,0,2,0.00016479913143391763
5243,0,0,2,0.00012371525140512262
5244,0,0,2,0.0001531201762366627
5245,0,0,2,0.0002674780142092024
5246,0,0,2,0.0003330286215173864
5247,0,0,2,8.301610857382935e-05
5248,0,0,2,7.822036279073436e-05
5249,0,0,2,0.0001724875652375856
5250,0,0,2,9.490260589290266e-05
5251,0,0,2,8.048657444689969e-05
5252,0,0,2,0.0002585854321657093
5253,0,0,2,0.0007174260736680464
5254,0,0,2,0.00019674592452642088
5255,0,0,2,6.175793358506503e-05
5256,0,0,1,3.820338284596773e-05
5257,0,0,2,0.0008180580118499362
5258,0,0,2,0.0005354670643618513
5259,0,0,2,0.000410733937965531
5260,0,0,2,0.00044273065333725367
5261,0,0,1,5.466609469915267e-05
5262,0,0,2,3.8628144327772346e-05
5263,0,0,2,0.00026321774117967666
5264,0,0,2,8.013435771921455e-05
5265,0,0,2,0.000198878408605991
5266,0,0,2,0.00020329248257311923
5267,0,0,2,0.00019634163648663138
5268,0,0,2,0.0001867484602756173
5269,0,0,2,2.278404945144317e-05
5270,0,0,2,0.0007688776148234036
5271,0,0,2,8.302313349915473e-05
5272,0,0,2,0.0004607843311030875
5273,0,0,2,0.00019714605414156424
5274,0,0,2,0.0001326429611960515
5275,0,0,2,0.00025898426562562796
5276,0,0,2,0.0001779660133273612
5277,0,0,2,0.0001267708536334344
5278,0,0,2,0.00024909688131079016
5279,0,0,2,0.0006447997997466778
5280,0,0,2,0.0004101712193667055
5281,0,0,2,0.00015607457575770602
5282,0,0,2,0.0003240390914965451
5283,0,0,2,0.00012158811089671624
5284,0,0,2,0.0001444209643793831
5285,0,0,2,0.00012531219403617196
5286,0,0,2,0.0002482889599685517
5287,0,0,2,0.0003076174536692592
5288,0,0,2,0.00015718287973980882
5289,0,0,2,3.193549334765624e-05
5290,0,0,2,0.00023289334581074408
5291,7,0,2,0.0001642582050585534
5292,0,0,2,0.00012435966257998623
5293,0,0,2,0.000274093548414286
5294,0,0,2,0.0007279367662337145
5295,0,0,2,0.0003415984726503987
5296,0,0,2,0.00044724810519708945
5297,0,0,2,0.00010929212169032798
5298,0,0,2,7.990353958768618e-05
5299,0,0,2,0.00027238058391419306
5300,0,0,2,0.00019246031051382197
5301,0,0,2,8.423856059044291e-05
5302,0,0,1,0.00011535565208274388
5303,0,0,2,0.00013068928860544062
5304,7,0,2,0.0002506459999288274
5305,0,0,2,0.000936272450836876
5306,0,0,2,8.367988974119435e-05
5307,0,0,2,0.00025801953868036405
5308,0,0,2,0.0007709415901043114
5309,0,0,2,0.0005323410315880631
5310,0,0,2,0.00014760556969072039
5311,0,0,2,0.00028083157756305705
5312,0,0,1,8.004736379527713e-05
5313,0,0,2,0.00038640690550262254
5314,0,0,2,0.00026729263345880074
5315,0,0,2,7.574577509396674e-05
5316,0,0,2,0.00024871825645022026
5317,13,0,2,0.00027651784465639604
5318,0,0,2,0.0002262921809603864
5319,0,0,2,0.0003197567744779836
5320,0,0,2,0.0002690127982794409
5321,0,0,1,0.00011545371812935986
5322,0,0,2,0.0004175879796695078
5323,0,0,2,0.000571844893754543
5324,0,0,2,0.00012628207295715304
5325,0,0,2,8.138404967927336e-05
5326,0,0,2,8.548100912689443e-05
5327,0,0,2,3.846624129338747e-05
5328,0,0,2,8.689045067710118e-05
5329,0,0,2,7.503505280416126e-05
5330,0,0,2,0.000380220952127823
5331,0,0,2,0.00016609784161190574
5332,0,0,2,0.0002711557422748573
5333,0,0,1,0.00015169048987693392
5334,0,0,1,8.162712052439604e-05
5335,0,0,2,0.00017433148797112635
5336,0,0,2,9.553828940956881e-05
5337,0,0,2,0.00010641160714846395
5338,0,0,2,2.645128733953926e-05
5339,0,0,2,0.00031969078621935207
5340,0,0,2,0.0001639486362798268
5341,0,0,2,0.00014114713020992078
5342,0,0,1,0.00018143463961383307
5343,0,0,2,6.68996482777343e-05
5344,0,0,2,0.0001836499380534849
5345,0,0,2,0.00018411493983656679
5346,0,0,2,3.888218189039802e-05
5347,0,0,2,0.00012388830095420047
5348,0,0,2,0.00014127381861763654
5349,0,0,2,0.00035233272447592333
5350,0,0,2,0.00024582235381408077
5351,0,0,2,0.00036503197382343116
5352,0,0,2,0.00011797537804478757
5353,0,0,2,0.0005329603499486686
5354,0,0,2,0.0003975209336949432
5355,0,0,2,0.0006402844937238579
5356,0,0,2,0.0003953107734058473
5357,0,0,2,0.0004027655183544555
5358,0,0,2,0.00020753989755466814
5359,0,0,2,0.00032811288347776797
5360,0,0,2,0.00038451074080858675
5361,7,0,2,5.8862776394470714e-05
5362,0,0,2,0.00021926935199808052
5363,0,0,2,4.3373199363742847e-05
5364,0,0,2,0.00029689908539720774
5365,0,0,1,0.00022649071924551434
5366,0,0,2,0.00013349961024187144
5367,0,0,2,3.2491728216774585e-05
5368,0,0,2,0.00025817193400550805
5369,0,0,2,0.0003109192469493271
5370,0,0,2,0.00010895334447247818
5371,0,0,1,5.8701974725749386e-05
5372,0,0,2,0.00029049499363597995
5373,0,0,2,0.00011194048257037074
5374,0,0,2,0.0006963063570085405
5375,0,0,2,4.616365645381887e-05
5376,0,0,2,0.00022307034030711055
5377,14,0,1,7.1433969644438085e-06
5378,0,0,2,0.0001770102167085206
5379,7,0,2,1.3540521473338768e-05
5380,0,0,2,0.00021338951507405597
5381,0,0,1,0.00012480649610858982
5382,0,0,2,0.00022907163185203214
5383,0,0,2,0.00015302352920770233
5384,0,0,2,8.876584841144377e-05
5385,0,0,2,0.00021723838927302267
5386,0,0,2,0.00031907396946232906
5387,0,0,2,0.00027661330004682814
5388,0,0,2,0.0006015758693344683
5389,0,0,2,0.00039606072136357597
5390,6840,0,2,0.0012933482773302089
5391,0,0,2,0.0001357145829115156
5392,0,0,2,0.0003879782266242465
5393,0,0,2,0.00012483364869920037
5394,0,0,2,0.00015594799629831637
5395,30,0,2,0.0003127132440304966
5396,0,0,1,6.255848381442496e-05
5397,67,0,2,0.0005995546960331742
5398,0,0,1,0.0006349415065144242
5399,0,0,2,0.000291888083744618
5400,643,0,2,1.1372283461146554e-05
5401,0,0,2,0.00037658326047878524
5402,0,0,1,5.868676756527677e-06
5403,234,0,2,0.0006276329907933254
5404,0,0,2,0.00026611688009906925
5405,0,0,1,2.17089172653746e-05
5406,0,0,1,9.440020156210426e-05
5407,0,0,2,0.0004596085213904554
5408,1441,0,2,0.0004758018527257581
5409,0,0,1,3.873440161857502e-05
5410,0,0,2,2.99099852873897e-05
5411,0,0,2,5.3003880310196104e-05
5412,0,0,2,0.00042485794293293486
5413,0,0,2,6.146757562772364e-05
5414,0,0,2,3.724276915743943e-05
5415,0,0,2,0.00032676207286307915
5416,0,0,2,1.8075337552189304e-05
5417,0,0,2,0.00021811746419496172
5418,0,0,2,0.0007068261970416089
5419,0,0,2,0.00021090345761366321
5420,0,0,2,0.0003315934219505655
5421,0,0,2,0.0004099811701811226
5422,0,0,2,0.00012602542205124968
5423,0,0,2,0.00019389385262030676
5424,0,0,2,2.2963865596318635e-05
5425,0,0,2,9.226119282949281e-05
5426,0,0,2,0.0001904158417516341
5427,0,0,2,0.00010446743210591751
5428,52,0,2,9.5184495490058e-05
5429,0,0,2,9.276472084080684e-05
5430,0,0,2,7.522003855028203e-05
5431,0,0,2,0.000152004688509628
5432,0,0,2,0.0003851864322734381
5433,0,0,2,0.00011317065358678673
5434,0,0,1,1.6491207274676167e-05
5435,0,0,2,0.00010090937831962491
5436,0,0,2,0.0003043089852406372
5437,0,0,2,0.00041193786818120414
5438,0,0,2,7.933581450123886e-05
5439,7,0,2,0.000210690114278815
5440,0,0,2,9.762114455489791e-05
5441,0,0,2,3.033305161122972e-05
5442,0,0,2,0.00014259022427499672
5443,25,0,2,0.0003058303159130679
5444,0,0,2,0.0002541620078436986
5445,0,0,2,0.00021875648931048353
5446,0,0,1,0.00011246319431043941
5447,0,0,2,0.00040282903283306624
5448,0,0,2,0.00025360516146781233
5449,0,0,2,0.0002903130938824061
5450,0,0,2,9.25399867774182e-05
5451,0,0,2,0.00010025441581715303
5452,0,0,2,0.0003537129866050941
5453,0,0,2,8.890218781851013e-05
5454,0,0,2,0.00010852751871316788
5455,504,0,2,0.00011015066074115873
5456,3562,0,2,0.000465852216627711
5457,0,0,2,0.00020707998504241232
5458,0,0,2,0.0002774860762802984
5459,0,0,2,0.0001623717496375872
5460,0,0,2,9.251262468240866e-05
5461,0,0,2,0.0006488137858190806
5462,0,0,2,0.00015565849739578036
5463,0,0,1,0.0001209612777676962
5464,0,0,2,0.0001015682803934931
5465,0,0,2,7.81620518572361e-05
5466,0,0,1,0.00011219962317734703
5467,0,0,2,0.0002606899677348032
5468,0,0,2,0.00012257155321738052
5469,0,0,2,4.050368835169279e-05
5470,0,0,2,8.114598292981229e-05
5471,0,0,2,0.00047008336425801036
5472,0,0,2,0.0008524379222974931
5473,0,0,2,0.00013105076936215822
5474,0,0,2,0.0003127966257834693
5475,0,0,2,0.0005523606855452873
5476,0,0,2,0.00013982191716076966
5477,0,0,2,0.00011513441716941979
5478,0,0,1,1.64196179444477e-06
5479,0,0,2,0.0007438471864470472
5480,39,0,2,0.00021980411812419704
5481,0,0,2,0.00015113985125553335
5482,0,0,2,0.00020499588123376532
5483,0,0,2,0.00016783449390981139
5484,0,0,2,0.0006590823300092772
5485,0,0,2,0.0003566409721375628
5486,0,0,2,0.00014445605679753927
5487,0,0,2,0.00048083931437153824
5488,0,0,2,0.00014782079570422848
5489,2744,0,2,0.00035507054791253416
5490,0,0,1,6.746209637160373e-05
5491,0,0,2,0.0002622511431040819
5492,0,0,2,0.00011201548165100327
5493,0,0,2,0.0005385104321116779
5494,0,0,2,0.0004742343999084489
5495,0,0,1,5.638975922693879e-05
5496,0,0,1,0.0007027221014585154
5497,0,0,1,2.6126759167690622e-05
5498,0,0,2,0.0006382406959063409
5499,0,0,2,0.0003432057226627415
5500,0,0,2,0.000130379163772816
5501,0,0,2,7.415215014297164e-05
5502,0,0,1,6.498625897595737e-05
5503,0,0,2,0.00013780958270336478
5504,0,0,2,0.000198814889588145
5505,0,0,2,5.1579219092827934e-05
5506,0,0,2,8.243268135160097e-05
5507,0,0,2,0.00014756880583271527
5508,0,0,2,7.459303161108754e-05
5509,0,0,2,0.0001489261461377262
5510,0,0,2,0.00014163329041845356
5511,0,0,1,7.242644505616243e-05
5512,0,0,2,0.00020106939033807665
5513,0,0,2,0.0003881612233323559
5514,0,0,2,0.00010268321463343365
5515,0,0,2,0.0002973782911673127
5516,0,0,2,0.00024576218159643327
5517,0,0,2,0.00035239775696572514
5518,0,0,2,0.00020340676772326546
5519,0,0,2,0.00045902642498595075
5520,0,0,2,3.302745728680135e-05
5521,0,0,2,0.00019118666837562187
5522,0,0,2,0.000515911864920942
5523,0,0,2,0.00014070571123961533
5524,0,0,2,0.0004357830913205972
5525,0,0,2,0.00032123449190916016
5526,0,0,2,0.00024378554046374114
5527,0,0,2,0.00019622718147786433
5528,0,0,1,0.00014584421216805597
5529,0,0,2,0.00022087857734596773
5530,0,0,2,0.00023302447275163493
5531,0,0,2,0.00019981795134332581
5532,0,0,2,0.00015942735293164744
5533,0,0,2,7.139756940183872e-05
5534,0,0,2,0.0009900317465366794
5535,0,0,2,0.00014000082999057525
5536,0,0,2,0.0003358332086859895
5537,0,0,2,0.00031607539641945415
5538,0,0,2,0.0003543446044519364
5539,0,0,2,0.00033412612846960964
5540,0,0,2,0.0002144995749676527
5541,0,0,2,1.786816662670289e-05
5542,0,0,2,0.0006908073510013326
5543,0,0,1,0.0002940507271496867
5544,1956,0,2,4.218640000215876e-05
5545,0,0,2,0.00029193388916534923
5546,0,0,2,0.0003557996765369862
5547,0,0,1,4.853256705188474e-06
5548,0,0,2,0.0001684743747383869
5549,0,0,2,0.000191011153010386
5550,138,0,2,0.00029869870631704095
5551,0,0,2,0.0002785203030199725
5552,0,0,2,0.00010149789550496431
5553,0,0,2,7.160881939832307e-05
5554,0,0,2,0.00027382286103595576
5555,0,0,2,3.7391648346600916e-05
5556,0,0,2,0.00031557815236664454
5557,0,0,2,0.00021314479822298464
5558,0,0,2,0.00016535477251463648
5559,0,0,2,0.00015733132670406994
5560,0,0,2,0.00013919677766472657
5561,0,0,2,0.00024037679392140723
5562,0,0,2,0.0002447371330003601
5563,0,0,1,0.0005463201458373195
5564,0,0,2,7.265373660649699e-05
5565,0,0,2,0.0003784117854420427
5566,0,0,2,9.635846433312036e-05
5567,0,0,2,0.00017168452098098623
5568,0,0,1,0.0002484957677646656
5569,2569,0,1,0.0002302620099327421
5570,0,0,2,0.0002517833473667149
5571,0,0,2,0.00012496203064513907
5572,0,0,1,0.00018239541702831901
5573,0,0,2,0.0003742230311626905
5574,0,0,2,0.0001195649197727252
5575,0,0,2,0.0005767921812143531
5576,0,0,2,0.000399685883667889
5577,0,0,2,7.505948959006388e-05
5578,0,0,2,0.00023576250144025264
5579,0,0,2,0.00010271767560287181
5580,0,0,2,7.06233821889745e-05
5581,0,0,2,0.00016113899617902055
5582,0,0,2,0.0005592711345143552
5583,0,0,2,0.00019318374448063516
5584,0,0,2,0.0002678822305399095
5585,0,0,2,0.0002826714279705167
5586,0,0,2,0.0004920680260565622
5587,0,0,1,0.0001284657480559913
5588,0,0,2,0.0003526524912435481
5589,0,0,2,0.0006555791619897267
5590,0,0,2,0.0005275838644299215
5591,0,0,2,0.00014893292150843597
5592,0,0,2,0.00022091192711931674
5593,0,0,2,0.0003008018086217225
5594,0,0,2,0.00023613358266682023
5595,0,0,1,6.944841147399571e-05
5596,0,0,2,0.00027507358067284393
5597,53,0,2,0.00038310822128894664
5598,0,0,2,0.00031459403690048225
5599,0,0,2,7.084899036880511e-05
5600,0,0,2,0.0006104757956513285
5601,0,0,2,6.676702200919136e-05
5602,0,0,2,0.0001733176107424711
5603,4036,0,1,0.00025134827377043246
5604,0,0,2,0.00044589209129835086
5605,0,0,2,0.0004671061921274005
5606,0,0,2,0.00012225429352438465
5607,0,0,1,0.0001280873629649028
5608,0,0,2,0.00033422905482569933
5609,0,0,2,0.00039271531457992767
5610,0,0,1,0.00036183603008208145
5611,0,0,2,9.293547333722384e-05
5612,0,0,2,0.00019742350171020798
5613,0,0,1,8.018061944728369e-06
5614,0,0,2,0.0006016811327175123
5615,0,0,1,0.00011292207086364941
5616,0,0,2,0.0001927178935797773
5617,0,0,2,0.00047852494832581986
5618,0,0,2,0.00022842538590832709
5619,0,0,2,0.00034977449849630176
5620,0,0,2,0.0001288450902946106
5621,0,0,2,5.642766531336111e-05
5622,0,0,2,0.00022946990800171786
5623,0,0,2,0.0003236401742395777
5624,0,0,2,8.888220036626791e-05
5625,0,0,2,5.643483856476279e-05
5626,0,0,1,4.014500610217769e-05
5627,0,0,2,0.0004528655563286541
5628,0,0,2,0.0003147378224720391
5629,0,0,2,0.00018325398414813804
5630,0,0,1,8.94725553226163e-05
5631,0,0,2,0.0001885494982161453
5632,0,0,2,0.0003750806141070574
5633,0,0,2,0.00010244630963620421
5634,0,0,2,0.00017287260977479188
5635,0,0,2,0.0002743197664656661
5636,0,0,2,0.000200666375587239
5637,0,0,2,0.00044054325321454254
5638,0,0,2,0.00017127398601964733
5639,0,0,2,0.00020593241744510009
5640,44,0,1,7.746255400856729e-05
5641,0,0,2,4.637779143590089e-05
5642,0,0,2,0.00022297800561508463
5643,0,0,1,9.150395086135265e-05
5644,0,0,1,7.876680844111632e-05
5645,0,0,2,0.00020235530923378377
5646,0,0,2,0.0003189832732660297
5647,0,0,2,8.743294482956527e-05
5648,0,0,2,0.0003769654474613007
5649,0,0,2,0.0002725011297799638
5650,0,0,2,0.0001774861220834866
5651,0,0,1,7.377548561535335e-05
5652,0,0,2,2.4275638863332564e-05
5653,0,0,2,0.00016549583074754464
5654,0,0,1,0.00024428698865021977
5655,2200,0,2,0.0010485030346298182
5656,0,0,1,9.009599351389265e-06
5657,0,0,2,0.00023997270493781258
5658,0,0,2,0.00025544932039318056
5659,0,0,2,0.00018194494235530167
5660,0,0,2,0.00026652115884151685
5661,0,0,1,8.278130947782975e-05
5662,0,0,2,0.0005574897588246206
5663,0,0,1,2.3113919507747125e-05
5664,0,0,2,0.0001720620860239438
5665,0,0,2,0.000126275768819621
5666,0,0,2,3.5697245558806105e-05
5667,0,0,2,0.0008366713680676493
5668,0,0,1,9.697771141540359e-06
5669,0,0,1,0.00019145534327894129
5670,0,0,2,0.0003523223736425955
5671,0,0,2,0.0010758461898167158
5672,0,0,2,0.00021304448416770798
5673,0,0,2,0.00020079659836789226
5674,0,0,2,0.0004409222815078885
5675,0,0,2,0.00022217969185191736
5676,0,0,2,0.0002715197496733674
5677,0,0,2,0.0004299027765699
5678,0,0,2,0.0006313579739678172
5679,0,0,2,0.00025762892387194827
5680,0,0,1,7.166500973743383e-05
5681,0,0,1,6.47515639271075e-05
5682,0,0,1,0.00015286450702039976
5683,0,0,2,0.0003280879556822542
5684,0,0,1,1.3649798797629882e-05
5685,0,0,1,4.336193723209293e-06
5686,0,0,2,0.00029441563500860686
5687,0,0,2,0.00022707753308279048
5688,0,0,2,0.0004877428404572785
5689,0,0,2,4.947568965522097e-05
5690,0,0,2,0.00018986550401458744
5691,0,0,2,0.00035078206653709225
5692,0,0,2,0.0004199306906267676
5693,0,0,2,0.00018861217638773369
5694,0,0,2,0.0005305085150989618
5695,0,0,2,0.0004827155501861902
5696,0,0,2,8.839521653264922e-05
5697,0,0,2,0.00017373705471921693
5698,0,0,1,8.482126461843653e-05
5699,0,0,2,0.00014545025055039227
5700,0,0,2,0.00030713634779123457
5701,0,0,2,0.00032896425573264394
5702,0,0,2,0.00010689961832514152
5703,29,0,2,6.568218781967947e-05
5704,0,0,2,0.0005667360984718225
5705,0,0,2,0.00019516012391701987
5706,0,0,2,0.00012313237705239443
5707,0,0,2,2.032849703848698e-05
5708,0,0,2,5.423420421276608e-05
5709,0,0,2,2.677979650780823e-05
5710,0,0,2,0.0005761858382976984
5711,0,0,2,0.0003342255358232782
5712,0,0,2,0.00016851195142935258
5713,0,0,2,0.00028634960336131217
5714,0,0,2,8.811886357883758e-05
5715,0,0,2,0.00014052654618652255
5716,0,0,2,0.0005944556377994398
5717,141,0,2,0.0003231540517083595
5718,0,0,2,0.00010367502223998957
5719,0,0,2,0.00038353651864773616
5720,0,0,2,6.91713528987569e-05
5721,0,0,2,9.214554690675658e-05
5722,0,0,2,0.00014915572739137163
5723,0,0,2,0.00021284845114010563
5724,0,0,2,0.0004057445730575648
5725,0,0,2,0.0003120810553692753
5726,0,0,2,7.531142733301e-05
5727,0,0,2,0.0005883434595445391
5728,0,0,2,0.0009667685373950201
5729,0,0,2,0.0001785717267360816
5730,0,0,2,2.0542851620308867e-05
5731,0,0,2,4.574286812345132e-05
5732,537,0,2,0.00017813421856592684
5733,0,0,2,0.0009282589227609505
5734,0,0,2,0.00034042944584031703
5735,0,0,2,4.8066195042324865e-05
5736,0,0,2,0.00015189812435925198
5737,271,0,1,0.0003865916589776436
5738,0,0,2,0.0001805805799176407
5739,0,0,2,0.00039047246735036983
5740,0,0,2,0.000570578622000562
5741,0,0,2,0.0003171755017046522
5742,0,0,2,0.00045686904705749494
5743,0,0,2,0.0004401928456731265
5744,0,0,2,0.0003218884408465404
5745,0,0,2,0.00011799264300967356
5746,4264,0,2,0.0006648257762368125
5747,0,0,2,0.00012758510455252134
5748,0,0,2,0.0001871049332640051
5749,0,0,1,9.309576877827916e-05
5750,0,0,2,0.00022117764551218686
5751,0,0,2,0.00020988482579352587
5752,0,0,2,0.00012156029569474993
5753,0,0,2,0.0003224882047253713
5754,1053,0,2,0.0002961638128769042
5755,0,0,2,0.0004696953968210115
5756,0,0,2,0.0004292916223388012
5757,0,0,2,0.0003156620224554326
5758,0,0,1,8.284909360011734e-05
5759,201,0,2,0.0002771866647298695
5760,0,0,2,9.648842907730652e-05
5761,0,0,1,7.383001641733151e-05
5762,476,0,2,6.815452046489453e-05
5763,0,0,2,1.5951624270075985e-05
5764,685,0,2,6.783284634144653e-05
5765,0,0,2,9.45316183510057e-05
5766,0,0,2,4.0218601120548697e-05
5767,0,0,2,0.00017040223439168553
5768,0,0,2,5.918044486468679e-05
5769,0,0,2,2.6210741269793023e-05
5770,0,0,2,0.00022202892538611036
5771,0,0,2,0.0002631712266690586
5772,0,0,2,0.0006159155305996106
5773,7,0,2,0.0003162303555829902
5774,0,0,2,0.00022520942580606153
5775,0,0,1,0.00021518911579099318
5776,0,0,2,0.0005268506888380519
5777,0,0,2,0.00019101245162513557
5778,0,0,2,0.0003862994069372066
5779,0,0,2,0.00012876562821260488
5780,0,0,2,0.00019553071612323343
5781,0,0,1,0.0001721994479148362
5782,0,0,2,0.00014734753681635272
5783,0,0,2,0.0002703094634825544
5784,0,0,2,0.00036788590379829416
5785,0,0,2,0.0003744975871368484
5786,0,0,2,0.0006201454904948562
5787,0,0,1,1.7036721416931555e-05
5788,0,0,2,7.184903146374915e-05
5789,0,0,2,0.00011075447087089905
5790,0,0,2,0.00015909472794768472
5791,0,0,2,0.00020810140404314538
5792,0,0,2,4.10582052300042e-05
5793,0,0,2,0.00030486170108836474
5794,0,0,2,0.0006575224602651827
5795,0,0,2,0.00017229915716051713
5796,0,0,2,3.056979550175141e-05
5797,0,0,2,0.00012757407811997957
5798,46,0,2,0.0002466023787374945
5799,0,0,2,4.767123803169553e-05
5800,0,0,2,0.000163974799589668
5801,0,0,2,0.000156738530058218
5802,0,0,2,0.00010588870260033227
5803,0,0,2,0.0002360951839641728
5804,0,0,2,0.000273483419048138
5805,0,0,2,0.00031127875223048646
5806,0,0,2,0.0005052248318135183
5807,0,0,1,0.0002884963068531159
5808,0,0,2,0.0003959761514758851
5809,0,0,2,0.00015854323944334184
5810,0,0,1,0.00012514211402139737
5811,7,0,1,0.00018601406137260898
5812,0,0,2,0.00010767633889083014
5813,0,0,2,0.0003636510648087881
5814,0,0,2,0.000250045287194156
5815,0,0,2,0.00023078599613353827
5816,0,0,2,0.00014483624895765882
5817,0,0,2,0.0001104332440382051
5818,0,0,2,0.0003029379576442699
5819,0,0,2,0.0006559065338892906
5820,0,0,2,0.00039609736809419985
5821,18,0,2,0.00031327036943920285
5822,0,0,2,0.00021168589541430325
5823,0,0,2,0.0005790067646693325
5824,0,0,2,0.0005577691724300501
5825,0,0,2,8.263975520887293e-05
5826,0,0,2,0.00015505190523933755
5827,0,0,2,0.0006168922029717072
5828,0,0,2,0.00010300822184461398
5829,0,0,2,3.0268338489777293e-05
5830,0,0,2,0.0002611544005848357
5831,0,0,1,1.682342724593331e-05
5832,0,0,1,0.00030813213823232215
5833,0,0,2,0.00039325597615048137
5834,0,0,2,9.067063484674767e-05
5835,603,0,2,0.00023259059363867234
5836,0,0,2,0.0002366569564226101
5837,0,0,2,0.0005361405267533906
5838,19,0,2,0.00031730570317812915
5839,0,0,2,0.00022407938911844747
5840,0,0,2,2.9403043991630444e-05
5841,0,0,2,0.0002839772154219139
5842,0,0,2,0.0002558605584421631
5843,0,0,2,0.0002256576784590886
5844,0,0,2,0.0005456435037834873
5845,0,0,2,0.00033122780671747225
5846,0,0,2,0.000127075666870037
5847,0,0,2,0.0003234816571215283
5848,0,0,1,0.00023262143514368743
5849,20,0,2,0.00020755402508548887
5850,0,0,2,0.00036886665501184134
5851,0,0,2,0.0003711877101271146
5852,0,0,2,0.00033818192128053836
5853,0,0,2,0.00029420747756939104
5854,0,0,2,0.00016072027499848738
5855,0,0,2,3.78639511446886e-05
5856,1606,0,2,0.00020378708014976227
5857,0,0,2,0.0006828460941387478
5858,0,0,1,0.00023704527700946573
5859,0,0,2,0.00034076622016518285
5860,0,0,2,0.0001637451673806305
5861,0,0,2,0.00014502165667239924
5862,0,0,2,0.00014869021961362458
5863,0,0,2,7.181789391029208e-05
5864,0,0,1,4.661822051334167e-05
5865,0,0,1,9.017953466158433e-05
5866,0,0,2,0.0003460069156673229
5867,0,0,2,0.0002164534867993532
5868,0,0,2,0.00019171439900859727
5869,0,0,2,7.400796628847579e-05
5870,0,0,2,6.878562683741453e-05
5871,0,0,2,0.00022757142433777155
5872,0,0,2,0.00015831145668921876
5873,0,0,2,0.0002363668542966506
5874,0,0,2,0.00019644195359068428
5875,7,0,2,0.00015742606098976077
5876,0,0,2,0.0009314770996407466
5877,0,0,2,0.00010310672685231797
5878,0,0,2,0.0003425717795113114
5879,0,0,2,6.795082158142526e-05
5880,0,0,2,9.540855037041968e-05
5881,0,0,2,5.645490562608832e-05
5882,0,0,2,4.238463725119541e-05
5883,0,0,2,4.441505705140572e-05
5884,0,0,1,6.719394265004441e-05
5885,0,0,2,4.8199543553181154e-05
5886,0,0,2,6.185586775227348e-05
5887,0,0,2,0.00019175972265862611
5888,0,0,2,0.00020574561231252457
5889,0,0,2,0.0001540534960014443
5890,0,0,2,0.00036417806675853977
5891,0,0,2,0.00021539074288890814
5892,3800,0,2,0.0004207167927758325
5893,0,0,2,0.00024262750535423487
5894,0,0,2,0.0001332048432978765
5895,0,0,2,0.0001758235822550287
5896,0,0,2,0.00013708881670235985
5897,0,0,1,0.00021276425361949533
5898,0,0,1,9.799095102223444e-05
5899,59,0,2,0.0001553716514516779
5900,0,0,2,7.632800885509228e-05
5901,0,0,2,0.0004501802860093076
5902,0,0,2,0.0002231058195020112
5903,0,0,2,0.0005886944352027473
5904,0,0,2,4.7884211225559576e-05
5905,0,0,2,6.941844885895714e-05
5906,0,0,2,0.0003510973692606693
5907,0,0,2,0.00021264968879690003
5908,0,0,2,4.179390922858241e-05
5909,0,0,2,0.00010352573588067779
5910,7,0,1,0.0001829355475389598
5911,0,0,2,0.0002408852389192629
5912,0,0,2,0.0004821132123983308
5913,0,0,1,1.32994245072045e-05
5914,0,0,2,0.0004982073185219762
5915,18,0,2,3.9151069617806174e-05
5916,410,0,2,0.0003573090084546213
5917,0,0,2,0.00015396261703092898
5918,0,0,2,1.0444014748534529e-05
5919,0,0,2,0.00016824539507947166
5920,0,0,2,5.1973797570727885e-05
5921,0,0,1,0.00021803198909459468
5922,0,0,2,0.0004998255335527984
5923,0,0,2,8.543471465528621e-05
5924,7582,0,2,0.0011668611333954778
5925,0,0,2,0.00047934667740396936
5926,41,0,2,0.00018132318051294208
5927,0,0,2,0.00022784602538153788
5928,0,0,2,0.0001426749773855164
5929,0,0,2,0.00011446424388991012
5930,0,0,2,5.980007717556844e-05
5931,0,0,2,0.00012968991031325988
5932,2337,0,1,1.6482962830189838e-06
5933,0,0,1,0.00018205101415207393
5934,619,0,1,3.986917754641476e-05
5935,0,0,2,0.00018459581686438653
5936,0,0,2,0.00039526526505777077
5937,0,0,2,0.00013223811760843817
5938,0,0,2,0.00020067799944123197
5939,0,0,2,0.0003389146293014466
5940,0,0,2,2.1567288767529835e-05
5941,0,0,2,0.0005583281631139733
5942,0,0,2,0.00018077159797218062
5943,0,0,1,4.4541339813212575e-05
5944,0,0,2,0.0003756106431684097
5945,0,0,1,0.00021359668479882776
5946,0,0,2,0.00011630021139841407
5947,0,0,2,4.9550553804927784e-05
5948,0,0,2,1.5164565039689743e-05
5949,0,0,2,0.00014526249610069487
5950,0,0,2,0.00010299403086532283
5951,0,0,1,0.0001653421410539188
5952,0,0,2,0.0002949925718932259
5953,0,0,1,0.00012033986066828373
5954,0,0,2,0.00010879373166402957
5955,0,0,2,8.542175384745917e-05
5956,0,0,2,0.00017513022316473058
5957,0,0,2,0.00033875235262202294
5958,0,0,2,0.0005802414116899501
5959,0,0,2,0.000831046863786132
5960,0,0,2,0.00011579467807030934
5961,0,0,2,0.0004639700929584034
5962,0,0,2,0.00019633415746927023
5963,0,0,1,0.00019296748303353377
5964,0,0,1,0.00020721353139372322
5965,0,0,2,0.00016347081891254295
5966,0,0,2,0.00036632714373662097
5967,0,0,2,0.0003626025515864255
5968,0,0,2,0.0005713311340806514
5969,0,0,2,7.49706971164336e-05
5970,386,0,1,4.750148457688625e-06
5971,0,0,2,0.0006419501595284454
5972,0,0,2,0.0001736777317565983
5973,0,0,2,0.0003096125642132857
5974,0,0,2,5.297247492800667e-05
5975,0,0,1,6.991013283662037e-05
5976,0,0,2,0.00018780721967173242
5977,0,0,2,8.890823355183448e-05
5978,0,0,2,9.762908133524654e-05
5979,0,0,2,0.00018734491792726687
5980,0,0,2,0.0003972952704984362
5981,0,0,1,0.00013498269848814267
5982,0,0,1,8.48807698576232e-05
5983,0,0,2,0.0003142723424851932
5984,0,0,2,0.00040700171072804894
5985,0,0,1,0.00027881972017890883
5986,0,0,2,0.0002646722410717411
5987,0,0,1,0.00030140628528371044
5988,0,0,2,0.0007031517927996108
5989,0,0,2,0.0002556066146164096
5990,0,0,2,9.397266806965609e-05
5991,0,0,2,0.00021586864374481524
5992,0,0,2,0.0005722131180425796
5993,0,0,2,0.0003585483341478937
5994,0,0,2,0.00022337038428764
5995,0,0,2,0.00018633743470729456
5996,0,0,2,0.0003643560020185487
5997,0,0,2,0.00027673748054293063
5998,0,0,2,0.00020626442455570472
5999,0,0,2,0.00045309726337389796
6000,0,0,2,0.00041688980477217223
6001,0,0,2,0.0006531259632551577
6002,0,0,2,0.00043425182136852693
6003,0,0,2,0.00017489165488182454
6004,0,0,2,0.0005041975817006956
6005,0,0,2,7.3300943995339e-05
6006,0,0,2,0.0003313457194039091
6007,0,0,2,0.00017353860041535114
6008,0,0,2,0.00022273094419053666
6009,0,0,2,7.810153233593207e-05
6010,0,0,2,0.00033059003337695833
6011,0,0,2,0.0003681191797583456
6012,0,0,2,0.0003774618050323485
6013,0,0,1,3.005064711947573e-05
6014,0,0,2,1.9545420385400315e-05
6015,0,0,2,0.0003509347043615643
6016,0,0,2,0.0002591232602651835
6017,0,0,2,0.0004373992740044638
6018,0,0,2,0.0002851783570041656
6019,0,0,2,0.00027716337575695065
6020,0,0,2,0.0005955309541496489
6021,0,0,2,0.00011534884100077248
6022,0,0,2,0.0001295555440829112
6023,0,0,2,7.542834132632446e-05
6024,0,0,2,0.00025284155521295717
6025,0,0,2,0.0004433271779093356
6026,0,0,2,4.358859454058453e-05
6027,0,0,2,6.151156739958199e-05
6028,0,0,2,0.0004839205338602563
6029,0,0,2,0.00011001031069344309
6030,0,0,2,0.00015760673370519807
6031,0,0,2,0.0006628349126682742
6032,0,0,2,8.300921779245224e-05
6033,0,0,2,3.723994211518064e-05
6034,0,0,2,0.0004892215718532159
6035,0,0,1,6.335258355269786e-05
6036,0,0,2,3.1155167401474514e-05
6037,82,0,2,0.0003693417178582351
6038,0,0,2,0.0005870386520469788
6039,0,0,2,0.00025268685552893547
6040,519,0,2,8.41999020829952e-05
6041,0,0,2,0.00035553282893096877
6042,0,0,2,2.8531921343346975e-05
6043,0,0,2,0.00011215358939727648
6044,0,0,2,0.0007175004488376453
6045,0,0,2,6.111364095131395e-05
6046,0,0,1,1.2683999264648351e-05
6047,0,0,2,0.00027265204975777626
6048,0,0,1,0.00010114823364465966
6049,0,0,2,0.00015433408591653577
6050,0,0,2,0.00024882209377451224
6051,0,0,2,0.00035104716891707727
6052,0,0,2,0.00010682334434172381
6053,0,0,1,0.00021700464846555848
6054,0,0,1,0.000117324081474548
6055,0,0,1,0.0001507427196595927
6056,0,0,1,1.636340391199836e-05
6057,0,0,2,0.0005650183647711142
6058,0,0,2,0.00023298388256856023
6059,0,0,2,4.858937161110316e-05
6060,0,0,2,0.00019218586712936556
6061,0,0,2,0.0001781251520966556
6062,0,0,2,0.00020221647017177043
6063,0,0,2,0.00014492344546394393
6064,0,0,2,0.0007885256788779824
6065,0,0,2,0.0001970446129194517
6066,0,0,2,0.00015194558472429552
6067,659,0,2,0.0002730745188288149
6068,0,0,2,0.0002936660103106867
6069,0,0,2,0.00018940865977318754
6070,0,0,2,0.0003820881157837499
6071,0,0,2,0.0005248405551320977
6072,0,0,2,0.00046297460333083614
6073,3421,0,1,0.000348400728302237
6074,0,0,2,0.00019401811284285595
6075,0,0,2,0.0003968963039971837
6076,0,0,2,0.0003423658515623222
6077,0,0,2,0.0001687845749165818
6078,0,0,2,0.0005628855029869627
6079,0,0,2,0.00010071536408618023
6080,58,0,2,8.406297607167033e-05
6081,0,0,2,6.507462594854868e-05
6082,0,0,1,1.3868181157592301e-05
6083,0,0,2,0.0001696009637828139
6084,0,0,2,0.0003964590989719463
6085,0,0,2,0.00033460700201597783
6086,0,0,2,0.00039180717096892623
6087,0,0,2,9.323541086215221e-05
6088,0,0,2,8.146195261418207e-05
6089,0,0,2,3.400438965136676e-05
6090,0,0,2,0.00012614194248589578
6091,0,0,2,0.00010582009342284033
6092,0,0,2,0.00022374901846878122
6093,0,0,2,0.00020510343184229778
6094,0,0,2,0.0003272912522770711
6095,0,0,1,3.359964215773056e-06
6096,0,0,2,3.381654270667129e-05
6097,0,0,2,0.00021191116939975506
6098,1357,0,2,0.00016378514504464687
6099,0,0,2,0.0002105372923073011
6100,0,0,2,8.131454950400118e-05
6101,0,0,2,0.00012909090763661875
6102,48,0,1,3.423094465250676e-05
6103,0,0,2,0.00018216582552781622
6104,0,0,2,0.0001593647762988697
6105,32,0,2,0.00044636607639362517
6106,7,0,2,0.0005913495223547345
6107,0,0,1,1.1822496384426027e-05
6108,0,0,2,0.00011159116218312851
6109,0,0,2,0.00012025116601912366
6110,0,0,1,7.860924472414718e-05
6111,0,0,2,4.314564616213825e-05
6112,0,0,2,0.0002728926706998969
6113,0,0,2,0.000263157622894515
6114,0,0,2,0.00014317881046059253
6115,0,0,2,1.228793819606327e-05
6116,0,0,2,0.00013261010907316662
6117,0,0,2,0.00017905118771979772
6118,0,0,2,0.00014740671007677818
6119,0,0,2,0.0008688653580076829
6120,0,0,1,0.00015801365220062126
6121,0,0,2,0.000213356905829834
6122,0,0,1,2.6043153038715738e-05
6123,0,0,2,8.302761631316064e-05
6124,0,0,2,0.0003093253320508123
6125,0,0,2,0.00023103346371845934
6126,0,0,2,0.00028739818350771994
6127,0,0,2,0.00010896772541745611
6128,0,0,2,0.00012148650348346219
6129,0,0,1,3.51498104293781e-05
6130,0,0,1,7.887782626843678e-05
6131,862,0,1,6.054573846254439e-05
6132,0,0,2,4.159695076144175e-05
6133,0,0,1,7.857925603068217e-06
6134,0,0,2,0.00014790521143447273
6135,0,0,2,0.00023429966049171637
6136,0,0,2,0.0002924639667439145
6137,0,0,2,0.0003544922670214629
6138,0,0,2,0.00026196336461645296
6139,7,0,2,0.0002011020618261513
6140,0,0,2,0.00017045517407000352
6141,0,0,2,0.0002318303288698105
6142,0,0,2,9.141690558045608e-05
6143,0,0,2,0.00013399258367776388
6144,0,0,2,0.00046375156237648055
6145,0,0,1,2.1497675472414785e-05
6146,0,0,2,0.0002422017345853456
6147,0,0,2,7.632786293938578e-05
6148,0,0,2,0.00010777094718022772
6149,0,0,1,0.00017854666702695198
6150,0,0,1,7.429466002828562e-05
6151,0,0,2,2.3731393518369546e-05
6152,0,0,2,0.0004615516347151043
6153,0,0,2,0.000428961764124133
6154,0,0,2,0.000529189544486901
6155,68,0,2,0.0001709005612629449
6156,0,0,1,0.0001685028051116597
6157,0,0,2,0.00018057997107373536
6158,0,0,2,0.0003111446762680242
6159,0,0,2,0.0003650434065709532
6160,0,0,2,0.0002751178568624979
6161,0,0,2,0.00020523844531780542
6162,0,0,2,0.00015283510173021899
6163,0,0,2,7.014438718002942e-05
6164,0,0,2,2.6152784147039594e-05
6165,0,0,2,0.00014457275384019565
6166,0,0,2,2.946046367889287e-05
6167,0,0,1,7.817788505850562e-05
6168,7,0,2,0.00030626029695807243
6169,0,0,2,0.00031132379122631425
6170,0,0,2,9.457241316905806e-05
6171,0,0,2,0.00014687279783778668
6172,0,0,1,4.1229171854452165e-05
6173,0,0,1,0.0001257880494753314
6174,0,0,2,0.00010908676159830359
6175,0,0,2,0.0005527440643315747
6176,0,0,2,0.0003746732482345445
6177,0,0,2,0.00019805707601742252
6178,0,0,2,0.00013526931486868409
6179,0,0,2,9.076101410342342e-05
6180,0,0,2,0.00012195670190890156
6181,0,0,2,0.0003786315089231736
6182,186,0,2,8.042821404345939e-05
6183,0,0,1,2.3132276888870513e-05
6184,0,0,2,0.00033977088669654294
6185,0,0,2,0.000480487235930832
6186,0,0,2,0.000518522682450884
6187,0,0,1,0.00010205359595584947
6188,0,0,2,6.410881419127247e-05
6189,0,0,2,0.0002861085840662408
6190,7,0,2,0.00046368786718346686
6191,0,0,2,0.00011011299437781104
6192,0,0,2,0.00020772591172136322
6193,0,0,1,0.0002610744636180253
6194,0,0,2,0.0006478749043169784
6195,0,0,2,0.00031198880199955837
6196,0,0,2,0.00014553097603741959
6197,0,0,2,0.0004535195488689337
6198,0,0,2,0.0003403735726298393
6199,0,0,2,0.00045182764171606193
6200,0,0,2,0.00011274281541112919
6201,19,0,2,0.00013173002550259034
6202,0,0,2,0.0003487925514992694
6203,0,0,2,0.00014933859271620058
6204,0,0,2,0.0002505885096034255
6205,0,0,2,0.00014485297335388718
6206,0,0,2,0.0002590870772331295
6207,0,0,2,0.00030198509679029735
6208,0,0,2,0.0003973218973830265
6209,0,0,2,0.0005443884467072567
6210,0,0,2,0.00011329003080558066
6211,0,0,2,9.666125901811254e-05
6212,0,0,1,0.00019194455989257657
6213,412,0,2,0.00017561262819476293
6214,0,0,2,0.0005087358425773665
6215,0,0,1,8.964324093341979e-05
6216,0,0,2,0.0001981390297749062
6217,0,0,2,0.0001802302724923524
6218,0,0,2,0.00012227184428522457
6219,0,0,1,3.096353864275341e-06
6220,0,0,2,0.00048048501124086073
6221,0,0,2,2.5216652198567824e-05
6222,0,0,2,1.1561592526971812e-05
6223,0,0,2,0.0003478931767983101
6224,0,0,2,3.973524626989499e-05
6225,94,0,1,2.5481578900550363e-06
6226,0,0,2,0.00012977447000270094
6227,60,0,2,0.0003698992152244813
6228,0,0,2,0.0002602943333985119
6229,0,0,1,0.0001256396089965747
6230,0,0,2,4.332167094805986e-05
6231,0,0,1,3.38233383499747e-05
6232,0,0,2,0.00031142970264082736
6233,0,0,1,8.162700717620639e-05
6234,7,0,2,0.00017209169682105857
6235,0,0,2,9.019867968844719e-05
6236,0,0,2,0.0003448834487094438
6237,0,0,1,0.00010177599023487043
6238,0,0,2,0.00022327701507728854
6239,0,0,2,8.45844546007185e-05
6240,0,0,1,0.00010405343016733132
6241,0,0,2,9.077781130963844e-05
6242,0,0,2,0.00033583258651804013
6243,0,0,2,0.00046165933626065187
6244,0,0,2,0.00020832662314499293
6245,7037,0,2,0.0001654559598715005
6246,0,0,2,0.0002122112108206984
6247,0,0,2,1.4467003476004465e-05
6248,0,0,2,0.00046611030966307816
6249,0,0,2,7.676312065070576e-05
6250,0,0,1,2.546390363878903e-05
6251,0,0,2,5.7960484083150085e-05
6252,0,0,2,4.013911832146369e-05
6253,0,0,2,0.0002663834944673192
6254,0,0,2,0.00019114408417513135
6255,0,0,2,0.0006442409580925981
6256,2778,0,2,0.00027249627313795204
6257,0,0,2,4.8343162700229606e-05
6258,0,0,2,7.045983852511941e-05
6259,0,0,2,0.00037922609394339986
6260,0,0,2,0.0002305510171632723
6261,0,0,1,6.81931202344642e-05
6262,0,0,2,0.00042226878409049046
6263,0,0,2,0.0003471905700663126
6264,0,0,2,0.000391305959504011
6265,0,0,1,0.0003103414303786873
6266,0,0,2,0.00025955775549698333
6267,0,0,2,0.00019121793176126126
6268,0,0,2,6.706921943521199e-05
6269,0,0,2,0.0004186787084295664
6270,0,0,2,7.883147376335029e-05
6271,0,0,2,0.00025399476104229977
6272,0,0,2,0.0006821235098769236
6273,0,0,2,0.00016659394494993133
6274,0,0,2,0.00010449531201356629
6275,0,0,1,2.0390608198541683e-05
6276,0,0,2,0.00014493759116490754
6277,0,0,2,0.0005933774054706849
6278,0,0,2,0.00019833335006918688
6279,0,0,2,0.00014665898958608994
6280,0,0,1,6.529546905383316e-05
6281,0,0,2,4.9870125340681256e-05
6282,0,0,2,0.0007340136337553526
6283,0,0,2,0.0001706068477530597
6284,0,0,2,0.00019622758317238526
6285,0,0,2,0.00024032930718421397
6286,0,0,2,0.0007543495181125829
6287,0,0,2,0.000178396429172867
6288,0,0,2,0.000685779454747598
6289,0,0,2,0.000444616847824359
6290,0,0,1,1.5950510262826144e-05
6291,0,0,2,8.69730720054824e-05
6292,0,0,2,0.000199231281366176
6293,0,0,2,0.000408152887482602
6294,0,0,2,0.0001353426670983754
6295,0,0,1,0.000728904043461471
6296,0,0,2,0.0005528494463577931
6297,0,0,2,0.0002009366680640568
6298,0,0,2,3.861185189473645e-05
6299,0,0,1,7.197414934560224e-05
6300,0,0,2,7.175781769717487e-05
6301,0,0,2,7.571471743528125e-05
6302,0,0,2,0.00011846459779835289
6303,756,0,2,0.00019752250623837503
6304,0,0,2,2.8321568536173115e-05
6305,0,0,2,0.0002887512127542248
6306,0,0,2,0.0003252202176768624
6307,0,0,2,0.0003814252499172851
6308,0,0,2,0.00017390988784138695
6309,0,0,1,3.1653852326311854e-05
6310,0,0,2,0.00031182312988347775
6311,0,0,1,6.11973098387966e-05
6312,0,0,2,0.0003447179703311563
6313,0,0,2,0.0002534529345179485
6314,7,0,2,0.00021634717335354954
6315,0,0,2,0.00010893483698758507
6316,0,0,2,0.00013859846198509471
6317,0,0,1,5.207836487366173e-05
6318,0,0,2,0.0002849253776878952
6319,0,0,1,4.678919152840024e-06
6320,0,0,1,0.00025307325030172925
6321,0,0,2,0.0003173242854115065
6322,0,0,2,0.0001187689536542514
6323,285,0,2,0.00013990225411081742
6324,0,0,2,4.017431199321394e-05
6325,0,0,2,0.0004218664890938889
6326,0,0,2,0.0002131042300913708
6327,0,0,2,8.100440767059552e-05
6328,7,0,2,0.0003225428246695018
6329,0,0,1,9.470497239434493e-05
6330,0,0,2,0.0005754029688301387
6331,0,0,2,0.000287687980590419
6332,0,0,2,0.00011081550161909209
6333,0,0,2,0.00022565134464533744
6334,0,0,2,0.00011888759157497278
6335,0,0,2,0.00048288721842471477
6336,0,0,2,0.00013244833147652322
6337,0,0,2,0.00015707465589595609
6338,0,0,2,0.0005315369733453762
6339,0,0,2,0.00010970517791976396
6340,0,0,2,0.00019842812643447756
6341,0,0,2,0.00029194173501284284
6342,0,0,2,3.825273843634885e-05
6343,0,0,2,0.0003081711782927767
6344,0,0,2,0.00016089470646570543
6345,0,0,2,0.00012965698121313602
6346,0,0,2,0.0003530851349503505
6347,0,0,2,0.0005063781918122504
6348,0,0,1,0.00022187909631820823
6349,0,0,2,0.00038494639439199
6350,0,0,1,0.0006433132934091066
6351,0,0,2,0.0003942239299158921
6352,0,0,2,0.0003549115226395982
6353,0,0,2,0.00023759375584318025
6354,0,0,2,0.00020115416331136226
6355,0,0,2,5.8997230438380154e-05
6356,0,0,2,0.0002048047605628914
6357,0,0,2,0.00024880548397229334
6358,0,0,2,0.00034000260690734263
6359,0,0,2,0.00015937126089116355
6360,0,0,2,0.00018448397197104438
6361,0,0,2,0.0004687392790664491
6362,0,0,2,0.00038956076485054185
6363,0,0,2,0.00048486911127867613
6364,0,0,1,2.36565981492321e-05
6365,0,0,2,0.000577756827562301
6366,0,0,2,0.00017880857452157859
6367,0,0,2,0.00038231018007383965
6368,0,0,2,0.0001868349156692761
6369,0,0,2,0.00018626844704318024
6370,0,0,2,0.00026295099069081104
6371,0,0,2,0.00044825717194638245
6372,0,0,2,0.00018314556258199554
6373,0,0,2,0.00039587587066944866
6374,584,0,2,0.0002450527003800094
6375,0,0,2,0.00016538863739440343
6376,0,0,2,0.00017719993917785558
6377,0,0,2,0.0001881146359759126
6378,0,0,2,9.553355253306006e-05
6379,0,0,2,0.0003451314472009549
6380,0,0,1,2.5655063266597037e-06
6381,0,0,2,0.00021137770564518164
6382,0,0,2,0.00024611889815644096
6383,7,0,2,7.423953793845816e-05
6384,0,0,2,0.0005215767443945235
6385,0,0,2,0.0005965225726946554
6386,0,0,1,0.00012671247676765448
6387,0,0,2,0.00026698916503554884
6388,29,0,2,0.00035124816187944856
6389,0,0,2,0.00024970395850149686
6390,0,0,2,0.00018853604946275193
6391,0,0,2,8.870821511243517e-05
6392,0,0,2,0.00026580764254912243
6393,7,0,1,0.0002779360822758715
6394,0,0,2,0.0008481008726303757
6395,0,0,2,0.00016705252266992492
6396,0,0,2,7.23300150173331e-06
6397,0,0,2,0.0002324998854765426
6398,0,0,1,8.043569939698873e-05
6399,87,0,2,2.390861613453111e-05
6400,0,0,1,8.712245335887206e-06
6401,0,0,2,0.0004886955453668565
6402,0,0,2,0.00019118290627371018
6403,0,0,2,0.00035849645871500606
6404,0,0,2,0.00015454657677500534
6405,0,0,2,0.00010044476411477623
6406,0,0,2,0.0004315702689743393
6407,0,0,2,9.662617861609353e-05
6408,0,0,2,0.0004006856564860306
6409,0,0,1,0.00011865215488538409
6410,0,0,2,0.0004692638521052241
6411,0,0,1,8.131979785466341e-05
6412,0,0,2,8.019783387148664e-05
6413,0,0,2,0.0005548257808163479
6414,0,0,1,3.404765148129055e-05
6415,0,0,2,0.0005363567998112805
6416,0,0,2,0.0004093970048387975
6417,0,0,1,8.593826665643562e-05
6418,0,0,2,0.00023386237169056775
6419,0,0,1,3.9211705943398506e-05
6420,0,0,2,5.6330184511286544e-05
6421,0,0,2,0.00014107334952680276
6422,0,0,2,0.00045089352090955416
6423,0,0,2,0.00022047676420059535
6424,1020,0,2,0.0008536605782326959
6425,0,0,1,3.0094450791930833e-05
6426,0,0,2,0.000172379172561188
6427,0,0,2,7.934767227730916e-05
6428,0,0,2,0.00013248713263835622
6429,0,0,2,0.00019669919461439355
6430,0,0,2,0.00012155895529034218
6431,0,0,2,0.00011058770605048055
6432,0,0,2,0.00022260955436520275
6433,0,0,1,9.620972106913608e-05
6434,0,0,2,0.0001139397424273963
6435,0,0,2,0.00020533204665144916
6436,0,0,2,0.0001925817508766931
6437,0,0,2,0.0004034716001117547
6438,0,0,2,5.414693835552739e-05
6439,0,0,2,0.00013387086180390956
6440,0,0,2,0.0001386165742163552
6441,0,0,2,0.00028393042016841026
6442,0,0,2,0.00033394112365960695
6443,192,0,2,0.00010839604228470747
6444,0,0,2,0.0002844637429944169
6445,0,0,2,0.00010503900579256116
6446,0,0,2,0.0003681640605338269
6447,0,0,1,0.00016225475557024943
6448,0,0,2,0.00016055143848466542
6449,0,0,2,7.568220158159016e-05
6450,0,0,2,0.00024216595658024814
6451,0,0,2,0.00045849872587303263
6452,0,0,2,0.00020333844262746843
6453,0,0,1,0.00017702191067975047
6454,0,0,2,0.00020680920978229876
6455,0,0,2,4.219291042541422e-05
6456,0,0,2,0.00024847176302702107
6457,0,0,2,0.00017051939813048043
6458,0,0,2,3.755421292990218e-05
6459,0,0,2,0.00024130980664468493
6460,0,0,2,0.0001453509140053841
6461,0,0,2,7.670289630605935e-05
6462,0,0,2,4.302871649127026e-05
6463,0,0,1,4.1989790158191475e-05
6464,7,0,2,0.00013153203560836298
6465,0,0,2,0.0005716078540761987
6466,0,0,2,0.00032872171981049715
6467,0,0,2,0.00010177412722690312
6468,0,0,2,0.0005551187847200363
6469,0,0,2,0.0001933759680679912
6470,0,0,2,0.00020976428223908752
6471,0,0,2,0.00010461291267843377
6472,0,0,2,8.223463740887477e-05
6473,0,0,2,0.0001567185479091058
6474,0,0,2,0.00011355214803112296
6475,0,0,2,0.0003252471152212037
6476,0,0,2,9.646636809654234e-05
6477,0,0,2,0.0008467045313477744
6478,0,0,2,0.00035763633028171267
6479,0,0,1,2.1655014223811667e-06
6480,0,0,2,0.0002367283614516944
6481,0,0,2,7.150433487076206e-05
6482,0,0,2,8.293837302259977e-05
6483,0,0,2,0.00025887807457933455
6484,0,0,2,0.00020621211067437737
6485,0,0,2,0.00023932027504941503
6486,0,0,2,3.135704167737818e-05
6487,0,0,2,5.612862877704519e-05
6488,0,0,2,0.0001288562384374131
6489,0,0,2,5.941575671459188e-05
6490,0,0,2,0.00019422314506783645
6491,0,0,2,0.00018718694365442334
6492,0,0,1,8.997189502749652e-06
6493,0,0,2,0.00020636881873721828
6494,0,0,1,6.311009910789166e-06
6495,0,0,2,0.00020629643523623986
6496,0,0,2,0.00013723318932144294
6497,0,0,2,0.00011213326309424294
6498,0,0,2,7.62680983809225e-05
6499,0,0,2,8.199847266461633e-06
6500,0,0,2,6.762828771086957e-05
6501,0,0,2,0.0003525522984716058
6502,0,0,1,2.4070454684977807e-06
6503,0,0,2,7.629864613816467e-05
6504,0,0,2,5.550850474906515e-05
6505,0,0,2,0.00021069057528612763
6506,0,0,2,0.0004255855018975312
6507,0,0,2,0.00018411528798774018
6508,0,0,2,0.00018903148002303427
6509,0,0,2,0.00010497869769240886
6510,0,0,2,0.0006794080841800335
6511,0,0,2,0.00016334697351298299
6512,0,0,2,0.0002230435204375752
6513,0,0,2,0.0002662736921915937
6514,0,0,1,9.792115061970055e-05
6515,0,0,2,3.5754513687654144e-05
6516,0,0,1,0.0001761167550371749
6517,0,0,2,0.0002761111204479133
6518,0,0,2,0.000593035969110037
6519,0,0,2,0.00020697280333495412
6520,0,0,2,0.00021862779656368843
6521,0,0,1,3.074958756870623e-05
6522,0,0,2,0.00017088086638617617
6523,0,0,2,3.3420476761238854e-05
6524,0,0,1,8.913980096816097e-05
6525,0,0,2,0.0005732439862275867
6526,0,0,2,0.00012800513349662228
6527,0,0,2,7.393842196170589e-06
6528,0,0,2,0.00044124738004045166
6529,0,0,2,0.00023285664038536898
6530,0,0,2,0.0001132649999017109
6531,0,0,2,4.2357812025833166e-05
6532,850,0,2,0.0005410519289360936
6533,0,0,2,0.00037863259808746107
6534,0,0,2,0.00021181575259285895
6535,0,0,1,0.00010019232887667357
6536,0,0,2,0.0001270539818118317
6537,0,0,2,0.00034321538528145665
6538,0,0,2,0.00010805108333486573
6539,0,0,2,0.000402161856258922
6540,0,0,1,0.00012413018182576006
6541,0,0,2,0.00016635955783055802
6542,0,0,2,0.00025036965907877595
6543,0,0,2,0.0006012518191818673
6544,7,0,2,5.60284914077923e-05
6545,0,0,2,0.0001663871626487272
6546,0,0,2,0.0002868101425824817
6547,0,0,2,0.00014927030678402165
6548,0,0,2,0.00022114253770291322
6549,0,0,2,0.00044803104940901263
6550,0,0,2,0.00022726404357401812
6551,0,0,1,0.00012884290709559988
6552,0,0,2,0.00015667849167494476
6553,0,0,2,0.00018997697403923234
6554,0,0,2,0.0003533051896240981
6555,0,0,1,2.9198948636270388e-05
6556,0,0,2,0.0004247007473737147
6557,0,0,2,0.000302867223873037
6558,0,0,2,0.0001613845086264876
6559,0,0,2,0.00018787113097088173
6560,0,0,2,9.11989189138711e-05
6561,0,0,2,0.0003627385641795208
6562,0,0,2,0.00030159389124158304
6563,0,0,2,0.00022142609299829216
6564,0,0,2,0.0004227891085953654
6565,0,0,2,0.00028569331943340654
6566,0,0,2,0.0001806155945661643
6567,0,0,2,0.00010998313159147834
6568,0,0,2,5.147555258041129e-05
6569,0,0,2,0.000128442166045961
6570,0,0,2,0.00045096974347009507
6571,0,0,2,0.00019790928497903225
6572,0,0,2,0.00010424013549217304
6573,0,0,2,0.0005268480012309458
6574,0,0,2,5.681815302406988e-05
6575,0,0,2,0.00016398634421561787
6576,0,0,2,0.00024262587783809538
6577,0,0,2,9.028660379342475e-05
6578,0,0,2,0.0003931030226275657
6579,0,0,2,0.00022735694907791143
6580,0,0,2,0.0003736512873523041
6581,0,0,2,0.00013867657332805765
6582,0,0,2,0.0004877757620775393
6583,0,0,2,5.025411899792415e-05
6584,0,0,2,9.375733353011465e-05
6585,0,0,2,0.000140000260888073
6586,0,0,2,9.52102066556534e-05
6587,0,0,1,0.00016721170148910775
6588,0,0,2,0.00014231130350546043
6589,0,0,2,0.0002990509596044528
6590,0,0,2,9.062634608176422e-05
6591,0,0,2,0.00035314073482252005
6592,0,0,2,0.00022772210189251976
6593,0,0,2,0.00013854008437085897
6594,0,0,2,0.00023178952793358098
6595,0,0,2,7.267687286949394e-05
6596,0,0,2,0.0005576049374471953
6597,0,0,2,0.00013670937289581904
6598,0,0,2,0.0003721773099033321
6599,0,0,2,0.00045058064443205916
6600,7,0,2,0.0003753219673121255
6601,38,0,2,0.00010337471294329654
6602,0,0,2,0.0007507179936062697
6603,0,0,2,0.0003260945739189276
6604,0,0,2,0.00014948064537749226
6605,0,0,2,0.00024461308574484316
6606,0,0,2,9.426046485489936e-05
6607,0,0,1,0.00031556013731727023
6608,0,0,2,0.00028134407811930524
6609,77,0,1,3.422476564571693e-05
6610,0,0,2,0.00012908346384154368
6611,0,0,1,9.152807609742397e-05
6612,0,0,1,1.6915146929028273e-05
6613,44,0,2,0.0007332505959571925
6614,0,0,1,4.9566685362833766e-05
6615,0,0,1,1.648792086888832e-05
6616,0,0,2,0.0002606719786662315
6617,0,0,2,0.00010435045076119763
6618,0,0,2,0.00012217434945246435
6619,0,0,2,0.0005083939975474685
6620,0,0,1,5.547015229394515e-05
6621,0,0,1,4.801306447160961e-05
6622,949,0,2,5.11995101789705e-05
6623,0,0,2,8.231900980906108e-05
6624,0,0,2,0.00017807860397013036
6625,0,0,2,0.0006521468148511822
6626,0,0,2,2.939919452684387e-05
6627,0,0,2,0.000580061428421278
6628,5994,0,2,0.0013444185221729971
6629,0,0,2,6.998318732703096e-05
6630,0,0,2,5.52169347598938e-05
6631,0,0,2,0.0002624170624290054
6632,5125,0,2,0.0003003856491110269
6633,0,0,1,4.519041191906046e-05
6634,0,0,1,3.183082817964173e-05
6635,0,0,2,1.4946524676208703e-05
6636,0,0,2,0.00032469198941983914
6637,0,0,2,0.0004341217148731273
6638,0,0,2,2.662870855531251e-05
6639,0,0,1,9.57481948970418e-05
6640,0,0,2,7.83359555235827e-05
6641,0,0,2,0.0003239885937492934
6642,0,0,2,0.00011339775658130528
6643,0,0,1,2.54489145093313e-05
6644,0,0,2,8.973500568195968e-05
6645,0,0,2,9.901127373962367e-05
6646,0,0,2,0.00017223728318965887
6647,0,0,2,0.00040222420362445407
6648,0,0,1,0.0002933804655112947
6649,0,0,1,9.851481659668744e-05
6650,0,0,1,1.5574990911754743e-05
6651,0,0,1,9.840497424404183e-05
6652,0,0,2,0.0005033167522723389
6653,0,0,2,0.00027080174451295165
6654,0,0,2,8.025211098995279e-05
6655,0,0,2,0.00014951026081337347
6656,0,0,1,4.913793613540868e-05
6657,0,0,2,0.00012688116804327696
6658,983,0,1,0.00018678815358300058
6659,0,0,2,0.00017209836718051137
6660,0,0,2,0.0003758421137279592
6661,0,0,2,0.00021751099845335647
6662,0,0,2,0.00047757493123150064
6663,0,0,2,0.00017106006123306759
6664,5943,0,2,0.001488552776892083
6665,0,0,2,0.0003432143943951288
6666,51,0,2,3.3401639253821326e-05
6667,0,0,2,0.00044078351544374485
6668,0,0,2,0.0003759690610727092
6669,0,0,2,0.0002168479620889605
6670,0,0,2,0.00012680197210207883
6671,7,0,2,0.00012650526904246095
6672,0,0,2,6.597974435180801e-05
6673,0,0,1,0.00014024545682222127
6674,0,0,2,0.00017739654005586607
6675,0,0,1,2.3677560598569824e-05
6676,0,0,2,0.00015318027721704475
6677,0,0,2,0.00012454762734131247
6678,0,0,2,0.000422247888284992
6679,0,0,2,0.00033281249545111567
6680,0,0,1,0.00015900414569194866
6681,0,0,2,0.00018750829339800903
6682,0,0,2,0.0002596931444527887
6683,0,0,2,0.00010853847492149186
6684,0,0,1,7.0514583476378e-05
6685,0,0,2,5.324081875624947e-05
6686,0,0,2,0.0004260534464027079
6687,0,0,2,0.0002692997261134583
6688,0,0,2,0.00015004866192669063
6689,0,0,2,0.0007469666236928768
6690,0,0,2,0.00022562231514406287
6691,0,0,1,0.00019415023203389527
6692,0,0,2,0.00020642546032772246
6693,0,0,2,0.00020582957381367576
6694,0,0,2,3.638975565971001e-05
6695,0,0,2,0.00024114173929610467
6696,0,0,2,9.56379489360964e-05
6697,0,0,2,0.0005182364044534803
6698,0,0,2,0.0005412252450241637
6699,0,0,2,0.0001360703891913779
6700,0,0,2,0.0001203887222540235
6701,0,0,2,0.0002540610008879024
6702,0,0,2,0.0004919512557599541
6703,0,0,1,0.00016498017781065938
6704,34,0,2,0.00034653587722428386
6705,0,0,2,0.00010891220320616654
6706,0,0,2,0.0005115306555389827
6707,0,0,2,0.00011126533117328222
6708,0,0,2,0.0003286240625543
6709,639,0,2,0.000260937425166507
6710,0,0,2,0.00029873115979312724
6711,0,0,2,0.00015001292718535645
6712,0,0,2,0.0001209919351657703
6713,0,0,2,0.0007623171225157354
6714,0,0,2,3.417766432620418e-05
6715,0,0,2,0.00035563552994074263
6716,0,0,2,0.0003304903889330123
6717,0,0,2,0.00044048952657294276
6718,0,0,1,0.00016018631352877853
6719,0,0,2,0.000156047198110636
6720,0,0,2,0.00010556770412722372
6721,0,0,2,0.00023641400072003054
6722,0,0,2,0.00032490856153188496
6723,0,0,1,7.857811590005058e-05
6724,0,0,2,3.424291839049167e-05
6725,7,0,2,0.0003087672671954065
6726,0,0,2,0.0001995613411334526
6727,0,0,2,0.00015500855942911397
6728,0,0,2,5.170618397642801e-05
6729,0,0,1,0.00011881376629054205
6730,0,0,2,0.0004933798655596592
6731,0,0,2,0.0007139340354512326
6732,0,0,2,8.50766413675589e-05
6733,0,0,2,0.0002879717267319493
6734,0,0,2,0.00036621966646394895
6735,0,0,2,4.5854070520912594e-05
6736,0,0,2,5.7421639444024184e-05
6737,0,0,2,0.00036747582191965086
6738,0,0,2,0.00010594126762376013
6739,0,0,2,0.0001306484444692104
6740,0,0,2,0.0001665209803397589
6741,0,0,2,7.307446437236523e-05
6742,0,0,1,0.0002963087302382489
6743,0,0,2,0.00015904639266971796
6744,0,0,1,7.950533319975674e-06
6745,0,0,2,0.0004882517926457258
6746,0,0,2,0.000599375926551921
6747,5901,0,2,0.00048264398110138817
6748,3864,0,2,0.00021609139728643532
6749,0,0,1,5.571120678096421e-05
6750,0,0,2,0.0002799544725275992
6751,0,0,2,3.511901336193553e-05
6752,0,0,2,0.00019118564127359886
6753,0,0,2,0.00011232731164947125
6754,0,0,2,0.0001198713444504296
6755,0,0,1,0.0001662714931014445
6756,0,0,2,0.00029389841551513435
6757,0,0,2,0.00020303843660102492
6758,0,0,2,0.0003019005815492594
6759,0,0,2,9.503907916976326e-05
6760,0,0,2,0.00022698720373966053
6761,0,0,2,0.0004942563936572078
6762,0,0,2,0.00011412126707470157
6763,0,0,1,0.0002753930516029956
6764,0,0,2,0.00022032883344417066
6765,0,0,2,0.00016049647900136027
6766,0,0,2,2.2113506719675114e-05
6767,0,0,2,0.00039876723068448883
6768,0,0,2,0.0005548063675876008
6769,0,0,2,0.00045914882530101176
6770,0,0,2,2.5101558675254946e-05
6771,0,0,2,0.000307330591871723
6772,0,0,2,8.409310496702111e-05
6773,0,0,2,9.903188743572605e-05
6774,0,0,2,0.00011018315270034905
6775,0,0,2,9.086575241924176e-05
6776,0,0,2,0.00023411631395734778
6777,0,0,2,0.00017949646659107062
6778,0,0,2,0.0001702862878921894
6779,0,0,2,0.00019542677844496632
6780,0,0,2,0.0003248945045185872
6781,0,0,2,0.00018583734250124875
6782,0,0,2,0.0003133305424250301
6783,0,0,2,0.0005613589292712169
6784,0,0,2,0.0003794490219152653
6785,0,0,2,0.00011489216193427637
6786,0,0,2,8.139939017090634e-05
6787,0,0,2,6.076230069362287e-05
6788,0,0,1,0.0002329437248133908
6789,0,0,2,0.00015895536021630498
6790,0,0,2,0.00033647338300054166
6791,0,0,2,0.000381482308019713
6792,0,0,2,0.0003770508335894306
6793,0,0,2,8.243341864536715e-05
6794,0,0,2,0.0006303591745550029
6795,0,0,2,0.00015133249495934397
6796,0,0,2,0.00020146151196923995
6797,17,0,2,0.00010834601040261922
6798,0,0,2,0.00010211190897388105
6799,0,0,2,0.00039173900613052317
6800,0,0,1,4.392369811890553e-06
6801,0,0,2,0.000191603205877701
6802,0,0,2,0.000536129917791041
6803,0,0,2,2.7860733228140907e-05
6804,0,0,2,0.0005441416060323722
6805,0,0,2,0.0006034339673153758
6806,0,0,2,0.000249251547575367
6807,0,0,2,0.00012100808538765392
6808,0,0,2,9.901865322063468e-05
6809,0,0,2,0.0001443318410220585
6810,0,0,2,0.0001847666049915858
6811,0,0,2,0.0002978735127983937
6812,0,0,2,0.0005719028074579731
6813,0,0,2,8.48318618268224e-05
6814,0,0,2,9.637424526454684e-05
6815,0,0,2,0.0003570796992244718
6816,0,0,2,0.0001702875719288098
6817,0,0,2,0.00012069172970670007
6818,0,0,2,0.0004966804843327643
6819,0,0,2,0.00040831488824651536
6820,0,0,2,8.867487687323517e-05
6821,0,0,2,0.0008655189349370208
6822,0,0,2,0.0005292396181159829
6823,0,0,2,0.00033826999307218084
6824,0,0,2,0.0002859066326272645
6825,0,0,2,0.00015313698578418714
6826,0,0,2,0.00029620430058573805
6827,0,0,2,0.00017138159376594222
6828,0,0,1,1.6877075265571805e-05
6829,0,0,2,9.182905267511234e-05
6830,0,0,2,0.00024592779230747566
6831,0,0,2,0.0004311729504707079
6832,49,0,1,0.00016806917653654902
6833,0,0,2,0.0005625612784270049
6834,0,0,2,0.00038550299737196624
6835,7,0,2,0.00017615135519853548
6836,0,0,2,0.00016278239055311967
6837,0,0,1,0.0002728683121444034
6838,0,0,2,0.00010086447182915866
6839,0,0,2,0.0003759086644051069
6840,0,0,2,0.0006789108751840486
6841,0,0,1,0.00045935679894070554
6842,0,0,2,0.00018479025329062632
6843,0,0,1,3.0422765372832604e-05
6844,0,0,2,0.00013075297708322426
6845,0,0,2,0.00014447968813568194
6846,0,0,2,0.00030652260616939234
6847,0,0,2,0.00043077244656263285
6848,0,0,2,0.0005223693125204239
6849,0,0,2,6.925294445919658e-05
6850,0,0,2,0.0001644180055928289
6851,0,0,2,0.00019904815488106095
6852,0,0,2,0.0001655337775708158
6853,0,0,2,7.867668999727159e-05
6854,0,0,2,0.0006466321607033137
6855,0,0,2,0.00018837613854078524
6856,0,0,2,0.0003410242310841626
6857,0,0,2,7.491883198658525e-05
6858,0,0,2,0.0006083746223569801
6859,0,0,2,0.00020692487156875983
6860,0,0,1,9.536048172630955e-05
6861,0,0,1,7.890976373419658e-05
6862,0,0,2,6.418631693716541e-05
6863,164,0,2,0.00026764672597822417
6864,0,0,2,4.592715299229718e-05
6865,0,0,2,0.00020453266057097924
6866,0,0,2,0.00032308245320386526
6867,0,0,2,0.0005235145713691944
6868,0,0,2,5.611597800487981e-05
6869,0,0,1,0.0001879416172462771
6870,0,0,1,2.3965237840433006e-05
6871,0,0,1,3.168610757713113e-05
6872,0,0,2,0.0005955833856887276
6873,0,0,2,0.00026111520775585876
6874,0,0,2,6.888605160050144e-05
6875,0,0,1,0.0002878633472430244
6876,0,0,2,0.0002055452299631822
6877,0,0,2,0.0001030088931406226
6878,0,0,2,2.116106464606699e-05
6879,283,0,2,0.00020178840897008737
6880,0,0,2,0.00013501976493941558
6881,0,0,2,0.0002467345186447833
6882,0,0,2,0.00013450125893395507
6883,0,0,1,1.0516981159510659e-05
6884,0,0,2,6.88402642539805e-05
6885,0,0,1,1.8186608784756362e-05
6886,0,0,1,0.0001425612206686435
6887,0,0,2,8.659575103093764e-05
6888,0,0,2,0.0001785521471858785
6889,0,0,1,0.00026795466420145994
6890,0,0,1,0.00013746988950515926
6891,0,0,2,0.00036717927927496847
6892,0,0,2,8.899081087816304e-05
6893,0,0,2,0.0002764694211754667
6894,0,0,2,0.00023910803341754746
6895,0,0,2,0.00013043549106373683
6896,0,0,2,7.827901238405182e-05
6897,0,0,2,0.00034090300665395434
6898,0,0,2,8.012303055182231e-05
6899,0,0,1,2.212040053736812e-05
6900,0,0,1,0.0002098865467624616
6901,0,0,2,0.00013898465003823232
6902,0,0,2,0.00034258679069807204
6903,0,0,2,0.0007063947343459529
6904,0,0,1,0.000399827010166276
6905,0,0,2,0.0001988274747354555
6906,0,0,2,8.560780999632593e-05
6907,0,0,1,0.00013556635782284373
6908,0,0,2,0.0006044481861430473
6909,0,0,2,0.00019219298673437665
6910,0,0,2,0.0006734411626179001
6911,0,0,2,0.00019912000605580498
6912,0,0,2,0.00040199264091633454
6913,0,0,2,0.00024127391904646701
6914,0,0,1,0.0001093428025046717
6915,0,0,1,4.734869389281688e-05
6916,0,0,2,0.00018525040252695088
6917,0,0,2,0.00027243856421290693
6918,0,0,2,0.00011246216579610815
6919,0,0,2,0.00017672309408257083
6920,0,0,2,0.0003492258670283202
6921,0,0,2,0.00016064994478704765
6922,0,0,2,0.0006287324031104614
6923,0,0,1,0.0001788319114883545
6924,0,0,2,8.405059089604956e-05
6925,0,0,2,0.00011366798629962005
6926,0,0,2,0.000198879871728015
6927,0,0,2,9.959451593931519e-05
6928,0,0,1,1.6851402250867864e-06
6929,0,0,2,0.00021149034699440133
6930,0,0,2,0.0002263336533093427
6931,0,0,2,0.0005547717301465612
6932,0,0,2,0.0002549096902991652
6933,0,0,1,0.0001223099909933355
6934,0,0,1,5.7149582565941164e-05
6935,0,0,2,0.00017893453801808227
6936,0,0,2,0.00023212728981494848
6937,0,0,2,0.00043221946347769385
6938,0,0,2,0.00020634142898065964
6939,0,0,2,0.0003360260997250038
6940,0,0,1,3.545333666298191e-06
6941,0,0,2,0.00016064839262403856
6942,0,0,1,9.089128877864425e-05
6943,0,0,2,9.73487293441969e-05
6944,0,0,2,0.0005161955659935613
6945,0,0,1,0.00028502866904297607
6946,0,0,2,8.308074576040015e-05
6947,0,0,2,0.000187901301607575
6948,0,0,2,6.444625653358189e-05
6949,0,0,2,0.0001296742459076843
6950,0,0,2,0.00013155671264651603
6951,0,0,2,0.00035007018500609043
6952,0,0,2,0.0003555683057226764
6953,85,0,2,0.0001666458992690534
6954,0,0,2,0.0003186200039345818
6955,0,0,2,0.00030840807096261163
6956,0,0,2,0.00023059090594502522
6957,0,0,1,4.8951358372788015e-05
6958,47,0,2,0.0001959707046548317
6959,0,0,2,0.00013427574718225072
6960,0,0,2,0.0003507152381333261
6961,0,0,2,0.0003233748450363288
6962,0,0,2,0.00051605457008614
6963,0,0,2,0.0005607024449610239
6964,0,0,1,1.2565950986059324e-05
6965,0,0,2,0.0004574614886741009
6966,0,0,2,6.0764110037185936e-05
6967,0,0,2,0.00014130197074282185
6968,0,0,2,0.0001649306606508124
6969,0,0,2,0.0004459779650421876
6970,0,0,1,3.0265834006290802e-05
6971,0,0,2,0.0006701916745987773
6972,0,0,2,0.00048672512664766894
6973,0,0,2,0.00023815538258373806
6974,2782,0,2,0.00028664649532416953
6975,0,0,2,0.00013364553216993957
6976,0,0,2,0.000573086331360912
6977,0,0,2,0.00041893128218522554
6978,0,0,2,0.0004953066120616306
6979,0,0,2,0.00016343373526906885
6980,0,0,2,0.00046752075058301357
6981,0,0,2,0.00033972360623794363
6982,0,0,2,0.0003407524687509632
6983,0,0,1,0.0001570106663745447
6984,0,0,2,4.114841981471082e-05
6985,0,0,2,0.0001937450451043029
6986,0,0,2,0.00011797797147003405
6987,0,0,2,0.00023499166410513166
6988,0,0,2,0.0003116934225089371
6989,0,0,2,0.0002693198037625963
6990,0,0,2,8.450211547675713e-05
6991,0,0,2,0.00023402970707978257
6992,0,0,2,8.392423339832135e-05
6993,0,0,2,0.0003593077255886289
6994,0,0,2,0.0004911869305386497
6995,0,0,2,6.569772552877277e-05
6996,0,0,2,9.412708091267812e-05
6997,0,0,2,0.00034880095140557603
6998,0,0,2,0.0006073658274311015
6999,0,0,2,0.00030209857382780476
7000,0,0,2,0.00035501192178765886
7001,0,0,2,0.0002156384056733301
7002,0,0,2,6.430523777298234e-05
7003,0,0,2,4.934859760643909e-05
7004,0,0,1,0.0006183623267647814
7005,0,0,1,5.781185724992982e-05
7006,0,0,2,0.0003050882884959161
7007,0,0,2,0.0002419499584620821
7008,0,0,1,5.1087700911205914e-05
7009,0,0,2,0.0005025692070881389
7010,0,0,2,0.0003496747478199267
7011,0,0,2,0.0005836341800505821
7012,0,0,1,8.206418182021748e-05
7013,408,0,2,0.0001538971013976557
7014,0,0,2,0.00041831678435954873
7015,0,0,2,0.0002799431256338972
7016,0,0,2,0.000302317451560992
7017,0,0,2,0.00010551101108593561
7018,0,0,2,7.815201932712205e-05
7019,0,0,2,0.00020930535030282049
7020,0,0,2,9.852315994302454e-05
7021,0,0,2,0.0006457901839054788
7022,7,0,1,0.0006550883729360933
7023,0,0,2,0.00016916155925402653
7024,0,0,2,0.00017818271738719182
7025,0,0,2,0.00025974927270353107
7026,0,0,2,0.00013827516975329455
7027,0,0,2,0.00016553119455884103
7028,0,0,2,0.0004083994925223697
7029,0,0,2,1.3406986767379555e-05
7030,0,0,2,0.00013531501476059257
7031,0,0,1,6.688970065654258e-05
7032,0,0,2,0.0004191226282316146
7033,0,0,1,0.0004038146966025304
7034,0,0,2,0.0002597362361969218
7035,0,0,1,1.9779644741220917e-05
7036,0,0,2,0.0002654776021785564
7037,0,0,2,0.00010425189810453588
7038,0,0,2,5.3158647604988287e-05
7039,0,0,2,0.000155993532970769
7040,0,0,2,0.0006207683852968957
7041,0,0,2,0.0003749910233881578
7042,0,0,2,0.00037084043903645497
7043,0,0,1,1.0111280484759637e-05
7044,0,0,2,0.0001935028675601506
7045,0,0,2,0.00010498640534272691
7046,0,0,1,0.00024503443262539925
7047,0,0,1,0.00015918729791384085
7048,0,0,2,0.0002901142286515128
7049,0,0,2,0.00011355603597961307
7050,0,0,2,8.164133750959194e-05
7051,0,0,2,0.0006720214043339789
7052,0,0,2,0.00024236074995438768
7053,0,0,2,0.00012487766235353366
7054,0,0,1,6.927471632033979e-06
7055,0,0,2,0.00015519293344301975
7056,0,0,2,4.831921262723119e-05
7057,0,0,2,0.0008550753304644269
7058,0,0,2,0.00042603632867829094
7059,0,0,2,0.00019820982965405964
7060,0,0,2,0.00013470966867539766
7061,0,0,2,0.0002950606722189333
7062,0,0,1,7.128379534048767e-05
7063,0,0,1,8.978135995095404e-05
7064,0,0,2,0.00024103340774778143
7065,0,0,2,0.0008956124049804115
7066,0,0,2,0.0006394084188815814
7067,0,0,2,0.00016169619509450733
7068,0,0,2,0.0002948387659280941
7069,0,0,2,9.804650480971907e-05
7070,0,0,2,0.0001223878052414366
7071,0,0,1,0.0002156003328635424
7072,0,0,2,0.0005528378784273795
7073,0,0,2,0.00017046804606933835
7074,0,0,2,0.0007925566051641361
7075,0,0,2,0.0003644959237393562
7076,0,0,1,1.7639659062305647e-05
7077,0,0,2,0.00022727358758348808
7078,0,0,2,0.0003211916203972161
7079,0,0,2,0.00016295753990944675
7080,0,0,2,0.0003050873483688523
7081,0,0,1,4.799598776834935e-05
7082,0,0,2,0.00018640707989045363
7083,0,0,2,0.000234439874136864
7084,0,0,2,0.00034204208099880063
7085,0,0,2,0.00010212680011637157
7086,0,0,2,5.2106855100874886e-05
7087,0,0,2,0.00046944109478880514
7088,0,0,2,0.0006072907618745082
7089,0,0,2,0.000299997121794579
7090,0,0,1,0.0001665908324417248
7091,0,0,1,2.6327048978723553e-05
7092,0,0,2,9.122196591454098e-05
7093,0,0,2,0.00023019123046995725
7094,0,0,2,0.00034269577120075214
7095,0,0,2,0.00012122695367928259
7096,0,0,2,0.00043217369046867957
7097,0,0,2,0.00023960663210680986
7098,0,0,2,8.079573824681507e-05
7099,0,0,2,8.4745057663426e-05
7100,7,0,2,0.0007103062989882302
7101,0,0,2,0.0003126344907816047
7102,0,0,2,0.0001592448893589838
7103,0,0,1,0.0004955225349521467
7104,0,0,1,0.00010938401980979463
7105,0,0,2,0.0002543795381022439
7106,0,0,2,0.0003284613399712575
7107,0,0,1,2.2818786245816867e-05
7108,0,0,1,4.0187746574134545e-05
7109,0,0,1,4.1589523952732666e-05
7110,0,0,1,0.00037598694915025446
7111,0,0,1,8.151472125841819e-05
7112,0,0,1,3.6270452098321775e-05
7113,0,0,2,0.0005386339459840571
7114,0,0,2,0.0004518221399452222
7115,0,0,2,0.0003225199015603568
7116,0,0,2,0.00011625691108941086
7117,0,0,2,2.9807072685029705e-05
7118,0,0,2,0.0004908473299953124
7119,0,0,2,0.00011078477029217026
7120,0,0,2,3.8467434535263955e-05
7121,0,0,1,1.5332611177919155e-05
7122,5480,0,2,0.0002654619164151018
7123,0,0,2,0.00046997019461076983
7124,0,0,2,0.00022800465094109773
7125,0,0,2,0.0003282412642715507
7126,0,0,2,0.00018623683605884054
7127,0,0,2,6.850653175487639e-05
7128,0,0,2,0.00041980155675485617
7129,0,0,2,0.0009300864669910342
7130,0,0,2,0.00023007299180472255
7131,0,0,2,0.0005147607077887737
7132,0,0,2,0.00012469253589933934
7133,0,0,2,0.0003955210731944841
7134,0,0,2,0.0002141651681168315
7135,0,0,2,0.000285699488618287
7136,0,0,2,0.00012641054446999795
7137,0,0,2,0.00013227900267630887
7138,0,0,2,4.075669487652313e-05
7139,0,0,2,0.00023900778916164785
7140,0,0,2,0.00031989122767792436
7141,0,0,2,1.3997774180774101e-05
7142,0,0,2,0.00024335942413360607
7143,0,0,2,0.00048148878293814023
7144,0,0,2,0.00017653225380114335
7145,0,0,2,0.0002127281405229985
7146,7275,0,2,0.00121610931820907
7147,1225,0,2,0.0008626266839599533
7148,0,0,2,0.00011725378434904608
7149,0,0,2,0.0002681795392391721
7150,0,0,2,0.00036249514630071796
7151,0,0,2,0.00015767466591302937
7152,0,0,2,0.00010890873588409098
7153,0,0,2,0.0004017060554317234
7154,0,0,1,8.031400931399008e-05
7155,0,0,2,0.0001305492229007176
7156,0,0,1,2.224998599948401e-05
7157,0,0,2,0.00013894504038886523
7158,0,0,2,0.0002875140973454311
7159,0,0,2,0.0002156361908794528
7160,7,0,1,0.0002764080859624797
7161,0,0,2,0.00037892354293697536
7162,0,0,2,0.0001301436419075943
7163,0,0,2,0.0003219756213178824
7164,0,0,2,0.00038719038212793296
7165,0,0,2,1.0502033044881625e-05
7166,0,0,2,0.00017609376304034247
7167,0,0,2,4.0639189681837005e-05
7168,0,0,2,0.00028877404494437125
7169,0,0,2,0.00035835493590865463
7170,0,0,2,0.0002571953029320588
7171,0,0,2,0.0003070855539891751
7172,0,0,2,0.00028263539114346554
7173,259,0,1,0.0001464634602438271
7174,1446,0,2,0.0009139082744766306
7175,0,0,2,0.00020504216289108125
7176,0,0,2,0.0001184282697504038
7177,0,0,2,0.0005600713975017384
7178,0,0,2,2.7853997695542964e-05
7179,0,0,1,7.437883954838421e-05
7180,0,0,2,0.0002636014471665082
7181,0,0,2,0.00010013597898035315
7182,0,0,1,3.27475420198906e-05
7183,0,0,2,0.00016504727694284245
7184,0,0,2,0.00014661986933603934
7185,0,0,2,0.00026188744762573415
7186,0,0,1,9.612948338286366e-05
7187,0,0,2,0.0002670364686559949
7188,0,0,2,0.0008776564733114575
7189,0,0,1,0.00019139132766189597
7190,0,0,2,0.00024349706762336344
7191,0,0,2,0.00015542735242411704
7192,0,0,2,9.72900005178336e-05
7193,75,0,2,0.0002056198286029293
7194,0,0,2,0.00045598073486084924
7195,7,0,2,9.138125845627549e-05
7196,0,0,2,0.0003511054978575746
7197,0,0,2,3.4384679063507155e-05
7198,0,0,2,0.00017867728443453923
7199,0,0,2,5.142168910900475e-05
7200,0,0,2,0.00034582254988962756
7201,0,0,2,0.0002262913613637207
7202,0,0,2,0.00035164242450501246
7203,0,0,2,6.92135182491064e-05
7204,0,0,2,5.9243132660628896e-05
7205,0,0,2,0.00014391794806130218
7206,0,0,2,0.0002577576812426859
7207,0,0,1,0.00037350729202699024
7208,0,0,2,0.00018735773236014592
7209,0,0,2,0.0001208311352790068
7210,0,0,2,9.810063528020649e-05
7211,0,0,2,0.00028679990062294516
7212,0,0,2,7.004918232499755e-05
7213,0,0,2,0.0004503862827314244
7214,0,0,2,9.173466845886535e-05
7215,0,0,1,0.00021295884113330278
7216,0,0,2,0.00031038985483160735
7217,0,0,2,0.00025137005820444403
7218,371,0,1,3.589900221699936e-05
7219,46,0,2,4.2444317783723634e-05
7220,0,0,2,0.00011828953865427859
7221,7,0,2,0.0005197658916593319
7222,0,0,2,0.0002073445341405862
7223,0,0,1,1.773692913246066e-05
7224,0,0,2,0.00010769121026319155
7225,1015,0,2,0.00027452332792156256
7226,0,0,2,0.0008499189468931696
7227,0,0,2,0.00017464249290384336
7228,0,0,2,0.00047772623257047214
7229,0,0,2,0.00022532153226766533
7230,0,0,1,4.7817032374333716e-05
7231,0,0,2,4.098987849106101e-05
7232,0,0,2,0.00044886112896237333
7233,0,0,2,1.807065437973444e-05
7234,0,0,2,0.0006013207252198382
7235,0,0,2,0.00042433573430263256
7236,0,0,2,0.0001294826466408947
7237,0,0,2,0.00021761474467389694
7238,0,0,2,0.0005186662738933101
7239,0,0,1,2.053536267927161e-05
7240,0,0,1,9.229544357498829e-05
7241,0,0,2,0.00048436313117432414
7242,0,0,1,0.0002056274866508453
7243,0,0,2,0.00032849119571135715
7244,0,0,2,0.0005950069457626885
7245,0,0,2,0.0005791597356996966
7246,0,0,2,0.00021851315051294815
7247,0,0,2,0.0002525094884901722
7248,0,0,2,0.0004667521279022073
7249,0,0,2,0.00012906167644495588
7250,0,0,2,0.0002455998158995694
7251,0,0,1,7.490616231023148e-05
7252,0,0,2,0.000246914267142345
7253,0,0,2,0.0005311826186149225
7254,0,0,2,0.0003516046223806221
7255,0,0,2,0.0003672218601470906
7256,0,0,2,0.0003609123921927086
7257,0,0,2,0.00035008116804531814
7258,5487,0,1,0.0002250609661673468
7259,0,0,2,0.00015521077111965917
7260,0,0,2,0.0003299773032911889
7261,0,0,2,0.00021169589200587221
7262,0,0,2,6.39495140317482e-05
7263,0,0,2,0.00014907342959620987
7264,7,0,1,0.0001888012024996207
7265,0,0,2,0.00010208072436988222
7266,0,0,1,1.0332262914148843e-05
7267,0,0,2,0.0003794322421631834
7268,0,0,2,0.00026705312631537326
7269,0,0,2,0.00017208361820651648
7270,0,0,2,0.0005418314742615656
7271,0,0,2,0.00020267051174730898
7272,0,0,2,0.0008834794191592996
7273,0,0,2,0.0001377100435818999
7274,94,0,2,0.0002675721813833299
7275,0,0,2,0.00011780053244288953
7276,0,0,2,0.00011416757793029514
7277,0,0,2,0.0005581525731745242
7278,0,0,2,0.00015814909619673318
7279,0,0,2,0.0007768145313953034
7280,0,0,2,0.0001805454104684853
7281,0,0,2,0.0005350293483611655
7282,0,0,2,0.00025253970553568297
7283,0,0,1,0.000807975297967842
7284,124,0,2,6.9958535014551e-05
7285,0,0,2,0.0002658756610182697
7286,0,0,2,0.0002626772697922202
7287,0,0,2,0.0007193105289826932
7288,0,0,2,0.0003287133251449116
7289,0,0,1,2.9061482803580977e-05
7290,0,0,2,0.0002808339006123161
7291,0,0,2,0.0005421348345676794
7292,0,0,2,0.0004784214045394252
7293,0,0,2,0.00020940821334771006
7294,0,0,2,7.996588598675718e-05
7295,0,0,2,0.00048707643571053495
7296,0,0,2,0.0001901040241506732
7297,0,0,2,0.00023154662648800485
7298,0,0,2,0.00026777474474196257
7299,0,0,1,0.00041706366854231457
7300,0,0,2,0.000687218271745084
7301,0,0,2,0.0006269571191624959
7302,107,0,2,0.0010432983758938918
7303,419,0,1,0.0001618988670063043
7304,0,0,2,0.0001132629116324397
7305,48,0,1,4.0559279415268825e-05
7306,0,0,2,0.0001535263053773047
7307,0,0,1,0.00015442195465597929
7308,0,0,2,0.00013472155083013088
7309,0,0,2,0.00020513476461176278
7310,1165,0,1,0.00016505698776588028
7311,0,0,2,0.00011798522038734592
7312,0,0,2,0.00046529240520813334
7313,0,0,2,0.0002910714931584071
7314,0,0,2,0.00029278710914768137
7315,0,0,2,0.0001969626981252364
7316,0,0,2,0.0001799667509808196
7317,0,0,2,0.0001565602110156255
7318,0,0,2,0.0003512832601666148
7319,0,0,2,0.0003479212446341454
7320,0,0,2,0.00014534474770960218
7321,0,0,2,0.00016503347433083026
7322,0,0,2,0.00019228599344589905
7323,0,0,2,0.0002695337407833626
7324,0,0,2,0.0001019451287862466
7325,0,0,2,0.0002123866702098158
7326,0,0,1,0.00020605405955620895
7327,0,0,2,0.00025267125879961265
7328,0,0,2,0.00016085167551621533
7329,0,0,2,0.00027235751959626747
7330,0,0,2,0.00045289228875763546
7331,0,0,2,0.0001085526323335055
7332,0,0,1,0.00013446947227746439
7333,0,0,2,0.00026686598063292916
7334,0,0,2,0.00043712974864466413
7335,0,0,2,6.506237684576744e-05
7336,0,0,2,0.00010511711235025177
7337,1951,0,1,5.087226869529041e-05
7338,0,0,1,0.0001274654109442073
7339,0,0,2,0.00028063539631048725
7340,0,0,2,0.0004823497293065246
7341,0,0,2,0.00014410579863283654
7342,0,0,2,0.00021804102415240185
7343,7,0,2,7.558827993126325e-05
7344,0,0,2,0.00027618791360812687
7345,0,0,2,6.0315219282086475e-05
7346,0,0,2,0.0005566974103866148
7347,0,0,2,0.0005525552396155812
7348,0,0,1,0.00014127919447030383
7349,0,0,2,0.000275073871808864
7350,0,0,2,0.00044307290377885447
7351,0,0,2,0.00014059184008863472
7352,0,0,2,0.0005949957007244359
7353,0,0,1,9.99538806516481e-06
7354,0,0,2,3.3378548881157835e-05
7355,0,0,2,0.0003051322700755166
7356,0,0,2,0.0003083780962224309
7357,6312,0,2,0.001057117143783307
7358,3960,0,2,0.00022049617686169555
7359,0,0,2,0.00042465563855474404
7360,0,0,2,0.0001002886669821015
7361,0,0,2,0.00022368400591202362
7362,0,0,2,0.00015999335379685096
7363,0,0,2,0.0002911672436616664
7364,0,0,2,0.00022904635872462908
7365,0,0,2,4.3093070054368464e-05
7366,0,0,2,0.0002978056841755709
7367,0,0,2,4.213944557003249e-05
7368,0,0,2,0.00034197891065286496
7369,0,0,2,6.95684111953993e-05
7370,0,0,2,0.00022482921136227858
7371,0,0,2,0.00022460026476498946
7372,0,0,2,7.892576073979064e-05
7373,0,0,2,0.00011311082536390504
7374,0,0,2,0.00032284896337487974
7375,0,0,1,5.212341094468229e-05
7376,0,0,2,0.0001963423411356592
7377,0,0,2,0.0001231133067219642
7378,0,0,2,0.00018289270091215832
7379,0,0,2,0.0002478391905904703
7380,0,0,2,0.0006305610400846794
7381,0,0,2,0.00043865566228205985
7382,0,0,2,6.27811980395221e-05
7383,0,0,2,0.0001457420353596066
7384,6369,0,2,0.0008272043564846298
7385,0,0,2,0.00023807120480533552
7386,0,0,1,3.270667385592656e-05
7387,0,0,2,0.0003550759100158592
7388,0,0,2,0.0003564542853216719
7389,0,0,2,0.00016047367183743985
7390,0,0,2,0.00047515250623434763
7391,0,0,2,0.0002863107351055046
7392,0,0,1,9.31940457298946e-06
7393,0,0,2,0.00019447141874458609
7394,0,0,1,0.0001372227334065294
7395,0,0,2,0.0005232899094096919
7396,0,0,1,0.00014955994157613505
7397,0,0,2,0.0001392827705551708
7398,0,0,2,0.000329510455270482
7399,0,0,2,6.9962459502304e-05
7400,0,0,2,0.00023427126770346528
7401,0,0,2,0.0008021563352989103
7402,0,0,2,0.00014871079562690163
7403,0,0,2,0.00023127434475762055
7404,0,0,2,6.147429165467863e-05
7405,0,0,2,0.00012826519553209618
7406,0,0,2,0.0002746174526668413
7407,0,0,2,0.000167023724718534
7408,0,0,2,0.0002566521309820244
7409,0,0,1,1.1622179924740215e-05
7410,0,0,2,0.00011822095694082583
7411,0,0,1,3.3985619216437674e-05
7412,0,0,2,0.00016035996219474833
7413,0,0,2,0.00021647662085821
7414,0,0,2,0.0001407466090966794
7415,0,0,2,6.110778372070641e-05
7416,0,0,2,6.119703098139466e-05
7417,0,0,2,0.0006671525892917602
7418,0,0,2,0.0002976958922147691
7419,0,0,2,0.0003677389046975511
7420,0,0,2,0.00020007844498258793
7421,0,0,2,9.330829602614851e-05
7422,0,0,2,0.00048509882078917355
7423,0,0,2,0.00025497442405898133
7424,0,0,2,0.0003502593185445659
7425,0,0,2,0.00020146837805460073
7426,0,0,2,0.00031910047568260984
7427,76,0,2,0.00024285356976592667
7428,0,0,1,0.0003002708301767753
7429,0,0,2,0.0002476854378735666
7430,0,0,1,7.510341498389433e-06
7431,0,0,2,0.0003007800666915457
7432,0,0,2,0.00018681014504276828
7433,0,0,2,0.0005515260189095031
7434,0,0,2,0.00017553997952185024
7435,0,0,2,0.00011023637640272705
7436,0,0,2,0.0001706861008663343
7437,0,0,1,0.00010442376530688823
7438,0,0,1,3.5857896014649706e-06
7439,0,0,1,0.00020153138152916638
7440,0,0,2,0.00020414670314445257
7441,0,0,2,0.00010278800290402669
7442,0,0,2,0.00038067897421974374
7443,0,0,2,0.00024398241869890832
7444,0,0,2,4.9283709330373134e-05
7445,0,0,2,0.0005579558026110439
7446,0,0,2,0.00018949862275653478
7447,0,0,2,8.318013899002846e-05
7448,0,0,2,4.683217420200201e-05
7449,0,0,1,1.8081130256140474e-05
7450,0,0,2,0.00014971890122236715
7451,0,0,2,0.0002685214312986228
7452,0,0,2,0.00017773156004990737
7453,0,0,2,0.0001689695851262544
7454,0,0,2,0.00018331924045943536
7455,36,0,1,1.5849747504297838e-06
7456,0,0,2,0.0004018820245900481
7457,0,0,2,0.0002005933566598535
7458,0,0,2,0.0003010282116549675
7459,0,0,2,0.00011498050774304822
7460,0,0,2,0.00029718803945028043
7461,0,0,2,0.00041399830789334255
7462,0,0,2,9.293207774744436e-05
7463,0,0,2,0.0005128563418821091
7464,0,0,2,8.941556391568647e-05
7465,0,0,2,0.0004090158760416703
7466,1454,0,2,9.945184598023855e-05
7467,0,0,2,0.00031113162833732317
7468,0,0,2,0.00019609412709717484
7469,0,0,2,8.29077362855477e-05
7470,0,0,2,0.0001798473299896829
7471,0,0,2,3.013317268868528e-05
7472,224,0,1,0.00012186938931540598
7473,0,0,2,0.0003139589850129091
7474,0,0,2,0.0002228569580513919
7475,0,0,1,4.939178996184412e-05
7476,0,0,2,9.022128135775666e-05
7477,0,0,1,0.00020690136294140534
7478,0,0,2,0.00014750750831412892
7479,0,0,2,0.00025343929599052197
7480,0,0,2,0.0005141693985463036
7481,0,0,1,2.0787460085248666e-06
7482,114,0,2,0.00027728481057273874
7483,0,0,2,0.00022528104460288906
7484,1311,0,2,7.040845210475116e-05
7485,0,0,2,0.00020378131358009445
7486,0,0,1,2.952555985742949e-05
7487,0,0,2,0.0003179551541784929
7488,0,0,2,0.0003018204332468551
7489,0,0,2,0.00044447289206144734
7490,1714,0,2,0.0002701250655456049
7491,0,0,2,0.00027840683749754975
7492,0,0,2,6.86865953829003e-05
7493,0,0,2,0.0002653983204023281
7494,0,0,2,0.0001147442641966318
7495,0,0,2,0.0006316355806094138
7496,0,0,2,4.396931293767186e-05
7497,0,0,2,0.00027343173864915105
7498,0,0,2,0.00016201424096603988
7499,0,0,2,0.00030051428063392397
7500,12,0,2,0.000273573899236129
7501,0,0,2,0.00034594886615227366
7502,0,0,2,0.00013719012913995123
7503,0,0,2,5.58233042370783e-05
7504,0,0,2,0.0004070807349475816
7505,0,0,2,6.855838650961495e-05
7506,0,0,2,0.000259990338654667
7507,0,0,2,0.00010834248751546454
7508,0,0,1,8.944541880326179e-05
7509,0,0,1,4.868640251346485e-05
7510,0,0,2,0.0006853682970270138
7511,0,0,2,0.0002740771674846021
7512,0,0,1,0.00020760874015339945
7513,0,0,2,0.00031704556742826465
7514,182,0,2,0.0003097856684034316
7515,0,0,1,0.0002603819366442362
7516,0,0,2,0.00018049688659158047
7517,0,0,2,0.0004642525587514694
7518,0,0,2,0.00031821984701606147
7519,0,0,2,0.0003521569481339774
7520,0,0,2,0.00014608336459692942
7521,0,0,2,0.00014864955843601628
7522,0,0,2,0.00023564135976019522
7523,0,0,2,0.00022156344304314238
7524,139,0,1,8.138400085932877e-05
7525,0,0,2,0.00026561604893929325
7526,0,0,2,0.000683855088176888
7527,0,0,2,2.713568987144703e-05
7528,0,0,2,0.0001582720428297809
7529,0,0,2,0.0002778018805792388
7530,0,0,2,0.00016150377083585312
7531,0,0,1,0.0001198745451166418
7532,0,0,2,0.00016968936050590507
7533,0,0,2,0.000179852006305373
7534,0,0,1,1.7044392802795463e-05
7535,0,0,2,0.00013325787008403343
7536,0,0,2,0.00018120203959324865
7537,6431,0,2,0.0004220214451540745
7538,0,0,1,0.00010003826762316387
7539,0,0,2,3.648131491237056e-05
7540,0,0,2,0.00016976931295130136
7541,0,0,2,0.00011488936108019209
7542,0,0,2,0.00025013069220759923
7543,0,0,2,0.0003202444490431081
7544,0,0,2,0.0002221027464373017
7545,0,0,2,0.0005645909348241999
7546,0,0,1,2.3682847801774217e-05
7547,2429,0,2,0.00019934340711068142
7548,0,0,2,0.0006081645152384073
7549,0,0,1,0.00021938028391095795
7550,0,0,2,9.115898118495456e-05
7551,545,0,2,3.324038121616098e-05
7552,0,0,2,0.00010153184012445869
7553,0,0,1,0.00010748833759186759
7554,0,0,2,0.0001319683383550237
7555,0,0,2,0.0001990257850037312
7556,0,0,2,0.0003385370185237756
7557,0,0,2,0.00032520298138584116
7558,0,0,2,0.00013166801646130212
7559,1290,0,2,0.00023300589111706013
7560,0,0,2,0.00015730020684691777
7561,0,0,2,0.000990001556125594
7562,0,0,2,9.875374238347819e-05
7563,0,0,2,0.0001325846787995232
7564,0,0,2,0.00016494312248209225
7565,0,0,2,0.0002893792811915714
7566,0,0,2,0.0005511061070201228
7567,0,0,2,0.00017884832342886302
7568,0,0,2,0.0001775144130413415
7569,0,0,2,0.0006591381029717636
7570,0,0,2,0.0002566662630145921
7571,0,0,2,0.00017027210084534332
7572,0,0,2,0.0004176454043049797
7573,0,0,2,7.390702570681701e-05
7574,0,0,2,0.00038279865773949373
7575,7,0,2,0.000134385783581544
7576,0,0,2,0.0006139257975014252
7577,0,0,2,0.00043116690577405664
7578,0,0,2,0.0002597938253120308
7579,0,0,2,0.0006139876299151088
7580,0,0,2,6.208266138481004e-05
7581,0,0,1,2.5074815069012423e-05
7582,0,0,2,9.578826157767318e-05
7583,81,0,2,0.00016860087712787546
7584,0,0,2,0.0004403983581381328
7585,0,0,2,0.000144145466881046
7586,0,0,2,0.0002470264557382427
7587,0,0,2,0.00022731061044130549
7588,0,0,1,0.00010538554457019687
7589,0,0,2,0.000247792566913756
7590,0,0,2,0.00015075779268288676
7591,0,0,2,0.0002182938228292301
7592,0,0,1,0.00022935425161609105
7593,0,0,2,6.523469655469795e-05
7594,0,0,2,6.962492251074814e-05
7595,0,0,2,0.0001404484984874054
7596,0,0,2,0.00019972477219726148
7597,0,0,2,0.000564935827016291
7598,0,0,1,0.00029855546699789076
7599,0,0,2,0.000222651508065328
7600,0,0,2,6.54166554679299e-05
7601,0,0,2,5.3142490247844206e-05
7602,0,0,2,0.0004363856769512207
7603,0,0,1,2.5428648008950097e-07
7604,0,0,1,2.2838166491547793e-05
7605,0,0,2,0.0003202776145822435
7606,7,0,2,0.0003196639161225603
7607,0,0,2,0.0003722542051176503
7608,0,0,2,0.0005857767118272681
7609,0,0,2,0.00019144630815285947
7610,0,0,2,0.0002693231419472622
7611,0,0,1,0.00016369443858021076
7612,0,0,2,0.0003231915499219404
7613,0,0,2,8.027160210327263e-05
7614,0,0,2,0.00028769978912125595
7615,0,0,1,2.2412771277500507e-05
7616,0,0,2,0.00020631581344480817
7617,0,0,2,0.0003203551151936735
7618,0,0,2,0.00018103785610140642
7619,0,0,2,9.764804547461864e-05
7620,0,0,2,0.0005827894557679949
7621,0,0,2,2.0742368183317055e-05
7622,0,0,2,0.00042173034449993025
7623,0,0,2,0.0002291761931781058
7624,0,0,2,0.00063809406556054
7625,0,0,2,0.00011646295194236755
7626,0,0,2,0.0001420773438428927
7627,0,0,1,6.41236892848655e-06
7628,0,0,1,0.00016415280099896993
7629,0,0,1,1.4194861987385914e-05
7630,0,0,2,0.000885902097143707
7631,716,0,2,0.00040473471303348855
7632,0,0,2,0.00023864991183349357
7633,0,0,2,7.199130736689287e-05
7634,0,0,2,0.0002556024907899036
7635,0,0,2,0.0003697991294587358
7636,0,0,2,0.0001443688363995553
7637,0,0,2,0.00019006161572879076
7638,0,0,2,0.0001525154297109869
7639,0,0,2,0.00028977449836450263
7640,0,0,2,0.00043180723912896726
7641,0,0,1,2.3868166084990236e-05
7642,0,0,2,0.00028160999923647107
7643,0,0,2,0.00013892309485686566
7644,0,0,2,0.00014010362289369535
7645,0,0,2,0.0004558838513334565
7646,1960,0,2,0.0007742476203101854
7647,0,0,2,0.0003066871336881908
7648,0,0,2,6.483447971113542e-05
7649,0,0,2,0.00030905502358570585
7650,0,0,2,0.0003472154153781858
7651,0,0,2,0.00017119251884792613
7652,0,0,2,0.00012666565095159195
7653,3336,0,1,4.6343115880233096e-05
7654,0,0,2,8.809844799736435e-05
7655,0,0,1,2.847728960430777e-05
7656,0,0,1,3.735228170050157e-05
7657,0,0,2,0.00029077007515017296
7658,0,0,1,0.0001156500485823777
7659,0,0,2,0.00018853294401539888
7660,0,0,2,9.251741321449849e-05
7661,1119,0,2,0.00021477845138950343
7662,0,0,1,0.0001290897713591692
7663,0,0,2,0.00020688630779742902
7664,25,0,1,0.00014455559607929718
7665,0,0,2,0.00042856929276889844
7666,0,0,2,9.148872708949608e-05
7667,0,0,2,0.0004902590304444977
7668,0,0,2,0.0004834841452263734
7669,0,0,2,0.0001808646612260044
7670,0,0,1,0.0002074775169058524
7671,0,0,2,0.0003808000613589963
7672,0,0,2,2.175384331149077e-05
7673,0,0,2,0.0002219190604469608
7674,0,0,1,0.00011834997561904175
7675,0,0,2,0.00018816930951313094
7676,0,0,2,0.000228173718126396
7677,0,0,2,0.00011943058899803895
7678,0,0,2,3.546094034066609e-05
7679,0,0,2,5.477997712999885e-05
7680,0,0,1,1.7848141854510434e-05
7681,0,0,2,0.00017297949938750734
7682,0,0,2,2.5317716328008634e-05
7683,0,0,2,0.0005832705261884765
7684,0,0,2,9.110807270645152e-05
7685,0,0,2,0.0003939325938115197
7686,0,0,2,0.000304007279705041
7687,0,0,2,9.893282655957908e-05
7688,0,0,2,0.00025149591961240594
7689,0,0,2,9.223701904089748e-05
7690,0,0,2,0.00023886605917745424
7691,0,0,2,0.0001483758466780241
7692,0,0,2,0.000162292830678376
7693,0,0,2,0.00016601538692423177
7694,0,0,2,0.0003603124237179328
7695,0,0,2,0.0002843758146319167
7696,0,0,2,9.575996725413353e-05
7697,0,0,2,0.0005726318706433172
7698,0,0,2,0.0004110263549429266
7699,0,0,2,0.00031875926270585035
7700,0,0,2,0.0003163648243435928
7701,0,0,2,3.618212352180308e-05
7702,0,0,2,0.00011643257675380598
7703,0,0,2,0.000511816588852879
7704,0,0,2,0.00012864408401954804
7705,0,0,1,8.953328589248968e-05
7706,0,0,1,2.224422660038777e-05
7707,0,0,2,0.00012556908317786045
7708,0,0,1,0.00020191170719590845
7709,0,0,2,0.0004172075314027859
7710,0,0,2,0.00017347051586920852
7711,0,0,2,0.000537335694691491
7712,0,0,2,0.00014650368672955894
7713,0,0,2,9.23089378285813e-05
7714,0,0,2,4.928784994982451e-05
7715,0,0,2,0.00022907842104737938
7716,0,0,2,0.00026550493116785697
7717,0,0,2,0.00022833597410655207
7718,0,0,2,0.00013875603253928775
7719,0,0,2,0.00011529817165942782
7720,0,0,2,0.00017800251213638196
7721,0,0,1,9.721731737540715e-05
7722,0,0,2,0.0003362891662272201
7723,0,0,2,0.0006011136252061325
7724,0,0,2,5.352880249770429e-05
7725,0,0,1,0.00017636793123079484
7726,0,0,2,0.00028069475786794104
7727,0,0,2,0.00020294981115366053
7728,0,0,2,0.0004428452499549549
7729,0,0,2,0.00038811252288087133
7730,0,0,1,6.827071287393441e-05
7731,0,0,2,0.0002354521132897615
7732,0,0,2,0.000120333287735096
7733,0,0,2,0.00011220867641159825
7734,0,0,2,1.0011361378330587e-05
7735,0,0,2,0.0001057641029006039
7736,0,0,2,0.00011458310266631182
7737,0,0,2,8.976875343958481e-05
7738,3644,0,2,0.00037409935471662166
7739,0,0,2,0.0003377776915246406
7740,0,0,2,0.0004370007475123094
7741,0,0,2,0.0001494476079540055
7742,0,0,1,4.909147719027205e-05
7743,0,0,2,0.0004743503824043617
7744,0,0,2,0.0003434673185005544
7745,0,0,2,0.00019569072507842421
7746,0,0,2,3.190001613196934e-05
7747,0,0,2,0.00014704666713534495
7748,0,0,1,3.808660060388729e-05
7749,0,0,2,7.651281541437243e-05
7750,0,0,2,0.00022018589595519496
7751,0,0,1,7.95538436805928e-05
7752,0,0,2,8.828921455362741e-05
7753,0,0,1,7.098471351847024e-05
7754,0,0,2,0.00019037226429767837
7755,0,0,2,0.0001485751383678018
7756,0,0,2,0.00037608760248324726
7757,0,0,2,0.0003017736398896752
7758,0,0,2,6.243310348992429e-05
7759,2778,0,2,0.0002648871425689449
7760,0,0,2,0.000182788741376643
7761,0,0,2,0.0002013857407548023
7762,0,0,2,0.00010030727323922122
7763,0,0,2,0.0007271530196104672
7764,0,0,2,0.00033486485900102063
7765,0,0,1,3.3438731470349634e-06
7766,0,0,2,0.0005383588413136243
7767,0,0,2,0.00017959389784450176
7768,0,0,2,0.00016282551492906544
7769,0,0,2,6.712697103647441e-05
7770,0,0,2,8.507108116453089e-05
7771,0,0,2,0.0001367508993269555
7772,0,0,1,0.00021656032852288595
7773,0,0,2,0.00015694837246239905
7774,0,0,1,4.3597158340018834e-05
7775,0,0,1,8.260045331132571e-05
7776,0,0,2,9.608951408936675e-05
7777,0,0,2,0.000690005144106425
7778,0,0,2,0.0003300019838914528
7779,0,0,1,0.00011328832656085811
7780,0,0,2,0.0002752483365271594
7781,0,0,2,0.00013953850304580822
7782,3310,0,2,0.0012967336860351785
7783,0,0,2,0.00019113913630070705
7784,0,0,2,0.0005143221125356858
7785,0,0,2,0.00019042780126045787
7786,0,0,2,0.0006182894052219729
7787,0,0,2,0.00027203401547376565
7788,0,0,2,0.00011264161385997184
7789,0,0,1,0.0001229110087346531
7790,0,0,2,0.00042804802275336293
7791,0,0,2,0.0001481395651517712
7792,0,0,2,8.196805162494339e-05
7793,0,0,1,5.72766771636426e-06
7794,0,0,2,0.0001282008003551017
7795,0,0,2,0.0001845579195485725
7796,837,0,1,1.6460019428273797e-05
7797,0,0,1,1.8974372926553555e-05
7798,0,0,2,0.00015922473879935293
7799,0,0,2,0.0003409115529133395
7800,0,0,1,4.304119673715708e-05
7801,0,0,2,0.00017639374134551626
7802,0,0,2,0.00040352915924433004
7803,0,0,2,0.0001297828386240936
7804,0,0,1,7.807355704085472e-05
7805,0,0,2,0.0004417306412253603
7806,0,0,2,0.00019844003459670108
7807,0,0,2,0.0003667054378526789
7808,0,0,2,0.00017702992065206626
7809,0,0,2,0.00017324498202892424
7810,0,0,2,0.00039358493332665163
7811,0,0,2,0.0002705372006334811
7812,0,0,2,0.00013166642358323002
7813,0,0,2,3.1716657727557686e-05
7814,0,0,2,0.0004251496435830947
7815,0,0,2,8.262874019923808e-05
7816,0,0,2,0.0001889673246218886
7817,0,0,2,0.0004402959130740374
7818,0,0,2,0.00024591319032247143
7819,0,0,2,0.00014896493959480432
7820,0,0,2,0.0002124581894650475
7821,0,0,2,0.0007210445454392416
7822,0,0,1,8.492306845990003e-05
7823,0,0,1,7.250057860882405e-05
7824,474,0,2,0.00020916289197067087
7825,0,0,2,0.00014842983680917718
7826,0,0,2,0.0005209890566450787
7827,0,0,2,1.626510993953409e-05
7828,3076,0,2,0.000450978337237842
7829,0,0,2,0.0003335424040296831
7830,0,0,2,0.0003124932547039774
7831,228,0,2,0.00022971215853087565
7832,0,0,2,0.00018384689618812665
7833,0,0,1,7.700640789932699e-05
7834,0,0,2,0.00010529356877027626
7835,0,0,2,0.00018400717544617108
7836,280,0,2,2.9514751362245055e-05
7837,0,0,2,0.00012841793619445562
7838,0,0,2,0.0002833409730872394
7839,0,0,2,0.000559502215556576
7840,0,0,2,9.751516903048518e-05
7841,1635,0,1,2.3763197886015618e-05
7842,0,0,2,0.0005458418813099526
7843,0,0,2,0.00033757876742795614
7844,174,0,2,0.0002766734751695148
7845,0,0,2,4.02115814395194e-05
7846,0,0,2,0.00028503856609121377
7847,0,0,2,0.0002619235559859622
7848,0,0,2,4.0188028480774964e-05
7849,0,0,2,0.0001657212633068546
7850,0,0,1,0.0002800512786554648
7851,0,0,2,0.00040993124969640487
7852,0,0,2,2.571237612874923e-05
7853,0,0,2,0.0003386031011036084
7854,7665,0,2,0.0011543403223125282
7855,0,0,2,5.178705210845671e-05
7856,0,0,2,0.00011830628591067746
7857,0,0,2,0.0005545667756370208
7858,0,0,2,0.00011959258064421073
7859,0,0,1,0.00020951742977832314
7860,0,0,2,0.0003235134384411334
7861,0,0,2,0.00016953387802756735
7862,0,0,2,0.00020201752366277729
7863,0,0,2,0.00011826897340629564
7864,0,0,2,0.00025442789697475803
7865,0,0,2,0.0005574278525816837
7866,0,0,2,0.000304844610133487
7867,0,0,2,0.00014783933456053846
7868,0,0,1,2.628129878820914e-05
7869,0,0,1,0.0002224815885874386
7870,4916,0,2,0.0003380495033712512
7871,0,0,2,0.00025745976237953724
7872,0,0,2,0.00014844933241558428
7873,0,0,2,0.00019887304112528825
7874,0,0,2,0.00018229716712364518
7875,0,0,2,8.745680635937325e-05
7876,0,0,1,0.00010984739076066798
7877,0,0,2,6.91841601979957e-05
7878,0,0,1,2.118258139689285e-05
7879,0,0,2,8.57658658904648e-05
7880,0,0,1,0.00017295300565469318
7881,0,0,2,7.6187919833603e-05
7882,57,0,1,6.751071368243602e-05
7883,0,0,2,0.00035638662788354034
7884,0,0,2,0.00024261073104903588
7885,0,0,2,0.00017550215540480783
7886,0,0,2,8.461745112216003e-05
7887,0,0,2,5.2995847383495326e-05
7888,17,0,2,0.00015875623475665582
7889,0,0,2,0.0001630933637103821
7890,0,0,1,0.00012869541320063485
7891,0,0,2,9.906457381543539e-05
7892,0,0,1,4.989861262792439e-05
7893,0,0,1,4.0260168016943685e-05
7894,0,0,2,0.00029571104033401904
7895,0,0,2,0.00011510543688140103
7896,0,0,2,0.0004168875092858052
7897,0,0,2,0.00043645470157160395
7898,4088,0,2,0.0008058457527235648
7899,0,0,1,0.00015093024083321401
7900,0,0,2,0.0002472789008144178
7901,0,0,2,2.330647786647814e-05
7902,0,0,2,0.00023921786587904661
7903,0,0,2,0.0001021490237858271
7904,0,0,2,0.0004743299494232318
7905,0,0,2,0.0001879142157478426
7906,0,0,2,0.0007916973611900619
7907,0,0,2,0.0002645175103923463
7908,17,0,2,0.00014021411130450933
7909,0,0,2,0.0003842925815467077
7910,0,0,2,0.0005165809720894935
7911,0,0,2,0.00046818019161008897
7912,0,0,1,3.06610948671113e-05
7913,0,0,2,0.0005390579600016472
7914,0,0,2,0.00013192842409602123
7915,0,0,2,0.0004729259578257221
7916,0,0,2,0.00015896623130042756
7917,0,0,2,0.0005535459579528582
7918,0,0,2,0.00017492301424567737
7919,0,0,2,0.0003720638998754357
7920,0,0,2,9.233483700874937e-05
7921,0,0,2,0.0002915144847865944
7922,0,0,2,0.00010114589410971805
7923,0,0,2,0.00024415946589201185
7924,0,0,2,6.053151752062803e-05
7925,0,0,2,0.00031217859607804075
7926,0,0,2,0.0001988106437487901
7927,3662,0,2,9.758915414788408e-05
7928,0,0,2,0.00039357570210601413
7929,0,0,2,9.857323699906575e-05
7930,0,0,2,0.000791407564742442
7931,0,0,2,0.0004364134670892897
7932,0,0,2,0.00016602325227369394
7933,749,0,2,8.110348925387943e-05
7934,0,0,1,1.0085796477456814e-05
7935,0,0,2,0.0002784520869423539
7936,0,0,2,0.00017659385696404558
7937,0,0,2,0.0001269461153185723
7938,0,0,2,0.0002540304700560451
7939,0,0,1,0.0004976243451513047
7940,0,0,2,4.3367774130192166e-05
7941,0,0,2,0.00021823171434043115
7942,0,0,2,0.0001951090778603189
7943,0,0,2,0.0005049375254121657
7944,0,0,1,3.541476021059501e-05
7945,0,0,1,0.00040290218564492295
7946,0,0,2,0.0007996185696806338
7947,0,0,2,0.00010152172098605632
7948,0,0,2,0.00024631538498135717
7949,0,0,1,5.0855427976810804e-05
7950,633,0,2,0.00016556506256300125
7951,0,0,2,0.0003745854478642223
7952,0,0,2,0.00010663922676992325
7953,0,0,2,0.00026003421439956876
7954,0,0,2,0.0003006460757078975
7955,0,0,2,0.0002879825449778798
7956,21,0,2,0.0001795318293243136
7957,1062,0,2,0.0006297313031666466
7958,0,0,2,0.0007638106251180604
7959,7,0,2,0.00019169546749207514
7960,0,0,2,0.00036211465290580925
7961,0,0,2,0.0003030291793771618
7962,0,0,2,3.812869929926716e-05
7963,0,0,2,4.6923146008956435e-05
7964,0,0,2,0.0002510638456860593
7965,0,0,1,0.00017995104517838116
7966,0,0,2,0.00018638844073231951
7967,0,0,2,0.00014278518402689557
7968,0,0,1,1.3647439996042838e-05
7969,0,0,2,5.813070007728017e-05
7970,0,0,2,0.000316583646223195
7971,0,0,2,0.0004077451778486239
7972,0,0,2,0.00017806497899028282
7973,0,0,2,0.00022261964207778592
7974,0,0,2,0.0001189751812787913
7975,0,0,1,6.7028474415465565e-06
7976,0,0,2,0.00022040800809017
7977,0,0,2,0.00013575183101016051
7978,0,0,2,0.0006780143473474721
7979,0,0,2,0.0002560989525523888
7980,0,0,2,6.879493352265648e-05
7981,0,0,2,9.98640757430959e-05
7982,0,0,2,0.00029290945978038954
7983,0,0,2,9.3434803687214e-05
7984,0,0,1,0.00032522065670284096
7985,0,0,2,0.00032588793108384725
7986,0,0,1,0.00012774888256172312
7987,0,0,2,0.0001109578599502845
7988,0,0,2,0.0002719791436389937
7989,0,0,2,0.0003225284803450439
7990,0,0,2,0.00024212338748570743
7991,0,0,2,0.00020509244328453005
7992,0,0,2,0.0002620359665612589
7993,0,0,2,6.152938826285488e-05
7994,0,0,2,0.00036829943013349587
7995,0,0,1,0.00011076388758194626
7996,0,0,1,0.0002983715822786619
7997,0,0,2,0.00029702351374168135
7998,0,0,2,0.000189342939934089
7999,0,0,2,0.0008551191770661775
8000,0,0,2,5.4711359933159515e-05
8001,257,0,2,0.0005836601544181335
8002,0,0,2,2.8914612507177547e-05
8003,0,0,2,0.00020173406682144962
8004,0,0,2,0.000443154594536423
8005,0,0,2,6.657353056347235e-05
8006,0,0,2,9.893952340979769e-05
8007,0,0,2,0.00014442210987907183
8008,692,0,2,0.000344549993856949
8009,0,0,1,0.0001153103368506115
8010,0,0,2,0.0002318945552323874
8011,0,0,2,5.095433497105669e-05
8012,0,0,2,0.0006378281221574075
8013,0,0,2,0.00025882550437157414
8014,0,0,2,0.00023125804463936905
8015,0,0,2,5.046375484411778e-05
8016,0,0,1,0.00020145519676983338
8017,0,0,2,0.00022452821163445122
8018,0,0,1,8.938242720208225e-05
8019,0,0,2,0.00019659598145650264
8020,0,0,2,0.0006803738564957229
8021,0,0,2,0.0003840285930544682
8022,0,0,2,0.00016050732655716865
8023,450,0,1,0.0001450048086989971
8024,0,0,2,0.0002289934868482588
8025,0,0,2,0.00016652972106778318
8026,0,0,2,0.00019200982078170807
8027,0,0,2,0.0008278597509679828
8028,0,0,1,6.388064462087308e-05
8029,0,0,2,0.000320057286894232
8030,0,0,2,0.0004526202058377355
8031,0,0,2,0.00027259672960551793
8032,0,0,1,0.0002935857292725721
8033,0,0,1,3.003818989829791e-05
8034,0,0,2,0.00025128093332970773
8035,0,0,2,0.00018806615505304243
8036,0,0,2,0.00026164415044381306
8037,0,0,2,0.00010593189107292846
8038,0,0,2,0.0005143950975506627
8039,0,0,2,0.00033306548198174554
8040,0,0,1,7.722868487494469e-05
8041,0,0,2,0.00028130544101607704
8042,0,0,2,0.00011838877492473081
8043,0,0,2,5.345156647785044e-05
8044,0,0,2,0.00021229354833156321
8045,42,0,2,0.0004131664756214209
8046,0,0,2,0.00011229825758788715
8047,0,0,1,5.8736270685334974e-05
8048,0,0,2,0.0001487330714146332
8049,0,0,2,0.00031071870725196845
8050,0,0,2,6.589679800015849e-05
8051,0,0,2,0.0009666509996123739
8052,0,0,2,0.0003034542164778159
8053,6371,0,2,0.0002208280342195779
8054,0,0,2,9.010860981320277e-05
8055,0,0,2,0.0001375597940060794
8056,0,0,2,0.0002676626607412939
8057,0,0,2,0.00011779121352645539
8058,0,0,2,0.00011414551282445881
8059,0,0,2,0.0002751501013521234
8060,0,0,2,0.00010113778131911725
8061,0,0,2,0.00019366964661456259
8062,0,0,1,2.9331961027180745e-05
8063,0,0,1,0.0003084787597262759
8064,0,0,2,8.517640594003134e-05
8065,0,0,2,0.0002556103357334791
8066,0,0,2,0.00023871375746551627
8067,0,0,2,0.00027917604801767
8068,0,0,2,0.00016779244505095144
8069,0,0,2,0.0003167180313269962
8070,0,0,2,8.416820650384764e-05
8071,0,0,2,0.00020779862260904289
8072,0,0,2,0.0007571885481510356
8073,0,0,2,0.00027011410023764773
8074,0,0,2,8.826415068842473e-05
8075,355,0,2,0.00024706324066203013
8076,0,0,2,0.00015111542056496502
8077,0,0,2,0.0003573623902694499
8078,0,0,2,0.00012551373572061594
8079,0,0,2,0.00014236657112316864
8080,0,0,2,0.0003360450459399956
8081,0,0,2,0.00015839701967592542
8082,0,0,2,0.0002861274065502752
8083,0,0,2,0.00013607241434247046
8084,0,0,2,0.0006402264101799942
8085,0,0,1,1.775308280749426e-05
8086,0,0,2,0.00016853157347700086
8087,0,0,2,8.591650319637577e-05
8088,0,0,1,5.20020256990521e-05
8089,22,0,2,5.6759969629686326e-05
8090,0,0,2,0.000427106882605593
8091,0,0,1,0.00015579015949765385
8092,0,0,2,0.0004183129335637868
8093,0,0,2,4.6816053600815044e-05
8094,0,0,1,3.09676595475571e-05
8095,0,0,2,0.00021038679429811148
8096,0,0,2,0.0002768433885465608
8097,0,0,2,0.0002629608717628039
8098,0,0,2,0.00023141209211592593
8099,0,0,2,0.00017062359758765155
8100,0,0,2,0.00036510309789201755
8101,0,0,2,0.0001716351159178927
8102,0,0,2,0.0003629194398640745
8103,0,0,2,0.00013561875417383046
8104,0,0,2,7.440953703087853e-05
8105,0,0,2,8.177484229228058e-05
8106,0,0,2,0.00017971831140898504
8107,0,0,2,0.00018309085296825978
8108,0,0,2,0.0001621648418079895
8109,0,0,2,2.367601782077966e-05
8110,0,0,2,0.00012290461391710906
8111,0,0,2,0.00011675334366130163
8112,0,0,1,0.0001697003771325191
8113,0,0,2,0.0007579112229386085
8114,0,0,2,0.000122988627503822
8115,0,0,1,4.862513707201565e-05
8116,0,0,2,0.00020699617468972946
8117,0,0,2,0.0005155921216118833
8118,0,0,2,0.00014415552897603133
8119,0,0,2,0.00010544951550174891
8120,0,0,2,0.0007539646582252049
8121,0,0,2,0.0002573705785788694
8122,0,0,2,0.0002428479184761606
8123,0,0,1,0.0002632193428080258
8124,0,0,2,3.194931390470029e-05
8125,0,0,2,0.00020120140609991994
8126,0,0,2,0.0004541677105303548
8127,0,0,2,0.00018022000144469964
8128,0,0,1,9.939338590345707e-05
8129,0,0,2,0.000280627218607673
8130,0,0,2,0.00024734939657199015
8131,0,0,2,0.0007848720857088052
8132,0,0,1,0.00016196541705065093
8133,0,0,1,4.3226560512047064e-05
8134,0,0,2,0.00016562923822921515
8135,0,0,2,0.00021391424140222593
8136,0,0,2,0.0002656390395890914
8137,0,0,2,0.0006881146028961938
8138,0,0,2,0.0007600661471925856
8139,0,0,2,0.0003814778293707381
8140,0,0,2,0.0005246559361915547
8141,0,0,2,0.00011658048605334739
8142,51,0,1,0.00010360527705408105
8143,0,0,2,0.0004412659745833234
8144,7,0,2,0.0002576149807426106
8145,0,0,1,4.05406213513024e-05
8146,0,0,2,0.00010189525840578498
8147,0,0,2,0.0001356689195263924
8148,0,0,1,1.203533834022972e-05
8149,390,0,2,0.00027294485100813506
8150,0,0,2,0.0004010197658127444
8151,0,0,2,0.00020342401356432494
8152,5433,0,2,0.0008634936037668825
8153,0,0,2,0.00034876388523280674
8154,0,0,1,4.600160134269175e-05
8155,0,0,2,0.00046093991042711916
8156,0,0,2,0.00043896973872562407
8157,0,0,2,0.00029056980989010823
8158,0,0,2,0.0008274385883529379
8159,7,0,2,0.0001490109546598727
8160,0,0,2,0.00013034664168341868
8161,7,0,2,0.00023144817028836098
8162,0,0,2,0.0005715526007667142
8163,0,0,1,0.00012366113444659704
8164,0,0,1,7.48302321938715e-05
8165,7,0,2,0.00030343087202856425
8166,0,0,2,0.0003777118434619251
8167,7,0,2,0.0001252019329692831
8168,0,0,2,0.00015880337064161487
8169,0,0,2,0.00010856764156102869
8170,0,0,2,7.568979760809192e-05
8171,6990,0,2,0.00035173479423560326
8172,0,0,2,0.0002959184771010711
8173,0,0,2,0.0003207809606752184
8174,7,0,1,0.0003007181962002237
8175,0,0,2,0.00024016081105569212
8176,0,0,2,0.00026825272869322427
8177,0,0,2,1.4440913437033769e-05
8178,0,0,2,0.00036810440280361025
8179,0,0,2,0.00017857103327563933
8180,0,0,2,0.0002798119187143051
8181,0,0,2,7.538431626310961e-05
8182,0,0,1,2.4800756296672695e-05
8183,0,0,2,0.0005443846857493003
8184,2746,0,1,8.757399414854294e-05
8185,0,0,2,0.00036698550604590604
8186,0,0,2,0.000201352508790912
8187,0,0,1,1.2117827440015259e-05
8188,0,0,2,0.00036034801279228906
8189,0,0,2,0.00016771460378921618
8190,0,0,2,1.639652842045433e-05
8191,0,0,2,1.1790388750916318e-05
8192,0,0,2,0.00034744159351722065
8193,0,0,2,0.00015380641391837013
8194,0,0,2,0.0005329373845517427
8195,0,0,2,0.0004473343894465712
8196,0,0,2,7.526625707596504e-05
8197,0,0,2,0.00011964431385998098
8198,0,0,2,0.00026343072200880457
8199,0,0,2,9.895592849201905e-05
8200,0,0,2,7.004579273270451e-05
8201,341,0,2,0.0009905966301975635
8202,0,0,2,0.00012607474372360088
8203,0,0,1,3.424696444322696e-05
8204,0,0,2,2.794681656253719e-05
8205,0,0,2,0.0001468184994184059
8206,0,0,2,0.00016080072604333004
8207,0,0,2,0.0001326246217627603
8208,0,0,1,0.00027442081325220483
8209,0,0,2,0.0006827528133727024
8210,0,0,2,0.0001427016035235283
8211,0,0,2,0.0001319634813052604
8212,0,0,2,0.00019660215957264566
8213,0,0,2,0.00038480072498371057
8214,0,0,1,0.0001579233350878253
8215,0,0,2,0.00041641418978371347
8216,0,0,2,0.00013894082444071345
8217,0,0,2,0.0002741229490562817
8218,0,0,2,9.648573190647296e-05
8219,0,0,2,4.3987131268814616e-05
8220,0,0,2,0.00029224272966893493
8221,0,0,2,8.549034264108381e-05
8222,0,0,2,0.00013180053805978307
8223,0,0,2,0.00024643973324162523
8224,0,0,1,0.00034092721483056017
8225,0,0,2,0.0002234989851111607
8226,121,0,2,0.0006331741973432329
8227,0,0,2,0.0003192364863788324
8228,0,0,1,0.0002620592686401172
8229,0,0,2,0.00017845906953780768
8230,0,0,2,0.0003797041447261457
8231,0,0,2,0.0003226506756551906
8232,0,0,2,0.00010181976406387804
8233,0,0,1,2.7778150914587448e-05
8234,0,0,2,0.00018844928349204932
8235,0,0,1,0.00010988231076055257
8236,0,0,2,0.0006252871899884751
8237,0,0,2,0.0002032043169809872
8238,0,0,2,0.0002226512708323358
8239,0,0,1,0.00010087080416653293
8240,0,0,2,0.00031253958626135654
8241,0,0,2,0.00014673673054549306
8242,0,0,2,0.0003016963544712903
8243,0,0,2,5.2658991348884516e-05
8244,0,0,1,1.7600319856541214e-05
8245,0,0,2,0.0002110220815285533
8246,0,0,2,8.808314657739104e-05
8247,50,0,2,0.0001135291611315601
8248,0,0,2,0.00019980145126934732
8249,0,0,2,0.00016835078165241911
8250,0,0,2,0.0001973134950467061
8251,0,0,2,6.59286690034495e-05
8252,0,0,2,0.00030966785517257676
8253,0,0,2,0.0003202487098039217
8254,0,0,2,2.3630884807053457e-05
8255,0,0,2,1.9576126049415616e-05
8256,0,0,1,0.0001705439025324671
8257,0,0,2,0.0005439088479657124
8258,0,0,1,0.00021276454017009897
8259,0,0,2,0.00014375297025811878
8260,0,0,2,0.00018127206904621247
8261,0,0,2,3.8847961343284786e-05
8262,0,0,2,0.000632772484080129
8263,0,0,1,8.729284027090069e-05
8264,0,0,2,0.00023198936135991412
8265,0,0,2,0.00031504983041676885
8266,0,0,2,0.000190463613402515
8267,0,0,2,0.00013984754305538798
8268,0,0,2,0.00040574528239629846
8269,0,0,2,3.920955044996142e-05
8270,0,0,2,0.00010534442102180089
8271,0,0,1,0.00011570127452848109
8272,0,0,2,0.00018173178296789974
8273,0,0,1,8.146176431420983e-05
8274,0,0,2,0.00011722107144572257
8275,0,0,2,0.0004092506103051581
8276,0,0,2,0.00034661767327198213
8277,0,0,2,0.00029737883838620724
8278,0,0,1,0.0001168590589529086
8279,87,0,2,0.0003758117448285122
8280,0,0,2,0.00031635150497135226
8281,0,0,2,0.0005719523747100322
8282,33,0,2,8.659013935038127e-06
8283,626,0,2,0.00015693762969386775
8284,0,0,1,6.895862961621809e-05
8285,0,0,2,0.00045828439607427585
8286,0,0,2,7.918853625036761e-05
8287,32,0,2,0.00037147018289170405
8288,0,0,2,0.00030382557286445533
8289,0,0,2,0.0003150627610741744
8290,0,0,2,0.00020526831931416274
8291,0,0,2,0.00035820976197223825
8292,0,0,1,0.00021381927139483648
8293,0,0,2,0.0006366208537370291
8294,0,0,2,0.0008763637095021463
8295,0,0,2,3.589688884804801e-05
8296,0,0,2,0.00020438699504666193
8297,0,0,2,9.259838059760398e-05
8298,0,0,1,2.9944357189390214e-05
8299,0,0,1,5.222695294615626e-05
8300,0,0,1,0.00032129221319788587
8301,0,0,2,0.0003853177158353392
8302,0,0,2,0.00033342881481552346
8303,0,0,2,0.000361292156597672
8304,0,0,2,0.00014600778583335921
8305,0,0,1,0.00017720795333796483
8306,45,0,1,0.00033326053423438827
8307,0,0,2,0.00025094566549680857
8308,0,0,2,0.0003537237624034901
8309,0,0,2,0.00011910823364160186
8310,0,0,2,0.00010381322097688844
8311,0,0,2,0.00014092706758470758
8312,0,0,2,0.0003012698720252025
8313,127,0,2,0.0002563099742180264
8314,0,0,2,0.00011732955546427442
8315,0,0,2,0.00030840342582433717
8316,78,0,2,0.0003801849388371479
8317,0,0,2,5.802606486425344e-05
8318,0,0,2,0.00024226638925092602
8319,0,0,2,0.0001772519750185509
8320,0,0,1,0.00017089138200352777
8321,0,0,1,9.662839737048084e-05
8322,0,0,2,0.00024394516656534802
8323,0,0,2,0.00023819181491973075
8324,0,0,2,0.00023192346311066454
8325,0,0,1,0.00037251323206852427
8326,0,0,2,0.00018717710202400002
8327,0,0,2,0.00034394593136452295
8328,0,0,2,0.00016693378333930002
8329,0,0,2,4.6016437311775206e-05
8330,0,0,1,0.00012466634460965378
8331,7,0,2,0.00027087126756265953
8332,0,0,2,4.1873121273474766e-05
8333,0,0,2,0.00015130787570990684
8334,0,0,2,4.402237423643466e-05
8335,0,0,2,0.0001285643562609538
8336,0,0,2,0.000350855351176898
8337,0,0,2,0.0003049762724741356
8338,0,0,2,6.666952876453287e-05
8339,0,0,2,0.0005821234811707214
8340,0,0,2,0.00013545033794593804
8341,0,0,2,2.2754358386179253e-05
8342,0,0,1,4.191399106701241e-05
8343,0,0,2,0.00013020839873273307
8344,0,0,2,0.00023506161449021292
8345,0,0,2,7.87132311066741e-05
8346,43,0,2,0.00010530503008656903
8347,0,0,2,9.87012751848061e-05
8348,0,0,2,0.00019454119899187713
8349,0,0,2,0.0006876900093498867
8350,0,0,2,0.00015140688420984207
8351,0,0,2,0.00019947769179240636
8352,0,0,2,0.00020954020528663085
8353,0,0,2,0.0002258590194154861
8354,0,0,2,0.00018197269095616896
8355,0,0,2,0.00010237162658977208
8356,0,0,2,0.000255675135642074
8357,0,0,2,0.0005883664726582731
8358,0,0,1,0.00020809324258505522
8359,0,0,2,4.240189862263361e-05
8360,0,0,2,0.00014277188204526856
8361,7250,0,2,0.0006995334219901703
8362,0,0,2,0.0005607003782455088
8363,0,0,2,0.00019745163726668491
8364,0,0,2,6.216615469627933e-05
8365,0,0,1,1.53483239568238e-05
8366,0,0,2,0.0001775571972620536
8367,590,0,2,0.00020490423756742916
8368,0,0,1,0.00017595029344488094
8369,0,0,2,0.00015159717786595548
8370,0,0,2,0.00031828112467437457
8371,0,0,2,0.0001987735317241064
8372,0,0,2,0.0001919818421255559
8373,0,0,2,0.00022915808721088785
8374,0,0,2,0.00016120818212677992
8375,0,0,2,9.4077197468959e-05
8376,0,0,2,9.442106513196002e-05
8377,0,0,2,0.0005574870295350078
8378,0,0,1,7.39557773820829e-05
8379,0,0,1,0.00020677312244084833
8380,0,0,2,0.0005603809384423605
8381,0,0,2,4.295993784520773e-05
8382,20,0,1,0.00020301175502587555
8383,0,0,2,0.0003140169565162313
8384,0,0,2,0.00019369017890310733
8385,0,0,2,8.595162921183067e-05
8386,0,0,1,0.00042998824640917206
8387,0,0,2,0.00015213026875070612
8388,0,0,2,0.0002474690033914105
8389,0,0,2,0.0001336160754361863
8390,0,0,2,0.00011621585521362161
8391,0,0,2,9.962921294669629e-05
8392,0,0,2,0.0005809212765567648
8393,0,0,2,0.0002080503625917866
8394,0,0,1,5.315764760745824e-05
8395,7,0,1,0.00014453867474048825
8396,0,0,2,0.0005926890429649871
8397,0,0,2,8.140062379987162e-05
8398,0,0,2,0.00017119859596625257
8399,0,0,2,0.00018466106457494966
8400,0,0,1,0.00042571853762381
8401,0,0,2,0.00033814944989512413
8402,0,0,2,0.00025730645027262296
8403,0,0,2,0.0001839760420197882
8404,0,0,2,0.00041376094308836505
8405,0,0,1,1.906568374368674e-05
8406,0,0,2,6.675519910260378e-05
8407,0,0,2,0.0004304514275723309
8408,0,0,2,8.313100266048617e-05
8409,0,0,2,0.00017310340092013417
8410,0,0,2,0.00047077581860932355
8411,0,0,1,7.643509721564022e-05
8412,0,0,2,0.00015416374431105262
8413,0,0,2,0.00021312642685316016
8414,3549,0,2,0.0001568665668054247
8415,0,0,2,0.000286361299256014
8416,0,0,2,8.810574060340323e-05
8417,0,0,1,0.00010834081574192085
8418,0,0,2,0.0002143952786792295
8419,0,0,2,0.0002694569113339384
8420,0,0,2,0.00029790106925398866
8421,1274,0,2,0.00024387921037328334
8422,0,0,2,9.32821661711232e-05
8423,7,0,2,0.0001038405268274912
8424,0,0,2,0.00034244064969352685
8425,0,0,2,8.370473667482385e-05
8426,0,0,2,0.00022870858483029394
8427,0,0,2,2.4561185671842804e-05
8428,0,0,2,0.00039951609952299574
8429,0,0,2,0.0002836792221132477
8430,0,0,1,0.0001465595944520083
8431,0,0,2,0.0004507587124165455
8432,0,0,2,0.00015498488768488598
8433,0,0,2,4.6957046833446576e-05
8434,0,0,2,7.520625299428146e-05
8435,0,0,2,0.00018677456910537446
8436,0,0,2,0.0002449587679632036
8437,0,0,2,0.00015197804086789223
8438,0,0,2,0.0002534099267846333
8439,0,0,2,0.0002860461962891111
8440,0,0,2,0.00021643723565364825
8441,0,0,1,8.827848764852594e-05
8442,0,0,1,3.949566380562384e-05
8443,0,0,2,0.00024785700578197964
8444,0,0,2,0.00019246286716312244
8445,0,0,2,0.0001911700707755726
8446,163,0,2,7.854976979061548e-05
8447,0,0,2,5.930961652392903e-05
8448,0,0,2,0.0001897491316856664
8449,0,0,2,0.00033054326249369137
8450,0,0,2,0.00010791912048941259
8451,0,0,1,4.9561918233411075e-05
8452,0,0,2,0.00015451945092947086
8453,0,0,2,0.0002941869877467825
8454,0,0,2,0.00011735450999538252
8455,0,0,2,0.00013982937044426286
8456,6592,0,2,0.0005144648573864254
8457,0,0,1,3.9545767633756895e-05
8458,0,0,2,6.3208557029686e-05
8459,0,0,2,2.2263153310485943e-05
8460,0,0,2,0.00011692389511582274
8461,0,0,2,0.00024263514405237243
8462,0,0,2,0.0001159958809791941
8463,0,0,2,0.00012343094068908292
8464,0,0,2,0.0003589439285670562
8465,238,0,2,5.492030210534674e-05
8466,0,0,2,0.0002657571019646458
8467,0,0,2,5.608431979733336e-05
8468,0,0,2,0.0004367463452302753
8469,0,0,2,0.0005457908366445234
8470,0,0,2,0.0004074339412281077
8471,0,0,2,0.0007335349835609108
8472,0,0,2,0.00015983592407826293
8473,0,0,1,0.0002397922219862483
8474,0,0,2,0.0004594457340246004
8475,7,0,2,0.00041039972025264153
8476,0,0,2,0.0001619710466768071
8477,0,0,1,0.00021739485946586118
8478,0,0,2,0.0004331765563511389
8479,0,0,1,3.0747949686596306e-05
8480,0,0,2,0.00047440849841534654
8481,0,0,1,2.476839889970198e-05
8482,0,0,2,0.00021493558803629056
8483,0,0,2,0.0005594410758395063
8484,0,0,2,0.0001858913552460194
8485,0,0,1,6.821796778597167e-05
8486,0,0,2,0.00019588257544460086
8487,0,0,2,0.00032533787252714714
8488,0,0,1,0.00011089578181096306
8489,0,0,1,0.00015657567978193167
8490,0,0,2,0.00028051276466712743
8491,0,0,2,0.0006270015906720196
8492,0,0,2,0.0002198327451880388
8493,0,0,2,0.0003515761715219204
8494,0,0,2,0.00026381147160101835
8495,0,0,1,0.00017224036770991185
8496,0,0,2,6.378315308231398e-05
8497,0,0,1,2.0631379267061953e-05
8498,0,0,2,0.0002033050471614568
8499,1175,0,1,5.350390078789155e-05
8500,0,0,1,4.486061148465358e-05
8501,0,0,2,0.0002663345781987256
8502,0,0,2,0.00020172092591436665
8503,0,0,2,0.000186593625168244
8504,0,0,2,0.000618465172280435
8505,0,0,1,0.00013272793177767592
8506,113,0,1,4.5365999366402915e-05
8507,0,0,2,0.0002442118246320907
8508,0,0,2,0.000673879158161478
8509,0,0,2,0.00032534006380175975
8510,0,0,2,0.0002523125470289352
8511,0,0,2,0.0007901935022279807
8512,0,0,2,3.5621704501653504e-05
8513,0,0,1,0.00019532355687970192
8514,0,0,2,0.000469901610961634
8515,0,0,2,0.00022582524469854712
8516,0,0,2,0.00013645761667234273
8517,0,0,2,0.00027307969582144367
8518,0,0,1,3.6496779545613754e-05
8519,0,0,2,0.00017101046325421868
8520,0,0,2,0.0004290329683667471
8521,0,0,2,0.0001419798054076212
8522,0,0,2,0.0002814921453280478
8523,0,0,2,0.0002268944247914484
8524,0,0,2,0.000228179382916506
8525,0,0,2,0.00030732334589735814
8526,0,0,2,4.389850616131835e-05
8527,0,0,2,0.00028928050233776226
8528,0,0,2,0.00035944824682117776
8529,0,0,2,0.00017454028119414516
8530,0,0,2,0.00048104692225152976
8531,0,0,2,0.0003144315632493387
8532,0,0,2,0.0002918343357332878
8533,0,0,1,0.00012424149375676635
8534,0,0,2,9.317206983129204e-05
8535,0,0,2,0.0006909613787453905
8536,0,0,2,0.00017886990502866354
8537,0,0,2,0.00019509289785752922
8538,16,0,2,0.00031237929643183936
8539,0,0,2,0.00012682667038985533
8540,0,0,2,7.80058684011252e-05
8541,0,0,2,0.0003762921424617248
8542,0,0,1,8.86030867743214e-05
8543,0,0,2,0.0003409406071439916
8544,0,0,2,0.0002173541202036287
8545,0,0,1,3.079221466921719e-05
8546,0,0,2,2.4122104147012307e-05
8547,0,0,2,9.33330521771663e-05
8548,0,0,2,0.00033988045714304817
8549,0,0,2,0.00015382149452373108
8550,0,0,2,5.9703497261092147e-05
8551,0,0,2,0.00021668480986555117
8552,0,0,2,0.00030811463116402714
8553,0,0,2,0.0002666426865776044
8554,0,0,2,0.00025506726481670165
8555,0,0,2,0.00032239860109413285
8556,0,0,1,0.00010024222920123557
8557,0,0,2,0.0002220752282546906
8558,0,0,1,3.170771462121134e-05
8559,0,0,2,0.00034301668625614677
8560,0,0,2,0.00012074367598797357
8561,0,0,2,0.00018542814138873057
8562,0,0,2,0.00028179855678861016
8563,0,0,1,0.00013509533618268416
8564,0,0,2,0.0004928576967979979
8565,0,0,2,6.473319269278002e-05
8566,0,0,2,0.00011943882329658346
8567,20,0,2,0.0002272845955069591
8568,0,0,2,0.0003559859069104051
8569,0,0,2,0.00030080064639591324
8570,0,0,1,6.905957022973762e-05
8571,0,0,2,0.0002798989745791852
8572,0,0,2,0.00010599165184486093
8573,0,0,2,0.0004495578515886363
8574,0,0,2,6.264747845200696e-05
8575,0,0,2,0.00023412589378713332
8576,0,0,2,0.0006194955138906254
8577,0,0,2,0.00014137981771509156
8578,0,0,2,0.00020499899412028115
8579,0,0,2,0.00015340099766643087
8580,0,0,2,0.0002806230633252572
8581,0,0,2,0.00034108329763835423
8582,0,0,2,0.0001431428512876769
8583,0,0,2,0.00033274410134186356
8584,0,0,2,0.00035143859591853113
8585,0,0,2,0.00012546317903165308
8586,0,0,2,0.00011279705447690904
8587,0,0,2,0.0002907973681986566
8588,0,0,2,0.0007353270570050734
8589,0,0,2,8.94381960127473e-05
8590,0,0,2,0.0006207091232666495
8591,0,0,2,0.0006677594510196616
8592,0,0,2,0.0001268734424822032
8593,0,0,2,0.0003535801518397648
8594,0,0,2,0.0007797261885208248
8595,0,0,1,0.0002845771144676421
8596,0,0,2,0.00010019141280202136
8597,0,0,2,0.000135671823351941
8598,0,0,2,0.00019451894277039102
8599,0,0,2,0.00013769300126609637
8600,0,0,1,6.241307627607239e-05
8601,0,0,2,0.0004440429020531948
8602,17,0,1,6.35000034152247e-05
8603,0,0,2,0.00015534599104667822
8604,0,0,2,0.0001441191382120655
8605,0,0,2,0.0002491580642160092
8606,0,0,2,0.0003404882580590429
8607,0,0,1,1.3114478478771483e-05
8608,0,0,2,0.00040908714700640855
8609,0,0,1,0.00012127414465548439
8610,0,0,1,5.024558888055604e-05
8611,3008,0,2,0.0005495340340147885
8612,0,0,1,7.525214692215371e-05
8613,0,0,2,0.00012797235450510836
8614,0,0,2,0.00036779586054455274
8615,0,0,2,0.00010636711384552553
8616,0,0,2,6.395603758215623e-05
8617,0,0,2,0.00047750282712183926
8618,0,0,1,0.00018286414112243422
8619,0,0,2,0.0003389690916625216
8620,2604,0,2,0.0001596300019977284
8621,0,0,2,9.315035332543912e-05
8622,0,0,1,3.4279941685188857e-06
8623,0,0,2,0.00033863208319692955
8624,0,0,2,0.0003272943084083114
8625,0,0,1,0.00022457257160129438
8626,0,0,2,0.00019503922541877196
8627,0,0,2,5.249293284087345e-05
8628,0,0,2,0.0001563399636697915
8629,0,0,2,0.0001642860078757143
8630,0,0,2,0.0003284566677968894
8631,0,0,2,7.724055408118545e-05
8632,0,0,2,1.2363687178631172e-05
8633,0,0,1,0.0006455039384958869
8634,0,0,2,0.0003890853481103854
8635,0,0,2,9.4095729233921e-05
8636,0,0,2,0.0002754967571991063
8637,0,0,2,0.00013471499453903776
8638,0,0,2,4.534486150895388e-05
8639,0,0,2,0.00013324244336562885
8640,0,0,2,0.00014152979910787917
8641,0,0,1,0.00013855013578489484
8642,0,0,2,0.00027477717935032515
8643,0,0,2,0.0001470043545890147
8644,0,0,2,0.00018241479364516168
8645,0,0,2,0.0002239540072696076
8646,0,0,2,0.0004878051518632922
8647,0,0,2,0.00010356479254048033
8648,0,0,2,7.917540501400728e-05
8649,0,0,2,0.00030652894761433854
8650,0,0,2,5.887750778159481e-05
8651,0,0,2,0.00024415168773200076
8652,22,0,1,2.28431880325124e-05
8653,0,0,2,0.00014529051734760113
8654,0,0,2,0.0004331969994809076
8655,0,0,2,7.431375276451037e-05
8656,185,0,2,0.00013513312016274833
8657,0,0,2,0.0004240836071123654
8658,0,0,1,0.00029573172746031153
8659,0,0,1,0.0002955891423830452
8660,0,0,2,0.00014504074168128812
8661,0,0,2,0.0005226686891810325
8662,0,0,2,9.782885708932787e-05
8663,0,0,2,3.6213100759876314e-05
8664,0,0,2,0.0001837190268303039
8665,0,0,2,0.00024402779748883163
8666,0,0,2,7.736130482244126e-05
8667,0,0,1,0.00020196226278985176
8668,0,0,2,3.090870179038332e-05
8669,0,0,2,0.00018769631097476173
8670,0,0,2,0.00040961189592798
8671,0,0,2,0.00026718360823268784
8672,0,0,1,2.4656916014402187e-05
8673,0,0,2,0.00027794204652934374
8674,0,0,2,0.00015882342033390448
8675,0,0,1,3.667100000248435e-07
8676,0,0,2,0.0002442036561118786
8677,0,0,2,9.56736449121833e-05
8678,0,0,2,0.00035030227447547705
8679,0,0,2,0.00040462041239111286
8680,0,0,2,0.00015343770280784998
8681,0,0,1,2.2420123813303467e-05
8682,0,0,1,2.372548664379502e-05
8683,0,0,2,4.989805811852012e-05
8684,0,0,2,0.0005925220742039963
8685,0,0,1,4.189663088650302e-05
8686,0,0,1,0.0004559095671028007
8687,0,0,1,0.0001119881019007694
8688,0,0,2,0.00015951695584710333
8689,0,0,2,0.00020875874871305303
8690,0,0,1,0.0004712770832891972
8691,0,0,2,0.00011745819504942641
8692,0,0,2,0.00024547360000407817
8693,0,0,2,0.00012202416049917723
8694,0,0,2,0.00034038598311349975
8695,0,0,2,0.00021473625574163648
8696,0,0,2,0.00032783716784310425
8697,0,0,2,0.0004746537455462177
8698,0,0,1,0.00013788383976457054
8699,0,0,2,0.0002836725322425781
8700,0,0,2,0.00014228290669857218
8701,0,0,1,0.00016863361661818445
8702,0,0,2,0.0001522276298581081
8703,0,0,2,0.0005110738956838987
8704,0,0,2,0.0003029012785500917
8705,0,0,2,0.00047531909953162825
8706,0,0,2,0.0007291878714165388
8707,0,0,2,0.0005403150412119217
8708,0,0,1,0.00025719809669122175
8709,0,0,2,6.179801452697861e-05
8710,0,0,2,0.00024232121616426307
8711,0,0,2,0.00010672637039185409
8712,0,0,2,0.00039541245495422446
8713,0,0,1,0.00010115346186451535
8714,0,0,1,3.08380341630305e-05
8715,0,0,2,0.0005032929248431271
8716,0,0,2,7.528105179452115e-05
8717,0,0,2,9.806999637887058e-05
8718,0,0,2,0.00016741063101957746
8719,0,0,1,0.00013259078159131858
8720,0,0,2,0.0001941260872655691
8721,0,0,2,7.125080673332005e-05
8722,0,0,2,0.0003551297920667473
8723,1210,0,2,0.0003492996906672494
8724,0,0,2,0.0004062110575808116
8725,0,0,2,0.00011164015599580978
8726,0,0,2,0.00011602748607576543
8727,0,0,2,0.000235431563358844
8728,0,0,1,0.0002142813923257497
8729,0,0,2,5.719619736922819e-05
8730,0,0,2,0.00040572259670273726
8731,0,0,2,0.0001340997071740603
8732,0,0,2,6.759442083697058e-05
8733,0,0,1,0.0002985822186424962
8734,0,0,2,0.00023198154940505493
8735,0,0,2,0.00016743253137561887
8736,0,0,2,0.00033570914574779166
8737,0,0,2,0.00031442845939855154
8738,0,0,2,6.671167516501455e-05
8739,0,0,2,0.00035085709248837123
8740,0,0,2,8.949976608233619e-05
8741,0,0,2,9.509855825005986e-05
8742,0,0,2,3.231241108459832e-05
8743,0,0,2,0.00010915698195863663
8744,0,0,2,0.00022833871217393744
8745,0,0,2,0.00037911036158900336
8746,165,0,2,7.55479689030544e-05
8747,0,0,2,0.0001911711842898838
8748,0,0,2,0.00016537066909474025
8749,0,0,2,0.0001910422938034384
8750,0,0,1,1.2058387005017548e-05
8751,0,0,2,0.0003354089024043805
8752,0,0,1,0.00016866655955507796
8753,0,0,2,0.0001797040760114729
8754,0,0,2,0.0002343597226410692
8755,102,0,2,0.00023591422216401545
8756,0,0,2,0.00022773940672463322
8757,0,0,1,0.0004016222371882958
8758,0,0,2,0.00027969347752776534
8759,0,0,1,0.0003559891483413512
8760,0,0,2,0.0001809299376171752
8761,0,0,2,0.000439585224386038
8762,0,0,1,0.00017708105000368906
8763,0,0,1,0.00034364759512039555
8764,0,0,1,2.8046936131527095e-06
8765,0,0,2,0.00012051430998349676
8766,0,0,2,0.0001295984797882933
8767,103,0,2,0.0005158835634683105
8768,0,0,2,6.01000369523752e-05
8769,0,0,2,5.176664379437897e-05
8770,0,0,2,0.0002577152888406579
8771,0,0,1,0.0001177925120798562
8772,0,0,2,3.9211731029526594e-05
8773,0,0,2,0.00014111128720692897
8774,0,0,2,0.0004772349598534286
8775,0,0,2,5.5456944985792626e-05
8776,0,0,2,8.16805982520174e-05
8777,0,0,1,0.0002450462078089534
8778,0,0,2,0.0003652581644927124
8779,16,0,2,0.00040281817081514
8780,0,0,2,0.0001377556521418584
8781,2655,0,2,4.554966100713659e-05
8782,0,0,1,0.00013953209681920117
8783,0,0,2,0.0003738300741685269
8784,0,0,2,0.00023315175490474014
8785,0,0,2,0.0003021176355417274
8786,0,0,2,0.00012864550124715876
8787,0,0,2,0.00028990696325623675
8788,0,0,1,3.767211929944035e-05
8789,0,0,2,0.000221305706292747
8790,0,0,2,0.0003226173454952937
8791,0,0,2,0.00018412840356100775
8792,0,0,1,5.45463641101239e-05
8793,0,0,1,8.687861455162507e-05
8794,0,0,2,0.00021975841518832734
8795,0,0,2,0.0004327241717314336
8796,0,0,2,0.00030394510131690784
8797,0,0,1,2.903771382180553e-05
8798,0,0,2,0.00016596184448625805
8799,0,0,2,0.00024908949166611947
8800,0,0,2,0.0001288162844749786
8801,0,0,2,0.00024152575625687099
8802,0,0,2,0.00018657286218596848
8803,0,0,1,0.00012201410863804623
8804,179,0,2,0.0004506619664547532
8805,0,0,2,0.00018130722637259218
8806,0,0,2,0.00017899489499938588
8807,0,0,2,0.00032363387477889357
8808,0,0,2,0.00019962347813056973
8809,0,0,2,0.00010229998258569505
8810,0,0,2,0.00024135181983234622
8811,0,0,2,0.00011255748504905944
8812,0,0,2,0.0004598122875977432
8813,86,0,2,0.00025510579838833764
8814,0,0,2,0.00013991549348632405
8815,0,0,2,0.00011781811442402898
8816,0,0,1,0.0001721865510517676
8817,0,0,1,0.00013566947172548972
8818,0,0,2,0.000319777976290277
8819,0,0,1,2.689426344392984e-05
8820,0,0,2,0.00041995251049985405
8821,0,0,2,0.00013587049457141882
8822,0,0,2,0.0003676659436754293
8823,4916,0,2,0.0005229597813235138
8824,0,0,1,3.199824341730186e-05
8825,0,0,2,0.0003547812475648581
8826,0,0,2,0.00023614540922215087
8827,0,0,2,0.00026869416697290755
8828,0,0,2,9.23362893255551e-05
8829,0,0,2,0.0002760137127800337
8830,0,0,2,3.320545829539286e-05
8831,0,0,1,4.177041936414353e-05
8832,0,0,2,0.00011475663870944773
8833,0,0,1,0.0001481240745774744
8834,0,0,2,0.00019939056031690973
8835,0,0,2,0.0004994703499633421
8836,0,0,2,0.00037290136038210293
8837,0,0,2,9.258342757976179e-05
8838,0,0,2,0.0003319417502834432
8839,0,0,1,2.1813093207655806e-05
8840,0,0,2,0.00015673778007253513
8841,0,0,2,0.000599904752279631
8842,0,0,2,0.00020073789853016925
8843,0,0,2,0.00011659998739116925
8844,0,0,2,7.089212175427532e-05
8845,0,0,2,0.0003276259584474764
8846,0,0,2,0.0001244673610984251
8847,0,0,2,0.0002280209220051179
8848,0,0,2,8.825026124807592e-05
8849,0,0,2,0.0001623958657568052
8850,0,0,2,0.00012451161811822284
8851,12,0,2,0.00016550075342278126
8852,0,0,2,0.00029482025225108704
8853,406,0,2,1.0155107896057655e-05
8854,0,0,2,0.0001890628557953971
8855,24,0,2,0.00016277591466118583
8856,0,0,2,0.00019482174080878747
8857,0,0,2,0.00034008450851203114
8858,0,0,2,0.00013527738197216456
8859,0,0,2,0.00022693630382523484
8860,0,0,2,0.0002178780309657981
8861,0,0,2,0.0004889278959703244
8862,0,0,2,2.042382981499902e-05
8863,0,0,2,0.00025066049511944467
8864,0,0,1,0.00024987074898060325
8865,45,0,1,0.00011028052884304868
8866,0,0,2,0.00015502339720981835
8867,212,0,2,0.00011662810748850495
8868,0,0,2,0.00016318491509185765
8869,0,0,2,0.00040630747840122603
8870,0,0,2,0.0006159601928959911
8871,0,0,2,0.0006520634501942084
8872,0,0,2,0.00014543617684609257
8873,0,0,1,9.960974059294269e-05
8874,0,0,2,0.00014209918671138325
8875,0,0,2,0.0003365055173284689
8876,0,0,2,0.0006503443070053717
8877,0,0,2,0.0003534876793769928
8878,0,0,2,0.00027482629306491043
8879,0,0,2,0.00014371868449259431
8880,0,0,2,0.00031598950448976103
8881,0,0,2,0.0003940645502711132
8882,0,0,2,0.00034900738737217993
8883,0,0,2,0.0003475579923344353
8884,0,0,2,0.00046576156933027853
8885,0,0,2,0.00035611578231765684
8886,0,0,1,0.00010083342874000255
8887,0,0,2,0.0001622335815177647
8888,0,0,1,0.00025010339116296763
8889,77,0,2,0.00018239409871409094
8890,0,0,2,7.361373534308715e-05
8891,7,0,1,5.288272763672025e-05
8892,0,0,2,0.00010366791324663411
8893,0,0,2,0.00033510564610175785
8894,0,0,2,0.00031286787767585684
8895,0,0,2,0.000640328439997566
8896,0,0,2,0.0004152420503484673
8897,0,0,2,0.0001773827825581667
8898,0,0,2,8.821573759877456e-05
8899,0,0,2,0.00019822737850644687
8900,0,0,2,0.0005137380531036577
8901,0,0,2,0.00013228239511523936
8902,0,0,2,0.00011716832051196029
8903,0,0,2,0.00016322232817397042
8904,0,0,2,0.00012657166578834423
8905,0,0,2,8.537817803729017e-05
8906,0,0,2,5.582361682071291e-05
8907,0,0,2,0.0004664561148950642
8908,0,0,2,0.0002977302768159956
8909,0,0,2,6.548883170521011e-05
8910,0,0,2,0.00013950170963504508
8911,36,0,2,0.00042011326106933743
8912,0,0,1,4.261816007698905e-05
8913,0,0,2,0.0002017010867533503
8914,0,0,2,0.0003051841610236832
8915,1781,0,2,0.00016192859641295137
8916,0,0,2,8.247882740585288e-05
8917,0,0,2,2.09759586843821e-05
8918,0,0,2,0.00024388880581346475
8919,0,0,2,0.0004323748038388745
8920,0,0,2,5.70852128844576e-05
8921,0,0,1,2.8614687603998036e-05
8922,0,0,2,0.00010451752812612644
8923,0,0,2,0.00013822813412622505
8924,0,0,2,0.0001353324083647323
8925,0,0,1,0.00010604164930914623
8926,0,0,2,0.0001131565897440098
8927,0,0,2,0.0003864599586150068
8928,0,0,2,8.525273212593405e-05
8929,0,0,2,0.0003189285231280895
8930,0,0,2,7.776456341148486e-05
8931,0,0,2,0.00045604133267841056
8932,0,0,2,7.805080967592334e-05
8933,0,0,2,3.997614268652378e-05
8934,0,0,2,0.00021601909577335373
8935,0,0,2,5.92892259316243e-05
8936,0,0,2,0.00030696770057771667
8937,0,0,2,0.0003525467080165647
8938,0,0,2,7.257173968633363e-05
8939,0,0,1,1.0612770379625863e-05
8940,0,0,2,0.0002692431536379976
8941,0,0,2,8.952647804468959e-05
8942,0,0,2,0.0004443160166817789
8943,0,0,2,0.0006260862701333433
8944,0,0,2,0.00036469625536420284
8945,0,0,2,0.00016903345858358063
8946,0,0,2,0.0001201223839342866
8947,0,0,2,0.0006136816209956091
8948,0,0,2,3.487546791406621e-05
8949,0,0,2,0.0003997753905353517
8950,0,0,2,0.0003297364375339871
8951,0,0,2,0.00038885886074656946
8952,0,0,2,9.179753599511506e-05
8953,0,0,2,0.00047635812514363734
8954,317,0,2,5.8570920151397605e-05
8955,0,0,2,0.0001724813605250322
8956,0,0,2,0.00013500246423321673
8957,0,0,2,8.798652276567681e-05
8958,0,0,1,0.00018057392571942866
8959,0,0,1,1.1782629263301996e-05
8960,0,0,2,0.000626276165492901
8961,0,0,1,0.00012609470946380234
8962,0,0,2,0.00010671254964730562
8963,0,0,2,6.478301165864756e-05
8964,0,0,2,0.00017486820791534725
8965,0,0,2,0.00023766077401561552
8966,0,0,2,0.00020526881246205004
8967,0,0,2,0.0001241823240387373
8968,5967,0,2,0.00027494005226771185
8969,1193,0,2,4.518442653392771e-05
8970,0,0,1,0.00011394820577682196
8971,0,0,2,0.0001732483155588799
8972,0,0,2,0.0001317100261109655
8973,0,0,2,0.00041351945654273525
8974,0,0,2,0.0005582143571572673
8975,0,0,2,0.000136544633613743
8976,0,0,2,0.00029491856206735194
8977,7,0,1,0.00021739231801111485
8978,0,0,2,0.0007206450404273112
8979,0,0,2,0.00019191704802909025
8980,0,0,2,0.00021689548461019585
8981,0,0,1,4.41119208508254e-05
8982,0,0,2,0.00041052985257860675
8983,0,0,2,0.00019998812351738272
8984,0,0,2,7.536805028256715e-05
8985,7,0,2,0.00036746902979176594
8986,0,0,2,0.00012088631769395264
8987,0,0,1,0.00038322342108381444
8988,0,0,2,0.000717857447987409
8989,0,0,2,0.0001389315342255385
8990,0,0,2,0.000151223483789926
8991,0,0,2,4.407083504699159e-05
8992,0,0,1,8.750406408345287e-05
8993,0,0,1,6.89067232823927e-05
8994,0,0,2,0.0004690618853799277
8995,0,0,2,0.0002900155694928464
8996,0,0,2,0.0002994034481287558
8997,0,0,2,0.0002091121986966714
8998,0,0,2,0.0003531068863817908
8999,0,0,2,0.0002983376131670727
9000,0,0,2,0.00026922526633098586
9001,0,0,2,0.00013194148520174405
9002,7,0,2,0.00022722914569306283
9003,7,0,2,0.0004826474210313199
9004,0,0,1,9.299112819568886e-05
9005,0,0,2,0.0003475203677784881
9006,6596,0,2,0.0008789684247513241
9007,0,0,1,0.00014607262567305137
9008,0,0,1,2.430919123719758e-05
9009,4968,0,2,0.0005479336036482689
9010,0,0,2,0.00013230124567963056
9011,0,0,1,3.057318728391472e-06
9012,0,0,1,1.437842540587416e-05
9013,0,0,2,0.00016827676972148178
9014,0,0,2,0.00028677671748379425
9015,0,0,2,4.205354716581391e-05
9016,0,0,2,0.0002565873621050445
9017,0,0,2,0.00018832893619787105
9018,0,0,2,4.868638376911826e-05
9019,0,0,2,0.00010474343599410843
9020,0,0,2,0.000225018139010721
9021,0,0,2,0.00016327365472810208
9022,0,0,1,0.000247395763759634
9023,0,0,1,0.00013397562031700267
9024,0,0,2,5.655489159238748e-05
9025,0,0,2,0.0001910961136994031
9026,0,0,2,0.00024413513089507934
9027,159,0,2,0.0001817516433975061
9028,0,0,2,0.00013814790937417834
9029,0,0,1,2.1945132736190804e-05
9030,0,0,2,7.691543114803308e-05
9031,0,0,2,0.000317140716965332
9032,0,0,1,0.00011302280344425767
9033,0,0,2,0.00031963699953031874
9034,0,0,2,0.00022762375127937463
9035,3788,0,2,0.00021602056521008824
9036,0,0,2,0.00021477093261299058
9037,0,0,2,0.00023383223852108944
9038,0,0,2,0.0001995005545987047
9039,0,0,2,0.00027438940988480686
9040,0,0,2,0.00015267498730306729
9041,0,0,2,0.00020088888407778267
9042,0,0,1,2.1302694799638156e-06
9043,0,0,2,5.125459508847975e-05
9044,0,0,2,0.00011625499526142452
9045,0,0,2,0.00023865264826544908
9046,0,0,1,0.00012047229723385275
9047,0,0,2,0.0003518629529760833
9048,0,0,2,0.00013695785758624816
9049,0,0,2,7.16126526663211e-05
9050,0,0,1,0.00010696209413307687
9051,0,0,1,4.329185341316326e-05
9052,0,0,2,7.782760003114882e-05
9053,0,0,2,0.00016709613424754064
9054,0,0,2,0.0010458631625520427
9055,0,0,2,0.0002799257701703382
9056,0,0,1,2.0818909908915314e-05
9057,0,0,2,0.00014006416370794555
9058,0,0,2,0.0002277643973219756
9059,0,0,2,0.0002366429040864158
9060,0,0,2,0.0001069543653467203
9061,0,0,2,5.754333848682679e-05
9062,0,0,1,1.9697303770565767e-05
9063,0,0,2,0.00019969181285794455
9064,0,0,2,0.00034112989936188306
9065,0,0,2,0.00020020657786110066
9066,0,0,1,8.997954607261993e-05
9067,0,0,2,6.014645349031327e-05
9068,0,0,2,0.00013023349141900214
9069,0,0,2,0.0003396070696318682
9070,0,0,2,0.00033117199555443534
9071,0,0,2,0.00015398294412998626
9072,0,0,2,0.0008367082160845605
9073,0,0,2,6.727558165981947e-05
9074,0,0,2,0.00017965740563449117
9075,0,0,2,0.0001679033789736144
9076,0,0,2,7.863760569921245e-05
9077,0,0,2,0.0001272773532465369
9078,0,0,2,5.5944379735513364e-05
9079,0,0,1,1.0823558695397988e-05
9080,0,0,2,0.0002466872152635352
9081,0,0,2,0.00013403005394816193
9082,0,0,2,0.00013776414984944846
9083,0,0,2,0.00040849389603055667
9084,0,0,2,0.00017690439417593958
9085,7,0,1,7.534998672785812e-06
9086,0,0,2,0.00019930300008091456
9087,0,0,2,0.0002991823119196219
9088,0,0,2,0.00041136515028210346
9089,0,0,1,0.00010748217806113177
9090,0,0,2,0.0003042055114693421
9091,23,0,2,0.00026252058066074754
9092,0,0,2,7.37124006398928e-05
9093,0,0,2,4.6492643830258246e-05
9094,0,0,2,0.00015970040093044125
9095,0,0,2,0.0001318006049830931
9096,0,0,1,0.00013233285387733107
9097,0,0,2,0.00010236953203238335
9098,0,0,2,0.00047715773944777756
9099,0,0,2,0.00010409333848483677
9100,0,0,2,0.0005391750151852395
9101,0,0,2,0.0002725932102375918
9102,0,0,2,3.543121106026462e-05
9103,0,0,1,3.380461066130454e-05
9104,0,0,2,0.00013980068869533333
9105,0,0,1,0.0001594772671653288
9106,0,0,2,0.0001362983728723137
9107,0,0,2,0.00011132061861239023
9108,0,0,2,0.00018343375296317772
9109,0,0,2,7.212951994843232e-05
9110,7,0,2,0.00023278234855638407
9111,0,0,2,0.00011623668222835901
9112,0,0,2,0.0006781088895241893
9113,0,0,2,6.965656634995265e-05
9114,0,0,1,9.008616884032841e-05
9115,7,0,2,0.00018862871198723323
9116,0,0,2,0.00014945205616741334
9117,0,0,1,0.00010304610954607188
9118,0,0,1,8.411162777767252e-07
9119,0,0,1,9.054790304368532e-05
9120,0,0,1,9.10287282846867e-07
9121,7718,0,2,0.0011464044382541916
9122,0,0,2,0.0002477783823318871
9123,0,0,2,0.0002750757584426257
9124,43,0,2,2.5803560736962136e-05
9125,0,0,2,0.00013228198218722965
9126,0,0,2,0.00015717390800100488
9127,73,0,2,0.0004628102861355304
9128,0,0,2,2.6027572295457064e-05
9129,0,0,2,0.0005639264477899292
9130,0,0,2,0.00016556385624712502
9131,19,0,2,0.00022543113736459106
9132,0,0,2,0.0003424853560253243
9133,0,0,1,8.143475578562613e-05
9134,0,0,2,2.1028958765891965e-05
9135,0,0,2,0.0003240204121722871
9136,0,0,2,0.0004420137115260902
9137,0,0,2,0.00025792647859937705
9138,0,0,2,6.380323457125241e-05
9139,0,0,2,0.00010272021897794115
9140,0,0,2,0.000317162171781297
9141,0,0,2,0.0002562814467050949
9142,0,0,2,0.00033510671762208545
9143,0,0,2,0.0001911066462366966
9144,0,0,2,0.0002716598723317751
9145,0,0,2,0.00014148303170359003
9146,0,0,2,7.187246719761323e-05
9147,0,0,2,0.00022721066191722965
9148,0,0,2,0.00020207257875608993
9149,0,0,2,0.00016424835359234361
9150,0,0,2,0.0002472511313438803
9151,0,0,2,0.0003009057052924039
9152,0,0,2,0.0004247356310645369
9153,18,0,2,0.0004770541710504527
9154,0,0,2,0.0005229307024875702
9155,0,0,1,0.0001696093971763036
9156,0,0,2,0.00023362112006503587
9157,3249,0,2,0.00034549363411864073
9158,0,0,2,0.00026433248795669094
9159,0,0,2,0.00012833460128158428
9160,0,0,2,0.0003670529313810971
9161,0,0,2,0.00018399449552151796
9162,0,0,2,0.00023635682320759919
9163,0,0,2,8.989696210057601e-05
9164,0,0,2,0.00011276694431566743
9165,0,0,2,8.875349783929555e-05
9166,0,0,2,6.087138320776992e-05
9167,0,0,2,2.0013879611680778e-05
9168,0,0,2,7.349639917418191e-05
9169,0,0,2,0.00029690663279769987
9170,0,0,2,0.0002028094234219
9171,0,0,2,0.00028569915943416844
9172,0,0,2,0.000737988965294201
9173,0,0,2,2.8740778698246837e-05
9174,0,0,1,3.2936581226716026e-05
9175,0,0,2,0.00030839232736677155
9176,0,0,2,0.00012707264110295267
9177,0,0,2,0.0007396895312386665
9178,0,0,1,0.0002119906593558706
9179,0,0,2,8.747336103867325e-05
9180,0,0,2,8.104827966024348e-05
9181,0,0,2,0.00019011658471450475
9182,0,0,2,0.000421891927487378
9183,0,0,2,7.714051315580382e-05
9184,0,0,2,9.899212811127627e-05
9185,0,0,2,0.00019717040115524762
9186,0,0,2,0.00048174214508208004
9187,0,0,2,0.00027262709014581405
9188,0,0,2,0.000184794072077693
9189,0,0,2,0.0003183456210348537
9190,0,0,2,0.0004444428519626759
9191,0,0,2,5.799124127536964e-05
9192,327,0,2,0.00017829344308825112
9193,0,0,2,0.00024311683512836447
9194,0,0,1,0.00013330514602778802
9195,0,0,2,0.000294037402649133
9196,0,0,1,3.749529679643138e-05
9197,0,0,2,6.653984412360316e-05
9198,0,0,2,8.943582832601413e-05
9199,0,0,2,9.088277931433416e-05
9200,0,0,2,0.00039473420555103295
9201,0,0,2,0.00014043633028202143
9202,0,0,2,0.00031388735231451756
9203,0,0,2,2.419080964673664e-06
9204,0,0,2,0.0003671104309419211
9205,0,0,1,6.88004465276098e-06
9206,0,0,1,3.9374500408467714e-05
9207,0,0,2,0.0006250307843245351
9208,411,0,2,0.00028499675311458207
9209,0,0,2,4.343201638686221e-05
9210,0,0,2,0.00013779487674367414
9211,0,0,2,0.00025628661410436935
9212,0,0,2,0.00017944893347269407
9213,0,0,2,0.0010194626430301665
9214,0,0,2,0.0002611910868101393
9215,0,0,2,0.00013095481598805782
9216,0,0,2,0.0005973818946151826
9217,0,0,1,0.0003282652059971345
9218,0,0,2,4.064308620641671e-05
9219,0,0,2,0.0003673720278464693
9220,0,0,2,0.0002039115998194082
9221,0,0,1,1.667029313363599e-05
9222,0,0,2,9.740006380904801e-05
9223,1012,0,2,3.521191304154853e-05
9224,0,0,2,0.00015394323153468758
9225,0,0,2,3.226072578658214e-05
9226,0,0,1,2.7940160721179008e-05
9227,0,0,2,7.891862472472186e-05
9228,0,0,2,0.000230669303762858
9229,0,0,2,0.00032584276663334027
9230,0,0,2,2.429048533358841e-05
9231,0,0,2,0.00022292478843173304
9232,0,0,2,8.933462864338848e-05
9233,0,0,2,0.00020806951901232242
9234,0,0,2,0.00021271450683873325
9235,0,0,2,0.0005727633485177799
9236,0,0,2,0.00028846658646685953
9237,0,0,2,0.00033044060524547867
9238,0,0,2,0.00017124247810063306
9239,0,0,1,0.00012734119513044942
9240,0,0,1,0.000141564009780069
9241,0,0,2,0.00021683978670683737
9242,0,0,1,2.313840188110795e-05
9243,0,0,2,0.000266099079671679
9244,0,0,2,0.00018078023366014314
9245,0,0,2,0.000531435249031021
9246,1591,0,2,0.00032398164288539253
9247,0,0,2,0.00020658636710714197
9248,0,0,2,9.492882286782962e-05
9249,0,0,2,0.0004250256344706291
9250,0,0,1,0.0001759097126373021
9251,0,0,2,0.0002958317138498879
9252,0,0,2,0.00018522834504982008
9253,0,0,2,0.00047489810603469336
9254,0,0,2,0.00014085002210659166
9255,0,0,2,0.00041368497798645256
9256,0,0,1,0.0003081570890554178
9257,0,0,2,0.0004126485671778324
9258,0,0,1,4.8489898757075655e-05
9259,534,0,2,0.00027897013759263143
9260,0,0,2,0.0004283272230697795
9261,0,0,2,0.00020174017215098686
9262,0,0,2,0.0002458089601869572
9263,0,0,2,0.0002481298905223337
9264,0,0,2,2.1020555531145877e-05
9265,113,0,2,0.00018996529574812757
9266,0,0,2,0.00038142833272085267
9267,0,0,2,0.0003004494227338812
9268,0,0,2,0.00010736512631579954
9269,0,0,2,0.0001164017949219571
9270,0,0,2,9.924094688060766e-05
9271,0,0,2,0.00036912400746139947
9272,0,0,2,0.00013696781572746368
9273,0,0,2,5.707713081203729e-05
9274,0,0,2,0.000247683451709322
9275,0,0,2,0.0005190407341482582
9276,0,0,2,0.0001114301615339777
9277,0,0,1,0.00026669491688101945
9278,0,0,2,0.00042209096026727923
9279,3333,0,2,0.0004299920057418808
9280,0,0,2,0.0001608361432677132
9281,0,0,2,4.770932027171742e-05
9282,0,0,2,0.00020150934683883564
9283,0,0,2,0.00013073340723167463
9284,0,0,2,0.0001638818164277581
9285,0,0,2,0.00015469552088269404
9286,0,0,2,9.654172815519555e-05
9287,0,0,2,0.00036047038734017154
9288,0,0,2,0.0003068804996945024
9289,202,0,2,0.00010889776282765731
9290,0,0,2,0.0003023915053522224
9291,0,0,2,0.00023730948126835452
9292,0,0,2,0.00030865134288369654
9293,0,0,2,0.00016792820538820302
9294,1179,0,1,0.00020710821826344037
9295,0,0,2,0.00025570181759096693
9296,0,0,2,0.00015524008953934362
9297,0,0,2,0.00022596898812676366
9298,0,0,1,1.884621773666902e-05
9299,0,0,2,0.00019972764174442937
9300,0,0,2,0.00035924717681061713
9301,0,0,2,0.00011127532189769332
9302,0,0,2,0.00024043449983767915
9303,0,0,2,0.00018733027029953285
9304,0,0,2,0.00013405767574182863
9305,2566,0,1,0.0001607623059035421
9306,0,0,2,0.00029957459160844695
9307,0,0,2,0.000342833125363127
9308,0,0,2,7.05346384225779e-05
9309,0,0,2,0.0003998152258428742
9310,0,0,2,0.00013072023750777549
9311,0,0,2,0.00014046564451969298
9312,0,0,2,2.085020070909178e-05
9313,0,0,2,3.015866636427246e-05
9314,0,0,1,8.795555703780063e-05
9315,0,0,2,0.0006187918611411016
9316,0,0,2,0.0001745524718844699
9317,0,0,2,0.00018657525970369672
9318,0,0,2,5.0967819321112374e-05
9319,0,0,2,0.0002731573385950697
9320,0,0,2,0.0005018571505621886
9321,0,0,2,0.0005035420991800939
9322,978,0,2,6.324567524540139e-05
9323,0,0,2,0.00017056126282677126
9324,0,0,2,0.0004420279748947696
9325,0,0,2,0.0003561445337834173
9326,0,0,2,0.0005122081893697208
9327,0,0,2,0.00013006341151777147
9328,0,0,1,7.99377056947074e-05
9329,1832,0,2,0.00031859166785390734
9330,0,0,2,0.0001330414052422808
9331,0,0,1,0.0001896726749541145
9332,7,0,2,1.9414646336214405e-05
9333,0,0,2,0.00031550717221283137
9334,0,0,2,0.00042408917694425764
9335,64,0,2,0.00023771812804953215
9336,0,0,2,8.833990616797369e-05
9337,0,0,1,0.0002196764695836844
9338,64,0,2,0.00016974842800376855
9339,0,0,2,8.382857464340591e-05
9340,0,0,2,0.00015309861336253562
9341,0,0,2,0.00014184524843110033
9342,0,0,2,0.00018193129060397443
9343,0,0,2,0.00030866074807962124
9344,0,0,2,0.00025988579155548263
9345,0,0,1,8.196930330742648e-05
9346,0,0,2,0.0005293455307795012
9347,0,0,2,0.00028870929466455844
9348,0,0,2,8.002965989771198e-05
9349,0,0,2,0.00011024208062981563
9350,0,0,1,3.949450581716059e-05
9351,0,0,2,0.0003543502893161772
9352,0,0,2,2.4703392436415426e-05
9353,0,0,2,0.00023886425972926257
9354,0,0,2,7.003953502447742e-05
9355,0,0,2,0.0001134874257656626
9356,0,0,2,0.00018018879578443964
9357,0,0,2,0.00015279837472475513
9358,0,0,2,4.575470316335174e-05
9359,16,0,2,0.0004099671026636517
9360,0,0,2,0.00044092896412250757
9361,0,0,2,0.0002752082659368643
9362,0,0,2,2.625371129353211e-05
9363,0,0,2,0.00016182899306226408
9364,0,0,2,0.00017256864804793173
9365,0,0,2,0.0004679027996184924
9366,0,0,2,0.0003170512771653171
9367,0,0,2,7.43766861602566e-05
9368,0,0,2,0.00040770050039562244
9369,0,0,2,0.00018263920623339428
9370,0,0,2,0.0002965265620263968
9371,0,0,2,0.0006792175374878403
9372,0,0,1,4.012039153366986e-05
9373,0,0,2,0.00022155583062906769
9374,0,0,2,0.00024731192910633647
9375,0,0,2,0.00018883503589497904
9376,0,0,2,0.0001513569176529408
9377,0,0,2,0.0002746229289182197
9378,0,0,2,0.00010281238050111456
9379,0,0,2,0.0003572292528032819
9380,0,0,2,0.0002057665219018623
9381,0,0,2,0.00048184038379385817
9382,0,0,1,1.7099476572011177e-05
9383,0,0,2,0.0007641706180627832
9384,0,0,2,0.00019895507851992522
9385,0,0,2,0.00013541693862651716
9386,0,0,2,0.0002675975359248394
9387,0,0,2,0.0001352839173627001
9388,0,0,2,0.0005033769793087142
9389,0,0,2,0.0003607270646909672
9390,0,0,2,6.658579451938244e-05
9391,0,0,2,0.0007266146165371774
9392,0,0,2,0.00011449088805024323
9393,0,0,2,0.00011038751925176539
9394,0,0,2,0.0002524966413374126
9395,0,0,2,0.00018612835797845686
9396,0,0,2,0.00019985771517136848
9397,0,0,2,0.0001502042482007423
9398,170,0,2,0.00029870272026139043
9399,0,0,2,0.0007750289245621309
9400,0,0,2,0.00035042805347886106
9401,0,0,2,0.00020364045786269502
9402,0,0,2,0.0003211583670493208
9403,0,0,2,0.00035752324950532905
9404,0,0,2,0.000685004195150802
9405,0,0,2,0.0002587193533992601
9406,0,0,2,0.00024890576270065063
9407,0,0,2,0.00021745167487785948
9408,0,0,2,0.00021480967970974202
9409,0,0,2,0.0006350035656306525
9410,0,0,2,0.00026404218465290156
9411,0,0,2,0.0002324930042173076
9412,0,0,2,3.13272146097029e-05
9413,0,0,2,0.0005538077804096791
9414,0,0,2,0.00029399503768291356
9415,0,0,2,3.745150240168426e-05
9416,0,0,2,0.00010530843399529912
9417,0,0,2,0.0003811822970582382
9418,0,0,1,4.107059548948289e-05
9419,0,0,1,0.0002660540235190905
9420,0,0,2,7.835444125530397e-05
9421,0,0,2,0.0005808781079146415
9422,0,0,2,0.00021418601319013523
9423,0,0,2,6.045488850597498e-05
9424,0,0,2,0.00022993467905075359
9425,0,0,2,0.00020794601888725982
9426,21,0,2,0.0001480555001156895
9427,0,0,2,0.00010632377385399737
9428,0,0,2,8.027511513615545e-05
9429,0,0,2,9.232394088060161e-05
9430,0,0,2,0.00022301299032807928
9431,0,0,2,0.00037089276900467136
9432,0,0,2,0.000246586211371727
9433,0,0,2,0.00012547189509020353
9434,0,0,2,0.00033891704709995967
9435,0,0,2,6.946444752230575e-05
9436,0,0,2,0.00010331422046082971
9437,0,0,2,0.0005074664131017295
9438,0,0,2,0.00030270175286020105
9439,0,0,2,0.000166836114151495
9440,0,0,2,0.00046394582436363693
9441,0,0,1,0.00032538075499687514
9442,0,0,1,0.00030194843588094057
9443,26,0,2,0.0001250833233231091
9444,0,0,2,0.00018911384173647507
9445,0,0,2,0.0003106912181841139
9446,0,0,2,0.0002499387338194267
9447,0,0,2,0.00019120792568664766
9448,0,0,2,7.943914508493568e-05
9449,0,0,2,0.00018324646738735535
9450,0,0,2,0.0004607435614193385
9451,121,0,2,0.00036294146164762283
9452,0,0,2,0.0003793648190769001
9453,0,0,2,0.00029972512016011193
9454,0,0,2,6.76468804887875e-05
9455,0,0,2,5.489203530161485e-05
9456,0,0,2,0.00030659659148231486
9457,0,0,2,0.00011608108481974232
9458,0,0,2,0.00029342583683626683
9459,0,0,2,0.00016130414503825628
9460,0,0,2,7.636047143839717e-05
9461,0,0,2,0.00012084822527609267
9462,4779,0,2,0.00022081181328187255
9463,0,0,2,0.00018956003347047538
9464,0,0,2,0.00013230404076472506
9465,0,0,2,0.0004860396538032161
9466,0,0,2,7.608603465853451e-05
9467,0,0,2,0.00010005162406175119
9468,0,0,2,5.1690722853889276e-05
9469,0,0,2,0.00012212709070559975
9470,0,0,2,5.8716043031543435e-05
9471,0,0,2,0.00022841895269700433
9472,753,0,2,0.00014470293392083268
9473,0,0,2,0.0004589766836399804
9474,0,0,2,0.00015098949002094835
9475,0,0,2,0.0005675550991952907
9476,0,0,2,0.00010869520858224778
9477,0,0,2,0.0002086641780094991
9478,0,0,2,0.00015589492601665114
9479,0,0,2,0.0006744050621134564
9480,0,0,2,0.0011016793504921125
9481,0,0,2,3.857169306030196e-05
9482,0,0,1,0.00013983375795993046
9483,0,0,2,2.6056485992035226e-05
9484,111,0,2,0.0001248459195771807
9485,0,0,2,0.0005695756702265988
9486,0,0,2,0.0004262448981758903
9487,0,0,2,0.0005656131127916062
9488,245,0,2,9.700729885215986e-05
9489,0,0,2,0.00026063656671225776
9490,0,0,2,0.00026743524362669304
9491,0,0,2,0.0001219301323066722
9492,0,0,2,0.00023758863269880316
9493,0,0,2,0.00012176345162360442
9494,0,0,2,0.00013276857170993307
9495,0,0,2,9.682390851908743e-05
9496,0,0,2,0.00023156397798010497
9497,0,0,2,0.00028774117031628494
9498,0,0,2,0.0004078027528110565
9499,0,0,2,0.00026052442686025064
9500,0,0,2,0.0001891066569595636
9501,0,0,2,9.858110320064995e-05
9502,0,0,2,0.0002050115624656016
9503,0,0,2,0.0001505212869112285
9504,0,0,2,7.766472939689871e-05
9505,0,0,2,0.00022888873397568693
9506,0,0,2,0.0005775261926512823
9507,0,0,2,7.585308602854805e-05
9508,0,0,2,0.0005279277692261288
9509,0,0,2,0.00021869655221095496
9510,0,0,2,0.00030445776108973236
9511,0,0,2,0.00019325250536652452
9512,0,0,1,4.2518897382829316e-05
9513,0,0,1,6.898805631416026e-05
9514,160,0,2,0.0002521963739941448
9515,0,0,2,0.000276058303564605
9516,0,0,2,7.457319278460686e-05
9517,0,0,2,0.00016697537267755159
9518,0,0,2,0.00015091531370598935
9519,0,0,2,0.00016276879112285723
9520,0,0,1,3.4568360402113296e-05
9521,0,0,2,0.0001349491181717953
9522,0,0,2,0.00024264936683614233
9523,0,0,2,0.00047626811657595247
9524,0,0,1,2.490944013492446e-05
9525,0,0,2,3.0231722530306858e-05
9526,0,0,2,0.0005905248859566638
9527,0,0,2,0.0006257307308237223
9528,0,0,2,0.00033113056744698204
9529,0,0,2,0.00026410863445560214
9530,0,0,1,5.128368917672451e-06
9531,0,0,2,0.0002817360472199135
9532,0,0,2,5.836771471978738e-05
9533,0,0,1,0.00012731777136086497
9534,0,0,1,0.0005156398173039622
9535,0,0,2,0.00020878652081391874
9536,1296,0,2,0.0001050553414767785
9537,3461,0,2,0.0003462832482528608
9538,0,0,1,0.0002101889199958715
9539,0,0,2,0.00024283069014756654
9540,22,0,1,0.0001931066931413186
9541,0,0,1,6.448138586930081e-05
9542,0,0,2,0.00028795812154790563
9543,0,0,1,0.00039874899124301235
9544,0,0,2,0.00020587168173938345
9545,0,0,2,0.00016198778779944947
9546,0,0,2,0.0002594967512239578
9547,0,0,2,0.000133733898355118
9548,0,0,2,0.0001845632838952425
9549,0,0,2,0.0008298964761753423
9550,0,0,2,2.8798494737981357e-05
9551,0,0,2,9.250403659422996e-05
9552,0,0,2,0.0002225078666278732
9553,0,0,2,0.00020984448053031708
9554,0,0,2,4.3046894454672534e-05
9555,0,0,2,0.0005017635108314216
9556,0,0,2,8.893296009695563e-05
9557,0,0,2,0.00020800584453304973
9558,0,0,2,0.00018226827591781358
9559,0,0,2,2.824178710077265e-05
9560,0,0,2,0.0001084057123637402
9561,0,0,2,0.0003755669734713603
9562,0,0,2,0.0004925939857883702
9563,0,0,2,0.0002656600231311657
9564,0,0,2,0.0002733079204351961
9565,0,0,2,0.0005246050832427645
9566,0,0,2,4.558066669957057e-05
9567,0,0,2,0.00022326528174263042
9568,0,0,2,0.0002042228356327861
9569,0,0,2,0.0001842330922303033
9570,0,0,1,0.00010278330232866362
9571,0,0,2,0.00013168244559918208
9572,0,0,2,0.00023442244660218828
9573,0,0,2,0.00036799828886258893
9574,0,0,2,0.0002711204218133821
9575,0,0,2,8.594254106359737e-05
9576,0,0,2,0.0003254825999092278
9577,0,0,2,0.00028476036510711013
9578,0,0,2,0.00012609934836301808
9579,0,0,2,0.0002627641446176529
9580,0,0,2,0.0001851786500182351
9581,0,0,1,0.00032496120766134094
9582,0,0,2,0.0002045273917939603
9583,0,0,2,0.0001134534286549469
9584,0,0,2,4.743594874734315e-05
9585,0,0,2,8.520256960163776e-05
9586,0,0,2,3.05530709884373e-05
9587,0,0,2,0.0005871585875740751
9588,0,0,1,0.0003688497962974158
9589,0,0,2,0.00031994788487560595
9590,0,0,1,0.0001635270715857862
9591,0,0,2,7.880382986120784e-05
9592,0,0,1,3.739735797244283e-05
9593,0,0,2,2.811467813186583e-05
9594,0,0,2,0.0007344012817089941
9595,0,0,2,0.00011274023861871647
9596,0,0,2,0.0002461710935336329
9597,0,0,2,9.85946227625429e-05
9598,0,0,2,0.0003003115212881298
9599,0,0,2,0.0007352193777233455
9600,0,0,2,0.00030231663996204246
9601,0,0,2,0.0003631346966277185
9602,0,0,2,4.368455628493617e-05
9603,0,0,2,0.0002599766887399334
9604,0,0,2,0.0006806079374930187
9605,0,0,2,0.0002575661890856693
9606,0,0,2,0.00024273476024821257
9607,0,0,2,4.782464515095377e-05
9608,0,0,2,1.2780546964429291e-05
9609,0,0,2,0.0002002677838798271
9610,0,0,2,0.00012028749920957846
9611,0,0,2,0.00033798849777988573
9612,0,0,2,7.732881059122265e-05
9613,0,0,2,0.0003764886086026198
9614,0,0,1,0.000427745037458497
9615,0,0,2,0.0004550268328861614
9616,0,0,2,0.0001338971784368823
9617,0,0,2,4.0362693163174744e-05
9618,0,0,1,8.224783900645181e-05
9619,0,0,2,0.00021033795553407266
9620,0,0,2,0.00044768673082154324
9621,0,0,2,0.00027187631435464447
9622,0,0,1,0.00018950658165048972
9623,0,0,2,0.0003779291487051058
9624,0,0,2,0.00014754307773167592
9625,0,0,2,0.0003956453140254628
9626,0,0,2,0.00017693606475508645
9627,0,0,1,0.00026833631733184465
9628,0,0,2,0.00027115767757061654
9629,22,0,1,0.0002112518158230845
9630,0,0,2,0.00019953783995456278
9631,0,0,2,0.0005654794290742906
9632,0,0,2,0.00019196763587364348
9633,0,0,2,2.6729905663509483e-05
9634,0,0,2,3.269700748031844e-05
9635,0,0,2,0.00026999101148143513
9636,0,0,2,0.0003677051557468472
9637,0,0,2,0.00016185877154217525
9638,0,0,1,7.838531934729029e-05
9639,0,0,2,0.00015408598875317803
9640,0,0,2,0.0002718249088164732
9641,0,0,1,5.516409943346399e-05
9642,0,0,2,0.0006048877562900566
9643,0,0,2,0.00014465285732498113
9644,0,0,2,0.00013518004947267183
9645,0,0,1,0.00010856689234530352
9646,0,0,2,0.00021849679695376423
9647,0,0,1,2.9840944522704907e-05
9648,0,0,2,0.00025629709649059145
9649,0,0,2,0.0004828696151424761
9650,0,0,2,3.711833077223713e-05
9651,0,0,1,0.00012224530915251532
9652,0,0,2,6.040164400578268e-05
9653,0,0,2,0.0002841708238418174
9654,0,0,2,0.00014119223825997658
9655,0,0,2,9.187723526810468e-05
9656,0,0,2,0.00011700780636917327
9657,0,0,1,8.84844899799343e-05
9658,2715,0,2,0.000292204677753675
9659,0,0,2,0.00013436281822274047
9660,0,0,2,0.00012947143142121628
9661,0,0,2,0.00020034622775191814
9662,0,0,2,4.068866129530476e-05
9663,0,0,2,0.00030145454570423374
9664,0,0,2,0.00035836504851021096
9665,193,0,2,0.0005883441098782186
9666,0,0,2,0.00017352880363139884
9667,2007,0,1,4.671704909186856e-05
9668,0,0,2,0.0004628542978887187
9669,0,0,2,0.000411746663816943
9670,0,0,2,0.00021042997863486172
9671,0,0,2,0.00012177912451450546
9672,0,0,2,0.00023186563746682275
9673,26,0,2,0.0002475187893983858
9674,0,0,1,0.0002495946844619386
9675,0,0,2,9.232441190459159e-05
9676,0,0,2,0.0002837254824456008
9677,0,0,1,0.00016658230740481476
9678,0,0,2,0.0002120399552397323
9679,0,0,2,0.00024535104775224453
9680,1019,0,2,0.0001321382199375696
9681,0,0,1,2.426510244808938e-05
9682,0,0,2,0.00013025319231931863
9683,0,0,2,0.0001241343324290215
9684,0,0,2,0.00013622390931023482
9685,0,0,2,0.0005472605815050223
9686,0,0,2,7.231555697157149e-05
9687,0,0,2,0.000286993022598867
9688,0,0,2,0.0004205931457719343
9689,0,0,1,1.721115459525017e-05
9690,0,0,2,0.0002804712533241101
9691,0,0,2,2.3900168606523865e-05
9692,0,0,2,0.00020047892725109972
9693,0,0,1,0.00011126770560510573
9694,0,0,2,6.039400227641243e-06
9695,0,0,2,6.32360987301593e-05
9696,0,0,2,0.00015702768152862264
9697,0,0,2,0.0007007393221205678
9698,0,0,2,0.00018543067963744308
9699,0,0,2,0.00014767380981478697
9700,0,0,2,0.0008238420519126497
9701,0,0,2,0.00020187773997068793
9702,0,0,2,4.3659046926948896e-05
9703,0,0,1,0.00014236108542136516
9704,0,0,2,0.0004333390055323821
9705,0,0,2,0.00018378404245532491
9706,0,0,2,0.00017541560825654813
9707,0,0,2,0.00032761862409169716
9708,0,0,2,0.000431717103676316
9709,0,0,2,0.00037467482596750617
9710,0,0,2,0.0003936248882785794
9711,0,0,2,0.00010671106711679071
9712,0,0,2,0.00011141596504753403
9713,0,0,2,0.00022899243843287818
9714,0,0,2,0.000517822569457437
9715,0,0,2,0.0007067890344915201
9716,0,0,2,1.891459003944975e-05
9717,0,0,2,0.00036917540578814263
9718,0,0,1,0.00017422468207369286
9719,0,0,1,4.448030422885677e-05
9720,0,0,2,0.00010221775342228394
9721,0,0,1,3.506757226834346e-05
9722,0,0,2,0.0005872839322172375
9723,0,0,2,0.0002573707225815496
9724,0,0,2,9.489725365259915e-05
9725,0,0,1,0.0003636569820875407
9726,7,0,2,0.00022217977491577567
9727,0,0,2,0.00021230753843592024
9728,0,0,2,0.0003546995202750567
9729,0,0,2,0.0002191623751284692
9730,0,0,2,0.0003110103094611621
9731,0,0,2,0.00024618136745529546
9732,0,0,2,0.00010445607027105035
9733,0,0,2,0.0002490332618384124
9734,0,0,2,4.1362232962259355e-05
9735,0,0,2,0.00025199254326580917
9736,0,0,1,6.392308763530599e-05
9737,0,0,2,8.35740307201178e-05
9738,0,0,2,7.229177694488606e-05
9739,0,0,2,0.00015579289975908237
9740,5043,0,2,0.00041226593344534244
9741,0,0,2,0.00012223779739793832
9742,0,0,1,9.31638984271546e-05
9743,0,0,2,0.00017258146514513112
9744,0,0,2,0.00021140236919027955
9745,0,0,2,0.00014354758056706686
9746,0,0,1,8.997569835258058e-05
9747,0,0,2,7.276195999802941e-05
9748,0,0,2,0.00010058483975315561
9749,0,0,2,0.0002717149764271017
9750,0,0,1,9.942758701809588e-05
9751,0,0,1,0.0002431684328087853
9752,0,0,1,6.0418098831080963e-05
9753,0,0,2,0.00010322995469518224
9754,0,0,1,8.05444035103994e-05
9755,0,0,2,0.0003355713596063263
9756,0,0,2,0.00019503668843334234
9757,0,0,2,0.00038992631970231586
9758,0,0,2,0.0002527991770600539
9759,0,0,2,0.0003849523964183386
9760,0,0,2,0.00032830251114682754
9761,0,0,2,0.0005507213034784923
9762,0,0,2,0.00011135609840626378
9763,0,0,2,0.00012730959987462473
9764,0,0,2,0.00019698447465169483
9765,719,0,2,0.0002097550357872911
9766,0,0,2,0.000417745805518148
9767,4774,0,1,0.0006602635328719727
9768,0,0,2,0.00023259496236059692
9769,0,0,2,9.22255915020765e-05
9770,0,0,2,0.0004615988032384864
9771,0,0,2,0.0002896299318636243
9772,0,0,2,0.00011589408248178976
9773,0,0,2,0.00021883166955662613
9774,407,0,1,1.712567341683208e-05
9775,0,0,2,0.00016852908641396455
9776,0,0,2,0.0004424823621671504
9777,0,0,1,7.873873483433966e-05
9778,0,0,2,0.00018347558703727106
9779,0,0,2,0.00020135684070830343
9780,0,0,2,0.00011085529809261776
9781,0,0,1,0.0005386684081902183
9782,0,0,2,0.00010987045335243584
9783,0,0,1,6.626121118681426e-05
9784,0,0,2,0.00010427687305322896
9785,0,0,2,0.00028915063434506504
9786,0,0,2,0.00018035858443671846
9787,0,0,2,9.939617808041391e-05
9788,0,0,2,8.241110528076248e-05
9789,0,0,2,0.0001353559529233589
9790,0,0,2,0.0001308161298225274
9791,0,0,2,0.0003091676857576731
9792,0,0,2,8.019724623162942e-05
9793,0,0,2,0.0005195753245798841
9794,0,0,2,0.0001246750550649693
9795,0,0,2,0.0002765103216010969
9796,2662,0,1,9.722741158649776e-05
9797,0,0,2,0.00042031039478754794
9798,0,0,2,0.00033688442045829846
9799,0,0,2,2.0866926186981672e-05
9800,0,0,2,0.0001398609822520002
9801,0,0,2,0.0001359478729193419
9802,0,0,2,0.0003578969770146552
9803,7,0,2,9.527553587221673e-05
9804,0,0,2,0.00014606598682984743
9805,0,0,2,0.00015317851031289756
9806,0,0,2,0.0007297484107692846
9807,0,0,1,2.7000320946260727e-05
9808,0,0,2,0.00011591338982555195
9809,0,0,2,0.000321758672786499
9810,0,0,2,0.00014405936101430508
9811,881,0,2,0.0005579039296585566
9812,0,0,2,9.521023172492422e-05
9813,0,0,2,0.0003611927105190778
9814,0,0,2,0.00017859052643520593
9815,0,0,2,0.00011874217720047701
9816,0,0,2,0.0006637627144937053
9817,0,0,2,0.00017267419476190836
9818,0,0,2,8.254249733412256e-05
9819,0,0,2,0.00023809626566494873
9820,0,0,2,0.00023175746689620076
9821,0,0,2,0.00037275087550520586
9822,0,0,2,0.0003542215244413121
9823,0,0,2,0.0008224850576575478
9824,0,0,2,0.00014707797768327463
9825,0,0,1,5.2575829233305595e-05
9826,0,0,1,0.00010482162357878501
9827,0,0,2,0.0002667860837950352
9828,0,0,2,0.00010717162012436642
9829,0,0,2,0.000203721076594578
9830,0,0,2,0.0003164831637926098
9831,0,0,2,0.0003619127577450157
9832,0,0,2,0.00024171121598956426
9833,0,0,2,7.590591249550494e-05
9834,0,0,2,0.0001845915843844183
9835,0,0,2,0.00025102453850485825
9836,0,0,2,0.00018652961792113437
9837,0,0,2,0.00017610681436744675
9838,0,0,1,0.00028515798928014215
9839,0,0,2,0.00026822959049177075
9840,0,0,2,7.95136762340666e-05
9841,0,0,1,0.000427590098962139
9842,0,0,2,6.84668773065778e-05
9843,0,0,2,0.00036499325098258365
9844,0,0,2,0.0002504188651993858
9845,0,0,2,0.0002798930562205144
9846,0,0,2,0.0005927019323854252
9847,0,0,2,0.00018442962867295162
9848,0,0,2,0.0002994234282536248
9849,0,0,2,0.00016601720859302793
9850,0,0,2,0.00016960153721540784
9851,0,0,2,0.0004556737163967773
9852,7,0,2,0.0001965820930580679
9853,0,0,2,0.00013412680381596256
9854,0,0,1,3.799568318006359e-05
9855,0,0,2,0.00030518440850764726
9856,0,0,1,3.1328374743527586e-05
9857,0,0,2,0.00014795024459430135
9858,0,0,1,0.00020985043405449732
9859,0,0,2,0.00010935374675387974
9860,0,0,2,0.00016265178090030846
9861,0,0,2,5.643397881513243e-05
9862,0,0,2,4.953144603680684e-05
9863,0,0,1,2.804766878532152e-06
9864,0,0,2,0.0005752557716254329
9865,0,0,2,4.71478831130784e-05
9866,0,0,2,0.0004941510268838223
9867,0,0,2,0.0001441827014464528
9868,7,0,2,0.00037766386519847935
9869,0,0,2,4.02351862397338e-05
9870,0,0,2,0.00010359312281842052
9871,0,0,1,0.0003489932165708815
9872,0,0,2,0.00033192632832621855
9873,0,0,2,0.0001242715769380126
9874,0,0,1,0.00044252441338220815
9875,0,0,2,0.0006251583672810604
9876,0,0,1,1.6321049156736758e-05
9877,0,0,2,0.00021396023573755588
9878,0,0,1,8.97748544368027e-05
9879,0,0,2,0.0002286654569953845
9880,0,0,2,0.00021787488850030044
9881,0,0,2,0.000437635924465761
9882,0,0,2,0.0001869133172419051
9883,0,0,2,0.00021423319155039553
9884,0,0,2,0.00032866767639986265
9885,0,0,2,0.00014340779100585702
9886,0,0,2,9.0191303005455e-05
9887,0,0,2,0.0003885193149614254
9888,0,0,2,0.00023694670263755272
9889,0,0,2,0.00011804419138353596
9890,0,0,2,0.00023880654976158558
9891,0,0,2,0.00022383433884589108
9892,0,0,1,3.742869728029368e-05
9893,0,0,2,0.0005250644821875838
9894,0,0,1,6.851084346396681e-05
9895,0,0,2,6.619381709771107e-05
9896,0,0,2,1.1408604626634834e-05
9897,0,0,2,0.0003448813884333624
9898,0,0,1,2.0367511493946004e-05
9899,0,0,1,0.00024537599282077333
9900,0,0,1,0.00011163646353702728
9901,0,0,2,7.742816343282029e-05
9902,0,0,2,7.771345053837267e-05
9903,0,0,2,0.0002558476407601113
9904,7,0,2,0.0002378557452712588
9905,0,0,1,4.1609881269179784e-05
9906,0,0,2,0.00035801018720142555
9907,0,0,2,0.00010383489766645012
9908,0,0,2,0.00019949411293807752
9909,0,0,2,0.00020663464542316977
9910,0,0,2,0.00015944846676972264
9911,0,0,2,0.00036510638935850016
9912,0,0,2,0.0002235691272903501
9913,0,0,2,0.00024088512565156685
9914,0,0,2,0.0002525465063459994
9915,274,0,2,0.0005980899300495185
9916,0,0,2,7.525892102503853e-05
9917,0,0,2,0.0001666982401913746
9918,202,0,1,0.00019219969982786316
9919,0,0,2,6.608241953381655e-05
9920,0,0,1,0.00010232822106281847
9921,0,0,2,0.00017304562196727684
9922,0,0,2,0.00043268222637818187
9923,0,0,1,9.770922644326327e-05
9924,0,0,2,0.00034975085726747653
9925,0,0,1,5.703862488455995e-07
9926,0,0,2,0.00026244267264541706
9927,17,0,2,2.9903678642603988e-05
9928,0,0,2,7.694174207486198e-05
9929,0,0,2,7.651816529379563e-05
9930,0,0,2,0.00017840253111801638
9931,0,0,2,0.0005017407786502042
9932,0,0,2,0.0004492608004134969
9933,0,0,2,8.864081263816243e-05
9934,0,0,2,0.00028593251314029173
9935,0,0,2,0.00039622639830445703
9936,0,0,2,0.00021279272220172126
9937,0,0,2,3.0481812345074778e-05
9938,0,0,2,0.0007714949267120753
9939,0,0,2,0.0002982725864771291
9940,0,0,2,0.0002040431851916779
9941,0,0,2,6.742207949270652e-05
9942,0,0,2,0.00038842799105352993
9943,0,0,2,0.000515293917085878
9944,0,0,2,0.0002945303910027104
9945,0,0,2,0.00036462163765452194
9946,0,0,2,0.00040936786061066216
9947,0,0,2,0.0008651034217900445
9948,7,0,2,0.0005492030404032774
9949,0,0,2,0.00035400020179861096
9950,0,0,2,0.00012951983724540046
9951,0,0,2,0.00015871887681168927
9952,0,0,2,6.965880802404174e-05
9953,0,0,2,0.0001582020249359467
9954,0,0,2,0.0003916861039282455
9955,0,0,2,0.00034323029183285273
9956,0,0,2,0.00021270078717224567
9957,0,0,1,9.984716296840691e-05
9958,0,0,1,0.00011960080551874647
9959,0,0,1,0.00017830650046378596
9960,0,0,2,0.0002006369163366352
9961,0,0,2,8.48929836663934e-05
9962,0,0,2,7.432328977315038e-05
9963,0,0,2,0.00022397475299628538
9964,0,0,1,0.00011673363701756916
9965,0,0,2,0.0002290512548998943
9966,0,0,2,7.804990593780185e-05
9967,0,0,2,0.00019997962162957199
9968,0,0,2,7.82341986314275e-05
9969,0,0,2,0.00013769758095999983
9970,0,0,1,5.8342585994433924e-05
9971,35,0,2,0.0001693170493740129
9972,0,0,1,2.5762042635147767e-05
9973,133,0,2,9.031235830464322e-05
9974,0,0,1,0.0005092306156762801
9975,0,0,1,2.2097037254801104e-05
9976,0,0,2,0.00015253691395078706
9977,0,0,2,0.00010499587461122071
9978,400,0,1,1.6456559556771412e-06
9979,5016,0,2,0.0006834099788106957
9980,0,0,1,0.00015086382502344254
9981,0,0,2,0.00029147264807577705
9982,0,0,1,7.779278654479212e-05
9983,0,0,2,0.00014319412077652048
9984,3249,0,2,0.00017132827427620298
9985,0,0,2,0.00013806452905294116
9986,0,0,1,7.101021374549995e-05
9987,0,0,2,0.00011278127519381765
9988,0,0,2,0.00021327549329922183
9989,0,0,2,0.0001356261791706441
9990,0,0,2,0.00015273894890721992
9991,0,0,2,0.000337638726385771
9992,0,0,1,0.00012431183588103675
9993,0,0,2,0.0002448145286434643
9994,0,0,2,7.08404928015949e-05
9995,0,0,2,9.327429771595192e-05
9996,0,0,2,0.0002291627102754912
9997,0,0,2,0.0006733583039950392
9998,0,0,1,0.0003828251699963316
9999,0,0,1,9.989589841278479e-05
