n,k,risk,U,CG23,gain1,gain2
1.000000000000000000e+00,1.000000000000000000e+00,3.555331209231494816e-01,1.000000000000000000e+00,1.000000000000000000e+00,1.013971229154133846e+00,3.642168262213178465e-01
2.000000000000000000e+00,1.000000000000000000e+00,3.555331209231494816e-01,9.984562885934843424e-01,9.875000000000034861e-01,1.013971229154133846e+00,3.642168262213178465e-01
3.000000000000000000e+00,1.000000000000000000e+00,3.555331209231494816e-01,9.773304530956987701e-01,9.197020886273704621e-01,1.013971229154133846e+00,3.642168262213178465e-01
4.000000000000000000e+00,1.000000000000000000e+00,3.555331209231494816e-01,9.380963182335798622e-01,8.361233319678823550e-01,1.013971229154133846e+00,3.642168262213178465e-01
5.000000000000000000e+00,1.000000000000000000e+00,2.581184056766438473e-01,8.930608942925180038e-01,7.579375680402576920e-01,8.163518778978502421e-01,2.653179804472124981e-01
6.000000000000000000e+00,1.000000000000000000e+00,2.581184056766438473e-01,8.481895541205827227e-01,6.895549370398080802e-01,8.163518778978502421e-01,2.653179804472124981e-01
7.000000000000000000e+00,1.000000000000000000e+00,2.581184056766438473e-01,8.481895541205827227e-01,6.307782250510486355e-01,8.163518778978502421e-01,2.653179804472124981e-01
8.000000000000000000e+00,1.000000000000000000e+00,2.581184056766438473e-01,7.591784574009939890e-01,5.803275351005717786e-01,8.163518778978502421e-01,2.653179804472124981e-01
9.000000000000000000e+00,1.000000000000000000e+00,2.581184056766438473e-01,7.240684237560423009e-01,5.368316152632881533e-01,8.163518778978502421e-01,2.653179804472124981e-01
1.000000000000000000e+01,1.000000000000000000e+00,2.581184056766438473e-01,7.240684237560423009e-01,4.990877592101302107e-01,8.163518778978502421e-01,2.653179804472124981e-01
1.100000000000000000e+01,1.000000000000000000e+00,2.581184056766438473e-01,6.567064570596724549e-01,4.661038359751184523e-01,8.163518778978502421e-01,2.653179804472124981e-01
1.200000000000000000e+01,1.000000000000000000e+00,2.581184056766438473e-01,6.567064570596724549e-01,4.370781956609835484e-01,8.163518778978502421e-01,2.653179804472124981e-01
1.300000000000000000e+01,1.000000000000000000e+00,2.581184056766438473e-01,6.567064570596724549e-01,4.113662749745255476e-01,8.163518778978502421e-01,2.653179804472124981e-01
1.400000000000000000e+01,1.000000000000000000e+00,2.581184056766438473e-01,5.742886760387458933e-01,3.884487604823153029e-01,8.163518778978502421e-01,2.653179804472124981e-01
1.500000000000000000e+01,1.000000000000000000e+00,2.733261403786304156e-03,5.742886760387458933e-01,3.679050559244917973e-01,2.091960954705903153e-01,7.036393983301886257e-02
1.600000000000000000e+01,1.000000000000000000e+00,2.733261403786304156e-03,5.742886760387458933e-01,3.493922392455670045e-01,2.091960954705903153e-01,7.036393983301886257e-02
1.700000000000000000e+01,1.000000000000000000e+00,2.733261403786304156e-03,5.110560582659954276e-01,3.326286939938360443e-01,2.091960954705903153e-01,7.036393983301886257e-02
1.800000000000000000e+01,1.000000000000000000e+00,2.733261403786304156e-03,5.110560582659954276e-01,3.173814541003847078e-01,2.091960954705903153e-01,7.036393983301886257e-02
1.900000000000000000e+01,1.000000000000000000e+00,2.733261403786304156e-03,5.110560582659954276e-01,3.034564154178799877e-01,2.091960954705903153e-01,7.036393983301886257e-02
2.000000000000000000e+01,1.000000000000000000e+00,2.733261403786304156e-03,5.110560582659954276e-01,2.906907358026271093e-01,2.091960954705903153e-01,7.036393983301886257e-02
2.100000000000000000e+01,1.000000000000000000e+00,2.733261403786304156e-03,4.425813812599997399e-01,2.789469015415304565e-01,2.091960954705903153e-01,7.036393983301886257e-02
2.200000000000000000e+01,1.000000000000000000e+00,2.733261403786304156e-03,4.425813812599997399e-01,2.681080648514890807e-01,2.091960954705903153e-01,7.036393983301886257e-02
2.300000000000000000e+01,1.000000000000000000e+00,2.733261403786304156e-03,4.425813812599997399e-01,2.580743550939265663e-01,2.091960954705903153e-01,7.036393983301886257e-02
2.400000000000000000e+01,1.000000000000000000e+00,2.733261403786304156e-03,4.425813812599997399e-01,2.487599401015557210e-01,2.091960954705903153e-01,7.036393983301886257e-02
2.500000000000000000e+01,1.000000000000000000e+00,2.733261403786304156e-03,3.909603129125163723e-01,2.400906690083005057e-01,2.091960954705903153e-01,7.036393983301886257e-02
2.600000000000000000e+01,1.000000000000000000e+00,2.733261403786304156e-03,3.909603129125163723e-01,2.320021688580385655e-01,2.091960954705903153e-01,7.036393983301886257e-02
2.700000000000000000e+01,1.000000000000000000e+00,2.733261403786304156e-03,3.909603129125163723e-01,2.244382976957252918e-01,2.091960954705903153e-01,7.036393983301886257e-02
2.800000000000000000e+01,1.000000000000000000e+00,2.733261403786304156e-03,3.909603129125163723e-01,2.173498795673931283e-01,2.091960954705903153e-01,7.036393983301886257e-02
2.900000000000000000e+01,1.000000000000000000e+00,2.733261403786304156e-03,3.909603129125163723e-01,2.106936639056189164e-01,2.091960954705903153e-01,7.036393983301886257e-02
3.000000000000000000e+01,1.000000000000000000e+00,2.733261403786304156e-03,3.909603129125163723e-01,2.044314646418464998e-01,2.091960954705903153e-01,7.036393983301886257e-02
3.100000000000000000e+01,1.000000000000000000e+00,2.733261403786304156e-03,3.328122505018059063e-01,1.985294441519345476e-01,2.091960954705903153e-01,7.036393983301886257e-02
3.200000000000000000e+01,1.000000000000000000e+00,2.733261403786304156e-03,3.328122505018059063e-01,1.929575145994360252e-01,2.091960954705903153e-01,7.036393983301886257e-02
3.300000000000000000e+01,1.000000000000000000e+00,2.733261403786304156e-03,3.328122505018059063e-01,1.876888349727855176e-01,2.091960954705903153e-01,7.036393983301886257e-02
3.400000000000000000e+01,1.000000000000000000e+00,2.733261403786304156e-03,3.328122505018059063e-01,1.826993865448181265e-01,2.091960954705903153e-01,7.036393983301886257e-02
3.500000000000000000e+01,1.000000000000000000e+00,2.733261403786304156e-03,3.328122505018059063e-01,1.779676129313678967e-01,2.091960954705903153e-01,7.036393983301886257e-02
3.600000000000000000e+01,1.000000000000000000e+00,2.733261403786304156e-03,3.328122505018059063e-01,1.734741136243781734e-01,2.091960954705903153e-01,7.036393983301886257e-02
3.700000000000000000e+01,1.000000000000000000e+00,2.733261403786304156e-03,2.894013233287145437e-01,1.692013819993042623e-01,2.091960954705903153e-01,7.036393983301886257e-02
3.800000000000000000e+01,1.000000000000000000e+00,2.733261403786304156e-03,2.894013233287145437e-01,1.651335804780074967e-01,2.091960954705903153e-01,7.036393983301886257e-02
3.900000000000000000e+01,1.000000000000000000e+00,2.733261403786304156e-03,2.894013233287145437e-01,1.612563468666594890e-01,2.091960954705903153e-01,7.036393983301886257e-02
4.000000000000000000e+01,1.000000000000000000e+00,9.271710124191035775e-04,2.894013233287145437e-01,1.575566269585767787e-01,1.838531109499405292e-01,1.013203147745789928e-01
4.100000000000000000e+01,1.000000000000000000e+00,9.271710124191035775e-04,2.894013233287145437e-01,1.540225293527341111e-01,1.838531109499405292e-01,1.013203147745789928e-01
4.200000000000000000e+01,1.000000000000000000e+00,9.271710124191035775e-04,2.894013233287145437e-01,1.506431991340172472e-01,1.838531109499405292e-01,1.013203147745789928e-01
4.300000000000000000e+01,1.000000000000000000e+00,9.271710124191035775e-04,2.894013233287145437e-01,1.474087076257243611e-01,1.838531109499405292e-01,1.013203147745789928e-01
4.400000000000000000e+01,1.000000000000000000e+00,9.271710124191035775e-04,2.894013233287145437e-01,1.443099558849608444e-01,1.838531109499405292e-01,1.013203147745789928e-01
4.500000000000000000e+01,1.000000000000000000e+00,9.271710124191035775e-04,2.468776497899417832e-01,1.413385899884134489e-01,1.838531109499405292e-01,1.013203147745789928e-01
4.600000000000000000e+01,1.000000000000000000e+00,9.271710124191035775e-04,2.468776497899417832e-01,1.384869264657516419e-01,1.838531109499405292e-01,1.013203147745789928e-01
4.700000000000000000e+01,1.000000000000000000e+00,9.271710124191035775e-04,2.468776497899417832e-01,1.357478864937139151e-01,1.838531109499405292e-01,1.013203147745789928e-01
4.800000000000000000e+01,1.000000000000000000e+00,9.271710124191035775e-04,2.468776497899417832e-01,1.331149376758411218e-01,1.838531109499405292e-01,1.013203147745789928e-01
4.900000000000000000e+01,1.000000000000000000e+00,9.271710124191035775e-04,2.468776497899417832e-01,1.305820424091309051e-01,1.838531109499405292e-01,1.013203147745789928e-01
5.000000000000000000e+01,1.000000000000000000e+00,9.271710124191035775e-04,2.468776497899417832e-01,1.281436119860624723e-01,1.838531109499405292e-01,1.013203147745789928e-01
5.100000000000000000e+01,1.000000000000000000e+00,9.271710124191035775e-04,2.468776497899417832e-01,1.257944657036540737e-01,1.838531109499405292e-01,1.013203147745789928e-01
5.200000000000000000e+01,1.000000000000000000e+00,9.271710124191035775e-04,2.468776497899417832e-01,1.235297943548935018e-01,1.838531109499405292e-01,1.013203147745789928e-01
5.300000000000000000e+01,1.000000000000000000e+00,9.271710124191035775e-04,2.468776497899417832e-01,1.213451275651343947e-01,1.838531109499405292e-01,1.013203147745789928e-01
5.400000000000000000e+01,1.000000000000000000e+00,9.271710124191035775e-04,2.118137861363456886e-01,1.192363045099943675e-01,1.838531109499405292e-01,1.013203147745789928e-01
5.500000000000000000e+01,1.000000000000000000e+00,9.271710124191035775e-04,2.118137861363456886e-01,1.171994476139052721e-01,1.838531109499405292e-01,1.013203147745789928e-01
5.600000000000000000e+01,1.000000000000000000e+00,9.271710124191035775e-04,2.118137861363456886e-01,1.152309388818061192e-01,1.838531109499405292e-01,1.013203147745789928e-01
5.700000000000000000e+01,1.000000000000000000e+00,9.271710124191035775e-04,2.118137861363456886e-01,1.133273985619030200e-01,1.838531109499405292e-01,1.013203147745789928e-01
5.800000000000000000e+01,1.000000000000000000e+00,9.271710124191035775e-04,2.118137861363456886e-01,1.114856658763621056e-01,1.838531109499405292e-01,1.013203147745789928e-01
5.900000000000000000e+01,1.000000000000000000e+00,9.271710124191035775e-04,2.118137861363456886e-01,1.097027815901508024e-01,1.838531109499405292e-01,1.013203147745789928e-01
6.000000000000000000e+01,1.000000000000000000e+00,9.271710124191035775e-04,2.118137861363456886e-01,1.079759722168961850e-01,1.838531109499405292e-01,1.013203147745789928e-01
6.100000000000000000e+01,1.000000000000000000e+00,9.271710124191035775e-04,2.118137861363456886e-01,1.063026356854206017e-01,1.838531109499405292e-01,1.013203147745789928e-01
6.200000000000000000e+01,1.000000000000000000e+00,9.271710124191035775e-04,2.118137861363456886e-01,1.046803283118925287e-01,1.838531109499405292e-01,1.013203147745789928e-01
6.300000000000000000e+01,1.000000000000000000e+00,9.271710124191035775e-04,2.118137861363456886e-01,1.031067529411212602e-01,1.838531109499405292e-01,1.013203147745789928e-01
6.400000000000000000e+01,1.000000000000000000e+00,9.271710124191035775e-04,2.118137861363456886e-01,1.015797481364777016e-01,1.838531109499405292e-01,1.013203147745789928e-01
6.500000000000000000e+01,1.000000000000000000e+00,9.271710124191035775e-04,1.806098456919721651e-01,1.000972783119917220e-01,1.838531109499405292e-01,1.013203147745789928e-01
6.600000000000000000e+01,1.000000000000000000e+00,9.271710124191035775e-04,1.806098456919721651e-01,9.865742471225390220e-02,1.838531109499405292e-01,1.013203147745789928e-01
6.700000000000000000e+01,1.000000000000000000e+00,9.271710124191035775e-04,1.806098456919721651e-01,9.725837715645499482e-02,1.838531109499405292e-01,1.013203147745789928e-01
6.800000000000000000e+01,1.000000000000000000e+00,9.271710124191035775e-04,1.806098456919721651e-01,9.589842647213187021e-02,1.838531109499405292e-01,1.013203147745789928e-01
6.900000000000000000e+01,1.000000000000000000e+00,9.271710124191035775e-04,1.806098456919721651e-01,9.457595755241675339e-02,1.838531109499405292e-01,1.013203147745789928e-01
7.000000000000000000e+01,1.000000000000000000e+00,9.271710124191035775e-04,1.806098456919721651e-01,9.328944297768775040e-02,1.838531109499405292e-01,1.013203147745789928e-01
7.100000000000000000e+01,1.000000000000000000e+00,9.271710124191035775e-04,1.806098456919721651e-01,9.203743714885513627e-02,1.838531109499405292e-01,1.013203147745789928e-01
7.200000000000000000e+01,1.000000000000000000e+00,9.271710124191035775e-04,1.806098456919721651e-01,9.081857088508450693e-02,1.838531109499405292e-01,1.013203147745789928e-01
7.300000000000000000e+01,1.000000000000000000e+00,9.271710124191035775e-04,1.806098456919721651e-01,8.963154644364655643e-02,1.838531109499405292e-01,1.013203147745789928e-01
7.400000000000000000e+01,1.000000000000000000e+00,9.271710124191035775e-04,1.806098456919721651e-01,8.847513292393639761e-02,1.838531109499405292e-01,1.013203147745789928e-01
7.500000000000000000e+01,1.000000000000000000e+00,9.271710124191035775e-04,1.806098456919721651e-01,8.734816202155444576e-02,1.838531109499405292e-01,1.013203147745789928e-01
7.600000000000000000e+01,1.000000000000000000e+00,9.271710124191035775e-04,1.806098456919721651e-01,8.624952410175844297e-02,1.838531109499405292e-01,1.013203147745789928e-01
7.700000000000000000e+01,1.000000000000000000e+00,9.271710124191035775e-04,1.806098456919721651e-01,8.517816456461838048e-02,1.838531109499405292e-01,1.013203147745789928e-01
7.800000000000000000e+01,1.000000000000000000e+00,9.271710124191035775e-04,1.539298841779564164e-01,8.413308047692498459e-02,1.838531109499405292e-01,1.013203147745789928e-01
7.900000000000000000e+01,1.000000000000000000e+00,9.271710124191035775e-04,1.539298841779564164e-01,8.311331744830323387e-02,1.838531109499405292e-01,1.013203147745789928e-01
8.000000000000000000e+01,1.000000000000000000e+00,9.271710124191035775e-04,1.539298841779564164e-01,8.211796673112899125e-02,1.838531109499405292e-01,1.013203147745789928e-01
8.100000000000000000e+01,1.000000000000000000e+00,9.271710124191035775e-04,1.539298841779564164e-01,8.114616252578402134e-02,1.838531109499405292e-01,1.013203147745789928e-01
8.200000000000000000e+01,1.000000000000000000e+00,9.271710124191035775e-04,1.539298841779564164e-01,8.019707947448324881e-02,1.838531109499405292e-01,1.013203147745789928e-01
8.300000000000000000e+01,1.000000000000000000e+00,9.271710124191035775e-04,1.539298841779564164e-01,7.926993032847699794e-02,1.838531109499405292e-01,1.013203147745789928e-01
8.400000000000000000e+01,1.000000000000000000e+00,9.271710124191035775e-04,1.539298841779564164e-01,7.836396377479355746e-02,1.838531109499405292e-01,1.013203147745789928e-01
8.500000000000000000e+01,1.000000000000000000e+00,9.271710124191035775e-04,1.539298841779564164e-01,7.747846240995497069e-02,1.838531109499405292e-01,1.013203147745789928e-01
8.600000000000000000e+01,1.000000000000000000e+00,9.271710124191035775e-04,1.539298841779564164e-01,7.661274084918918981e-02,1.838531109499405292e-01,1.013203147745789928e-01
8.700000000000000000e+01,1.000000000000000000e+00,9.271710124191035775e-04,1.539298841779564164e-01,7.576614396070859014e-02,1.838531109499405292e-01,1.013203147745789928e-01
8.800000000000000000e+01,1.000000000000000000e+00,9.271710124191035775e-04,1.539298841779564164e-01,7.493804521549375652e-02,1.838531109499405292e-01,1.013203147745789928e-01
8.900000000000000000e+01,1.000000000000000000e+00,9.271710124191035775e-04,1.539298841779564164e-01,7.412784514388758017e-02,1.838531109499405292e-01,1.013203147745789928e-01
9.000000000000000000e+01,1.000000000000000000e+00,9.271710124191035775e-04,1.539298841779564164e-01,7.333496989100844743e-02,1.838531109499405292e-01,1.013203147745789928e-01
9.100000000000000000e+01,1.000000000000000000e+00,9.271710124191035775e-04,1.539298841779564164e-01,7.255886986368950686e-02,1.838531109499405292e-01,1.013203147745789928e-01
9.200000000000000000e+01,1.000000000000000000e+00,9.271710124191035775e-04,1.539298841779564164e-01,7.179901846224849560e-02,1.838531109499405292e-01,1.013203147745789928e-01
9.300000000000000000e+01,1.000000000000000000e+00,9.271710124191035775e-04,1.539298841779564164e-01,7.105491089095856971e-02,1.838531109499405292e-01,1.013203147745789928e-01
9.400000000000000000e+01,1.000000000000000000e+00,9.271710124191035775e-04,1.303044030211706616e-01,7.032606304157125454e-02,1.838531109499405292e-01,1.013203147745789928e-01
9.500000000000000000e+01,1.000000000000000000e+00,9.271710124191035775e-04,1.303044030211706616e-01,6.961201044472309363e-02,1.838531109499405292e-01,1.013203147745789928e-01
9.600000000000000000e+01,1.000000000000000000e+00,9.271710124191035775e-04,1.303044030211706616e-01,6.891230728445511822e-02,1.838531109499405292e-01,1.013203147745789928e-01
9.700000000000000000e+01,1.000000000000000000e+00,9.271710124191035775e-04,1.303044030211706616e-01,6.822652547145856283e-02,1.838531109499405292e-01,1.013203147745789928e-01
9.800000000000000000e+01,1.000000000000000000e+00,9.271710124191035775e-04,1.303044030211706616e-01,6.755425377101421935e-02,1.838531109499405292e-01,1.013203147745789928e-01
9.900000000000000000e+01,1.000000000000000000e+00,9.271710124191035775e-04,1.303044030211706616e-01,6.689509698188543518e-02,1.838531109499405292e-01,1.013203147745789928e-01
1.000000000000000000e+02,1.000000000000000000e+00,9.271710124191035775e-04,1.303044030211706616e-01,6.624867516273701129e-02,1.838531109499405292e-01,1.013203147745789928e-01
1.010000000000000000e+02,1.000000000000000000e+00,9.271710124191035775e-04,1.303044030211706616e-01,6.561462290289318822e-02,1.838531109499405292e-01,1.013203147745789928e-01
1.020000000000000000e+02,1.000000000000000000e+00,9.271710124191035775e-04,1.303044030211706616e-01,6.499258863451003176e-02,1.838531109499405292e-01,1.013203147745789928e-01
1.030000000000000000e+02,1.000000000000000000e+00,9.271710124191035775e-04,1.303044030211706616e-01,6.438223398343480286e-02,1.838531109499405292e-01,1.013203147745789928e-01
1.040000000000000000e+02,1.000000000000000000e+00,9.271710124191035775e-04,1.303044030211706616e-01,6.378323315624329082e-02,1.838531109499405292e-01,1.013203147745789928e-01
1.050000000000000000e+02,1.000000000000000000e+00,9.271710124191035775e-04,1.303044030211706616e-01,6.319527236112056079e-02,1.838531109499405292e-01,1.013203147745789928e-01
1.060000000000000000e+02,1.000000000000000000e+00,9.271710124191035775e-04,1.303044030211706616e-01,6.261804926043788855e-02,1.838531109499405292e-01,1.013203147745789928e-01
1.070000000000000000e+02,1.000000000000000000e+00,9.271710124191035775e-04,1.303044030211706616e-01,6.205127245300284117e-02,1.838531109499405292e-01,1.013203147745789928e-01
1.080000000000000000e+02,1.000000000000000000e+00,9.271710124191035775e-04,1.303044030211706616e-01,6.149466098413990112e-02,1.838531109499405292e-01,1.013203147745789928e-01
1.090000000000000000e+02,1.000000000000000000e+00,9.271710124191035775e-04,1.303044030211706616e-01,6.094794388186013795e-02,1.838531109499405292e-01,1.013203147745789928e-01
1.100000000000000000e+02,1.000000000000000000e+00,9.271710124191035775e-04,1.303044030211706616e-01,6.041085971752389178e-02,1.838531109499405292e-01,1.013203147745789928e-01
1.110000000000000000e+02,1.000000000000000000e+00,9.271710124191035775e-04,1.303044030211706616e-01,5.988315618949057589e-02,1.838531109499405292e-01,1.013203147745789928e-01
1.120000000000000000e+02,1.000000000000000000e+00,9.271710124191035775e-04,1.112238967556696406e-01,5.936458972837838077e-02,1.838531109499405292e-01,1.013203147745789928e-01
1.130000000000000000e+02,1.000000000000000000e+00,9.271710124191035775e-04,1.112238967556696406e-01,5.885492512262193582e-02,1.838531109499405292e-01,1.013203147745789928e-01
1.140000000000000000e+02,1.000000000000000000e+00,9.271710124191035775e-04,1.112238967556696406e-01,5.835393516313188561e-02,1.838531109499405292e-01,1.013203147745789928e-01
1.150000000000000000e+02,1.000000000000000000e+00,9.271710124191035775e-04,1.112238967556696406e-01,5.786140030592754752e-02,1.838531109499405292e-01,1.013203147745789928e-01
1.160000000000000000e+02,1.000000000000000000e+00,9.271710124191035775e-04,1.112238967556696406e-01,5.737710835168400442e-02,1.838531109499405292e-01,1.013203147745789928e-01
1.170000000000000000e+02,1.000000000000000000e+00,9.271710124191035775e-04,1.112238967556696406e-01,5.690085414122247193e-02,1.838531109499405292e-01,1.013203147745789928e-01
1.180000000000000000e+02,1.000000000000000000e+00,9.271710124191035775e-04,1.112238967556696406e-01,5.643243926602325294e-02,1.838531109499405292e-01,1.013203147745789928e-01
1.190000000000000000e+02,1.000000000000000000e+00,9.271710124191035775e-04,1.112238967556696406e-01,5.597167179289724154e-02,1.838531109499405292e-01,1.013203147745789928e-01
1.200000000000000000e+02,1.000000000000000000e+00,9.271710124191035775e-04,1.112238967556696406e-01,5.551836600202696842e-02,1.838531109499405292e-01,1.013203147745789928e-01
1.210000000000000000e+02,1.000000000000000000e+00,9.271710124191035775e-04,1.112238967556696406e-01,5.507234213761264680e-02,1.838531109499405292e-01,1.013203147745789928e-01
1.220000000000000000e+02,1.000000000000000000e+00,9.271710124191035775e-04,1.112238967556696406e-01,5.463342617043501909e-02,1.838531109499405292e-01,1.013203147745789928e-01
1.230000000000000000e+02,1.000000000000000000e+00,9.271710124191035775e-04,1.112238967556696406e-01,5.420144957166327798e-02,1.838531109499405292e-01,1.013203147745789928e-01
1.240000000000000000e+02,1.000000000000000000e+00,9.271710124191035775e-04,1.112238967556696406e-01,5.377624909730386454e-02,1.838531109499405292e-01,1.013203147745789928e-01
1.250000000000000000e+02,1.000000000000000000e+00,9.271710124191035775e-04,1.112238967556696406e-01,5.335766658269562590e-02,1.838531109499405292e-01,1.013203147745789928e-01
1.260000000000000000e+02,1.000000000000000000e+00,9.271710124191035775e-04,1.112238967556696406e-01,5.294554874652867421e-02,1.838531109499405292e-01,1.013203147745789928e-01
1.270000000000000000e+02,1.000000000000000000e+00,9.271710124191035775e-04,1.112238967556696406e-01,5.253974700385766194e-02,1.838531109499405292e-01,1.013203147745789928e-01
1.280000000000000000e+02,1.000000000000000000e+00,9.271710124191035775e-04,1.112238967556696406e-01,5.214011728764524761e-02,1.838531109499405292e-01,1.013203147745789928e-01
1.290000000000000000e+02,1.000000000000000000e+00,9.271710124191035775e-04,1.112238967556696406e-01,5.174651987837457917e-02,1.838531109499405292e-01,1.013203147745789928e-01
1.300000000000000000e+02,1.000000000000000000e+00,9.271710124191035775e-04,1.112238967556696406e-01,5.135881924131900644e-02,1.838531109499405292e-01,1.013203147745789928e-01
1.310000000000000000e+02,1.000000000000000000e+00,9.271710124191035775e-04,1.112238967556696406e-01,5.097688387106210500e-02,1.838531109499405292e-01,1.013203147745789928e-01
1.320000000000000000e+02,1.000000000000000000e+00,9.271710124191035775e-04,1.112238967556696406e-01,5.060058614289670437e-02,1.838531109499405292e-01,1.013203147745789928e-01
1.330000000000000000e+02,1.000000000000000000e+00,9.271710124191035775e-04,1.112238967556696406e-01,5.022980217075304760e-02,1.838531109499405292e-01,1.013203147745789928e-01
1.340000000000000000e+02,1.000000000000000000e+00,9.271710124191035775e-04,9.435851123028417275e-02,4.986441167131940716e-02,1.838531109499405292e-01,1.013203147745789928e-01
1.350000000000000000e+02,1.000000000000000000e+00,9.271710124191035775e-04,9.435851123028417275e-02,4.950429783404965839e-02,1.838531109499405292e-01,1.013203147745789928e-01
1.360000000000000000e+02,1.000000000000000000e+00,9.271710124191035775e-04,9.435851123028417275e-02,4.914934719674921709e-02,1.838531109499405292e-01,1.013203147745789928e-01
1.370000000000000000e+02,1.000000000000000000e+00,9.271710124191035775e-04,9.435851123028417275e-02,4.879944952648027773e-02,1.838531109499405292e-01,1.013203147745789928e-01
1.380000000000000000e+02,1.000000000000000000e+00,9.271710124191035775e-04,9.435851123028417275e-02,4.845449770550702001e-02,1.838531109499405292e-01,1.013203147745789928e-01
1.390000000000000000e+02,1.000000000000000000e+00,9.271710124191035775e-04,9.435851123028417275e-02,4.811438762204275910e-02,1.838531109499405292e-01,1.013203147745789928e-01
1.400000000000000000e+02,1.000000000000000000e+00,9.271710124191035775e-04,9.435851123028417275e-02,4.777901806556000136e-02,1.838531109499405292e-01,1.013203147745789928e-01
1.410000000000000000e+02,1.000000000000000000e+00,9.271710124191035775e-04,9.435851123028417275e-02,4.744829062644710660e-02,1.838531109499405292e-01,1.013203147745789928e-01
1.420000000000000000e+02,1.000000000000000000e+00,9.271710124191035775e-04,9.435851123028417275e-02,4.712210959980008690e-02,1.838531109499405292e-01,1.013203147745789928e-01
1.430000000000000000e+02,1.000000000000000000e+00,9.271710124191035775e-04,9.435851123028417275e-02,4.680038189314811303e-02,1.838531109499405292e-01,1.013203147745789928e-01
1.440000000000000000e+02,1.000000000000000000e+00,9.271710124191035775e-04,9.435851123028417275e-02,4.648301693793826378e-02,1.838531109499405292e-01,1.013203147745789928e-01
1.450000000000000000e+02,1.000000000000000000e+00,9.271710124191035775e-04,9.435851123028417275e-02,4.616992660458590220e-02,1.838531109499405292e-01,1.013203147745789928e-01
1.460000000000000000e+02,1.000000000000000000e+00,9.271710124191035775e-04,9.435851123028417275e-02,4.586102512093895994e-02,1.838531109499405292e-01,1.013203147745789928e-01
1.470000000000000000e+02,1.000000000000000000e+00,9.271710124191035775e-04,9.435851123028417275e-02,4.555622899398724390e-02,1.838531109499405292e-01,1.013203147745789928e-01
1.480000000000000000e+02,1.000000000000000000e+00,9.271710124191035775e-04,9.435851123028417275e-02,4.525545693467162428e-02,1.838531109499405292e-01,1.013203147745789928e-01
1.490000000000000000e+02,1.000000000000000000e+00,9.271710124191035775e-04,9.435851123028417275e-02,4.495862978565139806e-02,1.838531109499405292e-01,1.013203147745789928e-01
1.500000000000000000e+02,1.000000000000000000e+00,9.271710124191035775e-04,9.435851123028417275e-02,4.466567045189182017e-02,1.838531109499405292e-01,1.013203147745789928e-01
1.510000000000000000e+02,1.000000000000000000e+00,9.271710124191035775e-04,9.435851123028417275e-02,4.437650383394683290e-02,1.838531109499405292e-01,1.013203147745789928e-01
1.520000000000000000e+02,1.000000000000000000e+00,9.271710124191035775e-04,9.435851123028417275e-02,4.409105676381435551e-02,1.838531109499405292e-01,1.013203147745789928e-01
1.530000000000000000e+02,1.000000000000000000e+00,9.271710124191035775e-04,9.435851123028417275e-02,4.380925794324882355e-02,1.838531109499405292e-01,1.013203147745789928e-01
1.540000000000000000e+02,1.000000000000000000e+00,9.271710124191035775e-04,9.435851123028417275e-02,4.353103788442420213e-02,1.838531109499405292e-01,1.013203147745789928e-01
1.550000000000000000e+02,1.000000000000000000e+00,9.271710124191035775e-04,9.435851123028417275e-02,4.325632885284257101e-02,1.838531109499405292e-01,1.013203147745789928e-01
1.560000000000000000e+02,1.000000000000000000e+00,9.271710124191035775e-04,9.435851123028417275e-02,4.298506481238505844e-02,1.838531109499405292e-01,1.013203147745789928e-01
1.570000000000000000e+02,1.000000000000000000e+00,9.271710124191035775e-04,9.435851123028417275e-02,4.271718137242257879e-02,1.838531109499405292e-01,1.013203147745789928e-01
1.580000000000000000e+02,1.000000000000000000e+00,9.271710124191035775e-04,9.435851123028417275e-02,4.245261573688583617e-02,1.838531109499405292e-01,1.013203147745789928e-01
1.590000000000000000e+02,1.000000000000000000e+00,9.271710124191035775e-04,9.435851123028417275e-02,4.219130665521402673e-02,1.838531109499405292e-01,1.013203147745789928e-01
1.600000000000000000e+02,1.000000000000000000e+00,9.271710124191035775e-04,8.007504176766067072e-02,4.193319437510938802e-02,1.838531109499405292e-01,1.013203147745789928e-01
1.610000000000000000e+02,1.000000000000000000e+00,9.271710124191035775e-04,8.007504176766067072e-02,4.167822059700727194e-02,1.838531109499405292e-01,1.013203147745789928e-01
1.620000000000000000e+02,1.000000000000000000e+00,9.271710124191035775e-04,8.007504176766067072e-02,4.142632843019846550e-02,1.838531109499405292e-01,1.013203147745789928e-01
1.630000000000000000e+02,1.000000000000000000e+00,9.271710124191035775e-04,8.007504176766067072e-02,4.117746235053438425e-02,1.838531109499405292e-01,1.013203147745789928e-01
1.640000000000000000e+02,1.000000000000000000e+00,9.271710124191035775e-04,8.007504176766067072e-02,4.093156815964369560e-02,1.838531109499405292e-01,1.013203147745789928e-01
1.650000000000000000e+02,1.000000000000000000e+00,9.271710124191035775e-04,8.007504176766067072e-02,4.068859294560243228e-02,1.838531109499405292e-01,1.013203147745789928e-01
1.660000000000000000e+02,1.000000000000000000e+00,9.271710124191035775e-04,8.007504176766067072e-02,4.044848504499338332e-02,1.838531109499405292e-01,1.013203147745789928e-01
1.670000000000000000e+02,1.000000000000000000e+00,9.271710124191035775e-04,8.007504176766067072e-02,4.021119400630410179e-02,1.838531109499405292e-01,1.013203147745789928e-01
1.680000000000000000e+02,1.000000000000000000e+00,9.271710124191035775e-04,8.007504176766067072e-02,3.997667055460114166e-02,1.838531109499405292e-01,1.013203147745789928e-01
1.690000000000000000e+02,1.000000000000000000e+00,9.271710124191035775e-04,8.007504176766067072e-02,3.974486655743456748e-02,1.838531109499405292e-01,1.013203147745789928e-01
1.700000000000000000e+02,1.000000000000000000e+00,9.271710124191035775e-04,8.007504176766067072e-02,3.951573499192170130e-02,1.838531109499405292e-01,1.013203147745789928e-01
1.710000000000000000e+02,1.000000000000000000e+00,9.271710124191035775e-04,8.007504176766067072e-02,3.928922991295968198e-02,1.838531109499405292e-01,1.013203147745789928e-01
1.720000000000000000e+02,1.000000000000000000e+00,9.271710124191035775e-04,8.007504176766067072e-02,3.906530642252702135e-02,1.838531109499405292e-01,1.013203147745789928e-01
1.730000000000000000e+02,1.000000000000000000e+00,9.271710124191035775e-04,8.007504176766067072e-02,3.884392064002706313e-02,1.838531109499405292e-01,1.013203147745789928e-01
1.740000000000000000e+02,1.000000000000000000e+00,9.271710124191035775e-04,8.007504176766067072e-02,3.862502967363489609e-02,1.838531109499405292e-01,1.013203147745789928e-01
1.750000000000000000e+02,1.000000000000000000e+00,9.271710124191035775e-04,8.007504176766067072e-02,3.840859159260402028e-02,1.838531109499405292e-01,1.013203147745789928e-01
1.760000000000000000e+02,1.000000000000000000e+00,9.271710124191035775e-04,8.007504176766067072e-02,3.819456540050352594e-02,1.838531109499405292e-01,1.013203147745789928e-01
1.770000000000000000e+02,1.000000000000000000e+00,9.271710124191035775e-04,8.007504176766067072e-02,3.798291100933855885e-02,1.838531109499405292e-01,1.013203147745789928e-01
1.780000000000000000e+02,1.000000000000000000e+00,9.271710124191035775e-04,8.007504176766067072e-02,3.777358921453170815e-02,1.838531109499405292e-01,1.013203147745789928e-01
1.790000000000000000e+02,1.000000000000000000e+00,9.271710124191035775e-04,8.007504176766067072e-02,3.756656167072223301e-02,1.838531109499405292e-01,1.013203147745789928e-01
1.800000000000000000e+02,1.000000000000000000e+00,9.271710124191035775e-04,8.007504176766067072e-02,3.736179086835905022e-02,1.838531109499405292e-01,1.013203147745789928e-01
1.810000000000000000e+02,1.000000000000000000e+00,9.271710124191035775e-04,8.007504176766067072e-02,3.715924011105476571e-02,1.838531109499405292e-01,1.013203147745789928e-01
1.820000000000000000e+02,1.000000000000000000e+00,9.271710124191035775e-04,8.007504176766067072e-02,3.695887349366893532e-02,1.838531109499405292e-01,1.013203147745789928e-01
1.830000000000000000e+02,1.000000000000000000e+00,9.271710124191035775e-04,8.007504176766067072e-02,3.676065588110073029e-02,1.838531109499405292e-01,1.013203147745789928e-01
1.840000000000000000e+02,1.000000000000000000e+00,9.271710124191035775e-04,8.007504176766067072e-02,3.656455288775636164e-02,1.838531109499405292e-01,1.013203147745789928e-01
1.850000000000000000e+02,1.000000000000000000e+00,9.271710124191035775e-04,8.007504176766067072e-02,3.637053085767200794e-02,1.838531109499405292e-01,1.013203147745789928e-01
1.860000000000000000e+02,1.000000000000000000e+00,9.271710124191035775e-04,8.007504176766067072e-02,3.617855684526393584e-02,1.838531109499405292e-01,1.013203147745789928e-01
1.870000000000000000e+02,1.000000000000000000e+00,9.271710124191035775e-04,8.007504176766067072e-02,3.598859859668862571e-02,1.838531109499405292e-01,1.013203147745789928e-01
1.880000000000000000e+02,1.000000000000000000e+00,9.271710124191035775e-04,8.007504176766067072e-02,3.580062453178165655e-02,1.838531109499405292e-01,1.013203147745789928e-01
1.890000000000000000e+02,1.000000000000000000e+00,9.271710124191035775e-04,8.007504176766067072e-02,3.561460372656299195e-02,1.838531109499405292e-01,1.013203147745789928e-01
1.900000000000000000e+02,1.000000000000000000e+00,9.271710124191035775e-04,8.007504176766067072e-02,3.543050589628345820e-02,1.838531109499405292e-01,1.013203147745789928e-01
1.910000000000000000e+02,1.000000000000000000e+00,9.271710124191035775e-04,6.787018898481399221e-02,3.524830137899507415e-02,1.838531109499405292e-01,1.013203147745789928e-01
1.920000000000000000e+02,1.000000000000000000e+00,9.271710124191035775e-04,6.787018898481399221e-02,3.506796111962291046e-02,1.838531109499405292e-01,1.013203147745789928e-01
1.930000000000000000e+02,1.000000000000000000e+00,9.271710124191035775e-04,6.787018898481399221e-02,3.488945665452603678e-02,1.838531109499405292e-01,1.013203147745789928e-01
1.940000000000000000e+02,1.000000000000000000e+00,9.271710124191035775e-04,6.787018898481399221e-02,3.471276009652642797e-02,1.838531109499405292e-01,1.013203147745789928e-01
1.950000000000000000e+02,1.000000000000000000e+00,9.271710124191035775e-04,6.787018898481399221e-02,3.453784412038952284e-02,1.838531109499405292e-01,1.013203147745789928e-01
1.960000000000000000e+02,1.000000000000000000e+00,9.271710124191035775e-04,6.787018898481399221e-02,3.436468194874290477e-02,1.838531109499405292e-01,1.013203147745789928e-01
1.970000000000000000e+02,1.000000000000000000e+00,9.271710124191035775e-04,6.787018898481399221e-02,3.419324733841371672e-02,1.838531109499405292e-01,1.013203147745789928e-01
1.980000000000000000e+02,1.000000000000000000e+00,9.271710124191035775e-04,6.787018898481399221e-02,3.402351456717671307e-02,1.838531109499405292e-01,1.013203147745789928e-01
1.990000000000000000e+02,1.000000000000000000e+00,9.271710124191035775e-04,6.787018898481399221e-02,3.385545842089116714e-02,1.838531109499405292e-01,1.013203147745789928e-01
2.000000000000000000e+02,1.000000000000000000e+00,9.271710124191035775e-04,6.787018898481399221e-02,3.368905418101861976e-02,1.838531109499405292e-01,1.013203147745789928e-01
2.010000000000000000e+02,1.000000000000000000e+00,9.271710124191035775e-04,6.787018898481399221e-02,3.352427761250750121e-02,1.838531109499405292e-01,1.013203147745789928e-01
2.020000000000000000e+02,1.000000000000000000e+00,9.271710124191035775e-04,6.787018898481399221e-02,3.336110495202914555e-02,1.838531109499405292e-01,1.013203147745789928e-01
2.030000000000000000e+02,1.000000000000000000e+00,9.271710124191035775e-04,6.787018898481399221e-02,3.319951289655886928e-02,1.838531109499405292e-01,1.013203147745789928e-01
2.040000000000000000e+02,1.000000000000000000e+00,9.271710124191035775e-04,6.787018898481399221e-02,3.303947859228270612e-02,1.838531109499405292e-01,1.013203147745789928e-01
2.050000000000000000e+02,1.000000000000000000e+00,9.271710124191035775e-04,6.787018898481399221e-02,3.288097962382916656e-02,1.838531109499405292e-01,1.013203147745789928e-01
2.060000000000000000e+02,1.000000000000000000e+00,9.271710124191035775e-04,6.787018898481399221e-02,3.272399400380248541e-02,1.838531109499405292e-01,1.013203147745789928e-01
2.070000000000000000e+02,1.000000000000000000e+00,9.271710124191035775e-04,6.787018898481399221e-02,3.256850016262063247e-02,1.838531109499405292e-01,1.013203147745789928e-01
2.080000000000000000e+02,1.000000000000000000e+00,9.271710124191035775e-04,6.787018898481399221e-02,3.241447693863738072e-02,1.838531109499405292e-01,1.013203147745789928e-01
2.090000000000000000e+02,1.000000000000000000e+00,9.271710124191035775e-04,6.787018898481399221e-02,3.226190356854487934e-02,1.838531109499405292e-01,1.013203147745789928e-01
2.100000000000000000e+02,1.000000000000000000e+00,9.271710124191035775e-04,6.787018898481399221e-02,3.211075967804517817e-02,1.838531109499405292e-01,1.013203147745789928e-01
2.110000000000000000e+02,1.000000000000000000e+00,9.271710124191035775e-04,6.787018898481399221e-02,3.196102527278311956e-02,1.838531109499405292e-01,1.013203147745789928e-01
2.120000000000000000e+02,1.000000000000000000e+00,9.271710124191035775e-04,6.787018898481399221e-02,3.181268072953213205e-02,1.838531109499405292e-01,1.013203147745789928e-01
2.130000000000000000e+02,1.000000000000000000e+00,9.271710124191035775e-04,6.787018898481399221e-02,3.166570678762262864e-02,1.838531109499405292e-01,1.013203147745789928e-01
2.140000000000000000e+02,1.000000000000000000e+00,9.271710124191035775e-04,6.787018898481399221e-02,3.152008454060915149e-02,1.838531109499405292e-01,1.013203147745789928e-01
2.150000000000000000e+02,1.000000000000000000e+00,9.271710124191035775e-04,6.787018898481399221e-02,3.137579542816414102e-02,1.838531109499405292e-01,1.013203147745789928e-01
2.160000000000000000e+02,1.000000000000000000e+00,9.271710124191035775e-04,6.787018898481399221e-02,3.123282122819428727e-02,1.838531109499405292e-01,1.013203147745789928e-01
2.170000000000000000e+02,1.000000000000000000e+00,9.271710124191035775e-04,6.787018898481399221e-02,3.109114404917187949e-02,1.838531109499405292e-01,1.013203147745789928e-01
2.180000000000000000e+02,1.000000000000000000e+00,9.271710124191035775e-04,6.787018898481399221e-02,3.095074632267130407e-02,1.838531109499405292e-01,1.013203147745789928e-01
2.190000000000000000e+02,1.000000000000000000e+00,9.271710124191035775e-04,6.787018898481399221e-02,3.081161079611194342e-02,1.838531109499405292e-01,1.013203147745789928e-01
2.200000000000000000e+02,1.000000000000000000e+00,9.271710124191035775e-04,6.787018898481399221e-02,3.067372052568995491e-02,1.838531109499405292e-01,1.013203147745789928e-01
2.210000000000000000e+02,1.000000000000000000e+00,9.271710124191035775e-04,6.787018898481399221e-02,3.053705886950147316e-02,1.838531109499405292e-01,1.013203147745789928e-01
2.220000000000000000e+02,1.000000000000000000e+00,9.271710124191035775e-04,6.787018898481399221e-02,3.040160948085146933e-02,1.838531109499405292e-01,1.013203147745789928e-01
2.230000000000000000e+02,1.000000000000000000e+00,9.271710124191035775e-04,6.787018898481399221e-02,3.026735630173518418e-02,1.838531109499405292e-01,1.013203147745789928e-01
2.240000000000000000e+02,1.000000000000000000e+00,9.271710124191035775e-04,6.787018898481399221e-02,3.013428355649308554e-02,1.838531109499405292e-01,1.013203147745789928e-01
2.250000000000000000e+02,1.000000000000000000e+00,9.271710124191035775e-04,6.787018898481399221e-02,3.000237574563474965e-02,1.838531109499405292e-01,1.013203147745789928e-01
2.260000000000000000e+02,1.000000000000000000e+00,9.271710124191035775e-04,6.787018898481399221e-02,2.987161763982148013e-02,1.838531109499405292e-01,1.013203147745789928e-01
2.270000000000000000e+02,1.000000000000000000e+00,9.271710124191035775e-04,6.787018898481399221e-02,2.974199427400554471e-02,1.838531109499405292e-01,1.013203147745789928e-01
2.280000000000000000e+02,1.000000000000000000e+00,9.271710124191035775e-04,5.745347380909487933e-02,2.961349094172323684e-02,1.838531109499405292e-01,1.013203147745789928e-01
2.290000000000000000e+02,1.000000000000000000e+00,9.271710124191035775e-04,5.745347380909487933e-02,2.948609318953434449e-02,1.838531109499405292e-01,1.013203147745789928e-01
2.300000000000000000e+02,1.000000000000000000e+00,9.271710124191035775e-04,5.745347380909487933e-02,2.935978681160246809e-02,1.838531109499405292e-01,1.013203147745789928e-01
2.310000000000000000e+02,1.000000000000000000e+00,9.271710124191035775e-04,5.745347380909487933e-02,2.923455784441790842e-02,1.838531109499405292e-01,1.013203147745789928e-01
2.320000000000000000e+02,1.000000000000000000e+00,9.271710124191035775e-04,5.745347380909487933e-02,2.911039256165139436e-02,1.838531109499405292e-01,1.013203147745789928e-01
2.330000000000000000e+02,1.000000000000000000e+00,9.271710124191035775e-04,5.745347380909487933e-02,2.898727746914044751e-02,1.838531109499405292e-01,1.013203147745789928e-01
2.340000000000000000e+02,1.000000000000000000e+00,9.271710124191035775e-04,5.745347380909487933e-02,2.886519930000179882e-02,1.838531109499405292e-01,1.013203147745789928e-01
2.350000000000000000e+02,1.000000000000000000e+00,9.271710124191035775e-04,5.745347380909487933e-02,2.874414500986628360e-02,1.838531109499405292e-01,1.013203147745789928e-01
2.360000000000000000e+02,1.000000000000000000e+00,9.271710124191035775e-04,5.745347380909487933e-02,2.862410177223390084e-02,1.838531109499405292e-01,1.013203147745789928e-01
2.370000000000000000e+02,1.000000000000000000e+00,9.271710124191035775e-04,5.745347380909487933e-02,2.850505697394457513e-02,1.838531109499405292e-01,1.013203147745789928e-01
2.380000000000000000e+02,1.000000000000000000e+00,9.271710124191035775e-04,5.745347380909487933e-02,2.838699821076072147e-02,1.838531109499405292e-01,1.013203147745789928e-01
2.390000000000000000e+02,1.000000000000000000e+00,9.271710124191035775e-04,5.745347380909487933e-02,2.826991328305932666e-02,1.838531109499405292e-01,1.013203147745789928e-01
2.400000000000000000e+02,1.000000000000000000e+00,9.271710124191035775e-04,5.745347380909487933e-02,2.815379019163248564e-02,1.838531109499405292e-01,1.013203147745789928e-01
2.410000000000000000e+02,1.000000000000000000e+00,9.271710124191035775e-04,5.745347380909487933e-02,2.803861713358607802e-02,1.838531109499405292e-01,1.013203147745789928e-01
2.420000000000000000e+02,1.000000000000000000e+00,9.271710124191035775e-04,5.745347380909487933e-02,2.792438249834345090e-02,1.838531109499405292e-01,1.013203147745789928e-01
2.430000000000000000e+02,1.000000000000000000e+00,9.271710124191035775e-04,5.745347380909487933e-02,2.781107486374457399e-02,1.838531109499405292e-01,1.013203147745789928e-01
2.440000000000000000e+02,1.000000000000000000e+00,9.271710124191035775e-04,5.745347380909487933e-02,2.769868299223871011e-02,1.838531109499405292e-01,1.013203147745789928e-01
2.450000000000000000e+02,1.000000000000000000e+00,9.271710124191035775e-04,5.745347380909487933e-02,2.758719582717003224e-02,1.838531109499405292e-01,1.013203147745789928e-01
2.460000000000000000e+02,1.000000000000000000e+00,9.271710124191035775e-04,5.745347380909487933e-02,2.747660248915382783e-02,1.838531109499405292e-01,1.013203147745789928e-01
2.470000000000000000e+02,1.000000000000000000e+00,9.271710124191035775e-04,5.745347380909487933e-02,2.736689227253595938e-02,1.838531109499405292e-01,1.013203147745789928e-01
2.480000000000000000e+02,1.000000000000000000e+00,9.271710124191035775e-04,5.745347380909487933e-02,2.725805464194096597e-02,1.838531109499405292e-01,1.013203147745789928e-01
2.490000000000000000e+02,1.000000000000000000e+00,9.271710124191035775e-04,5.745347380909487933e-02,2.715007922889959083e-02,1.838531109499405292e-01,1.013203147745789928e-01
2.500000000000000000e+02,1.000000000000000000e+00,9.271710124191035775e-04,5.745347380909487933e-02,2.704295582855599164e-02,1.838531109499405292e-01,1.013203147745789928e-01
2.510000000000000000e+02,1.000000000000000000e+00,9.271710124191035775e-04,5.745347380909487933e-02,2.693667439645436659e-02,1.838531109499405292e-01,1.013203147745789928e-01
2.520000000000000000e+02,1.000000000000000000e+00,9.271710124191035775e-04,5.745347380909487933e-02,2.683122504539922973e-02,1.838531109499405292e-01,1.013203147745789928e-01
2.530000000000000000e+02,1.000000000000000000e+00,9.271710124191035775e-04,5.745347380909487933e-02,2.672659804239094564e-02,1.838531109499405292e-01,1.013203147745789928e-01
2.540000000000000000e+02,1.000000000000000000e+00,9.271710124191035775e-04,5.745347380909487933e-02,2.662278380562980301e-02,1.838531109499405292e-01,1.013203147745789928e-01
2.550000000000000000e+02,1.000000000000000000e+00,9.271710124191035775e-04,5.745347380909487933e-02,2.651977290159373765e-02,1.838531109499405292e-01,1.013203147745789928e-01
2.560000000000000000e+02,1.000000000000000000e+00,9.271710124191035775e-04,5.745347380909487933e-02,2.641755604217864775e-02,1.838531109499405292e-01,1.013203147745789928e-01
2.570000000000000000e+02,1.000000000000000000e+00,9.271710124191035775e-04,5.745347380909487933e-02,2.631612408191003408e-02,1.838531109499405292e-01,1.013203147745789928e-01
2.580000000000000000e+02,1.000000000000000000e+00,9.271710124191035775e-04,5.745347380909487933e-02,2.621546801521404749e-02,1.838531109499405292e-01,1.013203147745789928e-01
2.590000000000000000e+02,1.000000000000000000e+00,9.271710124191035775e-04,5.745347380909487933e-02,2.611557897375249918e-02,1.838531109499405292e-01,1.013203147745789928e-01
2.600000000000000000e+02,1.000000000000000000e+00,9.271710124191035775e-04,5.745347380909487933e-02,2.601644822382047015e-02,1.838531109499405292e-01,1.013203147745789928e-01
2.610000000000000000e+02,1.000000000000000000e+00,9.271710124191035775e-04,5.745347380909487933e-02,2.591806716379907102e-02,1.838531109499405292e-01,1.013203147745789928e-01
2.620000000000000000e+02,1.000000000000000000e+00,9.271710124191035775e-04,5.745347380909487933e-02,2.582042732166954513e-02,1.838531109499405292e-01,1.013203147745789928e-01
2.630000000000000000e+02,1.000000000000000000e+00,9.271710124191035775e-04,5.745347380909487933e-02,2.572352035258111333e-02,1.838531109499405292e-01,1.013203147745789928e-01
2.640000000000000000e+02,1.000000000000000000e+00,9.271710124191035775e-04,5.745347380909487933e-02,2.562733803647341754e-02,1.838531109499405292e-01,1.013203147745789928e-01
2.650000000000000000e+02,1.000000000000000000e+00,9.271710124191035775e-04,5.745347380909487933e-02,2.553187227575379539e-02,1.838531109499405292e-01,1.013203147745789928e-01
2.660000000000000000e+02,1.000000000000000000e+00,9.271710124191035775e-04,5.745347380909487933e-02,2.543711509302416449e-02,1.838531109499405292e-01,1.013203147745789928e-01
2.670000000000000000e+02,1.000000000000000000e+00,9.271710124191035775e-04,5.745347380909487933e-02,2.534305862885957369e-02,1.838531109499405292e-01,1.013203147745789928e-01
2.680000000000000000e+02,1.000000000000000000e+00,9.271710124191035775e-04,5.745347380909487933e-02,2.524969513963564935e-02,1.838531109499405292e-01,1.013203147745789928e-01
2.690000000000000000e+02,1.000000000000000000e+00,9.271710124191035775e-04,5.745347380909487933e-02,2.515701699540356592e-02,1.838531109499405292e-01,1.013203147745789928e-01
2.700000000000000000e+02,1.000000000000000000e+00,9.271710124191035775e-04,5.745347380909487933e-02,2.506501667781231221e-02,1.838531109499405292e-01,1.013203147745789928e-01
2.710000000000000000e+02,1.000000000000000000e+00,9.271710124191035775e-04,4.878717610342121064e-02,2.497368677807470030e-02,1.838531109499405292e-01,1.013203147745789928e-01
2.720000000000000000e+02,1.000000000000000000e+00,9.271710124191035775e-04,4.878717610342121064e-02,2.488301999498057984e-02,1.838531109499405292e-01,1.013203147745789928e-01
2.730000000000000000e+02,1.000000000000000000e+00,9.271710124191035775e-04,4.878717610342121064e-02,2.479300913294967337e-02,1.838531109499405292e-01,1.013203147745789928e-01
2.740000000000000000e+02,1.000000000000000000e+00,9.271710124191035775e-04,4.878717610342121064e-02,2.470364710013032636e-02,1.838531109499405292e-01,1.013203147745789928e-01
2.750000000000000000e+02,1.000000000000000000e+00,9.271710124191035775e-04,4.878717610342121064e-02,2.461492690653490842e-02,1.838531109499405292e-01,1.013203147745789928e-01
2.760000000000000000e+02,1.000000000000000000e+00,9.271710124191035775e-04,4.878717610342121064e-02,2.452684166221903717e-02,1.838531109499405292e-01,1.013203147745789928e-01
2.770000000000000000e+02,1.000000000000000000e+00,9.271710124191035775e-04,4.878717610342121064e-02,2.443938457549805002e-02,1.838531109499405292e-01,1.013203147745789928e-01
2.780000000000000000e+02,1.000000000000000000e+00,9.271710124191035775e-04,4.878717610342121064e-02,2.435254895120083501e-02,1.838531109499405292e-01,1.013203147745789928e-01
2.790000000000000000e+02,1.000000000000000000e+00,9.271710124191035775e-04,4.878717610342121064e-02,2.426632818896252292e-02,1.838531109499405292e-01,1.013203147745789928e-01
2.800000000000000000e+02,1.000000000000000000e+00,9.271710124191035775e-04,4.878717610342121064e-02,2.418071578155250520e-02,1.838531109499405292e-01,1.013203147745789928e-01
2.810000000000000000e+02,1.000000000000000000e+00,9.271710124191035775e-04,4.878717610342121064e-02,2.409570531323570672e-02,1.838531109499405292e-01,1.013203147745789928e-01
2.820000000000000000e+02,1.000000000000000000e+00,9.271710124191035775e-04,4.878717610342121064e-02,2.401129045817307697e-02,1.838531109499405292e-01,1.013203147745789928e-01
2.830000000000000000e+02,1.000000000000000000e+00,9.271710124191035775e-04,4.878717610342121064e-02,2.392746497884977105e-02,1.838531109499405292e-01,1.013203147745789928e-01
2.840000000000000000e+02,1.000000000000000000e+00,9.271710124191035775e-04,4.878717610342121064e-02,2.384422272454162633e-02,1.838531109499405292e-01,1.013203147745789928e-01
2.850000000000000000e+02,1.000000000000000000e+00,9.271710124191035775e-04,4.878717610342121064e-02,2.376155762980842676e-02,1.838531109499405292e-01,1.013203147745789928e-01
2.860000000000000000e+02,1.000000000000000000e+00,9.271710124191035775e-04,4.878717610342121064e-02,2.367946371302294406e-02,1.838531109499405292e-01,1.013203147745789928e-01
2.870000000000000000e+02,1.000000000000000000e+00,9.271710124191035775e-04,4.878717610342121064e-02,2.359793507492723846e-02,1.838531109499405292e-01,1.013203147745789928e-01
2.880000000000000000e+02,1.000000000000000000e+00,9.271710124191035775e-04,4.878717610342121064e-02,2.351696589722063538e-02,1.838531109499405292e-01,1.013203147745789928e-01
2.890000000000000000e+02,1.000000000000000000e+00,9.271710124191035775e-04,4.878717610342121064e-02,2.343655044117387218e-02,1.838531109499405292e-01,1.013203147745789928e-01
2.900000000000000000e+02,1.000000000000000000e+00,9.271710124191035775e-04,4.878717610342121064e-02,2.335668304627625327e-02,1.838531109499405292e-01,1.013203147745789928e-01
2.910000000000000000e+02,1.000000000000000000e+00,9.271710124191035775e-04,4.878717610342121064e-02,2.327735812890509640e-02,1.838531109499405292e-01,1.013203147745789928e-01
2.920000000000000000e+02,1.000000000000000000e+00,9.271710124191035775e-04,4.878717610342121064e-02,2.319857018102626858e-02,1.838531109499405292e-01,1.013203147745789928e-01
2.930000000000000000e+02,1.000000000000000000e+00,9.271710124191035775e-04,4.878717610342121064e-02,2.312031376891871687e-02,1.838531109499405292e-01,1.013203147745789928e-01
2.940000000000000000e+02,1.000000000000000000e+00,9.271710124191035775e-04,4.878717610342121064e-02,2.304258353192618902e-02,1.838531109499405292e-01,1.013203147745789928e-01
2.950000000000000000e+02,1.000000000000000000e+00,9.271710124191035775e-04,4.878717610342121064e-02,2.296537418123191510e-02,1.838531109499405292e-01,1.013203147745789928e-01
2.960000000000000000e+02,1.000000000000000000e+00,9.271710124191035775e-04,4.878717610342121064e-02,2.288868049866108270e-02,1.838531109499405292e-01,1.013203147745789928e-01
2.970000000000000000e+02,1.000000000000000000e+00,9.271710124191035775e-04,4.878717610342121064e-02,2.281249733550365366e-02,1.838531109499405292e-01,1.013203147745789928e-01
2.980000000000000000e+02,1.000000000000000000e+00,9.271710124191035775e-04,4.878717610342121064e-02,2.273681961136344784e-02,1.838531109499405292e-01,1.013203147745789928e-01
2.990000000000000000e+02,1.000000000000000000e+00,9.271710124191035775e-04,4.878717610342121064e-02,2.266164231302886592e-02,1.838531109499405292e-01,1.013203147745789928e-01
3.000000000000000000e+02,1.000000000000000000e+00,9.271710124191035775e-04,4.878717610342121064e-02,2.258696049336465783e-02,1.838531109499405292e-01,1.013203147745789928e-01
3.010000000000000000e+02,1.000000000000000000e+00,9.271710124191035775e-04,4.878717610342121064e-02,2.251276927022945185e-02,1.838531109499405292e-01,1.013203147745789928e-01
3.020000000000000000e+02,1.000000000000000000e+00,9.271710124191035775e-04,4.878717610342121064e-02,2.243906382540929514e-02,1.838531109499405292e-01,1.013203147745789928e-01
3.030000000000000000e+02,1.000000000000000000e+00,9.271710124191035775e-04,4.878717610342121064e-02,2.236583940357645198e-02,1.838531109499405292e-01,1.013203147745789928e-01
3.040000000000000000e+02,1.000000000000000000e+00,9.271710124191035775e-04,4.878717610342121064e-02,2.229309131126621865e-02,1.838531109499405292e-01,1.013203147745789928e-01
3.050000000000000000e+02,1.000000000000000000e+00,9.271710124191035775e-04,4.878717610342121064e-02,2.222081491587403132e-02,1.838531109499405292e-01,1.013203147745789928e-01
3.060000000000000000e+02,1.000000000000000000e+00,9.271710124191035775e-04,4.878717610342121064e-02,2.214900564467255778e-02,1.838531109499405292e-01,1.013203147745789928e-01
3.070000000000000000e+02,1.000000000000000000e+00,9.271710124191035775e-04,4.878717610342121064e-02,2.207765898384772899e-02,1.838531109499405292e-01,1.013203147745789928e-01
3.080000000000000000e+02,1.000000000000000000e+00,9.271710124191035775e-04,4.878717610342121064e-02,2.200677047755250290e-02,1.838531109499405292e-01,1.013203147745789928e-01
3.090000000000000000e+02,1.000000000000000000e+00,9.271710124191035775e-04,4.878717610342121064e-02,2.193633572697926623e-02,1.838531109499405292e-01,1.013203147745789928e-01
3.100000000000000000e+02,1.000000000000000000e+00,9.271710124191035775e-04,4.878717610342121064e-02,2.186635038945040563e-02,1.838531109499405292e-01,1.013203147745789928e-01
3.110000000000000000e+02,1.000000000000000000e+00,9.271710124191035775e-04,4.878717610342121064e-02,2.179681017752627473e-02,1.838531109499405292e-01,1.013203147745789928e-01
3.120000000000000000e+02,1.000000000000000000e+00,9.271710124191035775e-04,4.878717610342121064e-02,2.172771085812863837e-02,1.838531109499405292e-01,1.013203147745789928e-01
3.130000000000000000e+02,1.000000000000000000e+00,9.271710124191035775e-04,4.878717610342121064e-02,2.165904825168308082e-02,1.838531109499405292e-01,1.013203147745789928e-01
3.140000000000000000e+02,1.000000000000000000e+00,9.271710124191035775e-04,4.878717610342121064e-02,2.159081823127514954e-02,1.838531109499405292e-01,1.013203147745789928e-01
3.150000000000000000e+02,1.000000000000000000e+00,9.271710124191035775e-04,4.878717610342121064e-02,2.152301672182500500e-02,1.838531109499405292e-01,1.013203147745789928e-01
3.160000000000000000e+02,1.000000000000000000e+00,9.271710124191035775e-04,4.878717610342121064e-02,2.145563969927476861e-02,1.838531109499405292e-01,1.013203147745789928e-01
3.170000000000000000e+02,1.000000000000000000e+00,9.271710124191035775e-04,4.878717610342121064e-02,2.138868318979386673e-02,1.838531109499405292e-01,1.013203147745789928e-01
3.180000000000000000e+02,1.000000000000000000e+00,9.271710124191035775e-04,4.878717610342121064e-02,2.132214326899623327e-02,1.838531109499405292e-01,1.013203147745789928e-01
3.190000000000000000e+02,1.000000000000000000e+00,9.271710124191035775e-04,4.878717610342121064e-02,2.125601606117570944e-02,1.838531109499405292e-01,1.013203147745789928e-01
3.200000000000000000e+02,1.000000000000000000e+00,9.271710124191035775e-04,4.878717610342121064e-02,2.119029773855176865e-02,1.838531109499405292e-01,1.013203147745789928e-01
3.210000000000000000e+02,1.000000000000000000e+00,9.271710124191035775e-04,4.878717610342121064e-02,2.112498452053172479e-02,1.838531109499405292e-01,1.013203147745789928e-01
3.220000000000000000e+02,1.000000000000000000e+00,9.271710124191035775e-04,4.140489820784633984e-02,2.106007267298675920e-02,1.838531109499405292e-01,1.013203147745789928e-01
3.230000000000000000e+02,1.000000000000000000e+00,9.271710124191035775e-04,4.140489820784633984e-02,2.099555850753851913e-02,1.838531109499405292e-01,1.013203147745789928e-01
3.240000000000000000e+02,1.000000000000000000e+00,9.271710124191035775e-04,4.140489820784633984e-02,2.093143838086185260e-02,1.838531109499405292e-01,1.013203147745789928e-01
3.250000000000000000e+02,1.000000000000000000e+00,9.271710124191035775e-04,4.140489820784633984e-02,2.086770869399879116e-02,1.838531109499405292e-01,1.013203147745789928e-01
3.260000000000000000e+02,1.000000000000000000e+00,9.271710124191035775e-04,4.140489820784633984e-02,2.080436589168543557e-02,1.838531109499405292e-01,1.013203147745789928e-01
3.270000000000000000e+02,1.000000000000000000e+00,9.271710124191035775e-04,4.140489820784633984e-02,2.074140646168976324e-02,1.838531109499405292e-01,1.013203147745789928e-01
3.280000000000000000e+02,1.000000000000000000e+00,9.271710124191035775e-04,4.140489820784633984e-02,2.067882693416468742e-02,1.838531109499405292e-01,1.013203147745789928e-01
3.290000000000000000e+02,1.000000000000000000e+00,9.271710124191035775e-04,4.140489820784633984e-02,2.061662388100825652e-02,1.838531109499405292e-01,1.013203147745789928e-01
3.300000000000000000e+02,1.000000000000000000e+00,9.271710124191035775e-04,4.140489820784633984e-02,2.055479391523945196e-02,1.838531109499405292e-01,1.013203147745789928e-01
3.310000000000000000e+02,1.000000000000000000e+00,9.271710124191035775e-04,4.140489820784633984e-02,2.049333369038284711e-02,1.838531109499405292e-01,1.013203147745789928e-01
3.320000000000000000e+02,1.000000000000000000e+00,9.271710124191035775e-04,4.140489820784633984e-02,2.043223989986505187e-02,1.838531109499405292e-01,1.013203147745789928e-01
3.330000000000000000e+02,1.000000000000000000e+00,9.271710124191035775e-04,4.140489820784633984e-02,2.037150927642140605e-02,1.838531109499405292e-01,1.013203147745789928e-01
3.340000000000000000e+02,1.000000000000000000e+00,9.271710124191035775e-04,4.140489820784633984e-02,2.031113859151398651e-02,1.838531109499405292e-01,1.013203147745789928e-01
3.350000000000000000e+02,1.000000000000000000e+00,9.271710124191035775e-04,4.140489820784633984e-02,2.025112465475955789e-02,1.838531109499405292e-01,1.013203147745789928e-01
3.360000000000000000e+02,1.000000000000000000e+00,9.271710124191035775e-04,4.140489820784633984e-02,2.019146431336755684e-02,1.838531109499405292e-01,1.013203147745789928e-01
3.370000000000000000e+02,1.000000000000000000e+00,9.271710124191035775e-04,4.140489820784633984e-02,2.013215445158802672e-02,1.838531109499405292e-01,1.013203147745789928e-01
3.380000000000000000e+02,1.000000000000000000e+00,9.271710124191035775e-04,4.140489820784633984e-02,2.007319199016888503e-02,1.838531109499405292e-01,1.013203147745789928e-01
3.390000000000000000e+02,1.000000000000000000e+00,9.271710124191035775e-04,4.140489820784633984e-02,2.001457388582352989e-02,1.838531109499405292e-01,1.013203147745789928e-01
3.400000000000000000e+02,1.000000000000000000e+00,9.271710124191035775e-04,4.140489820784633984e-02,1.995629713070736291e-02,1.838531109499405292e-01,1.013203147745789928e-01
3.410000000000000000e+02,1.000000000000000000e+00,9.271710124191035775e-04,4.140489820784633984e-02,1.989835875190303777e-02,1.838531109499405292e-01,1.013203147745789928e-01
3.420000000000000000e+02,1.000000000000000000e+00,9.271710124191035775e-04,4.140489820784633984e-02,1.984075581091475013e-02,1.838531109499405292e-01,1.013203147745789928e-01
3.430000000000000000e+02,1.000000000000000000e+00,9.271710124191035775e-04,4.140489820784633984e-02,1.978348540317279372e-02,1.838531109499405292e-01,1.013203147745789928e-01
3.440000000000000000e+02,1.000000000000000000e+00,9.271710124191035775e-04,4.140489820784633984e-02,1.972654465754321643e-02,1.838531109499405292e-01,1.013203147745789928e-01
3.450000000000000000e+02,1.000000000000000000e+00,9.271710124191035775e-04,4.140489820784633984e-02,1.966993073585020582e-02,1.838531109499405292e-01,1.013203147745789928e-01
3.460000000000000000e+02,1.000000000000000000e+00,9.271710124191035775e-04,4.140489820784633984e-02,1.961364083240309600e-02,1.838531109499405292e-01,1.013203147745789928e-01
3.470000000000000000e+02,1.000000000000000000e+00,9.271710124191035775e-04,4.140489820784633984e-02,1.955767217353407070e-02,1.838531109499405292e-01,1.013203147745789928e-01
3.480000000000000000e+02,1.000000000000000000e+00,9.271710124191035775e-04,4.140489820784633984e-02,1.950202201714118164e-02,1.838531109499405292e-01,1.013203147745789928e-01
3.490000000000000000e+02,1.000000000000000000e+00,9.271710124191035775e-04,4.140489820784633984e-02,1.944668765224221926e-02,1.838531109499405292e-01,1.013203147745789928e-01
3.500000000000000000e+02,1.000000000000000000e+00,9.271710124191035775e-04,4.140489820784633984e-02,1.939166639853329502e-02,1.838531109499405292e-01,1.013203147745789928e-01
3.510000000000000000e+02,2.000000000000000000e+00,1.029955276769027768e-03,5.136650841865951500e-02,2.494382166654828328e-02,1.881321599369045749e-01,9.477217640568838530e-02
3.520000000000000000e+02,2.000000000000000000e+00,1.029955276769027768e-03,5.136650841865951500e-02,2.487372816677827295e-02,1.881321599369045749e-01,9.477217640568838530e-02
3.530000000000000000e+02,2.000000000000000000e+00,1.029955276769027768e-03,5.136650841865951500e-02,2.480402748046004954e-02,1.881321599369045749e-01,9.477217640568838530e-02
3.540000000000000000e+02,2.000000000000000000e+00,1.029955276769027768e-03,5.136650841865951500e-02,2.473471631488420933e-02,1.881321599369045749e-01,9.477217640568838530e-02
3.550000000000000000e+02,2.000000000000000000e+00,1.029955276769027768e-03,5.136650841865951500e-02,2.466579141403792488e-02,1.881321599369045749e-01,9.477217640568838530e-02
3.560000000000000000e+02,2.000000000000000000e+00,1.029955276769027768e-03,5.136650841865951500e-02,2.459724955809627564e-02,1.881321599369045749e-01,9.477217640568838530e-02
3.570000000000000000e+02,2.000000000000000000e+00,1.029955276769027768e-03,5.136650841865951500e-02,2.452908756291944867e-02,1.881321599369045749e-01,9.477217640568838530e-02
3.580000000000000000e+02,2.000000000000000000e+00,1.029955276769027768e-03,5.136650841865951500e-02,2.446130227956079539e-02,1.881321599369045749e-01,9.477217640568838530e-02
3.590000000000000000e+02,2.000000000000000000e+00,1.029955276769027768e-03,5.136650841865951500e-02,2.439389059378152882e-02,1.881321599369045749e-01,9.477217640568838530e-02
3.600000000000000000e+02,2.000000000000000000e+00,1.029955276769027768e-03,5.136650841865951500e-02,2.432684942557419502e-02,1.881321599369045749e-01,9.477217640568838530e-02
3.610000000000000000e+02,2.000000000000000000e+00,1.029955276769027768e-03,5.136650841865951500e-02,2.426017572869286834e-02,1.881321599369045749e-01,9.477217640568838530e-02
3.620000000000000000e+02,2.000000000000000000e+00,1.029955276769027768e-03,4.470779190771206196e-02,2.419386649019290847e-02,1.881321599369045749e-01,9.477217640568838530e-02
3.630000000000000000e+02,2.000000000000000000e+00,1.029955276769027768e-03,4.470779190771206196e-02,2.412791872997646983e-02,1.881321599369045749e-01,9.477217640568838530e-02
3.640000000000000000e+02,2.000000000000000000e+00,1.029955276769027768e-03,4.470779190771206196e-02,2.406232950034628212e-02,1.881321599369045749e-01,9.477217640568838530e-02
3.650000000000000000e+02,2.000000000000000000e+00,1.029955276769027768e-03,4.470779190771206196e-02,2.399709588556659876e-02,1.881321599369045749e-01,9.477217640568838530e-02
3.660000000000000000e+02,2.000000000000000000e+00,1.029955276769027768e-03,4.470779190771206196e-02,2.393221500143114314e-02,1.881321599369045749e-01,9.477217640568838530e-02
3.670000000000000000e+02,2.000000000000000000e+00,1.029955276769027768e-03,4.470779190771206196e-02,2.386768399483782735e-02,1.881321599369045749e-01,9.477217640568838530e-02
3.680000000000000000e+02,2.000000000000000000e+00,1.029955276769027768e-03,4.470779190771206196e-02,2.380350004337152686e-02,1.881321599369045749e-01,9.477217640568838530e-02
3.690000000000000000e+02,2.000000000000000000e+00,1.029955276769027768e-03,4.470779190771206196e-02,2.373966035489103940e-02,1.881321599369045749e-01,9.477217640568838530e-02
3.700000000000000000e+02,2.000000000000000000e+00,1.029955276769027768e-03,4.470779190771206196e-02,2.367616216712601848e-02,1.881321599369045749e-01,9.477217640568838530e-02
3.710000000000000000e+02,2.000000000000000000e+00,1.029955276769027768e-03,4.470779190771206196e-02,2.361300274727685597e-02,1.881321599369045749e-01,9.477217640568838530e-02
3.720000000000000000e+02,2.000000000000000000e+00,1.029955276769027768e-03,4.470779190771206196e-02,2.355017939162478910e-02,1.881321599369045749e-01,9.477217640568838530e-02
3.730000000000000000e+02,2.000000000000000000e+00,1.029955276769027768e-03,4.470779190771206196e-02,2.348768942514374222e-02,1.881321599369045749e-01,9.477217640568838530e-02
3.740000000000000000e+02,2.000000000000000000e+00,1.029955276769027768e-03,4.470779190771206196e-02,2.342553020112318404e-02,1.881321599369045749e-01,9.477217640568838530e-02
3.750000000000000000e+02,2.000000000000000000e+00,1.029955276769027768e-03,4.470779190771206196e-02,2.336369910079201875e-02,1.881321599369045749e-01,9.477217640568838530e-02
3.760000000000000000e+02,2.000000000000000000e+00,1.029955276769027768e-03,4.470779190771206196e-02,2.330219353295312837e-02,1.881321599369045749e-01,9.477217640568838530e-02
3.770000000000000000e+02,2.000000000000000000e+00,1.029955276769027768e-03,4.470779190771206196e-02,2.324101093361962897e-02,1.881321599369045749e-01,9.477217640568838530e-02
3.780000000000000000e+02,2.000000000000000000e+00,1.029955276769027768e-03,4.470779190771206196e-02,2.318014876565999138e-02,1.881321599369045749e-01,9.477217640568838530e-02
3.790000000000000000e+02,2.000000000000000000e+00,1.029955276769027768e-03,4.470779190771206196e-02,2.311960451844621497e-02,1.881321599369045749e-01,9.477217640568838530e-02
3.800000000000000000e+02,2.000000000000000000e+00,1.029955276769027768e-03,4.470779190771206196e-02,2.305937570751006443e-02,1.881321599369045749e-01,9.477217640568838530e-02
3.810000000000000000e+02,2.000000000000000000e+00,1.029955276769027768e-03,4.470779190771206196e-02,2.299945987420166926e-02,1.881321599369045749e-01,9.477217640568838530e-02
3.820000000000000000e+02,2.000000000000000000e+00,1.029955276769027768e-03,4.470779190771206196e-02,2.293985458535611685e-02,1.881321599369045749e-01,9.477217640568838530e-02
3.830000000000000000e+02,2.000000000000000000e+00,1.029955276769027768e-03,4.470779190771206196e-02,2.288055743296362951e-02,1.881321599369045749e-01,9.477217640568838530e-02
3.840000000000000000e+02,2.000000000000000000e+00,1.029955276769027768e-03,4.470779190771206196e-02,2.282156603384595181e-02,1.881321599369045749e-01,9.477217640568838530e-02
3.850000000000000000e+02,2.000000000000000000e+00,1.029955276769027768e-03,4.470779190771206196e-02,2.276287802933600612e-02,1.881321599369045749e-01,9.477217640568838530e-02
3.860000000000000000e+02,2.000000000000000000e+00,1.029955276769027768e-03,4.470779190771206196e-02,2.270449108496456689e-02,1.881321599369045749e-01,9.477217640568838530e-02
3.870000000000000000e+02,2.000000000000000000e+00,1.029955276769027768e-03,4.470779190771206196e-02,2.264640289015076510e-02,1.881321599369045749e-01,9.477217640568838530e-02
3.880000000000000000e+02,2.000000000000000000e+00,1.029955276769027768e-03,4.470779190771206196e-02,2.258861115789608312e-02,1.881321599369045749e-01,9.477217640568838530e-02
3.890000000000000000e+02,2.000000000000000000e+00,1.029955276769027768e-03,4.470779190771206196e-02,2.253111362448562485e-02,1.881321599369045749e-01,9.477217640568838530e-02
3.900000000000000000e+02,2.000000000000000000e+00,1.029955276769027768e-03,4.470779190771206196e-02,2.247390804919250848e-02,1.881321599369045749e-01,9.477217640568838530e-02
3.910000000000000000e+02,2.000000000000000000e+00,1.029955276769027768e-03,4.470779190771206196e-02,2.241699221398571126e-02,1.881321599369045749e-01,9.477217640568838530e-02
3.920000000000000000e+02,2.000000000000000000e+00,1.029955276769027768e-03,4.470779190771206196e-02,2.236036392324467284e-02,1.881321599369045749e-01,9.477217640568838530e-02
3.930000000000000000e+02,2.000000000000000000e+00,1.029955276769027768e-03,4.470779190771206196e-02,2.230402100347600100e-02,1.881321599369045749e-01,9.477217640568838530e-02
3.940000000000000000e+02,2.000000000000000000e+00,1.029955276769027768e-03,4.470779190771206196e-02,2.224796130303626981e-02,1.881321599369045749e-01,9.477217640568838530e-02
3.950000000000000000e+02,2.000000000000000000e+00,1.029955276769027768e-03,4.470779190771206196e-02,2.219218269185744760e-02,1.881321599369045749e-01,9.477217640568838530e-02
3.960000000000000000e+02,2.000000000000000000e+00,1.029955276769027768e-03,4.470779190771206196e-02,2.213668306117787254e-02,1.881321599369045749e-01,9.477217640568838530e-02
3.970000000000000000e+02,2.000000000000000000e+00,1.029955276769027768e-03,4.470779190771206196e-02,2.208146032327566732e-02,1.881321599369045749e-01,9.477217640568838530e-02
3.980000000000000000e+02,2.000000000000000000e+00,1.029955276769027768e-03,4.470779190771206196e-02,2.202651241120766323e-02,1.881321599369045749e-01,9.477217640568838530e-02
3.990000000000000000e+02,2.000000000000000000e+00,1.029955276769027768e-03,4.470779190771206196e-02,2.197183727855163762e-02,1.881321599369045749e-01,9.477217640568838530e-02
4.000000000000000000e+02,2.000000000000000000e+00,1.029955276769027768e-03,4.470779190771206196e-02,2.191743289915151077e-02,1.881321599369045749e-01,9.477217640568838530e-02
4.010000000000000000e+02,2.000000000000000000e+00,1.029955276769027768e-03,4.470779190771206196e-02,2.186329726686747979e-02,1.881321599369045749e-01,9.477217640568838530e-02
4.020000000000000000e+02,2.000000000000000000e+00,1.029955276769027768e-03,4.470779190771206196e-02,2.180942839533003136e-02,1.881321599369045749e-01,9.477217640568838530e-02
4.030000000000000000e+02,2.000000000000000000e+00,1.029955276769027768e-03,4.470779190771206196e-02,2.175582431769644207e-02,1.881321599369045749e-01,9.477217640568838530e-02
4.040000000000000000e+02,2.000000000000000000e+00,1.029955276769027768e-03,4.470779190771206196e-02,2.170248308641111248e-02,1.881321599369045749e-01,9.477217640568838530e-02
4.050000000000000000e+02,2.000000000000000000e+00,1.029955276769027768e-03,4.470779190771206196e-02,2.164940277297041152e-02,1.881321599369045749e-01,9.477217640568838530e-02
4.060000000000000000e+02,2.000000000000000000e+00,1.029955276769027768e-03,4.470779190771206196e-02,2.159658146769009510e-02,1.881321599369045749e-01,9.477217640568838530e-02
4.070000000000000000e+02,2.000000000000000000e+00,1.029955276769027768e-03,4.470779190771206196e-02,2.154401727947605899e-02,1.881321599369045749e-01,9.477217640568838530e-02
4.080000000000000000e+02,2.000000000000000000e+00,1.029955276769027768e-03,4.470779190771206196e-02,2.149170833559880048e-02,1.881321599369045749e-01,9.477217640568838530e-02
4.090000000000000000e+02,2.000000000000000000e+00,1.029955276769027768e-03,4.470779190771206196e-02,2.143965278147129047e-02,1.881321599369045749e-01,9.477217640568838530e-02
4.100000000000000000e+02,2.000000000000000000e+00,1.029955276769027768e-03,4.470779190771206196e-02,2.138784878042958304e-02,1.881321599369045749e-01,9.477217640568838530e-02
4.110000000000000000e+02,2.000000000000000000e+00,1.029955276769027768e-03,4.470779190771206196e-02,2.133629451351634274e-02,1.881321599369045749e-01,9.477217640568838530e-02
4.120000000000000000e+02,2.000000000000000000e+00,1.029955276769027768e-03,4.470779190771206196e-02,2.128498817926932282e-02,1.881321599369045749e-01,9.477217640568838530e-02
4.130000000000000000e+02,2.000000000000000000e+00,1.029955276769027768e-03,4.470779190771206196e-02,2.123392799351015228e-02,1.881321599369045749e-01,9.477217640568838530e-02
4.140000000000000000e+02,2.000000000000000000e+00,1.029955276769027768e-03,4.470779190771206196e-02,2.118311218913810148e-02,1.881321599369045749e-01,9.477217640568838530e-02
4.150000000000000000e+02,2.000000000000000000e+00,1.029955276769027768e-03,4.470779190771206196e-02,2.113253901592672748e-02,1.881321599369045749e-01,9.477217640568838530e-02
4.160000000000000000e+02,2.000000000000000000e+00,1.029955276769027768e-03,4.470779190771206196e-02,2.108220674032186201e-02,1.881321599369045749e-01,9.477217640568838530e-02
4.170000000000000000e+02,2.000000000000000000e+00,1.029955276769027768e-03,4.470779190771206196e-02,2.103211364524455382e-02,1.881321599369045749e-01,9.477217640568838530e-02
4.180000000000000000e+02,2.000000000000000000e+00,1.029955276769027768e-03,3.895234603569854709e-02,2.098225802989521840e-02,1.881321599369045749e-01,9.477217640568838530e-02
4.190000000000000000e+02,2.000000000000000000e+00,1.029955276769027768e-03,3.895234603569854709e-02,2.093263820956155555e-02,1.881321599369045749e-01,9.477217640568838530e-02
4.200000000000000000e+02,2.000000000000000000e+00,1.029955276769027768e-03,3.895234603569854709e-02,2.088325251542890934e-02,1.881321599369045749e-01,9.477217640568838530e-02
4.210000000000000000e+02,2.000000000000000000e+00,1.029955276769027768e-03,3.895234603569854709e-02,2.083409929439229355e-02,1.881321599369045749e-01,9.477217640568838530e-02
4.220000000000000000e+02,2.000000000000000000e+00,1.029955276769027768e-03,3.895234603569854709e-02,2.078517690887304523e-02,1.881321599369045749e-01,9.477217640568838530e-02
4.230000000000000000e+02,2.000000000000000000e+00,1.029955276769027768e-03,3.895234603569854709e-02,2.073648373663627281e-02,1.881321599369045749e-01,9.477217640568838530e-02
4.240000000000000000e+02,2.000000000000000000e+00,1.029955276769027768e-03,3.895234603569854709e-02,2.068801817061207901e-02,1.881321599369045749e-01,9.477217640568838530e-02
4.250000000000000000e+02,2.000000000000000000e+00,1.029955276769027768e-03,3.895234603569854709e-02,2.063977861871831368e-02,1.881321599369045749e-01,9.477217640568838530e-02
4.260000000000000000e+02,2.000000000000000000e+00,1.029955276769027768e-03,3.895234603569854709e-02,2.059176350368682046e-02,1.881321599369045749e-01,9.477217640568838530e-02
4.270000000000000000e+02,2.000000000000000000e+00,1.029955276769027768e-03,3.895234603569854709e-02,2.054397126289067219e-02,1.881321599369045749e-01,9.477217640568838530e-02
4.280000000000000000e+02,2.000000000000000000e+00,1.029955276769027768e-03,3.895234603569854709e-02,2.049640034817554538e-02,1.881321599369045749e-01,9.477217640568838530e-02
4.290000000000000000e+02,2.000000000000000000e+00,1.029955276769027768e-03,3.895234603569854709e-02,2.044904922569208347e-02,1.881321599369045749e-01,9.477217640568838530e-02
4.300000000000000000e+02,2.000000000000000000e+00,1.029955276769027768e-03,3.895234603569854709e-02,2.040191637573137221e-02,1.881321599369045749e-01,9.477217640568838530e-02
4.310000000000000000e+02,2.000000000000000000e+00,1.029955276769027768e-03,3.895234603569854709e-02,2.035500029256194846e-02,1.881321599369045749e-01,9.477217640568838530e-02
4.320000000000000000e+02,2.000000000000000000e+00,1.029955276769027768e-03,3.895234603569854709e-02,2.030829948426996975e-02,1.881321599369045749e-01,9.477217640568838530e-02
4.330000000000000000e+02,2.000000000000000000e+00,1.029955276769027768e-03,3.895234603569854709e-02,2.026181247260055995e-02,1.881321599369045749e-01,9.477217640568838530e-02
4.340000000000000000e+02,2.000000000000000000e+00,1.029955276769027768e-03,3.895234603569854709e-02,2.021553779280231555e-02,1.881321599369045749e-01,9.477217640568838530e-02
4.350000000000000000e+02,2.000000000000000000e+00,1.029955276769027768e-03,3.895234603569854709e-02,2.016947399347325184e-02,1.881321599369045749e-01,9.477217640568838530e-02
4.360000000000000000e+02,2.000000000000000000e+00,1.029955276769027768e-03,3.895234603569854709e-02,2.012361963640911522e-02,1.881321599369045749e-01,9.477217640568838530e-02
4.370000000000000000e+02,2.000000000000000000e+00,1.029955276769027768e-03,3.895234603569854709e-02,2.007797329645333653e-02,1.881321599369045749e-01,9.477217640568838530e-02
4.380000000000000000e+02,2.000000000000000000e+00,1.029955276769027768e-03,3.895234603569854709e-02,2.003253356135055452e-02,1.881321599369045749e-01,9.477217640568838530e-02
4.390000000000000000e+02,2.000000000000000000e+00,1.029955276769027768e-03,3.895234603569854709e-02,1.998729903159950430e-02,1.881321599369045749e-01,9.477217640568838530e-02
4.400000000000000000e+02,2.000000000000000000e+00,1.029955276769027768e-03,3.895234603569854709e-02,1.994226832031035027e-02,1.881321599369045749e-01,9.477217640568838530e-02
4.410000000000000000e+02,2.000000000000000000e+00,1.029955276769027768e-03,3.895234603569854709e-02,1.989744005306267119e-02,1.881321599369045749e-01,9.477217640568838530e-02
4.420000000000000000e+02,2.000000000000000000e+00,1.029955276769027768e-03,3.895234603569854709e-02,1.985281286776520784e-02,1.881321599369045749e-01,9.477217640568838530e-02
4.430000000000000000e+02,2.000000000000000000e+00,1.029955276769027768e-03,3.895234603569854709e-02,1.980838541451889964e-02,1.881321599369045749e-01,9.477217640568838530e-02
4.440000000000000000e+02,2.000000000000000000e+00,1.029955276769027768e-03,3.895234603569854709e-02,1.976415635548018149e-02,1.881321599369045749e-01,9.477217640568838530e-02
4.450000000000000000e+02,2.000000000000000000e+00,1.029955276769027768e-03,3.895234603569854709e-02,1.972012436472600494e-02,1.881321599369045749e-01,9.477217640568838530e-02
4.460000000000000000e+02,2.000000000000000000e+00,1.029955276769027768e-03,3.895234603569854709e-02,1.967628812812293251e-02,1.881321599369045749e-01,9.477217640568838530e-02
4.470000000000000000e+02,2.000000000000000000e+00,1.029955276769027768e-03,3.895234603569854709e-02,1.963264634319525359e-02,1.881321599369045749e-01,9.477217640568838530e-02
4.480000000000000000e+02,2.000000000000000000e+00,1.029955276769027768e-03,3.895234603569854709e-02,1.958919771899643794e-02,1.881321599369045749e-01,9.477217640568838530e-02
4.490000000000000000e+02,2.000000000000000000e+00,1.029955276769027768e-03,3.895234603569854709e-02,1.954594097598145314e-02,1.881321599369045749e-01,9.477217640568838530e-02
4.500000000000000000e+02,2.000000000000000000e+00,1.029955276769027768e-03,3.895234603569854709e-02,1.950287484588143425e-02,1.881321599369045749e-01,9.477217640568838530e-02
4.510000000000000000e+02,2.000000000000000000e+00,1.029955276769027768e-03,3.895234603569854709e-02,1.945999807158023745e-02,1.881321599369045749e-01,9.477217640568838530e-02
4.520000000000000000e+02,2.000000000000000000e+00,1.029955276769027768e-03,3.895234603569854709e-02,1.941730940699145855e-02,1.881321599369045749e-01,9.477217640568838530e-02
4.530000000000000000e+02,2.000000000000000000e+00,1.029955276769027768e-03,3.895234603569854709e-02,1.937480761693745335e-02,1.881321599369045749e-01,9.477217640568838530e-02
4.540000000000000000e+02,2.000000000000000000e+00,1.029955276769027768e-03,3.895234603569854709e-02,1.933249147703115442e-02,1.881321599369045749e-01,9.477217640568838530e-02
4.550000000000000000e+02,2.000000000000000000e+00,1.029955276769027768e-03,3.895234603569854709e-02,1.929035977355815848e-02,1.881321599369045749e-01,9.477217640568838530e-02
4.560000000000000000e+02,2.000000000000000000e+00,1.029955276769027768e-03,3.895234603569854709e-02,1.924841130336037501e-02,1.881321599369045749e-01,9.477217640568838530e-02
4.570000000000000000e+02,2.000000000000000000e+00,1.029955276769027768e-03,3.895234603569854709e-02,1.920664487372119103e-02,1.881321599369045749e-01,9.477217640568838530e-02
4.580000000000000000e+02,2.000000000000000000e+00,1.029955276769027768e-03,3.895234603569854709e-02,1.916505930225414003e-02,1.881321599369045749e-01,9.477217640568838530e-02
4.590000000000000000e+02,2.000000000000000000e+00,1.029955276769027768e-03,3.895234603569854709e-02,1.912365341678906941e-02,1.881321599369045749e-01,9.477217640568838530e-02
4.600000000000000000e+02,2.000000000000000000e+00,1.029955276769027768e-03,3.895234603569854709e-02,1.908242605526344615e-02,1.881321599369045749e-01,9.477217640568838530e-02
4.610000000000000000e+02,2.000000000000000000e+00,1.029955276769027768e-03,3.895234603569854709e-02,1.904137606561365562e-02,1.881321599369045749e-01,9.477217640568838530e-02
4.620000000000000000e+02,2.000000000000000000e+00,1.029955276769027768e-03,3.895234603569854709e-02,1.900050230566685192e-02,1.881321599369045749e-01,9.477217640568838530e-02
4.630000000000000000e+02,2.000000000000000000e+00,1.029955276769027768e-03,3.895234603569854709e-02,1.895980364303572613e-02,1.881321599369045749e-01,9.477217640568838530e-02
4.640000000000000000e+02,2.000000000000000000e+00,1.029955276769027768e-03,3.895234603569854709e-02,1.891927895501368043e-02,1.881321599369045749e-01,9.477217640568838530e-02
4.650000000000000000e+02,2.000000000000000000e+00,1.029955276769027768e-03,3.895234603569854709e-02,1.887892712847189652e-02,1.881321599369045749e-01,9.477217640568838530e-02
4.660000000000000000e+02,2.000000000000000000e+00,1.029955276769027768e-03,3.895234603569854709e-02,1.883874705975710148e-02,1.881321599369045749e-01,9.477217640568838530e-02
4.670000000000000000e+02,2.000000000000000000e+00,1.029955276769027768e-03,3.895234603569854709e-02,1.879873765459091559e-02,1.881321599369045749e-01,9.477217640568838530e-02
4.680000000000000000e+02,2.000000000000000000e+00,1.029955276769027768e-03,3.895234603569854709e-02,1.875889782797059493e-02,1.881321599369045749e-01,9.477217640568838530e-02
4.690000000000000000e+02,2.000000000000000000e+00,1.029955276769027768e-03,3.895234603569854709e-02,1.871922650407100222e-02,1.881321599369045749e-01,9.477217640568838530e-02
4.700000000000000000e+02,2.000000000000000000e+00,1.029955276769027768e-03,3.895234603569854709e-02,1.867972261614825324e-02,1.881321599369045749e-01,9.477217640568838530e-02
4.710000000000000000e+02,2.000000000000000000e+00,1.029955276769027768e-03,3.895234603569854709e-02,1.864038510644334609e-02,1.881321599369045749e-01,9.477217640568838530e-02
4.720000000000000000e+02,2.000000000000000000e+00,1.029955276769027768e-03,3.895234603569854709e-02,1.860121292608754931e-02,1.881321599369045749e-01,9.477217640568838530e-02
4.730000000000000000e+02,2.000000000000000000e+00,1.029955276769027768e-03,3.895234603569854709e-02,1.856220503501064892e-02,1.881321599369045749e-01,9.477217640568838530e-02
4.740000000000000000e+02,2.000000000000000000e+00,1.029955276769027768e-03,3.895234603569854709e-02,1.852336040184747110e-02,1.881321599369045749e-01,9.477217640568838530e-02
4.750000000000000000e+02,2.000000000000000000e+00,1.029955276769027768e-03,3.895234603569854709e-02,1.848467800384727064e-02,1.881321599369045749e-01,9.477217640568838530e-02
4.760000000000000000e+02,2.000000000000000000e+00,1.029955276769027768e-03,3.895234603569854709e-02,1.844615682678435800e-02,1.881321599369045749e-01,9.477217640568838530e-02
4.770000000000000000e+02,2.000000000000000000e+00,1.029955276769027768e-03,3.895234603569854709e-02,1.840779586486977759e-02,1.881321599369045749e-01,9.477217640568838530e-02
4.780000000000000000e+02,2.000000000000000000e+00,1.029955276769027768e-03,3.895234603569854709e-02,1.836959412066222624e-02,1.881321599369045749e-01,9.477217640568838530e-02
4.790000000000000000e+02,2.000000000000000000e+00,1.029955276769027768e-03,3.895234603569854709e-02,1.833155060498363118e-02,1.881321599369045749e-01,9.477217640568838530e-02
4.800000000000000000e+02,2.000000000000000000e+00,1.029955276769027768e-03,3.895234603569854709e-02,1.829366433683269830e-02,1.881321599369045749e-01,9.477217640568838530e-02
4.810000000000000000e+02,2.000000000000000000e+00,1.029955276769027768e-03,3.895234603569854709e-02,1.825593434329985873e-02,1.881321599369045749e-01,9.477217640568838530e-02
4.820000000000000000e+02,2.000000000000000000e+00,1.029955276769027768e-03,3.396759894545841457e-02,1.821835965948611843e-02,1.881321599369045749e-01,9.477217640568838530e-02
4.830000000000000000e+02,2.000000000000000000e+00,1.029955276769027768e-03,3.396759894545841457e-02,1.818093932841860841e-02,1.881321599369045749e-01,9.477217640568838530e-02
4.840000000000000000e+02,2.000000000000000000e+00,1.029955276769027768e-03,3.396759894545841457e-02,1.814367240097064168e-02,1.881321599369045749e-01,9.477217640568838530e-02
4.850000000000000000e+02,2.000000000000000000e+00,1.029955276769027768e-03,3.396759894545841457e-02,1.810655793578099318e-02,1.881321599369045749e-01,9.477217640568838530e-02
4.860000000000000000e+02,2.000000000000000000e+00,1.029955276769027768e-03,3.396759894545841457e-02,1.806959499917484488e-02,1.881321599369045749e-01,9.477217640568838530e-02
4.870000000000000000e+02,2.000000000000000000e+00,1.029955276769027768e-03,3.396759894545841457e-02,1.803278266508550817e-02,1.881321599369045749e-01,9.477217640568838530e-02
4.880000000000000000e+02,2.000000000000000000e+00,1.029955276769027768e-03,3.396759894545841457e-02,1.799612001497686090e-02,1.881321599369045749e-01,9.477217640568838530e-02
4.890000000000000000e+02,2.000000000000000000e+00,1.029955276769027768e-03,3.396759894545841457e-02,1.795960613776703338e-02,1.881321599369045749e-01,9.477217640568838530e-02
4.900000000000000000e+02,2.000000000000000000e+00,1.029955276769027768e-03,3.396759894545841457e-02,1.792324012975309369e-02,1.881321599369045749e-01,9.477217640568838530e-02
4.910000000000000000e+02,2.000000000000000000e+00,1.029955276769027768e-03,3.396759894545841457e-02,1.788702109453674943e-02,1.881321599369045749e-01,9.477217640568838530e-02
4.920000000000000000e+02,2.000000000000000000e+00,1.029955276769027768e-03,3.396759894545841457e-02,1.785094814294972687e-02,1.881321599369045749e-01,9.477217640568838530e-02
4.930000000000000000e+02,2.000000000000000000e+00,1.029955276769027768e-03,3.396759894545841457e-02,1.781502039298190135e-02,1.881321599369045749e-01,9.477217640568838530e-02
4.940000000000000000e+02,2.000000000000000000e+00,1.029955276769027768e-03,3.396759894545841457e-02,1.777923696970952483e-02,1.881321599369045749e-01,9.477217640568838530e-02
4.950000000000000000e+02,2.000000000000000000e+00,1.029955276769027768e-03,3.396759894545841457e-02,1.774359700522327998e-02,1.881321599369045749e-01,9.477217640568838530e-02
4.960000000000000000e+02,2.000000000000000000e+00,1.029955276769027768e-03,3.396759894545841457e-02,1.770809963855896757e-02,1.881321599369045749e-01,9.477217640568838530e-02
4.970000000000000000e+02,2.000000000000000000e+00,1.029955276769027768e-03,3.396759894545841457e-02,1.767274401562795097e-02,1.881321599369045749e-01,9.477217640568838530e-02
4.980000000000000000e+02,2.000000000000000000e+00,1.029955276769027768e-03,3.396759894545841457e-02,1.763752928914852705e-02,1.881321599369045749e-01,9.477217640568838530e-02
4.990000000000000000e+02,2.000000000000000000e+00,1.029955276769027768e-03,3.396759894545841457e-02,1.760245461857854257e-02,1.881321599369045749e-01,9.477217640568838530e-02
5.000000000000000000e+02,2.000000000000000000e+00,1.029955276769027768e-03,3.396759894545841457e-02,1.756751917004769833e-02,1.881321599369045749e-01,9.477217640568838530e-02
5.010000000000000000e+02,2.000000000000000000e+00,1.029955276769027768e-03,3.396759894545841457e-02,1.753272211629271563e-02,1.881321599369045749e-01,9.477217640568838530e-02
5.020000000000000000e+02,2.000000000000000000e+00,1.029955276769027768e-03,3.396759894545841457e-02,1.749806263659105590e-02,1.881321599369045749e-01,9.477217640568838530e-02
5.030000000000000000e+02,2.000000000000000000e+00,1.029955276769027768e-03,3.396759894545841457e-02,1.746353991669689562e-02,1.881321599369045749e-01,9.477217640568838530e-02
5.040000000000000000e+02,2.000000000000000000e+00,1.029955276769027768e-03,3.396759894545841457e-02,1.742915314877751046e-02,1.881321599369045749e-01,9.477217640568838530e-02
5.050000000000000000e+02,2.000000000000000000e+00,1.029955276769027768e-03,3.396759894545841457e-02,1.739490153134936809e-02,1.881321599369045749e-01,9.477217640568838530e-02
5.060000000000000000e+02,2.000000000000000000e+00,1.029955276769027768e-03,3.396759894545841457e-02,1.736078426921695492e-02,1.881321599369045749e-01,9.477217640568838530e-02
5.070000000000000000e+02,2.000000000000000000e+00,1.029955276769027768e-03,3.396759894545841457e-02,1.732680057341043703e-02,1.881321599369045749e-01,9.477217640568838530e-02
5.080000000000000000e+02,2.000000000000000000e+00,1.029955276769027768e-03,3.396759894545841457e-02,1.729294966112531959e-02,1.881321599369045749e-01,9.477217640568838530e-02
5.090000000000000000e+02,2.000000000000000000e+00,1.029955276769027768e-03,3.396759894545841457e-02,1.725923075566250173e-02,1.881321599369045749e-01,9.477217640568838530e-02
5.100000000000000000e+02,2.000000000000000000e+00,1.029955276769027768e-03,3.396759894545841457e-02,1.722564308636799144e-02,1.881321599369045749e-01,9.477217640568838530e-02
5.110000000000000000e+02,2.000000000000000000e+00,1.029955276769027768e-03,3.396759894545841457e-02,1.719218588857523641e-02,1.881321599369045749e-01,9.477217640568838530e-02
5.120000000000000000e+02,2.000000000000000000e+00,1.029955276769027768e-03,3.396759894545841457e-02,1.715885840354648695e-02,1.881321599369045749e-01,9.477217640568838530e-02
5.130000000000000000e+02,2.000000000000000000e+00,1.029955276769027768e-03,3.396759894545841457e-02,1.712565987841563331e-02,1.881321599369045749e-01,9.477217640568838530e-02
5.140000000000000000e+02,2.000000000000000000e+00,1.029955276769027768e-03,3.396759894545841457e-02,1.709258956613142130e-02,1.881321599369045749e-01,9.477217640568838530e-02
5.150000000000000000e+02,2.000000000000000000e+00,1.029955276769027768e-03,3.396759894545841457e-02,1.705964672540140684e-02,1.881321599369045749e-01,9.477217640568838530e-02
5.160000000000000000e+02,2.000000000000000000e+00,1.029955276769027768e-03,3.396759894545841457e-02,1.702683062063680905e-02,1.881321599369045749e-01,9.477217640568838530e-02
5.170000000000000000e+02,2.000000000000000000e+00,1.029955276769027768e-03,3.396759894545841457e-02,1.699414052189783184e-02,1.881321599369045749e-01,9.477217640568838530e-02
5.180000000000000000e+02,2.000000000000000000e+00,1.029955276769027768e-03,3.396759894545841457e-02,1.696157570483862800e-02,1.881321599369045749e-01,9.477217640568838530e-02
5.190000000000000000e+02,2.000000000000000000e+00,1.029955276769027768e-03,3.396759894545841457e-02,1.692913545065511186e-02,1.881321599369045749e-01,9.477217640568838530e-02
5.200000000000000000e+02,2.000000000000000000e+00,1.029955276769027768e-03,3.396759894545841457e-02,1.689681904603137011e-02,1.881321599369045749e-01,9.477217640568838530e-02
5.210000000000000000e+02,2.000000000000000000e+00,1.029955276769027768e-03,3.396759894545841457e-02,1.686462578308722468e-02,1.881321599369045749e-01,9.477217640568838530e-02
5.220000000000000000e+02,2.000000000000000000e+00,1.029955276769027768e-03,3.396759894545841457e-02,1.683255495932692650e-02,1.881321599369045749e-01,9.477217640568838530e-02
5.230000000000000000e+02,2.000000000000000000e+00,1.029955276769027768e-03,3.396759894545841457e-02,1.680060587758793259e-02,1.881321599369045749e-01,9.477217640568838530e-02
5.240000000000000000e+02,2.000000000000000000e+00,1.029955276769027768e-03,3.396759894545841457e-02,1.676877784599027990e-02,1.881321599369045749e-01,9.477217640568838530e-02
5.250000000000000000e+02,2.000000000000000000e+00,1.029955276769027768e-03,3.396759894545841457e-02,1.673707017788698612e-02,1.881321599369045749e-01,9.477217640568838530e-02
5.260000000000000000e+02,2.000000000000000000e+00,1.029955276769027768e-03,3.396759894545841457e-02,1.670548219181423530e-02,1.881321599369045749e-01,9.477217640568838530e-02
5.270000000000000000e+02,2.000000000000000000e+00,1.029955276769027768e-03,3.396759894545841457e-02,1.667401321144298953e-02,1.881321599369045749e-01,9.477217640568838530e-02
5.280000000000000000e+02,2.000000000000000000e+00,1.029955276769027768e-03,3.396759894545841457e-02,1.664266256552995524e-02,1.881321599369045749e-01,9.477217640568838530e-02
5.290000000000000000e+02,2.000000000000000000e+00,1.029955276769027768e-03,3.396759894545841457e-02,1.661142958787123827e-02,1.881321599369045749e-01,9.477217640568838530e-02
5.300000000000000000e+02,2.000000000000000000e+00,1.029955276769027768e-03,3.396759894545841457e-02,1.658031361725373007e-02,1.881321599369045749e-01,9.477217640568838530e-02
5.310000000000000000e+02,2.000000000000000000e+00,1.029955276769027768e-03,3.396759894545841457e-02,1.654931399740897091e-02,1.881321599369045749e-01,9.477217640568838530e-02
5.320000000000000000e+02,2.000000000000000000e+00,1.029955276769027768e-03,3.396759894545841457e-02,1.651843007696746773e-02,1.881321599369045749e-01,9.477217640568838530e-02
5.330000000000000000e+02,2.000000000000000000e+00,1.029955276769027768e-03,3.396759894545841457e-02,1.648766120941259211e-02,1.881321599369045749e-01,9.477217640568838530e-02
5.340000000000000000e+02,2.000000000000000000e+00,1.029955276769027768e-03,3.396759894545841457e-02,1.645700675303525887e-02,1.881321599369045749e-01,9.477217640568838530e-02
5.350000000000000000e+02,2.000000000000000000e+00,1.029955276769027768e-03,3.396759894545841457e-02,1.642646607089020064e-02,1.881321599369045749e-01,9.477217640568838530e-02
5.360000000000000000e+02,2.000000000000000000e+00,1.029955276769027768e-03,3.396759894545841457e-02,1.639603853075070547e-02,1.881321599369045749e-01,9.477217640568838530e-02
5.370000000000000000e+02,2.000000000000000000e+00,1.029955276769027768e-03,3.396759894545841457e-02,1.636572350506585935e-02,1.881321599369045749e-01,9.477217640568838530e-02
5.380000000000000000e+02,2.000000000000000000e+00,1.029955276769027768e-03,3.396759894545841457e-02,1.633552037091691791e-02,1.881321599369045749e-01,9.477217640568838530e-02
5.390000000000000000e+02,2.000000000000000000e+00,1.029955276769027768e-03,3.396759894545841457e-02,1.630542850997540247e-02,1.881321599369045749e-01,9.477217640568838530e-02
5.400000000000000000e+02,2.000000000000000000e+00,1.029955276769027768e-03,3.396759894545841457e-02,1.627544730845952373e-02,1.881321599369045749e-01,9.477217640568838530e-02
5.410000000000000000e+02,2.000000000000000000e+00,1.029955276769027768e-03,3.396759894545841457e-02,1.624557615709381828e-02,1.881321599369045749e-01,9.477217640568838530e-02
5.420000000000000000e+02,2.000000000000000000e+00,1.029955276769027768e-03,3.396759894545841457e-02,1.621581445106743194e-02,1.881321599369045749e-01,9.477217640568838530e-02
5.430000000000000000e+02,2.000000000000000000e+00,1.029955276769027768e-03,3.396759894545841457e-02,1.618616158999254193e-02,1.881321599369045749e-01,9.477217640568838530e-02
5.440000000000000000e+02,2.000000000000000000e+00,1.029955276769027768e-03,3.396759894545841457e-02,1.615661697786548168e-02,1.881321599369045749e-01,9.477217640568838530e-02
5.450000000000000000e+02,2.000000000000000000e+00,1.029955276769027768e-03,3.396759894545841457e-02,1.612718002302537465e-02,1.881321599369045749e-01,9.477217640568838530e-02
5.460000000000000000e+02,2.000000000000000000e+00,1.029955276769027768e-03,3.396759894545841457e-02,1.609785013811561652e-02,1.881321599369045749e-01,9.477217640568838530e-02
5.470000000000000000e+02,2.000000000000000000e+00,1.029955276769027768e-03,3.396759894545841457e-02,1.606862674004404246e-02,1.881321599369045749e-01,9.477217640568838530e-02
5.480000000000000000e+02,2.000000000000000000e+00,1.029955276769027768e-03,3.396759894545841457e-02,1.603950924994506505e-02,1.881321599369045749e-01,9.477217640568838530e-02
5.490000000000000000e+02,2.000000000000000000e+00,1.029955276769027768e-03,3.396759894545841457e-02,1.601049709314104202e-02,1.881321599369045749e-01,9.477217640568838530e-02
5.500000000000000000e+02,2.000000000000000000e+00,1.029955276769027768e-03,3.396759894545841457e-02,1.598158969910437599e-02,1.881321599369045749e-01,9.477217640568838530e-02
5.510000000000000000e+02,2.000000000000000000e+00,1.029955276769027768e-03,3.396759894545841457e-02,1.595278650142003055e-02,1.881321599369045749e-01,9.477217640568838530e-02
5.520000000000000000e+02,2.000000000000000000e+00,1.029955276769027768e-03,3.396759894545841457e-02,1.592408693774955905e-02,1.881321599369045749e-01,9.477217640568838530e-02
5.530000000000000000e+02,2.000000000000000000e+00,1.029955276769027768e-03,3.396759894545841457e-02,1.589549044979260070e-02,1.881321599369045749e-01,9.477217640568838530e-02
5.540000000000000000e+02,2.000000000000000000e+00,1.029955276769027768e-03,3.396759894545841457e-02,1.586699648325266832e-02,1.881321599369045749e-01,9.477217640568838530e-02
5.550000000000000000e+02,2.000000000000000000e+00,1.029955276769027768e-03,3.396759894545841457e-02,1.583860448780026117e-02,1.881321599369045749e-01,9.477217640568838530e-02
5.560000000000000000e+02,2.000000000000000000e+00,1.029955276769027768e-03,2.959763815910192858e-02,1.581031391703709502e-02,1.881321599369045749e-01,9.477217640568838530e-02
5.570000000000000000e+02,2.000000000000000000e+00,1.029955276769027768e-03,2.959763815910192858e-02,1.578212422846239291e-02,1.881321599369045749e-01,9.477217640568838530e-02
5.580000000000000000e+02,2.000000000000000000e+00,1.029955276769027768e-03,2.959763815910192858e-02,1.575403488343692440e-02,1.881321599369045749e-01,9.477217640568838530e-02
5.590000000000000000e+02,2.000000000000000000e+00,1.029955276769027768e-03,2.959763815910192858e-02,1.572604534714928601e-02,1.881321599369045749e-01,9.477217640568838530e-02
5.600000000000000000e+02,2.000000000000000000e+00,1.029955276769027768e-03,2.959763815910192858e-02,1.569815508858201161e-02,1.881321599369045749e-01,9.477217640568838530e-02
5.610000000000000000e+02,2.000000000000000000e+00,1.029955276769027768e-03,2.959763815910192858e-02,1.567036358047730824e-02,1.881321599369045749e-01,9.477217640568838530e-02
5.620000000000000000e+02,2.000000000000000000e+00,1.029955276769027768e-03,2.959763815910192858e-02,1.564267029930510935e-02,1.881321599369045749e-01,9.477217640568838530e-02
5.630000000000000000e+02,2.000000000000000000e+00,1.029955276769027768e-03,2.959763815910192858e-02,1.561507472522885229e-02,1.881321599369045749e-01,9.477217640568838530e-02
5.640000000000000000e+02,2.000000000000000000e+00,1.029955276769027768e-03,2.959763815910192858e-02,1.558757634207416642e-02,1.881321599369045749e-01,9.477217640568838530e-02
5.650000000000000000e+02,2.000000000000000000e+00,1.029955276769027768e-03,2.959763815910192858e-02,1.556017463729526124e-02,1.881321599369045749e-01,9.477217640568838530e-02
5.660000000000000000e+02,2.000000000000000000e+00,1.029955276769027768e-03,2.959763815910192858e-02,1.553286910194459115e-02,1.881321599369045749e-01,9.477217640568838530e-02
5.670000000000000000e+02,2.000000000000000000e+00,1.029955276769027768e-03,2.959763815910192858e-02,1.550565923064064003e-02,1.881321599369045749e-01,9.477217640568838530e-02
5.680000000000000000e+02,2.000000000000000000e+00,1.029955276769027768e-03,2.959763815910192858e-02,1.547854452153615314e-02,1.881321599369045749e-01,9.477217640568838530e-02
5.690000000000000000e+02,2.000000000000000000e+00,1.029955276769027768e-03,2.959763815910192858e-02,1.545152447628850810e-02,1.881321599369045749e-01,9.477217640568838530e-02
5.700000000000000000e+02,2.000000000000000000e+00,1.029955276769027768e-03,2.959763815910192858e-02,1.542459860002843262e-02,1.881321599369045749e-01,9.477217640568838530e-02
5.710000000000000000e+02,2.000000000000000000e+00,1.029955276769027768e-03,2.959763815910192858e-02,1.539776640132978387e-02,1.881321599369045749e-01,9.477217640568838530e-02
5.720000000000000000e+02,2.000000000000000000e+00,1.029955276769027768e-03,2.959763815910192858e-02,1.537102739217995929e-02,1.881321599369045749e-01,9.477217640568838530e-02
5.730000000000000000e+02,2.000000000000000000e+00,1.029955276769027768e-03,2.959763815910192858e-02,1.534438108795012183e-02,1.881321599369045749e-01,9.477217640568838530e-02
5.740000000000000000e+02,2.000000000000000000e+00,1.029955276769027768e-03,2.959763815910192858e-02,1.531782700736590737e-02,1.881321599369045749e-01,9.477217640568838530e-02
5.750000000000000000e+02,2.000000000000000000e+00,1.029955276769027768e-03,2.959763815910192858e-02,1.529136467247842884e-02,1.881321599369045749e-01,9.477217640568838530e-02
5.760000000000000000e+02,2.000000000000000000e+00,1.029955276769027768e-03,2.959763815910192858e-02,1.526499360863590830e-02,1.881321599369045749e-01,9.477217640568838530e-02
5.770000000000000000e+02,2.000000000000000000e+00,1.029955276769027768e-03,2.959763815910192858e-02,1.523871334445498459e-02,1.881321599369045749e-01,9.477217640568838530e-02
5.780000000000000000e+02,2.000000000000000000e+00,1.029955276769027768e-03,2.959763815910192858e-02,1.521252341179256916e-02,1.881321599369045749e-01,9.477217640568838530e-02
5.790000000000000000e+02,2.000000000000000000e+00,1.029955276769027768e-03,2.959763815910192858e-02,1.518642334571839586e-02,1.881321599369045749e-01,9.477217640568838530e-02
5.800000000000000000e+02,2.000000000000000000e+00,1.029955276769027768e-03,2.959763815910192858e-02,1.516041268448717165e-02,1.881321599369045749e-01,9.477217640568838530e-02
5.810000000000000000e+02,2.000000000000000000e+00,1.029955276769027768e-03,2.959763815910192858e-02,1.513449096951150798e-02,1.881321599369045749e-01,9.477217640568838530e-02
5.820000000000000000e+02,2.000000000000000000e+00,1.029955276769027768e-03,2.959763815910192858e-02,1.510865774533492155e-02,1.881321599369045749e-01,9.477217640568838530e-02
5.830000000000000000e+02,2.000000000000000000e+00,1.029955276769027768e-03,2.959763815910192858e-02,1.508291255960523235e-02,1.881321599369045749e-01,9.477217640568838530e-02
5.840000000000000000e+02,2.000000000000000000e+00,1.029955276769027768e-03,2.959763815910192858e-02,1.505725496304811777e-02,1.881321599369045749e-01,9.477217640568838530e-02
5.850000000000000000e+02,2.000000000000000000e+00,1.029955276769027768e-03,2.959763815910192858e-02,1.503168450944111605e-02,1.881321599369045749e-01,9.477217640568838530e-02
5.860000000000000000e+02,2.000000000000000000e+00,1.029955276769027768e-03,2.959763815910192858e-02,1.500620075558732613e-02,1.881321599369045749e-01,9.477217640568838530e-02
5.870000000000000000e+02,2.000000000000000000e+00,1.029955276769027768e-03,2.959763815910192858e-02,1.498080326129024899e-02,1.881321599369045749e-01,9.477217640568838530e-02
5.880000000000000000e+02,2.000000000000000000e+00,1.029955276769027768e-03,2.959763815910192858e-02,1.495549158932848142e-02,1.881321599369045749e-01,9.477217640568838530e-02
5.890000000000000000e+02,2.000000000000000000e+00,1.029955276769027768e-03,2.959763815910192858e-02,1.493026530542994681e-02,1.881321599369045749e-01,9.477217640568838530e-02
5.900000000000000000e+02,2.000000000000000000e+00,1.029955276769027768e-03,2.959763815910192858e-02,1.490512397824792466e-02,1.881321599369045749e-01,9.477217640568838530e-02
5.910000000000000000e+02,2.000000000000000000e+00,1.029955276769027768e-03,2.959763815910192858e-02,1.488006717933610182e-02,1.881321599369045749e-01,9.477217640568838530e-02
5.920000000000000000e+02,2.000000000000000000e+00,1.029955276769027768e-03,2.959763815910192858e-02,1.485509448312431063e-02,1.881321599369045749e-01,9.477217640568838530e-02
5.930000000000000000e+02,2.000000000000000000e+00,1.029955276769027768e-03,2.959763815910192858e-02,1.483020546689370681e-02,1.881321599369045749e-01,9.477217640568838530e-02
5.940000000000000000e+02,2.000000000000000000e+00,1.029955276769027768e-03,2.959763815910192858e-02,1.480539971075449553e-02,1.881321599369045749e-01,9.477217640568838530e-02
5.950000000000000000e+02,2.000000000000000000e+00,1.029955276769027768e-03,2.959763815910192858e-02,1.478067679762079013e-02,1.881321599369045749e-01,9.477217640568838530e-02
5.960000000000000000e+02,2.000000000000000000e+00,1.029955276769027768e-03,2.959763815910192858e-02,1.475603631318813704e-02,1.881321599369045749e-01,9.477217640568838530e-02
5.970000000000000000e+02,2.000000000000000000e+00,1.029955276769027768e-03,2.959763815910192858e-02,1.473147784590965632e-02,1.881321599369045749e-01,9.477217640568838530e-02
5.980000000000000000e+02,2.000000000000000000e+00,1.029955276769027768e-03,2.959763815910192858e-02,1.470700098697388242e-02,1.881321599369045749e-01,9.477217640568838530e-02
5.990000000000000000e+02,2.000000000000000000e+00,1.029955276769027768e-03,2.959763815910192858e-02,1.468260533028174254e-02,1.881321599369045749e-01,9.477217640568838530e-02
6.000000000000000000e+02,2.000000000000000000e+00,1.029955276769027768e-03,2.959763815910192858e-02,1.465829047242411289e-02,1.881321599369045749e-01,9.477217640568838530e-02
6.010000000000000000e+02,2.000000000000000000e+00,1.029955276769027768e-03,2.959763815910192858e-02,1.463405601265930882e-02,1.881321599369045749e-01,9.477217640568838530e-02
6.020000000000000000e+02,2.000000000000000000e+00,1.029955276769027768e-03,2.959763815910192858e-02,1.460990155289186056e-02,1.881321599369045749e-01,9.477217640568838530e-02
6.030000000000000000e+02,2.000000000000000000e+00,1.029955276769027768e-03,2.959763815910192858e-02,1.458582669764947430e-02,1.881321599369045749e-01,9.477217640568838530e-02
6.040000000000000000e+02,2.000000000000000000e+00,1.029955276769027768e-03,2.959763815910192858e-02,1.456183105406281750e-02,1.881321599369045749e-01,9.477217640568838530e-02
6.050000000000000000e+02,2.000000000000000000e+00,1.029955276769027768e-03,2.959763815910192858e-02,1.453791423184312530e-02,1.881321599369045749e-01,9.477217640568838530e-02
6.060000000000000000e+02,2.000000000000000000e+00,1.029955276769027768e-03,2.959763815910192858e-02,1.451407584326143245e-02,1.881321599369045749e-01,9.477217640568838530e-02
6.070000000000000000e+02,2.000000000000000000e+00,1.029955276769027768e-03,2.959763815910192858e-02,1.449031550312782253e-02,1.881321599369045749e-01,9.477217640568838530e-02
6.080000000000000000e+02,2.000000000000000000e+00,1.029955276769027768e-03,2.959763815910192858e-02,1.446663282877040137e-02,1.881321599369045749e-01,9.477217640568838530e-02
6.090000000000000000e+02,2.000000000000000000e+00,1.029955276769027768e-03,2.959763815910192858e-02,1.444302744001458791e-02,1.881321599369045749e-01,9.477217640568838530e-02
6.100000000000000000e+02,2.000000000000000000e+00,1.029955276769027768e-03,2.959763815910192858e-02,1.441949895916315449e-02,1.881321599369045749e-01,9.477217640568838530e-02
6.110000000000000000e+02,2.000000000000000000e+00,1.029955276769027768e-03,2.959763815910192858e-02,1.439604701097597222e-02,1.881321599369045749e-01,9.477217640568838530e-02
6.120000000000000000e+02,2.000000000000000000e+00,1.029955276769027768e-03,2.959763815910192858e-02,1.437267122265007899e-02,1.881321599369045749e-01,9.477217640568838530e-02
6.130000000000000000e+02,2.000000000000000000e+00,1.029955276769027768e-03,2.959763815910192858e-02,1.434937122379979432e-02,1.881321599369045749e-01,9.477217640568838530e-02
6.140000000000000000e+02,2.000000000000000000e+00,1.029955276769027768e-03,2.959763815910192858e-02,1.432614664643691756e-02,1.881321599369045749e-01,9.477217640568838530e-02
6.150000000000000000e+02,2.000000000000000000e+00,1.029955276769027768e-03,2.959763815910192858e-02,1.430299712495215758e-02,1.881321599369045749e-01,9.477217640568838530e-02
6.160000000000000000e+02,2.000000000000000000e+00,1.029955276769027768e-03,2.959763815910192858e-02,1.427992229609521650e-02,1.881321599369045749e-01,9.477217640568838530e-02
6.170000000000000000e+02,2.000000000000000000e+00,1.029955276769027768e-03,2.959763815910192858e-02,1.425692179895630789e-02,1.881321599369045749e-01,9.477217640568838530e-02
6.180000000000000000e+02,2.000000000000000000e+00,1.029955276769027768e-03,2.959763815910192858e-02,1.423399527494639653e-02,1.881321599369045749e-01,9.477217640568838530e-02
6.190000000000000000e+02,2.000000000000000000e+00,1.029955276769027768e-03,2.959763815910192858e-02,1.421114236777994318e-02,1.881321599369045749e-01,9.477217640568838530e-02
6.200000000000000000e+02,2.000000000000000000e+00,1.029955276769027768e-03,2.959763815910192858e-02,1.418836272345566814e-02,1.881321599369045749e-01,9.477217640568838530e-02
6.210000000000000000e+02,2.000000000000000000e+00,1.029955276769027768e-03,2.959763815910192858e-02,1.416565599023765672e-02,1.881321599369045749e-01,9.477217640568838530e-02
6.220000000000000000e+02,2.000000000000000000e+00,1.029955276769027768e-03,2.959763815910192858e-02,1.414302181863894524e-02,1.881321599369045749e-01,9.477217640568838530e-02
6.230000000000000000e+02,2.000000000000000000e+00,1.029955276769027768e-03,2.959763815910192858e-02,1.412045986140170011e-02,1.881321599369045749e-01,9.477217640568838530e-02
6.240000000000000000e+02,2.000000000000000000e+00,1.029955276769027768e-03,2.959763815910192858e-02,1.409796977348095649e-02,1.881321599369045749e-01,9.477217640568838530e-02
6.250000000000000000e+02,2.000000000000000000e+00,1.029955276769027768e-03,2.959763815910192858e-02,1.407555121202611753e-02,1.881321599369045749e-01,9.477217640568838530e-02
6.260000000000000000e+02,2.000000000000000000e+00,1.029955276769027768e-03,2.959763815910192858e-02,1.405320383636408238e-02,1.881321599369045749e-01,9.477217640568838530e-02
6.270000000000000000e+02,2.000000000000000000e+00,1.029955276769027768e-03,2.959763815910192858e-02,1.403092730798153817e-02,1.881321599369045749e-01,9.477217640568838530e-02
6.280000000000000000e+02,2.000000000000000000e+00,1.029955276769027768e-03,2.959763815910192858e-02,1.400872129050793023e-02,1.881321599369045749e-01,9.477217640568838530e-02
6.290000000000000000e+02,2.000000000000000000e+00,1.029955276769027768e-03,2.959763815910192858e-02,1.398658544969924415e-02,1.881321599369045749e-01,9.477217640568838530e-02
6.300000000000000000e+02,2.000000000000000000e+00,1.029955276769027768e-03,2.959763815910192858e-02,1.396451945342001844e-02,1.881321599369045749e-01,9.477217640568838530e-02
6.310000000000000000e+02,2.000000000000000000e+00,1.029955276769027768e-03,2.959763815910192858e-02,1.394252297162785689e-02,1.881321599369045749e-01,9.477217640568838530e-02
6.320000000000000000e+02,2.000000000000000000e+00,1.029955276769027768e-03,2.959763815910192858e-02,1.392059567635631732e-02,1.881321599369045749e-01,9.477217640568838530e-02
6.330000000000000000e+02,2.000000000000000000e+00,1.029955276769027768e-03,2.959763815910192858e-02,1.389873724169875778e-02,1.881321599369045749e-01,9.477217640568838530e-02
6.340000000000000000e+02,2.000000000000000000e+00,1.029955276769027768e-03,2.959763815910192858e-02,1.387694734379244822e-02,1.881321599369045749e-01,9.477217640568838530e-02
6.350000000000000000e+02,2.000000000000000000e+00,1.029955276769027768e-03,2.959763815910192858e-02,1.385522566080217045e-02,1.881321599369045749e-01,9.477217640568838530e-02
6.360000000000000000e+02,2.000000000000000000e+00,1.029955276769027768e-03,2.959763815910192858e-02,1.383357187290438529e-02,1.881321599369045749e-01,9.477217640568838530e-02
6.370000000000000000e+02,2.000000000000000000e+00,1.029955276769027768e-03,2.959763815910192858e-02,1.381198566227229835e-02,1.881321599369045749e-01,9.477217640568838530e-02
6.380000000000000000e+02,2.000000000000000000e+00,1.029955276769027768e-03,2.959763815910192858e-02,1.379046671305905573e-02,1.881321599369045749e-01,9.477217640568838530e-02
6.390000000000000000e+02,2.000000000000000000e+00,1.029955276769027768e-03,2.959763815910192858e-02,1.376901471138354538e-02,1.881321599369045749e-01,9.477217640568838530e-02
6.400000000000000000e+02,2.000000000000000000e+00,1.029955276769027768e-03,2.959763815910192858e-02,1.374762934531423113e-02,1.881321599369045749e-01,9.477217640568838530e-02
6.410000000000000000e+02,2.000000000000000000e+00,1.029955276769027768e-03,2.579464148538289023e-02,1.372631030485475627e-02,1.881321599369045749e-01,9.477217640568838530e-02
6.420000000000000000e+02,2.000000000000000000e+00,1.029955276769027768e-03,2.579464148538289023e-02,1.370505728192836919e-02,1.881321599369045749e-01,9.477217640568838530e-02
6.430000000000000000e+02,2.000000000000000000e+00,1.029955276769027768e-03,2.579464148538289023e-02,1.368386997036317478e-02,1.881321599369045749e-01,9.477217640568838530e-02
6.440000000000000000e+02,2.000000000000000000e+00,1.029955276769027768e-03,2.579464148538289023e-02,1.366274806587799116e-02,1.881321599369045749e-01,9.477217640568838530e-02
6.450000000000000000e+02,2.000000000000000000e+00,1.029955276769027768e-03,2.579464148538289023e-02,1.364169126606732362e-02,1.881321599369045749e-01,9.477217640568838530e-02
6.460000000000000000e+02,2.000000000000000000e+00,1.029955276769027768e-03,2.579464148538289023e-02,1.362069927038658292e-02,1.881321599369045749e-01,9.477217640568838530e-02
6.470000000000000000e+02,2.000000000000000000e+00,1.029955276769027768e-03,2.579464148538289023e-02,1.359977178013863260e-02,1.881321599369045749e-01,9.477217640568838530e-02
6.480000000000000000e+02,2.000000000000000000e+00,1.029955276769027768e-03,2.579464148538289023e-02,1.357890849845904378e-02,1.881321599369045749e-01,9.477217640568838530e-02
6.490000000000000000e+02,2.000000000000000000e+00,1.029955276769027768e-03,2.579464148538289023e-02,1.355810913030201618e-02,1.881321599369045749e-01,9.477217640568838530e-02
6.500000000000000000e+02,2.000000000000000000e+00,1.029955276769027768e-03,2.579464148538289023e-02,1.353737338242696174e-02,1.881321599369045749e-01,9.477217640568838530e-02
6.510000000000000000e+02,2.000000000000000000e+00,1.029955276769027768e-03,2.579464148538289023e-02,1.351670096338421050e-02,1.881321599369045749e-01,9.477217640568838530e-02
6.520000000000000000e+02,2.000000000000000000e+00,1.029955276769027768e-03,2.579464148538289023e-02,1.349609158350174344e-02,1.881321599369045749e-01,9.477217640568838530e-02
6.530000000000000000e+02,2.000000000000000000e+00,1.029955276769027768e-03,2.579464148538289023e-02,1.347554495487138758e-02,1.881321599369045749e-01,9.477217640568838530e-02
6.540000000000000000e+02,2.000000000000000000e+00,1.029955276769027768e-03,2.579464148538289023e-02,1.345506079133521223e-02,1.881321599369045749e-01,9.477217640568838530e-02
6.550000000000000000e+02,2.000000000000000000e+00,1.029955276769027768e-03,2.579464148538289023e-02,1.343463880847308410e-02,1.881321599369045749e-01,9.477217640568838530e-02
6.560000000000000000e+02,2.000000000000000000e+00,1.029955276769027768e-03,2.579464148538289023e-02,1.341427872358850852e-02,1.881321599369045749e-01,9.477217640568838530e-02
6.570000000000000000e+02,2.000000000000000000e+00,1.029955276769027768e-03,2.579464148538289023e-02,1.339398025569624867e-02,1.881321599369045749e-01,9.477217640568838530e-02
6.580000000000000000e+02,2.000000000000000000e+00,1.029955276769027768e-03,2.579464148538289023e-02,1.337374312550920590e-02,1.881321599369045749e-01,9.477217640568838530e-02
6.590000000000000000e+02,2.000000000000000000e+00,1.029955276769027768e-03,2.579464148538289023e-02,1.335356705542551682e-02,1.881321599369045749e-01,9.477217640568838530e-02
6.600000000000000000e+02,2.000000000000000000e+00,1.029955276769027768e-03,2.579464148538289023e-02,1.333345176951578580e-02,1.881321599369045749e-01,9.477217640568838530e-02
6.610000000000000000e+02,2.000000000000000000e+00,1.029955276769027768e-03,2.579464148538289023e-02,1.331339699351105112e-02,1.881321599369045749e-01,9.477217640568838530e-02
6.620000000000000000e+02,2.000000000000000000e+00,1.029955276769027768e-03,2.579464148538289023e-02,1.329340245478948142e-02,1.881321599369045749e-01,9.477217640568838530e-02
6.630000000000000000e+02,2.000000000000000000e+00,1.029955276769027768e-03,2.579464148538289023e-02,1.327346788236486753e-02,1.881321599369045749e-01,9.477217640568838530e-02
6.640000000000000000e+02,2.000000000000000000e+00,1.029955276769027768e-03,2.579464148538289023e-02,1.325359300687352186e-02,1.881321599369045749e-01,9.477217640568838530e-02
6.650000000000000000e+02,2.000000000000000000e+00,1.029955276769027768e-03,2.579464148538289023e-02,1.323377756056319521e-02,1.881321599369045749e-01,9.477217640568838530e-02
6.660000000000000000e+02,2.000000000000000000e+00,1.029955276769027768e-03,2.579464148538289023e-02,1.321402127727971422e-02,1.881321599369045749e-01,9.477217640568838530e-02
6.670000000000000000e+02,2.000000000000000000e+00,1.029955276769027768e-03,2.579464148538289023e-02,1.319432389245655222e-02,1.881321599369045749e-01,9.477217640568838530e-02
6.680000000000000000e+02,2.000000000000000000e+00,1.029955276769027768e-03,2.579464148538289023e-02,1.317468514310186044e-02,1.881321599369045749e-01,9.477217640568838530e-02
6.690000000000000000e+02,2.000000000000000000e+00,1.029955276769027768e-03,2.579464148538289023e-02,1.315510476778731022e-02,1.881321599369045749e-01,9.477217640568838530e-02
6.700000000000000000e+02,2.000000000000000000e+00,1.029955276769027768e-03,2.579464148538289023e-02,1.313558250663613737e-02,1.881321599369045749e-01,9.477217640568838530e-02
6.710000000000000000e+02,2.000000000000000000e+00,1.029955276769027768e-03,2.579464148538289023e-02,1.311611810131232264e-02,1.881321599369045749e-01,9.477217640568838530e-02
6.720000000000000000e+02,2.000000000000000000e+00,1.029955276769027768e-03,2.579464148538289023e-02,1.309671129500837757e-02,1.881321599369045749e-01,9.477217640568838530e-02
6.730000000000000000e+02,2.000000000000000000e+00,1.029955276769027768e-03,2.579464148538289023e-02,1.307736183243443998e-02,1.881321599369045749e-01,9.477217640568838530e-02
6.740000000000000000e+02,2.000000000000000000e+00,1.029955276769027768e-03,2.579464148538289023e-02,1.305806945980729321e-02,1.881321599369045749e-01,9.477217640568838530e-02
6.750000000000000000e+02,2.000000000000000000e+00,1.029955276769027768e-03,2.579464148538289023e-02,1.303883392483897417e-02,1.881321599369045749e-01,9.477217640568838530e-02
6.760000000000000000e+02,2.000000000000000000e+00,1.029955276769027768e-03,2.579464148538289023e-02,1.301965497672561388e-02,1.881321599369045749e-01,9.477217640568838530e-02
6.770000000000000000e+02,2.000000000000000000e+00,1.029955276769027768e-03,2.579464148538289023e-02,1.300053236613702042e-02,1.881321599369045749e-01,9.477217640568838530e-02
6.780000000000000000e+02,2.000000000000000000e+00,1.029955276769027768e-03,2.579464148538289023e-02,1.298146584520543621e-02,1.881321599369045749e-01,9.477217640568838530e-02
6.790000000000000000e+02,2.000000000000000000e+00,1.029955276769027768e-03,2.579464148538289023e-02,1.296245516751528583e-02,1.881321599369045749e-01,9.477217640568838530e-02
6.800000000000000000e+02,2.000000000000000000e+00,1.029955276769027768e-03,2.579464148538289023e-02,1.294350008809198871e-02,1.881321599369045749e-01,9.477217640568838530e-02
6.810000000000000000e+02,2.000000000000000000e+00,1.029955276769027768e-03,2.579464148538289023e-02,1.292460036339171219e-02,1.881321599369045749e-01,9.477217640568838530e-02
6.820000000000000000e+02,2.000000000000000000e+00,1.029955276769027768e-03,2.579464148538289023e-02,1.290575575129146620e-02,1.881321599369045749e-01,9.477217640568838530e-02
6.830000000000000000e+02,2.000000000000000000e+00,1.029955276769027768e-03,2.579464148538289023e-02,1.288696601107751881e-02,1.881321599369045749e-01,9.477217640568838530e-02
6.840000000000000000e+02,2.000000000000000000e+00,1.029955276769027768e-03,2.579464148538289023e-02,1.286823090343657688e-02,1.881321599369045749e-01,9.477217640568838530e-02
6.850000000000000000e+02,2.000000000000000000e+00,1.029955276769027768e-03,2.579464148538289023e-02,1.284955019044437506e-02,1.881321599369045749e-01,9.477217640568838530e-02
6.860000000000000000e+02,2.000000000000000000e+00,1.029955276769027768e-03,2.579464148538289023e-02,1.283092363555673673e-02,1.881321599369045749e-01,9.477217640568838530e-02
6.870000000000000000e+02,2.000000000000000000e+00,1.029955276769027768e-03,2.579464148538289023e-02,1.281235100359847182e-02,1.881321599369045749e-01,9.477217640568838530e-02
6.880000000000000000e+02,2.000000000000000000e+00,1.029955276769027768e-03,2.579464148538289023e-02,1.279383206075438220e-02,1.881321599369045749e-01,9.477217640568838530e-02
6.890000000000000000e+02,2.000000000000000000e+00,1.029955276769027768e-03,2.579464148538289023e-02,1.277536657455915527e-02,1.881321599369045749e-01,9.477217640568838530e-02
6.900000000000000000e+02,2.000000000000000000e+00,1.029955276769027768e-03,2.579464148538289023e-02,1.275695431388722094e-02,1.881321599369045749e-01,9.477217640568838530e-02
6.910000000000000000e+02,2.000000000000000000e+00,1.029955276769027768e-03,2.579464148538289023e-02,1.273859504894371726e-02,1.881321599369045749e-01,9.477217640568838530e-02
6.920000000000000000e+02,2.000000000000000000e+00,1.029955276769027768e-03,2.579464148538289023e-02,1.272028855125464757e-02,1.881321599369045749e-01,9.477217640568838530e-02
6.930000000000000000e+02,2.000000000000000000e+00,1.029955276769027768e-03,2.579464148538289023e-02,1.270203459365760144e-02,1.881321599369045749e-01,9.477217640568838530e-02
6.940000000000000000e+02,2.000000000000000000e+00,1.029955276769027768e-03,2.579464148538289023e-02,1.268383295029188763e-02,1.881321599369045749e-01,9.477217640568838530e-02
6.950000000000000000e+02,2.000000000000000000e+00,1.029955276769027768e-03,2.579464148538289023e-02,1.266568339658959326e-02,1.881321599369045749e-01,9.477217640568838530e-02
6.960000000000000000e+02,2.000000000000000000e+00,1.029955276769027768e-03,2.579464148538289023e-02,1.264758570926645224e-02,1.881321599369045749e-01,9.477217640568838530e-02
6.970000000000000000e+02,2.000000000000000000e+00,1.029955276769027768e-03,2.579464148538289023e-02,1.262953966631262352e-02,1.881321599369045749e-01,9.477217640568838530e-02
6.980000000000000000e+02,2.000000000000000000e+00,1.029955276769027768e-03,2.579464148538289023e-02,1.261154504698301475e-02,1.881321599369045749e-01,9.477217640568838530e-02
6.990000000000000000e+02,2.000000000000000000e+00,1.029955276769027768e-03,2.579464148538289023e-02,1.259360163178933206e-02,1.881321599369045749e-01,9.477217640568838530e-02
7.000000000000000000e+02,2.000000000000000000e+00,1.029955276769027768e-03,2.579464148538289023e-02,1.257570920249016962e-02,1.881321599369045749e-01,9.477217640568838530e-02
7.010000000000000000e+02,2.000000000000000000e+00,1.029955276769027768e-03,2.579464148538289023e-02,1.255786754208276790e-02,1.881321599369045749e-01,9.477217640568838530e-02
7.020000000000000000e+02,2.000000000000000000e+00,1.029955276769027768e-03,2.579464148538289023e-02,1.254007643479423777e-02,1.881321599369045749e-01,9.477217640568838530e-02
7.030000000000000000e+02,2.000000000000000000e+00,1.029955276769027768e-03,2.579464148538289023e-02,1.252233566607249306e-02,1.881321599369045749e-01,9.477217640568838530e-02
7.040000000000000000e+02,2.000000000000000000e+00,1.029955276769027768e-03,2.579464148538289023e-02,1.250464502257775216e-02,1.881321599369045749e-01,9.477217640568838530e-02
7.050000000000000000e+02,2.000000000000000000e+00,1.029955276769027768e-03,2.579464148538289023e-02,1.248700429217435189e-02,1.881321599369045749e-01,9.477217640568838530e-02
7.060000000000000000e+02,2.000000000000000000e+00,1.029955276769027768e-03,2.579464148538289023e-02,1.246941326392150828e-02,1.881321599369045749e-01,9.477217640568838530e-02
7.070000000000000000e+02,2.000000000000000000e+00,1.029955276769027768e-03,2.579464148538289023e-02,1.245187172806600483e-02,1.881321599369045749e-01,9.477217640568838530e-02
7.080000000000000000e+02,2.000000000000000000e+00,1.029955276769027768e-03,2.579464148538289023e-02,1.243437947603254733e-02,1.881321599369045749e-01,9.477217640568838530e-02
7.090000000000000000e+02,2.000000000000000000e+00,1.029955276769027768e-03,2.579464148538289023e-02,1.241693630041683198e-02,1.881321599369045749e-01,9.477217640568838530e-02
7.100000000000000000e+02,2.000000000000000000e+00,1.029955276769027768e-03,2.579464148538289023e-02,1.239954199497608246e-02,1.881321599369045749e-01,9.477217640568838530e-02
7.110000000000000000e+02,2.000000000000000000e+00,1.029955276769027768e-03,2.579464148538289023e-02,1.238219635462194969e-02,1.881321599369045749e-01,9.477217640568838530e-02
7.120000000000000000e+02,2.000000000000000000e+00,1.029955276769027768e-03,2.579464148538289023e-02,1.236489917541204291e-02,1.881321599369045749e-01,9.477217640568838530e-02
7.130000000000000000e+02,2.000000000000000000e+00,1.029955276769027768e-03,2.579464148538289023e-02,1.234765025454156138e-02,1.881321599369045749e-01,9.477217640568838530e-02
7.140000000000000000e+02,2.000000000000000000e+00,1.029955276769027768e-03,2.579464148538289023e-02,1.233044939033621328e-02,1.881321599369045749e-01,9.477217640568838530e-02
7.150000000000000000e+02,2.000000000000000000e+00,1.029955276769027768e-03,2.579464148538289023e-02,1.231329638224342056e-02,1.881321599369045749e-01,9.477217640568838530e-02
7.160000000000000000e+02,2.000000000000000000e+00,1.029955276769027768e-03,2.579464148538289023e-02,1.229619103082539577e-02,1.881321599369045749e-01,9.477217640568838530e-02
7.170000000000000000e+02,2.000000000000000000e+00,1.029955276769027768e-03,2.579464148538289023e-02,1.227913313775058461e-02,1.881321599369045749e-01,9.477217640568838530e-02
7.180000000000000000e+02,2.000000000000000000e+00,1.029955276769027768e-03,2.579464148538289023e-02,1.226212250578687969e-02,1.881321599369045749e-01,9.477217640568838530e-02
7.190000000000000000e+02,2.000000000000000000e+00,1.029955276769027768e-03,2.579464148538289023e-02,1.224515893879322102e-02,1.881321599369045749e-01,9.477217640568838530e-02
7.200000000000000000e+02,2.000000000000000000e+00,1.029955276769027768e-03,2.579464148538289023e-02,1.222824224171246976e-02,1.881321599369045749e-01,9.477217640568838530e-02
7.210000000000000000e+02,2.000000000000000000e+00,1.029955276769027768e-03,2.579464148538289023e-02,1.221137222056387778e-02,1.881321599369045749e-01,9.477217640568838530e-02
7.220000000000000000e+02,2.000000000000000000e+00,1.029955276769027768e-03,2.579464148538289023e-02,1.219454868243549824e-02,1.881321599369045749e-01,9.477217640568838530e-02
7.230000000000000000e+02,2.000000000000000000e+00,1.029955276769027768e-03,2.579464148538289023e-02,1.217777143547748610e-02,1.881321599369045749e-01,9.477217640568838530e-02
7.240000000000000000e+02,2.000000000000000000e+00,1.029955276769027768e-03,2.579464148538289023e-02,1.216104028889365696e-02,1.881321599369045749e-01,9.477217640568838530e-02
7.250000000000000000e+02,2.000000000000000000e+00,1.029955276769027768e-03,2.579464148538289023e-02,1.214435505293534091e-02,1.881321599369045749e-01,9.477217640568838530e-02
7.260000000000000000e+02,2.000000000000000000e+00,1.029955276769027768e-03,2.579464148538289023e-02,1.212771553889344621e-02,1.881321599369045749e-01,9.477217640568838530e-02
7.270000000000000000e+02,2.000000000000000000e+00,1.029955276769027768e-03,2.579464148538289023e-02,1.211112155909202341e-02,1.881321599369045749e-01,9.477217640568838530e-02
7.280000000000000000e+02,2.000000000000000000e+00,1.029955276769027768e-03,2.579464148538289023e-02,1.209457292688076273e-02,1.881321599369045749e-01,9.477217640568838530e-02
7.290000000000000000e+02,2.000000000000000000e+00,1.029955276769027768e-03,2.579464148538289023e-02,1.207806945662779664e-02,1.881321599369045749e-01,9.477217640568838530e-02
7.300000000000000000e+02,2.000000000000000000e+00,1.029955276769027768e-03,2.579464148538289023e-02,1.206161096371342369e-02,1.881321599369045749e-01,9.477217640568838530e-02
7.310000000000000000e+02,2.000000000000000000e+00,1.029955276769027768e-03,2.579464148538289023e-02,1.204519726452252769e-02,1.881321599369045749e-01,9.477217640568838530e-02
7.320000000000000000e+02,2.000000000000000000e+00,1.029955276769027768e-03,2.579464148538289023e-02,1.202882817643847850e-02,1.881321599369045749e-01,9.477217640568838530e-02
7.330000000000000000e+02,2.000000000000000000e+00,1.029955276769027768e-03,2.579464148538289023e-02,1.201250351783554778e-02,1.881321599369045749e-01,9.477217640568838530e-02
7.340000000000000000e+02,2.000000000000000000e+00,1.029955276769027768e-03,2.579464148538289023e-02,1.199622310807270213e-02,1.881321599369045749e-01,9.477217640568838530e-02
7.350000000000000000e+02,2.000000000000000000e+00,1.029955276769027768e-03,2.579464148538289023e-02,1.197998676748716039e-02,1.881321599369045749e-01,9.477217640568838530e-02
7.360000000000000000e+02,2.000000000000000000e+00,1.029955276769027768e-03,2.579464148538289023e-02,1.196379431738705743e-02,1.881321599369045749e-01,9.477217640568838530e-02
7.370000000000000000e+02,2.000000000000000000e+00,1.029955276769027768e-03,2.579464148538289023e-02,1.194764558004546631e-02,1.881321599369045749e-01,9.477217640568838530e-02
7.380000000000000000e+02,2.000000000000000000e+00,1.029955276769027768e-03,2.250283845979947697e-02,1.193154037869360688e-02,1.881321599369045749e-01,9.477217640568838530e-02
7.390000000000000000e+02,2.000000000000000000e+00,1.029955276769027768e-03,2.250283845979947697e-02,1.191547853751476899e-02,1.881321599369045749e-01,9.477217640568838530e-02
7.400000000000000000e+02,2.000000000000000000e+00,1.029955276769027768e-03,2.250283845979947697e-02,1.189945988163751238e-02,1.881321599369045749e-01,9.477217640568838530e-02
7.410000000000000000e+02,2.000000000000000000e+00,1.029955276769027768e-03,2.250283845979947697e-02,1.188348423712919100e-02,1.881321599369045749e-01,9.477217640568838530e-02
7.420000000000000000e+02,2.000000000000000000e+00,1.029955276769027768e-03,2.250283845979947697e-02,1.186755143099057531e-02,1.881321599369045749e-01,9.477217640568838530e-02
7.430000000000000000e+02,2.000000000000000000e+00,1.029955276769027768e-03,2.250283845979947697e-02,1.185166129114834967e-02,1.881321599369045749e-01,9.477217640568838530e-02
7.440000000000000000e+02,2.000000000000000000e+00,1.029955276769027768e-03,2.250283845979947697e-02,1.183581364644982307e-02,1.881321599369045749e-01,9.477217640568838530e-02
7.450000000000000000e+02,2.000000000000000000e+00,1.029955276769027768e-03,2.250283845979947697e-02,1.182000832665636679e-02,1.881321599369045749e-01,9.477217640568838530e-02
7.460000000000000000e+02,2.000000000000000000e+00,1.029955276769027768e-03,2.250283845979947697e-02,1.180424516243780940e-02,1.881321599369045749e-01,9.477217640568838530e-02
7.470000000000000000e+02,2.000000000000000000e+00,1.029955276769027768e-03,2.250283845979947697e-02,1.178852398536543028e-02,1.881321599369045749e-01,9.477217640568838530e-02
7.480000000000000000e+02,2.000000000000000000e+00,1.029955276769027768e-03,2.250283845979947697e-02,1.177284462790698961e-02,1.881321599369045749e-01,9.477217640568838530e-02
7.490000000000000000e+02,2.000000000000000000e+00,1.029955276769027768e-03,2.250283845979947697e-02,1.175720692342037584e-02,1.881321599369045749e-01,9.477217640568838530e-02
7.500000000000000000e+02,2.000000000000000000e+00,1.029955276769027768e-03,2.250283845979947697e-02,1.174161070614722184e-02,1.881321599369045749e-01,9.477217640568838530e-02
7.510000000000000000e+02,2.000000000000000000e+00,1.029955276769027768e-03,2.250283845979947697e-02,1.172605581120812236e-02,1.881321599369045749e-01,9.477217640568838530e-02
7.520000000000000000e+02,2.000000000000000000e+00,1.029955276769027768e-03,2.250283845979947697e-02,1.171054207459586161e-02,1.881321599369045749e-01,9.477217640568838530e-02
7.530000000000000000e+02,2.000000000000000000e+00,1.029955276769027768e-03,2.250283845979947697e-02,1.169506933316973897e-02,1.881321599369045749e-01,9.477217640568838530e-02
7.540000000000000000e+02,2.000000000000000000e+00,1.029955276769027768e-03,2.250283845979947697e-02,1.167963742465074305e-02,1.881321599369045749e-01,9.477217640568838530e-02
7.550000000000000000e+02,2.000000000000000000e+00,1.029955276769027768e-03,2.250283845979947697e-02,1.166424618761455895e-02,1.881321599369045749e-01,9.477217640568838530e-02
7.560000000000000000e+02,2.000000000000000000e+00,1.029955276769027768e-03,2.250283845979947697e-02,1.164889546148718293e-02,1.881321599369045749e-01,9.477217640568838530e-02
7.570000000000000000e+02,2.000000000000000000e+00,1.029955276769027768e-03,2.250283845979947697e-02,1.163358508653831482e-02,1.881321599369045749e-01,9.477217640568838530e-02
7.580000000000000000e+02,2.000000000000000000e+00,1.029955276769027768e-03,2.250283845979947697e-02,1.161831490387666040e-02,1.881321599369045749e-01,9.477217640568838530e-02
7.590000000000000000e+02,2.000000000000000000e+00,1.029955276769027768e-03,2.250283845979947697e-02,1.160308475544364649e-02,1.881321599369045749e-01,9.477217640568838530e-02
7.600000000000000000e+02,2.000000000000000000e+00,1.029955276769027768e-03,2.250283845979947697e-02,1.158789448400884999e-02,1.881321599369045749e-01,9.477217640568838530e-02
7.610000000000000000e+02,2.000000000000000000e+00,1.029955276769027768e-03,2.250283845979947697e-02,1.157274393316376840e-02,1.881321599369045749e-01,9.477217640568838530e-02
7.620000000000000000e+02,2.000000000000000000e+00,1.029955276769027768e-03,2.250283845979947697e-02,1.155763294731683953e-02,1.881321599369045749e-01,9.477217640568838530e-02
7.630000000000000000e+02,2.000000000000000000e+00,1.029955276769027768e-03,2.250283845979947697e-02,1.154256137168818003e-02,1.881321599369045749e-01,9.477217640568838530e-02
7.640000000000000000e+02,2.000000000000000000e+00,1.029955276769027768e-03,2.250283845979947697e-02,1.152752905230406549e-02,1.881321599369045749e-01,9.477217640568838530e-02
7.650000000000000000e+02,2.000000000000000000e+00,1.029955276769027768e-03,2.250283845979947697e-02,1.151253583599187204e-02,1.881321599369045749e-01,9.477217640568838530e-02
7.660000000000000000e+02,2.000000000000000000e+00,1.029955276769027768e-03,2.250283845979947697e-02,1.149758157037487731e-02,1.881321599369045749e-01,9.477217640568838530e-02
7.670000000000000000e+02,2.000000000000000000e+00,1.029955276769027768e-03,2.250283845979947697e-02,1.148266610386680479e-02,1.881321599369045749e-01,9.477217640568838530e-02
7.680000000000000000e+02,2.000000000000000000e+00,1.029955276769027768e-03,2.250283845979947697e-02,1.146778928566719730e-02,1.881321599369045749e-01,9.477217640568838530e-02
7.690000000000000000e+02,2.000000000000000000e+00,1.029955276769027768e-03,2.250283845979947697e-02,1.145295096575591441e-02,1.881321599369045749e-01,9.477217640568838530e-02
7.700000000000000000e+02,2.000000000000000000e+00,1.029955276769027768e-03,2.250283845979947697e-02,1.143815099488847652e-02,1.881321599369045749e-01,9.477217640568838530e-02
7.710000000000000000e+02,2.000000000000000000e+00,1.029955276769027768e-03,2.250283845979947697e-02,1.142338922459034713e-02,1.881321599369045749e-01,9.477217640568838530e-02
7.720000000000000000e+02,2.000000000000000000e+00,1.029955276769027768e-03,2.250283845979947697e-02,1.140866550715287364e-02,1.881321599369045749e-01,9.477217640568838530e-02
7.730000000000000000e+02,2.000000000000000000e+00,1.029955276769027768e-03,2.250283845979947697e-02,1.139397969562797736e-02,1.881321599369045749e-01,9.477217640568838530e-02
7.740000000000000000e+02,2.000000000000000000e+00,1.029955276769027768e-03,2.250283845979947697e-02,1.137933164382279143e-02,1.881321599369045749e-01,9.477217640568838530e-02
7.750000000000000000e+02,2.000000000000000000e+00,1.029955276769027768e-03,2.250283845979947697e-02,1.136472120629560510e-02,1.881321599369045749e-01,9.477217640568838530e-02
7.760000000000000000e+02,2.000000000000000000e+00,1.029955276769027768e-03,2.250283845979947697e-02,1.135014823835063524e-02,1.881321599369045749e-01,9.477217640568838530e-02
7.770000000000000000e+02,2.000000000000000000e+00,1.029955276769027768e-03,2.250283845979947697e-02,1.133561259603333392e-02,1.881321599369045749e-01,9.477217640568838530e-02
7.780000000000000000e+02,2.000000000000000000e+00,1.029955276769027768e-03,2.250283845979947697e-02,1.132111413612526055e-02,1.881321599369045749e-01,9.477217640568838530e-02
7.790000000000000000e+02,2.000000000000000000e+00,1.029955276769027768e-03,2.250283845979947697e-02,1.130665271614037480e-02,1.881321599369045749e-01,9.477217640568838530e-02
7.800000000000000000e+02,2.000000000000000000e+00,1.029955276769027768e-03,2.250283845979947697e-02,1.129222819431919059e-02,1.881321599369045749e-01,9.477217640568838530e-02
7.810000000000000000e+02,2.000000000000000000e+00,1.029955276769027768e-03,2.250283845979947697e-02,1.127784042962474802e-02,1.881321599369045749e-01,9.477217640568838530e-02
7.820000000000000000e+02,2.000000000000000000e+00,1.029955276769027768e-03,2.250283845979947697e-02,1.126348928173829915e-02,1.881321599369045749e-01,9.477217640568838530e-02
7.830000000000000000e+02,2.000000000000000000e+00,1.029955276769027768e-03,2.250283845979947697e-02,1.124917461105401362e-02,1.881321599369045749e-01,9.477217640568838530e-02
7.840000000000000000e+02,2.000000000000000000e+00,1.029955276769027768e-03,2.250283845979947697e-02,1.123489627867513101e-02,1.881321599369045749e-01,9.477217640568838530e-02
7.850000000000000000e+02,2.000000000000000000e+00,1.029955276769027768e-03,2.250283845979947697e-02,1.122065414640890241e-02,1.881321599369045749e-01,9.477217640568838530e-02
7.860000000000000000e+02,2.000000000000000000e+00,1.029955276769027768e-03,2.250283845979947697e-02,1.120644807676262310e-02,1.881321599369045749e-01,9.477217640568838530e-02
7.870000000000000000e+02,2.000000000000000000e+00,1.029955276769027768e-03,2.250283845979947697e-02,1.119227793293895053e-02,1.881321599369045749e-01,9.477217640568838530e-02
7.880000000000000000e+02,2.000000000000000000e+00,1.029955276769027768e-03,2.250283845979947697e-02,1.117814357883133679e-02,1.881321599369045749e-01,9.477217640568838530e-02
7.890000000000000000e+02,2.000000000000000000e+00,1.029955276769027768e-03,2.250283845979947697e-02,1.116404487902018794e-02,1.881321599369045749e-01,9.477217640568838530e-02
7.900000000000000000e+02,2.000000000000000000e+00,1.029955276769027768e-03,2.250283845979947697e-02,1.114998169876798596e-02,1.881321599369045749e-01,9.477217640568838530e-02
7.910000000000000000e+02,2.000000000000000000e+00,1.029955276769027768e-03,2.250283845979947697e-02,1.113595390401561462e-02,1.881321599369045749e-01,9.477217640568838530e-02
7.920000000000000000e+02,2.000000000000000000e+00,1.029955276769027768e-03,2.250283845979947697e-02,1.112196136137721773e-02,1.881321599369045749e-01,9.477217640568838530e-02
7.930000000000000000e+02,2.000000000000000000e+00,1.029955276769027768e-03,2.250283845979947697e-02,1.110800393813693443e-02,1.881321599369045749e-01,9.477217640568838530e-02
7.940000000000000000e+02,2.000000000000000000e+00,1.029955276769027768e-03,2.250283845979947697e-02,1.109408150224416335e-02,1.881321599369045749e-01,9.477217640568838530e-02
7.950000000000000000e+02,2.000000000000000000e+00,1.029955276769027768e-03,2.250283845979947697e-02,1.108019392230918075e-02,1.881321599369045749e-01,9.477217640568838530e-02
7.960000000000000000e+02,2.000000000000000000e+00,1.029955276769027768e-03,2.250283845979947697e-02,1.106634106759957388e-02,1.881321599369045749e-01,9.477217640568838530e-02
7.970000000000000000e+02,2.000000000000000000e+00,1.029955276769027768e-03,2.250283845979947697e-02,1.105252280803613145e-02,1.881321599369045749e-01,9.477217640568838530e-02
7.980000000000000000e+02,2.000000000000000000e+00,1.029955276769027768e-03,2.250283845979947697e-02,1.103873901418798813e-02,1.881321599369045749e-01,9.477217640568838530e-02
7.990000000000000000e+02,2.000000000000000000e+00,1.029955276769027768e-03,2.250283845979947697e-02,1.102498955726945347e-02,1.881321599369045749e-01,9.477217640568838530e-02
8.000000000000000000e+02,2.000000000000000000e+00,1.029955276769027768e-03,2.250283845979947697e-02,1.101127430913563174e-02,1.881321599369045749e-01,9.477217640568838530e-02
